{"extraction": 46.75088536902331, "execution": 124.5434746510582}