{"extraction": 30.343032579985447, "execution": 64.32162415899802}