{"extraction": 16.08248503296636, "execution": 50.79451055498794}