{"extraction": 21.007989796926267, "execution": 46.02116240595933}