{"extraction": 31.240846566041, "execution": 85.33743600605521}