{"extraction": 17.054631272912957, "execution": 56.2734660130227}