{"extraction": 15.704277212033048, "execution": 48.32986982096918}