{"extraction": 19.337993348017335, "execution": 51.677006261073984}