{"extraction": 15.884415925014764, "execution": 47.259397785994224}