{"extraction": 18.888711426057853, "execution": 55.51624804409221}