{"extraction": 15.079149477067403, "execution": 46.06328428303823}