{"extraction": 16.92481792101171, "execution": 49.89389874204062}