{"extraction": 16.0354920970276, "execution": 54.76692359393928}