{"extraction": 21.918880283017643, "execution": 47.362147529027425}