{"extraction": 25.64528308296576, "execution": 50.378555680043064}