{"extraction": 28.79113792197313, "execution": 111.3918638949981}