{"extraction": 31.868773150024936, "execution": 69.6711266268976}