{"extraction": 7.641615111962892, "execution": 26.361216306919232}