{"extraction": 16.035174208926037, "execution": 32.08163949998561}