{"extraction": 15.574370087007992, "execution": 42.00736006896477}