{"extraction": 32.13698890001979, "execution": 91.4477571999887}