{"extraction": 30.211725557921454, "execution": 58.90212203899864}