{"extraction": 34.52834382094443, "execution": 91.82479302911088}