{"extraction": 19.701514562009834, "execution": 54.159072655951604}