{"extraction": 34.505620459094644, "execution": 76.10896537196822}