{"extraction": 29.781598286004737, "execution": 68.02436744095758}