{"extraction": 16.859706067014486, "execution": 49.1746685130056}