{"extraction": 17.16607123799622, "execution": 47.18472775106784}