{"extraction": 30.556749367970042, "execution": 57.2895516960416}