{"extraction": 15.401974466978572, "execution": 47.456443254020996}