{"extraction": 20.376946281059645, "execution": 46.00674513098784}