{"extraction": 34.639268885948695, "execution": 80.27513256703969}