{"extraction": 14.233135616988875, "execution": 42.26108198298607}