{"extraction": 15.557504035998136, "execution": 47.93891487305518}