{"extraction": 18.567148369038478, "execution": 53.95834662602283}