{"extraction": 15.762615662999451, "execution": 49.219271426904015}