{"extraction": 24.242026475956663, "execution": 48.03106360998936}