{"extraction": 9.744021064951085, "execution": 14.39157321897801}