{"extraction": 7.93924109893851, "execution": 26.32359132997226}