{"extraction": 15.26540009607561, "execution": 15.894528375007212}