{"extraction": 71.72367608291097, "execution": 117.34314487595111}