{"extraction": 82.31005795998499, "execution": 136.6547235220205}