{"extraction": 73.7863224640023, "execution": 125.24310575798154}