{"extraction": 67.06486563908402, "execution": 112.42001593997702}