{"extraction": 32.888952021021396, "execution": 83.85730229597539}