{"extraction": 78.67778638796881, "execution": 132.24056707997806}