{"extraction": 74.39109521603677, "execution": 130.92558769602329}