{"extraction": 54.191196923027746, "execution": 133.64006849599537}