{"extraction": 71.44871330808382, "execution": 120.82076885493007}