{"extraction": 77.42269569006748, "execution": 132.34218469099142}