{"extraction": 73.03188122191932, "execution": 120.625178272021}