{"extraction": 57.030561869964004, "execution": 131.16185041703284}