{"extraction": 68.75984849093948, "execution": 117.55506710300688}