{"extraction": 69.3771813249914, "execution": 114.45075769699179}