{"extraction": 106.92115676694084, "execution": 176.27142659400124}