{"extraction": 27.23557458491996, "execution": 70.03858968208078}