{"extraction": 54.89240983698983, "execution": 130.3944275060203}