{"extraction": 49.439061599900015, "execution": 124.07476696593221}