{"extraction": 20.1003441659268, "execution": 53.15728356607724}