{"extraction": 30.55708981701173, "execution": 81.45104810898192}