{"extraction": 43.00294333801139, "execution": 67.15491768892389}