{"extraction": 61.10995274200104, "execution": 93.60309122793842}