{"extraction": 39.9118939320324, "execution": 71.89476303302217}