{"extraction": 33.11936537199654, "execution": 80.82510549400467}