{"extraction": 12.977629747008905, "execution": 31.888314304989763}