{"extraction": 19.628389240941033, "execution": 51.81615885801148}