{"extraction": 18.6423562039854, "execution": 35.858890846022405}