{"extraction": 17.291705725016072, "execution": 41.653147449949756}