{"extraction": 15.509997946908697, "execution": 34.607197236968204}