{"extraction": 36.474059822037816, "execution": 89.99424362299033}