{"extraction": 16.57375304598827, "execution": 40.38827415602282}