{"extraction": 15.845373587915674, "execution": 50.06075484899338}