{"extraction": 15.934819326037541, "execution": 33.219748090952635}