{"extraction": 25.427792671020143, "execution": 81.3650446679676}