{"extraction": 18.032681891927496, "execution": 55.437627983046696}