{"extraction": 21.23324260802474, "execution": 45.118161019985564}