{"extraction": 17.291796484962106, "execution": 48.979582914034836}