{"extraction": 19.616022791946307, "execution": 46.783138633007184}