{"extraction": 20.541079576010816, "execution": 46.183688862016425}