{"extraction": 14.730659049004316, "execution": 44.014945438015275}