{"extraction": 13.664051078958437, "execution": 16.495133326970972}