{"extraction": 17.36546596896369, "execution": 50.146863674977794}