{"extraction": 15.682106241001748, "execution": 45.00470820709597}