{"extraction": 20.01048157492187, "execution": 48.16850366105791}