{"extraction": 4.465037844027393, "execution": 17.11452476202976}