{"extraction": 20.35424969799351, "execution": 43.2269287800882}