{"extraction": 16.722267389064655, "execution": 46.43845442892052}