{"extraction": 7.076736182090826, "execution": 28.580472330912016}