{"extraction": 4.104688305989839, "execution": 18.001309277955443}