{"extraction": 9.36725090793334, "execution": 29.77752845606301}