{"extraction": 17.208656816976145, "execution": 54.11116375098936}