{"extraction": 5.8640819019638, "execution": 21.725518999970518}