{"extraction": 16.128417845000513, "execution": 51.896654929965734}