{"extraction": 19.53903414797969, "execution": 50.49928010406438}