{"extraction": 4.242302121012472, "execution": 17.058944470016286}