{"extraction": 3.914516446995549, "execution": 14.117071265005507}