{"extraction": 4.232214393094182, "execution": 14.613318074028939}