{"extraction": 4.459164119092748, "execution": 18.432332569966093}