{"extraction": 8.380944522097707, "execution": 31.77147896308452}