{"extraction": 45.617132477113046, "execution": 94.39383159100544}