{"extraction": 16.86228423099965, "execution": 50.29143393901177}