{"extraction": 5.812414234969765, "execution": 20.73116502701305}