{"extraction": 6.541510454029776, "execution": 25.595090909977444}