{"extraction": 7.211594783002511, "execution": 21.87147577397991}