{"extraction": 35.88723705301527, "execution": 96.43321179307532}