{"extraction": 27.63858001504559, "execution": 51.40203872695565}