{"extraction": 11.465653526945971, "execution": 34.7231053749565}