{"extraction": 5.501138377934694, "execution": 19.246123879915103}