{"extraction": 21.066651682020165, "execution": 50.57374404394068}