{"extraction": 16.023528240970336, "execution": 44.88782310998067}