{"extraction": 3.1060033870162442, "execution": 13.114075327990577}