{"extraction": 8.582867881050333, "execution": 25.663806361029856}