{"extraction": 3.871863537002355, "execution": 17.770169303985313}