{"extraction": 47.15359050803818, "execution": 121.58732648694422}