{"extraction": 113.66016253002454, "execution": 276.93577104690485}