{"extraction": 22.046666603069752, "execution": 45.821311858017}