{"extraction": 6.551585590001196, "execution": 19.65582038508728}