{"extraction": 4.320761647075415, "execution": 18.834715687087737}