{"extraction": 19.36107780900784, "execution": 62.62943698198069}