{"extraction": 5.68609671597369, "execution": 19.61201533197891}