{"extraction": 5.991122459992766, "execution": 21.487718426971696}