{"extraction": 22.933422061032616, "execution": 39.167071047006175}