{"extraction": 5.688207822968252, "execution": 22.487558815977536}