{"extraction": 4.040412688977085, "execution": 18.308369433972985}