{"extraction": 18.77521995001007, "execution": 52.07097042899113}