{"extraction": 5.766713349963538, "execution": 20.667253923951648}