{"extraction": 5.32906409795396, "execution": 18.4691369200591}