{"extraction": 9.707514639012516, "execution": 13.870413372991607}