{"extraction": 10.75290507497266, "execution": 13.374023273936473}