{"extraction": 9.35696867608931, "execution": 16.63977085298393}