{"extraction": 13.494810653966852, "execution": 22.732354453066364}