{"extraction": 12.196450752089731, "execution": 17.27625810005702}