{"extraction": 10.192723011015914, "execution": 13.920226649963297}