{"extraction": 15.509443292976357, "execution": 20.57472977298312}