{"extraction": 10.287494497024454, "execution": 13.968146826024167}