{"extraction": 14.638955376925878, "execution": 14.265774462954141}