{"extraction": 12.824424845981412, "execution": 25.074715580092743}