{"extraction": 8.363436209969223, "execution": 12.524009579909034}