{"extraction": 11.411123062949628, "execution": 18.038727110950276}