{"extraction": 10.648920412058942, "execution": 12.583268909947947}