{"extraction": 14.038286398979835, "execution": 23.030325044994242}