{"extraction": 15.34945613599848, "execution": 23.3516897020163}