{"extraction": 12.608005560003221, "execution": 17.409583822940476}