{"extraction": 10.943942483980209, "execution": 14.575961023918353}