{"extraction": 11.99855665396899, "execution": 13.729087205952965}