{"extraction": 17.221269294037484, "execution": 23.28525047597941}