{"extraction": 15.752246006042697, "execution": 21.58175361796748}