{"extraction": 12.835007315967232, "execution": 21.35156413097866}