{"extraction": 12.821663926006295, "execution": 17.633541490067728}