{"extraction": 16.014760502032004, "execution": 18.86822015698999}