{"extraction": 15.736956931999885, "execution": 18.413623003987595}