{"extraction": 13.282360420096666, "execution": 25.31231402908452}