{"extraction": 10.206213741912507, "execution": 14.01817235595081}