{"extraction": 9.272387803066522, "execution": 15.26724006398581}