{"extraction": 11.647544216015376, "execution": 14.539209742913954}