{"extraction": 13.864105677930638, "execution": 24.730648480006494}