{"extraction": 12.004361144965515, "execution": 22.113473813980818}