{"extraction": 11.30125765397679, "execution": 12.807695918017998}