{"extraction": 13.971673687919974, "execution": 15.267599332961254}