{"extraction": 11.258371680043638, "execution": 15.304403506917879}