{"extraction": 17.090200262027793, "execution": 22.538511114078574}