{"extraction": 14.493081822991371, "execution": 21.3168918780284}