{"extraction": 10.346493575023487, "execution": 12.28414137091022}