{"extraction": 10.676301931031048, "execution": 14.649190090945922}