{"extraction": 15.47583308396861, "execution": 19.110822435934097}