{"extraction": 11.940225980011746, "execution": 12.96289630397223}