{"extraction": 15.182040962972678, "execution": 25.29236253001727}