{"extraction": 11.110689981025644, "execution": 20.054218053934164}