{"extraction": 10.96054107195232, "execution": 13.266011488973163}