{"extraction": 10.172323966980912, "execution": 12.148342528031208}