{"extraction": 17.18975268898066, "execution": 25.27751290902961}