{"extraction": 15.849092909949832, "execution": 22.868499011034146}