{"extraction": 11.582429422996938, "execution": 17.41132021509111}