{"extraction": 15.637785103986971, "execution": 18.481836877996102}