{"extraction": 14.727624534978531, "execution": 20.344146439922042}