{"extraction": 13.01571814599447, "execution": 24.10047276003752}