{"extraction": 14.63398814899847, "execution": 15.288000863976777}