{"extraction": 10.672896180069074, "execution": 13.682213341002353}