{"extraction": 14.255150976940058, "execution": 13.464058047975414}