{"extraction": 11.293042712030001, "execution": 13.327665555058047}