{"extraction": 10.877447227947414, "execution": 14.483739966992289}