{"extraction": 10.590577486087568, "execution": 13.014801357057877}