{"extraction": 10.825360925984569, "execution": 13.256231438950635}