{"extraction": 11.649542349972762, "execution": 18.39168875804171}