{"extraction": 16.578016610001214, "execution": 25.648759938078}