{"extraction": 10.443376719020307, "execution": 11.50143370591104}