{"extraction": 13.612055425997823, "execution": 15.869000099017285}