{"extraction": 16.068370085093193, "execution": 19.076598058920354}