{"extraction": 9.225176209001802, "execution": 14.248014920041896}