{"extraction": 13.23606774408836, "execution": 17.43671587202698}