{"extraction": 12.859693582984619, "execution": 14.974773862981237}