{"extraction": 16.571116116945632, "execution": 25.644504723022692}