{"extraction": 10.214910994051024, "execution": 12.109479896957055}