{"extraction": 10.697934009018354, "execution": 11.557516517001204}