{"extraction": 15.562085480079986, "execution": 23.085347692016512}