{"extraction": 12.737815711996518, "execution": 17.473947112914175}