{"extraction": 10.120343284099363, "execution": 12.53225609101355}