{"extraction": 15.558402677997947, "execution": 24.215299353934824}