{"extraction": 15.616665874957107, "execution": 19.67479806393385}