{"extraction": 10.67224869702477, "execution": 13.751303551951423}