{"extraction": 16.905110355932266, "execution": 23.534431909909472}