{"extraction": 15.90997634199448, "execution": 23.45881553296931}