{"extraction": 13.395686128060333, "execution": 21.29189058893826}