{"extraction": 12.954715605010279, "execution": 13.980496421921998}