{"extraction": 12.626536573050544, "execution": 16.421415464952588}