{"extraction": 10.215222008060664, "execution": 15.122164855943993}