{"extraction": 13.371751477010548, "execution": 20.415476466994733}