{"extraction": 11.549427379970439, "execution": 17.551903014071286}