{"extraction": 10.294864875962958, "execution": 13.567383671994321}