{"extraction": 17.469542837003246, "execution": 23.885520179057494}