{"extraction": 11.466027528047562, "execution": 14.120080682914704}