{"extraction": 11.00709084502887, "execution": 14.664824282983318}