{"extraction": 12.85872358107008, "execution": 22.092273702961393}