{"extraction": 13.292467549093999, "execution": 16.917179089970887}