{"extraction": 15.186971565010026, "execution": 22.72021900699474}