{"extraction": 13.89292925002519, "execution": 25.919622770044953}