{"extraction": 9.45397213799879, "execution": 16.610874050064012}