{"extraction": 9.523719488992356, "execution": 15.021403379971161}