{"extraction": 11.103967198985629, "execution": 12.985378201003186}