{"extraction": 10.144783965894021, "execution": 12.236991657991894}