{"extraction": 10.291127156931907, "execution": 12.63421145803295}