{"extraction": 11.393206999986432, "execution": 13.070553299039602}