{"extraction": 11.840033772983588, "execution": 21.10994237905834}