{"extraction": 10.756975413998589, "execution": 12.689548082067631}