{"extraction": 13.291342376032844, "execution": 15.266076639993116}