{"extraction": 13.03873069002293, "execution": 19.502475123968907}