{"extraction": 11.368776671006344, "execution": 18.21262631996069}