{"extraction": 10.436921507003717, "execution": 14.015506918076426}