{"extraction": 12.09400129003916, "execution": 17.984654150088318}