{"extraction": 12.686392792034894, "execution": 24.678717984003015}