{"extraction": 13.7616928210482, "execution": 20.37770425505005}