{"extraction": 10.87040631705895, "execution": 11.694676417973824}