{"extraction": 10.287677707965486, "execution": 13.693197346990928}