{"extraction": 10.951134564937092, "execution": 19.18183177395258}