{"extraction": 13.02350763801951, "execution": 23.373518830980174}