{"extraction": 10.67207771295216, "execution": 13.920148065895773}