{"extraction": 10.330457397038117, "execution": 13.98148844705429}