{"extraction": 12.714826917042956, "execution": 17.605442360043526}