{"extraction": 10.748763044946827, "execution": 14.350556463003159}