{"extraction": 10.644989695982076, "execution": 18.13786519295536}