{"extraction": 8.58328897797037, "execution": 13.043422614922747}