{"extraction": 11.501531087909825, "execution": 15.477251396048814}