{"extraction": 12.384043031022884, "execution": 16.759362459066324}