{"extraction": 9.817252443986945, "execution": 12.687035934068263}