{"extraction": 16.616247182013467, "execution": 25.753718224004842}