{"extraction": 14.628513294970617, "execution": 17.54141346097458}