{"extraction": 16.95253208198119, "execution": 25.384437191998586}