{"extraction": 13.132918629096821, "execution": 13.382713790051639}