{"extraction": 13.665025416063145, "execution": 21.453542739036493}