{"extraction": 9.280426157987677, "execution": 13.19425256503746}