{"extraction": 10.602989944047295, "execution": 14.421940410044044}