{"extraction": 14.114252149011008, "execution": 24.702310499968007}