{"extraction": 12.458484729053453, "execution": 26.128770731040277}