{"extraction": 12.638888007961214, "execution": 15.38954136101529}