{"extraction": 15.784355255076662, "execution": 23.166012780973688}