{"extraction": 14.708518922096118, "execution": 23.196450822986662}