{"extraction": 11.998909045010805, "execution": 26.084557754918933}