{"extraction": 11.664620139985345, "execution": 23.111800838960335}