{"extraction": 11.298368599032983, "execution": 17.169260782073252}