{"extraction": 11.215771194081753, "execution": 17.723822072031908}