{"extraction": 11.305885053006932, "execution": 14.026051904074848}