{"extraction": 14.308231012080796, "execution": 26.40586058900226}