{"extraction": 12.375109223998152, "execution": 18.541252100025304}