{"extraction": 10.36615995701868, "execution": 14.693300782004371}