{"extraction": 12.347240064991638, "execution": 26.696825464023277}