{"extraction": 11.278021243982948, "execution": 11.912122195004486}