{"extraction": 15.145459469058551, "execution": 25.574533822014928}