{"extraction": 9.491111490991898, "execution": 12.982531483983621}