{"extraction": 11.114829470054246, "execution": 13.22172432008665}