{"extraction": 16.46485767897684, "execution": 25.778572170995176}