{"extraction": 11.066520499065518, "execution": 21.530434059910476}