{"extraction": 11.928324693930335, "execution": 19.59347827604506}