{"extraction": 10.2603845349513, "execution": 13.824088786030188}