{"extraction": 11.174163394025527, "execution": 13.876606344943866}