{"extraction": 10.830369672970846, "execution": 12.67225906800013}