{"extraction": 9.863254974014126, "execution": 13.820607147994451}