{"extraction": 14.003217000048608, "execution": 25.26963292004075}