{"extraction": 11.120250415988266, "execution": 13.297131399973296}