{"extraction": 13.772768773022108, "execution": 17.35489953693468}