{"extraction": 12.723987717996351, "execution": 23.60558964498341}