{"extraction": 12.15635152393952, "execution": 18.331569341011345}