{"extraction": 14.973879611003213, "execution": 24.852990168961696}