{"extraction": 15.174311612965539, "execution": 19.794832593994215}