{"extraction": 10.702162931091152, "execution": 13.484242685954086}