{"extraction": 18.16462023695931, "execution": 24.946819067001343}