{"extraction": 13.843101956997998, "execution": 21.897445286042057}