{"extraction": 11.092174676945433, "execution": 15.425875898101367}