{"extraction": 16.284671119996347, "execution": 19.368070900905877}