{"extraction": 18.236531410948373, "execution": 27.040710318018682}