{"extraction": 12.564760837005451, "execution": 21.513183582108468}