{"extraction": 11.125013835961, "execution": 10.916021844022907}