{"extraction": 9.45163067302201, "execution": 14.679752493975684}