{"extraction": 11.018577679991722, "execution": 13.182881315005943}