{"extraction": 10.574158655013889, "execution": 12.840809272951446}