{"extraction": 12.778559370082803, "execution": 21.636458678985946}