{"extraction": 10.291199901956134, "execution": 13.496491763042286}