{"extraction": 10.349736426025629, "execution": 12.872230877983384}