{"extraction": 10.235265483963303, "execution": 13.41181159496773}