{"extraction": 11.831354656955227, "execution": 13.685453547048382}