{"extraction": 18.02887810196262, "execution": 24.731169790029526}