{"extraction": 11.998305068002082, "execution": 12.59715899208095}