{"extraction": 10.64755186799448, "execution": 12.777469855966046}