{"extraction": 9.899557577911764, "execution": 12.35785793303512}