{"extraction": 12.881457404932007, "execution": 19.238095391076058}