{"extraction": 9.869293491938151, "execution": 11.904657538980246}