{"extraction": 12.405768472934142, "execution": 22.560548710054718}