{"extraction": 11.404385275091045, "execution": 20.001542402082123}