{"extraction": 12.511813591001555, "execution": 17.439528362010606}