{"extraction": 10.087831640965305, "execution": 14.427478294004686}