{"extraction": 12.371067694039084, "execution": 18.178903134074062}