{"extraction": 12.048332956968807, "execution": 21.703628310002387}