{"extraction": 10.381323411944322, "execution": 15.592030238942243}