{"extraction": 12.74332070897799, "execution": 19.41839300596621}