{"extraction": 14.588286531041376, "execution": 22.969003879930824}