{"extraction": 16.427314011962153, "execution": 18.68335449602455}