{"extraction": 11.173373825964518, "execution": 12.98893034295179}