{"extraction": 11.838794113951735, "execution": 24.279478484997526}