{"extraction": 12.698410704964772, "execution": 21.44624187401496}