{"extraction": 16.737021067994647, "execution": 24.792181594995782}