{"extraction": 14.15903082897421, "execution": 23.759340591961518}