{"extraction": 10.628274261020124, "execution": 13.245830410975032}