{"extraction": 12.267599978949875, "execution": 16.070656888070516}