{"extraction": 14.535823978949338, "execution": 22.427956062019803}