{"extraction": 14.040615528007038, "execution": 24.22744533699006}