{"extraction": 10.824319988954812, "execution": 14.872461152030155}