{"extraction": 15.71228046901524, "execution": 24.20780379406642}