{"extraction": 14.769563867012039, "execution": 25.0607516359305}