{"extraction": 14.621415811940096, "execution": 14.978102367022075}