{"extraction": 10.547293336014263, "execution": 13.599131913972087}