{"extraction": 11.064243418048136, "execution": 23.99654229893349}