{"extraction": 11.085504340007901, "execution": 12.682674456038512}