{"extraction": 12.358788169105537, "execution": 19.669187252991833}