{"extraction": 14.740208075963892, "execution": 25.843635318917222}