{"extraction": 11.470788148930296, "execution": 12.79778072796762}