{"extraction": 18.444563171011396, "execution": 20.566927173989825}