{"extraction": 10.641459707985632, "execution": 14.688164629973471}