{"extraction": 15.414639038965106, "execution": 16.7742855589604}