{"extraction": 9.468821718008257, "execution": 13.37398255104199}