{"extraction": 10.465988802025095, "execution": 12.653831086005084}