{"extraction": 13.357302292017266, "execution": 21.78760119806975}