{"extraction": 9.242879634024575, "execution": 12.679439450032078}