{"extraction": 18.486755323014222, "execution": 24.38522247003857}