{"extraction": 11.034925228916109, "execution": 21.056654613930732}