{"extraction": 10.264540845993906, "execution": 14.410176959936507}