{"extraction": 13.029010994010605, "execution": 16.001331723993644}