{"extraction": 16.441053814953193, "execution": 18.745573417982087}