{"extraction": 16.048106507980265, "execution": 24.501538023003377}