{"extraction": 10.900389882968739, "execution": 23.199563625035807}