{"extraction": 15.97586196300108, "execution": 23.523577034007758}