{"extraction": 10.833146534045227, "execution": 12.97633232397493}