{"extraction": 10.102486543939449, "execution": 16.51656841102522}