{"extraction": 9.612602909910493, "execution": 11.551604871987365}