{"extraction": 10.183452471974306, "execution": 12.55878701095935}