{"extraction": 15.664975681924261, "execution": 25.659040280035697}