{"extraction": 12.595379565027542, "execution": 19.027415763004683}