{"extraction": 13.11356974998489, "execution": 21.746313187060878}