{"extraction": 16.129314121906646, "execution": 22.50730515504256}