{"extraction": 15.972773635061458, "execution": 21.201308498973958}