{"extraction": 16.75160440406762, "execution": 24.953765409998596}