{"extraction": 12.89671743195504, "execution": 24.31179326598067}