{"extraction": 10.533054270083085, "execution": 13.83434494805988}