{"extraction": 14.179398352978751, "execution": 24.992168038967066}