{"extraction": 13.031222656951286, "execution": 14.4611288709566}