{"extraction": 10.881240323069505, "execution": 14.999127733055502}