{"extraction": 16.96153534692712, "execution": 23.30276206205599}