{"extraction": 15.700212744995952, "execution": 26.126723287976347}