{"extraction": 12.158718257094733, "execution": 23.401202748995274}