{"extraction": 17.01070205902215, "execution": 27.42635813599918}