{"extraction": 10.107666625990532, "execution": 14.239656365010887}