{"extraction": 13.960608339984901, "execution": 24.06738556106575}