{"extraction": 18.043022174038924, "execution": 50.28956549905706}