{"extraction": 27.077812514966354, "execution": 57.969857249059714}