{"extraction": 15.89682190795429, "execution": 51.43825783696957}