{"extraction": 15.442881302908063, "execution": 51.60095770994667}