{"extraction": 19.53928507200908, "execution": 41.450936314999126}