{"extraction": 16.8934114810545, "execution": 48.01465018000454}