{"extraction": 13.534288245020434, "execution": 56.484718658961356}