{"extraction": 18.78558248502668, "execution": 54.64828006795142}