{"extraction": 16.530403236974962, "execution": 39.072662995080464}