{"extraction": 16.14921946497634, "execution": 48.66277357202489}