{"extraction": 14.780942481011152, "execution": 50.27843337296508}