{"extraction": 20.548213354079053, "execution": 45.442762256017886}