{"extraction": 124.73487160494551, "execution": 314.87974349199794}