{"extraction": 18.279847148107365, "execution": 50.25804483494721}