{"extraction": 18.999840258969925, "execution": 56.757352099055424}