{"extraction": 12.449117320007645, "execution": 23.597755369031802}