{"extraction": 18.84959522704594, "execution": 52.66395424306393}