{"extraction": 17.57983643002808, "execution": 43.531390954973176}