{"extraction": 44.82357155007776, "execution": 91.40517557098065}