{"extraction": 20.891680544009432, "execution": 50.80771367705893}