{"extraction": 17.34991752600763, "execution": 46.924638705095276}