{"extraction": 29.698045023018494, "execution": 82.92008685600013}