{"extraction": 17.127145831938833, "execution": 56.84475999302231}