{"extraction": 17.82168871804606, "execution": 36.05038487899583}