{"extraction": 15.877042753971182, "execution": 49.312602296005934}