{"extraction": 13.555218531982973, "execution": 41.40036092803348}