{"extraction": 16.608990904991515, "execution": 26.74587109289132}