{"extraction": 14.52550406800583, "execution": 31.31392154493369}