{"extraction": 14.724362937966362, "execution": 46.115272264927626}