{"extraction": 14.96557976200711, "execution": 43.636682540993206}