{"extraction": 45.45393261406571, "execution": 98.35091234103311}