{"extraction": 14.558179733925499, "execution": 50.07255770300981}