{"extraction": 16.08497550303582, "execution": 38.28675437893253}