{"extraction": 18.381860270979814, "execution": 41.69085077091586}