{"extraction": 13.757659303955734, "execution": 44.32022299198434}