{"extraction": 18.721560964011587, "execution": 41.78170977008995}