{"extraction": 13.440383903915063, "execution": 36.77507048100233}