{"extraction": 14.487881368026137, "execution": 46.22425040102098}