{"extraction": 13.935757845989428, "execution": 23.02994607097935}