{"extraction": 10.65502531209495, "execution": 20.243036295985803}