{"extraction": 18.220443336991593, "execution": 24.32832388090901}