{"extraction": 14.240093133994378, "execution": 22.343989646062255}