{"extraction": 17.261928043910302, "execution": 25.895022979937494}