{"extraction": 13.177339414018206, "execution": 22.52191288897302}