{"extraction": 11.893686842988245, "execution": 21.68594282702543}