{"extraction": 9.12636916199699, "execution": 19.098475879058242}