{"extraction": 14.608350372989662, "execution": 19.79057112103328}