{"extraction": 12.260683796019293, "execution": 21.200587890925817}