{"extraction": 14.534185741911642, "execution": 23.767538840998895}