{"extraction": 13.482015952002257, "execution": 23.17256848688703}