{"extraction": 14.61935061996337, "execution": 23.14549441996496}