{"extraction": 14.70327422907576, "execution": 21.399295644951053}