{"extraction": 10.17696801200509, "execution": 21.017283290042542}