{"extraction": 15.9087558160536, "execution": 25.290221725939773}