{"extraction": 14.238734616083093, "execution": 22.949850565986708}