{"extraction": 19.19830564595759, "execution": 22.570592670002952}