{"extraction": 12.129464535973966, "execution": 19.860636191093363}