{"extraction": 16.65355928009376, "execution": 22.56467137299478}