{"extraction": 14.263228638912551, "execution": 21.543620084994473}