{"extraction": 13.808730150922202, "execution": 19.61125868197996}