{"extraction": 13.86474956094753, "execution": 25.099977280944586}