{"extraction": 14.882912730099633, "execution": 20.628475308069028}