{"extraction": 13.97707038000226, "execution": 25.322835778002627}