{"extraction": 13.982030772021972, "execution": 21.89203395403456}