{"extraction": 13.834984598914161, "execution": 24.9786935999291}