{"extraction": 14.709529086016119, "execution": 20.722061411011964}