{"extraction": 16.982028167927638, "execution": 20.290929250069894}