{"extraction": 8.681640265975147, "execution": 16.610935973003507}