{"extraction": 16.628731495002285, "execution": 23.33101164898835}