{"extraction": 12.745561513933353, "execution": 20.198533421033062}