{"extraction": 20.92906077695079, "execution": 26.573616337031126}