{"extraction": 13.653615012066439, "execution": 21.88228144904133}