{"extraction": 12.009122980991378, "execution": 20.604635107098147}