{"extraction": 12.731047524954192, "execution": 22.760049722041003}