{"extraction": 17.41047418199014, "execution": 21.16024853195995}