{"extraction": 16.19141644600313, "execution": 19.934115060954355}