{"extraction": 16.36438722908497, "execution": 19.561539713060483}