{"extraction": 15.334200695040636, "execution": 20.1186463549966}