{"extraction": 17.722418376943097, "execution": 23.157304518972524}