{"extraction": 15.1834412580356, "execution": 26.7587044039974}