{"extraction": 10.931730285985395, "execution": 16.510404038941488}