{"extraction": 18.940220969030634, "execution": 25.062215751968324}