{"extraction": 15.56329793902114, "execution": 23.030047029955313}