{"extraction": 19.393669762997888, "execution": 28.316169661004096}