{"extraction": 17.051860367995687, "execution": 23.430205348995514}