{"extraction": 14.53387250599917, "execution": 20.90091995697003}