{"extraction": 12.821668169926852, "execution": 24.405507800984196}