{"extraction": 10.967124650022015, "execution": 23.615339856012724}