{"extraction": 10.80299345497042, "execution": 21.428186606033705}