{"extraction": 15.582934948964976, "execution": 21.899775246041827}