{"extraction": 17.470268885954283, "execution": 23.081292196991853}