{"extraction": 16.653999696020037, "execution": 22.595102997031063}