{"extraction": 15.255320791038685, "execution": 22.674729260033928}