{"extraction": 15.502850983059034, "execution": 22.415994919021614}