{"extraction": 15.776165463030338, "execution": 21.8893804930849}