{"extraction": 15.57343024702277, "execution": 21.28186117403675}