{"extraction": 13.112051672069356, "execution": 19.916593953035772}