{"extraction": 15.228662626002915, "execution": 21.613567491993308}