{"extraction": 14.016049167024903, "execution": 22.749483735999092}