{"extraction": 13.483038185047917, "execution": 24.028221379965544}