{"extraction": 12.98969112499617, "execution": 21.05300480790902}