{"extraction": 17.149537971941754, "execution": 21.04197766899597}