{"extraction": 14.755952752078883, "execution": 21.987889425014146}