{"extraction": 14.281750994035974, "execution": 24.41249523696024}