{"extraction": 15.659251524019055, "execution": 20.214571679010987}