{"extraction": 17.248991069965996, "execution": 21.60767302592285}