{"extraction": 14.064626230974682, "execution": 22.872354914899915}