{"extraction": 16.772971939994022, "execution": 20.76866251800675}