{"extraction": 12.119704323937185, "execution": 19.59454155806452}