{"extraction": 18.204943915014155, "execution": 23.56731419893913}