{"extraction": 13.272424075054005, "execution": 21.368420680053532}