{"extraction": 16.673483105027117, "execution": 23.491436354001053}