{"extraction": 16.2131893329788, "execution": 20.676674991031177}