{"extraction": 20.994031125912443, "execution": 24.11334502103273}