{"extraction": 14.899181807995774, "execution": 21.15251205302775}