{"extraction": 10.299136337940581, "execution": 19.03012403997127}