{"extraction": 15.684635771089233, "execution": 22.992180835921317}