{"extraction": 13.702115350984968, "execution": 20.800214322051033}