{"extraction": 12.221311187022366, "execution": 21.328746925923042}