{"extraction": 13.466442356002517, "execution": 22.851112784002908}