{"extraction": 12.518084118026309, "execution": 19.470268041011877}