{"extraction": 15.607322448980995, "execution": 25.0334720130777}