{"extraction": 13.929571576067246, "execution": 20.20756947202608}