{"extraction": 12.190867729019374, "execution": 21.916941536939703}