{"extraction": 9.84341572795529, "execution": 17.079559775069356}