{"extraction": 17.346540150931105, "execution": 25.39373799704481}