{"extraction": 13.886642339988612, "execution": 18.80451260902919}