{"extraction": 6.296813387074508, "execution": 19.209018894005567}