{"extraction": 13.129088349989615, "execution": 20.891050311969593}