{"extraction": 15.41828991100192, "execution": 22.115159398992546}