{"extraction": 14.375126997940242, "execution": 20.314096953021362}