{"extraction": 15.979058658936992, "execution": 21.702265199040994}