{"extraction": 17.008810567087494, "execution": 20.38562258204911}