{"extraction": 14.299906329018995, "execution": 22.680487232049927}