{"extraction": 15.235603631939739, "execution": 21.705024203984067}