{"extraction": 17.414224253967404, "execution": 26.844239752041176}