{"extraction": 16.949123907019384, "execution": 23.112022532033734}