{"extraction": 12.830265644937754, "execution": 19.331583602004685}