{"extraction": 15.853639911976643, "execution": 21.78895360196475}