{"extraction": 14.266803706996143, "execution": 21.10029680398293}