{"extraction": 19.4685734170489, "execution": 24.08118378499057}