{"extraction": 14.662923439987935, "execution": 21.138636130956}