{"extraction": 15.52825756103266, "execution": 24.754655620083213}