{"extraction": 12.721208669012412, "execution": 21.21512956393417}