{"extraction": 15.244473772938363, "execution": 20.58166716597043}