{"extraction": 11.307851649005897, "execution": 20.388590882066637}