{"extraction": 11.5106847389834, "execution": 22.31817618594505}