{"extraction": 10.332407459965907, "execution": 17.049984142999165}