{"extraction": 16.74402339500375, "execution": 20.883289517951198}