{"extraction": 16.572220050962642, "execution": 21.64199468807783}