{"extraction": 12.675985537003726, "execution": 22.943623289000243}