{"extraction": 14.572300686966628, "execution": 22.41089451406151}