{"extraction": 11.088189956033602, "execution": 20.297769382945262}