{"extraction": 9.706249217037112, "execution": 20.627809848985635}