{"initial_violation": ["destination", "optimal"], "initial_duration": 68.1269142627716, "subsequent_violation": [[], [], [], [], [], [], [], [], []], "subsequent_comparison": [[0.0, 0.0, 0.0838387198947843, 8.153898493336367, 7.953285974829792, 3.9987749272317, 22.878030926437283, 9.850938867283796, 7.94945937858845, 17.999588359931423, 18.12193188772691, 20.02546962818949, 9.837409789159981, 15.742944045399229, 11.670693590043758, 20.80973547853356, 7.452633188808128, 0.20344722027990023, 7.5508502683861325, 4.676332859097457, 1.9498789572207214, 8.468521544977097, 0.28034177660660087, 8.828950893296414, 17.053405727853196, 14.517715324499228, 14.977374744273481, 16.239300908477393, 13.307896577847755, 17.495400139232995, 9.76086016955833, 3.410265376895023, 5.302313226329515, 10.340171603968313], [0.0, 0.0, 7.081036798289355, 11.870449222689233, 14.776456125991738, 15.41009345923037, 12.227295868827731, 8.121653005353823, 10.748702075501894, 6.9464942862652395, 6.865757929843421, 0.3363545955048334, 31.85097717517848, 25.218230770117295, 19.65667141055371, 28.74171982383202, 19.75508492809683, 7.770888142211495, 3.080718636937516, 0.1052037678528478, 10.149737973771925, 25.23617836446042, 17.035020931481778, 34.569091735383836, 8.725043401710847, 1.9849656826471243, 13.060039385691352, 25.568538262369938, 22.090757707145958, 31.224178034290876, 16.87714207320092, 3.7093565785036495, 9.318744413874382, 3.8520270879949496], [0.0, 0.0, 12.72877685296589, 1.3958053205321062, 10.737492207051327, 14.848855947867863, 27.659144274374576, 7.544750823800155, 6.926625672083652, 6.180289486901214, 1.1648944262213516, 5.861426402694042, 1.132195541499748, 6.376715730337721, 7.874029802781175, 6.689619343088652, 21.441091225949698, 21.001940557612457, 19.506172692570875, 26.367885281415454, 8.480022045576208, 6.709954130618545, 3.9583610889765337, 6.50084510941226, 7.11764907316792, 21.073221839581063, 12.236276115992208, 23.11126183724908, 8.349774908659533, 4.584655401233766, 0.5868217301228343, 8.124003160891963, 5.647613489292055, 17.424102147493223], [0.0, 0.0, 15.394572414578732, 11.736518328758125, 10.400168057808974, 19.54339796990466, 19.263956767528192, 7.7482770073435745, 11.500760057768021, 17.643858718985115, 17.149765349449897, 12.325200264792258, 20.531596869698316, 27.299256270771348, 12.676426903328442, 33.05560450071129, 10.873683912571884, 2.197272232969641, 5.681783476838517, 9.571248114307114, 13.503446918961334, 16.647774941864245, 8.532164556259191, 32.09562548399764, 8.205608207729899, 37.96273813897597, 11.75752019046257, 11.503929174847068, 18.62377458119223, 31.557677653892537, 6.56719203426781, 39.34537767887539, 2.538329189777439, 13.994668635449518], [0.0, 0.0, 7.768488072314541, 4.730462588078431, 7.225936347151801, 11.051005459443079, 27.586171916457218, 16.0570344747105, 0.672799156015099, 6.3607478496015215, 9.123273655087024, 15.143097321674693, 18.340090743637134, 14.377598150542163, 22.231840836782787, 24.11859506068782, 4.076125943028248, 7.147172938993534, 1.8154499687335683, 1.8672170474279677, 4.0382324447883375, 19.133448752847638, 17.19643186730015, 22.97540533842122, 2.878254291304226, 2.4829325829058426, 2.181051695454049, 3.809064067789526, 21.00666564938042, 18.543462992297506, 17.129941677420145, 23.654470956712686, 1.6098694422805955, 4.931117937231807], [0.0, 0.0, 7.081036798289355, 12.13785799360028, 10.335429550834567, 15.074312867755138, 12.457828740161835, 7.983554412411864, 11.00255604191771, 0.18817066549527006, 6.78608229946889, 18.926860553653427, 16.912937362537345, 24.67321340736828, 20.451598113376185, 10.81680113273962, 0.443752978663407, 0.4281157653377877, 2.37786226702148, 6.960260910004633, 19.946789646020296, 25.09033465346945, 11.915556848550299, 0.9379268088604765, 3.8300228227122375, 6.946422201311061, 19.278125391202774, 25.942460646657143, 10.085167801151222, 2.8553398141389206, 5.117545424041749, 7.089532987794464, 18.175527913229743, 26.580899940616796], [0.0, 0.0, 7.872694570425578, 4.910847439323512, 10.847782717670826, 11.463845857611554, 15.537720706327649, 4.038281545546877, 0.07078576508967502, 6.44330732635415, 9.920559016083649, 15.62949149749784, 17.670433127105866, 23.531263499478573, 13.42952324965738, 25.230005545099328, 2.9258051145216784, 0.40867796404174017, 1.5584631710823351, 7.020864373170297, 19.872730500351498, 20.556487499855674, 13.119877195653265, 28.241351237038305, 2.393387265745734, 7.246804017551034, 9.929768461707225, 22.438969514817373, 12.592534081107775, 30.376365094996416, 5.16868535152456, 4.0956791722052515, 9.67672642355746, 13.129562493248253], [0.0, 0.0, 7.081036798289355, 12.062398163763428, 14.66948236020977, 26.742934907833973, 0.10528160610777569, 0.07227658581136612, 7.099364941765309, 18.583295616607938, 19.723875467541244, 31.332974780987257, 8.781422882372825, 2.009197555027544, 8.093791973678576, 6.624279328542677, 11.764784802720946, 23.88505580770984, 20.516042259633714, 29.833590116468592, 9.218467734381877, 5.97990152404827, 12.548995630123823, 9.138821322578837, 16.742952125417474, 30.217723140882004, 8.808141042568593, 3.7040061797805346, 10.635508455526695, 10.126003419014694, 16.831060887596227, 29.998484977966974, 8.09034723463834, 40.435367692845354], [0.0, 0.0, 7.081036798289355, 12.320252765687552, 10.42056785408954, 15.576753901827011, 12.1232257879189, 0.05118852433337289, 6.405873253243473, 17.95362951165382, 20.50935767724645, 30.138784432009714, 19.31574532129089, 27.908676598753463, 12.251887502340699, 2.4496815982567286, 7.614112814472527, 1.9088399291263847, 7.970968820448994, 25.526282722527135, 17.465012303579048, 31.242785830068573, 8.637583188217619, 2.342638636090804, 8.51741104916844, 5.874628696360568, 13.479623158615103, 25.98807108477872, 12.534749317256317, 30.244231468342807, 8.28559941609713, 4.8871649360317315, 10.212023060701414, 14.628305163482745]], "deft": [0.0, 0.0, 0.0078532107203505, 0.0, 0.0, 0.0, 0.0, 0.0, 0.0, 0.0, 0.0, 0.0, 0.0, 0.0, 0.0, 0.0, 0.0, 0.0, 0.0, 0.0, 0.0, 0.0, 0.0, 0.0, 0.0, 0.0, 0.0, 0.0, 0.0, 0.0, 0.0, 0.0, 0.014226044460760775, 0.0], "subsequent_deft": [[0.0, 0.0, 0.0078532107203505, 0.0, 0.0, 0.0, 0.0, 0.0, 0.0, 0.0, 0.0, 0.0, 0.0, 0.0, 0.0, 0.0, 0.0, 0.0, 0.0, 0.0, 0.0, 0.0, 0.0, 0.0, 0.0, 0.0, 0.0, 0.0, 0.0, 0.0, 0.0, 0.0, 0.014226044460760775, 0.0], [0.0, 0.0, 0.0078532107203505, 0.0, 0.0, 0.0, 0.0, 0.0, 0.0, 0.0, 0.0, 0.0, 0.0, 0.0, 0.0, 0.0, 0.0, 0.0, 0.0, 0.0, 0.0, 0.0, 0.0, 0.0, 0.0, 0.0, 0.0, 0.0, 0.0, 0.0, 0.0, 0.0, 0.014226044460760775, 0.0], [0.0, 0.0, 0.0078532107203505, 0.0, 0.0, 0.0, 0.0, 0.0, 0.0, 0.0, 0.0, 0.0, 0.0, 0.0, 0.0, 0.0, 0.0, 0.0, 0.0, 0.0, 0.0, 0.0, 0.0, 0.0, 0.0, 0.0, 0.0, 0.0, 0.0, 0.0, 0.0, 0.0, 0.014226044460760775, 0.0], [0.0, 0.0, 0.0078532107203505, 0.0, 0.0, 0.0, 0.0, 0.0, 0.0, 0.0, 0.0, 0.0, 0.0, 0.0, 0.0, 0.0, 0.0, 0.0, 0.0, 0.0, 0.0, 0.0, 0.0, 0.0, 0.0, 0.0, 0.0, 0.0, 0.0, 0.0, 0.0, 0.0, 0.014226044460760775, 0.0], [0.0, 0.0, 0.0078532107203505, 0.0, 0.0, 0.0, 0.0, 0.0, 0.0, 0.0, 0.0, 0.0, 0.0, 0.0, 0.0, 0.0, 0.0, 0.0, 0.0, 0.0, 0.0, 0.0, 0.0, 0.0, 0.0, 0.0, 0.0, 0.0, 0.0, 0.0, 0.0, 0.0, 0.014226044460760775, 0.0], [0.0, 0.0, 0.0078532107203505, 0.0, 0.0, 0.0, 0.0, 0.0, 0.0, 0.0, 0.0, 0.0, 0.0, 0.0, 0.0, 0.0, 0.0, 0.0, 0.0, 0.0, 0.0, 0.0, 0.0, 0.0, 0.0, 0.0, 0.0, 0.0, 0.0, 0.0, 0.0, 0.0, 0.014226044460760775, 0.0], [0.0, 0.0, 0.0078532107203505, 0.0, 0.0, 0.0, 0.0, 0.0, 0.0, 0.0, 0.0, 0.0, 0.0, 0.0, 0.0, 0.0, 0.0, 0.0, 0.0, 0.0, 0.0, 0.0, 0.0, 0.0, 0.0, 0.0, 0.0, 0.0, 0.0, 0.0, 0.0, 0.0, 0.014226044460760775, 0.0], [0.0, 0.0, 0.0078532107203505, 0.0, 0.0, 0.0, 0.0, 0.0, 0.0, 0.0, 0.0, 0.0, 0.0, 0.0, 0.0, 0.0, 0.0, 0.0, 0.0, 0.0, 0.0, 0.0, 0.0, 0.0, 0.0, 0.0, 0.0, 0.0, 0.0, 0.0, 0.0, 0.0, 0.014226044460760775, 0.0], [0.0, 0.0, 0.0078532107203505, 0.0, 0.0, 0.0, 0.0, 0.0, 0.0, 0.0, 0.0, 0.0, 0.0, 0.0, 0.0, 0.0, 0.0, 0.0, 0.0, 0.0, 0.0, 0.0, 0.0, 0.0, 0.0, 0.0, 0.0, 0.0, 0.0, 0.0, 0.0, 0.0, 0.014226044460760775, 0.0]],