{"initial_violation": ["destination"], "initial_duration": 175.56991720199585, "subsequent_violation": [["destination"], ["destination"], ["destination"], ["destination"], ["destination"], ["destination"], ["destination"], ["destination"], ["destination"]], "subsequent_comparison": [[0.0, 0.0, 0.4057700280266182, 0.5376282994883204, 6.580384645737379, 1.6897921338694022, 0.3188245767632412, 6.000985669514819, 0.7095241144694803, 0.713030598276327, 0.9955689140836455, 0.21561791680026116, 42.12168891283552, 19.324643351185557, 1.3332391076910992, 5.40694585546086, 2.2539652481988304, 1.4060807984044572, 1.14426391459332, 13.521605595617897, 32.594657262588264, 17.417155264259307, 30.067312743536775, 16.337344288226728, 26.250472544423836, 16.071716978494518, 24.348564361093363, 15.879027302100257, 20.32020094343739, 14.60434061220285, 18.03642521130535, 12.209081331687063, 14.968123930270227, 9.906919431315591, 14.140630696456068, 9.622540799753375, 12.97497346033701], [3.4659742770864145e-07, 0.0, 0.7757201494044695, 4.989658915685521, 10.61772621582774, 10.072229523457358, 6.014214767255491, 13.689618322925524, 20.843383724042848, 24.90981629783269, 21.92874015728798, 24.276604764960705, 23.62780697023969, 26.62495198170445, 28.944471152069525, 24.795654438994713, 23.333650174608177, 15.790696429552504, 20.694266781682057, 12.898014685524256, 6.046744963028192, 1.3450085769225988, 7.111158684841634, 1.8436634380192323, 7.499749513524612, 1.2298326383240352, 12.81079365323846, 13.38816874451469, 14.50634056703628, 9.458209235568402, 14.809893719311281, 9.20782230233871, 12.993835742161433, 2.609047263193088, 1.8530139617385493, 0.5255318657209693, 4.442779745231124], [0.0, 0.0, 0.3291814238955805, 0.5483195564915416, 0.04825716827190026, 1.0268560816049674, 1.2065720980453947, 0.24767709942974145, 0.7683919897841589, 0.8347649172726711, 2.0967813871738947, 0.6036382298808242, 2.4960986146299313, 1.0147903747286888, 0.386951324752223, 5.796174409271623, 4.109878038888191, 10.506256229343586, 6.021108404877976, 10.358161118925082, 23.845134718183647, 19.046030741229224, 22.223797569729925, 18.928392600022907, 21.670513419885356, 15.951184312069579, 22.76581350987752, 12.645955199825114, 21.27163770965184, 11.461371776649303, 19.802297394849518, 11.135480932207397, 14.833774956537702, 8.695566408973658, 13.357546045906963, 8.021107147791586, 15.474352205460454], [0.0, 0.0, 0.2565319364245572, 0.11369867241563526, 6.359636738033529, 0.7962886410908525, 0.3682878488928195, 6.041885689905908, 0.3404573877730381, 1.4990731521386893, 0.2714602979100358, 0.7019880123561975, 2.445625725346815, 0.1720646101857164, 1.1109705737866535, 2.3185997165225594, 2.0191290122645156, 0.5103454053832515, 1.5471753498937173, 13.325607350377348, 0.45185980354961275, 14.567614904168751, 28.93183765574483, 16.744987549210535, 25.319433633694626, 15.17515201820638, 24.650744038622403, 16.175908955437865, 21.55172669183269, 12.444161002986851, 16.02599005528068, 5.587708350179331, 2.6190786936131354, 5.131315210736346, 2.1866792829560353, 4.070356033307833, 1.9361257430086523], [0.0, 0.0, 0.45100139696616376, 0.4112297190737953, 6.556207828540607, 1.610935391466525, 32.888131841857984, 6.7473101192023535, 34.28165208683729, 19.256319140594936, 37.818283831443814, 18.735212148325058, 38.32807000035005, 22.03884961861733, 44.17926265110136, 24.601843351896395, 41.349095892526286, 14.664690007733828, 27.927079519148755, 18.05203778411971, 27.668326689882452, 18.362275792372937, 25.604348863606326, 19.527794853348407, 5.596588707712617, 8.912247307062215, 5.295917133925671, 7.0413021003829535, 5.441735832498379, 6.240550491824478, 3.7129253047568125, 2.580503890708251, 3.266982657296194, 1.2970327669006874, 2.9833203541204742, 0.9396194643830347, 5.041664163547802], [3.4659742770864145e-07, 0.0, 0.5434465800344502, 0.2988629400361466, 6.12866235279538, 0.8201311685435855, 0.5641514361415151, 0.2457577491458796, 1.1416825968132593, 1.0536117644524237, 3.5150167545642415, 19.377475841991924, 41.55713650406422, 24.471220562183905, 47.70789195375363, 25.84408742188028, 43.066855397457836, 17.127522651124032, 27.354631092666903, 21.559006709309017, 28.09813063377269, 18.712220797731728, 27.48647145734845, 19.113292975164622, 22.554482474853067, 18.39558235100484, 21.205128465094518, 16.863077791789618, 18.482911893169938, 15.739913857952574, 15.386927277149306, 14.147517209255284, 11.88362801161347, 11.456093206295128, 12.110459245411047, 10.58830155053355, 11.595363238655944], [0.0, 0.0, 10.132177197886081, 0.6621601488244568, 26.615263939788676, 15.724933928086905, 33.288358349488, 9.526822280812855, 29.38062482171027, 20.334544523107596, 40.88088747891352, 18.47063701562487, 42.01514891887346, 21.36278159238511, 49.64472710304987, 21.674813829102167, 3.552461495250577, 6.524123722381578, 3.1075587278068744, 15.5093627707835, 32.48285019333295, 18.984616265899206, 28.90202217590359, 18.632198160854013, 24.45127576312754, 17.570348530046605, 24.348615988878215, 17.809108042404404, 21.36625672426163, 15.15201047084672, 19.281803221016894, 12.591003144485995, 16.264632077853012, 9.863848168457242, 15.881455976991512, 9.569499009221035, 15.66144483916987], [0.0, 0.0, 0.019278719362774296, 0.008439325177249856, 6.7735327399871625, 1.2553765703350357, 0.3861356751988941, 5.642023029681424, 0.40007486299678013, 2.5015333016910817, 0.5913696062776794, 0.47197556978351807, 41.85230837068219, 19.989751437426975, 49.13539342496395, 29.209409364457198, 42.729325202829166, 15.84809906971958, 29.722596249476087, 16.56297568661466, 30.512511038709228, 20.29685362136691, 25.41214747896205, 21.136035066556154, 20.771888937272234, 18.153127366481602, 18.478067008998742, 15.862899932697113, 17.673428763440985, 13.539860595124804, 15.480591060039893, 10.730363745839664, 14.570215545057811, 8.783848624860338, 12.12765180003555, 10.640400471273969, 11.115087533828778], [0.0, 0.0, 10.322628107793003, 0.19560187245208757, 26.92961114988392, 16.377100069228593, 33.59955901079255, 11.075193438358363, 35.83223475093292, 22.1969251200499, 39.47178158605646, 22.367307560343278, 40.99628623119689, 24.694455812459584, 46.97580553342439, 26.143816864168993, 41.30860313303409, 15.567762477928747, 29.68873770773229, 17.760910261223803, 29.90855225808976, 17.57520746142701, 27.572084259782393, 18.23696548132485, 21.923114693716553, 16.804838281130934, 22.561252943101668, 15.429497595525826, 21.999775642306048, 1.3461767913286857, 20.540111047119332, 11.926096899285914, 17.6640048795325, 9.121437422372937, 17.76994860077593, 1.5286393501607412, 1.3379593693128198]], "deft": [0.0, 0.0, 0.0, 0.0, 0.0, 0.0, 0.0, 0.0, 0.013384772500347765, 0.0, 0.0, 0.03836015988269108, 0.0, 0.0, 0.0, 0.0, 0.0, 0.0, 0.0, 0.0, 0.0, 0.0, 0.0, 0.0, 0.0, 0.0004040733171423886, 0.0, 0.0, 0.0, 0.0, 0.0, 0.0017215442691281167, 0.0, 0.0, 0.0, 0.0, 0.0],