{"initial_violation": ["acceleration", "collision", "destination"], "initial_duration": 107.20967769622803, "subsequent_violation": [["collision", "destination"], ["acceleration", "collision", "destination"], ["collision", "destination"], ["collision", "destination"], ["collision", "destination"], ["acceleration"], ["collision", "destination"], ["collision", "destination"], ["collision", "destination"]], "subsequent_comparison": [[0.0, 0.0, 7.827553757084372, 5.007829567949839, 25.567825569527198, 17.126650994321523, 22.508695502639135, 12.718895161902998, 26.04976709026285, 13.217608779406957, 34.919951454444636, 20.303558280387854, 12.653860655676919, 14.4384811096485, 8.564570308781208, 10.79211958912596, 6.385026446749072, 13.09901483489137, 18.491031849762816, 13.49098908162011, 5.61488414492596, 8.524298540405418, 2.8039606692736463, 8.20850670200393, 2.1717921807695295, 6.609659432195908, 2.4397602423557094, 7.209303853768027, 19.768850702169605, 6.215728263106167, 16.60475899102212, 7.169959167381583, 14.68224713922707, 4.451749327683328, 11.372458312285197], [0.0, 0.0, 1.1196418887258914, 0.18241503037800852, 6.173688700866373, 0.5281908724703622, 0.9646660150194283, 0.7992585399472025, 0.2018327914969821, 13.379934108733817, 9.738991568290835, 3.5589224639567174, 2.5490000021444983, 11.32584270338639, 0.13896453167467632, 11.26769374954243, 0.3479803848891143, 8.33066338114295, 1.671349102839492, 14.102328322305228, 4.9788463415786115, 13.312437460858291, 5.17945308260656, 17.152253656198717, 3.3540597988770986, 12.677799165271164, 0.20049697188432794, 9.195904289793038, 1.045042228255214, 11.745283845021449, 0.5112089118638572, 8.849393112404954, 0.6731658440379229, 12.684444598662706, 5.194834309963732], [0.0, 0.0, 10.420399573280184, 0.015839181965514426, 4.485312182831425, 0.41600222152967975, 3.081951134437141, 0.032542900473371605, 2.3656713257514888, 0.7806750794860681, 2.474808349733191, 1.2705449403747808, 4.316655975794457, 2.1671705855194197, 9.059776676467974, 1.5989620226542285, 23.514618861611776, 15.999923850074785, 19.34686619984553, 13.082181262943298, 17.80068857619084, 12.059616233286938, 2.068292921225315, 6.282839441533915, 2.3991974163045615, 6.052710457046935, 3.9462638111211232, 3.5548291220962387, 3.568820586738991, 5.280134739170879, 3.0490546933810934, 3.5087419028743785, 2.2073075460742286, 4.357177477227812, 6.882688120504892], [0.0, 0.0, 7.827553757084372, 10.863319272787551, 4.681897373459424, 0.05522738745786072, 4.159241337644817, 0.11950009978882548, 2.5263112953514932, 13.629221135914394, 9.061070327817445, 5.005867676063134, 4.3591963471186475, 12.032149771404976, 0.2400191666701634, 6.2776356464357015, 0.2687242285440436, 8.597580491554664, 26.533939652617505, 7.586032981708778, 24.702917200255325, 4.413850084173487, 1.6545083710599937, 7.633406798648633, 1.6606236038509972, 8.589626336128608, 1.730429503222511, 4.928770274067511, 1.3009540766908823, 6.571222187842803, 0.895744912662396, 3.4945707538089836, 0.27852411937387017, 4.122492263242707, 6.744827569168036], [0.0, 0.0, 0.6981598734421072, 0.10854066489605231, 0.7928499041121128, 0.42231501232522073, 0.2365262352991429, 0.017793666920779688, 2.8011957805530976, 0.39935113014794865, 11.338199569524143, 0.22756128713967472, 3.143270308913468, 0.4683395032755305, 2.02321367111097, 2.451784487467162, 1.59660916820056, 1.4463848263954064, 1.918493692149889, 1.2798735358607913, 1.3623917616382106, 2.116154642592595, 2.004766625606077, 4.216120657303909, 1.8290836486694706, 4.26916367909252, 1.6912612344949702, 3.337726394771023, 1.0136372112883782, 6.047975091422311, 3.698320196152816, 4.993899606877803, 2.5217308108832373, 6.3057455627609516, 4.96482171143159], [0.0, 0.0, 0.6515022825356547, 0.29636371616782303, 0.5911433763610289, 0.060539072497981815, 1.5344014960146108, 0.07392170825337174, 0.6121027981911134, 13.135389301923407, 10.744199685827684, 3.7310730284226383, 2.6376761170488723, 10.312214598188707, 3.8137995237766327, 5.807425412503706, 0.8938091223427084, 7.490293699094158, 1.7035984101677972, 9.258002018034045, 5.414869101652525, 11.208919698656679, 6.538858585050901, 10.269770447804037, 4.1601425512613, 8.810355698259588, 3.2983483453042752, 6.246122792619893, 2.7319687572280773, 8.816506587084875, 4.019783193500464, 6.502639736410416, 1.7015529729164545, 6.507783782773667, 2.7166600226988673], [0.0, 0.0, 0.6153059274342539, 0.23257840061613907, 0.3864218584493407, 0.11678638975540774, 0.35920730432737463, 0.5691230169287096, 3.1802043254733388, 1.222713646761305, 11.93894444725019, 1.491763152347481, 3.3104550517544706, 9.293287520480783, 3.3148453336696897, 3.5396790966776237, 9.960429737108212, 17.355659831837293, 13.143904368507162, 8.772163822549036, 3.1456802514272013, 18.398918163624042, 14.866459955007576, 15.741689018892222, 17.60387926335426, 14.942452663843195, 13.708974817400533, 16.187966160423617, 14.491484029019611, 11.374904349553265, 12.463072090552544, 12.104084114477956, 12.804581261010428, 11.601652132141632, 10.579136630905907], [0.0, 0.0, 1.2079663989946772, 0.2547080881177086, 25.892476669521837, 6.221221855046146, 22.856500071467174, 9.367255442099363, 26.001900320719923, 9.10303988325356, 36.11616353398154, 19.42791157956786, 20.92206335090527, 17.30924717622609, 15.450304054255305, 11.731893149199351, 6.404002740174091, 9.470611547879512, 17.676006209346625, 8.614445534633383, 16.296553626756264, 11.023431456742447, 15.261024142134518, 7.913458485137289, 17.35930712082424, 8.19646444898021, 14.546023888864019, 9.542148366473787, 11.80660492502497, 7.500539473392777, 9.888364209525506, 8.981160079452426, 4.8264695651550475, 4.594684311295022, 4.711945734537237], [0.0, 0.0, 7.827553757084372, 11.344489919328977, 25.510600797826804, 26.61928444891581, 22.52875230872509, 24.740826584909662, 24.799609128729266, 26.046172205106448, 34.80288687553098, 33.177874452676804, 19.336233513803496, 14.803179743075301, 3.6754213897820476, 12.409262708485024, 1.2106993148263416, 9.38400035475915, 3.0029068510645742, 9.540208854846707, 2.108920483317608, 12.567511192839481, 17.779986626278856, 13.230260880790862, 0.24589458195200795, 10.23209579153673, 1.0738597906728142, 6.823565021605826, 1.5283143733055164, 10.490565036054802, 1.9968444726545864, 7.074178074863029, 21.88006847529873, 8.921039219212298, 9.603138909405644]], "deft": [0.0, 0.00015290279402250173, 0.0, 0.0, 0.0, 0.0, 5.19047500586152e-07, 0.0, 0.0, 0.0, 0.0, 0.0, 0.0001248416471241573, 0.0, 0.0, 0.008063280908271842, 0.060222887648502886, 0.0, 0.0, 0.0, 0.0, 0.0, 0.0, 0.0, 0.0, 0.0, 0.0, 0.0, 0.0, 0.0, 0.0, 0.0, 0.0, 0.0, 0.0],