{"initial_violation": ["destination"], "initial_duration": 68.53004860877991, "subsequent_violation": [[], ["destination"], [], ["collision", "destination"], ["collision", "destination"], ["collision", "destination"], [], [], []], "subsequent_comparison": [[0.0, 0.0, 4.421398417742641, 14.853962030705274, 21.854148622599403, 15.966246308973423, 28.304642265794115, 14.117081468520851, 33.979287525902095, 1.841498052228645, 1.5379362493723627, 5.856126079997802, 9.543955496816757, 16.537128942608003, 6.559761012609632, 17.602709510224564, 11.828092869129192, 15.969779325784305, 6.110315397880503, 12.654559823252615, 9.970369029901077, 10.478600319437032, 34.5223486835405, 20.77889405026155, 46.05955115228327, 4.785567503145973, 11.728988984509389, 24.705596128932527, 16.845853496016403], [0.0, 0.0, 0.44307799247073304, 0.16252618181685755, 0.28643814710152415, 0.60733769380806, 0.07140555651264643, 6.466204099802402, 2.014947486133861, 12.226515077807605, 4.254346724535824, 13.701904743751452, 35.457132197595016, 17.575364771249163, 22.900162711512934, 17.56586223891179, 29.181142592169827, 7.1489584065224685, 14.738435966755016, 17.988383069060735, 20.859934465421414, 13.077887366700848, 21.032955259421108, 14.935805749105986, 20.410007998361184, 6.6623712701811995, 9.953724895695988, 3.668950239836522, 4.96307799386924], [0.0, 0.0, 0.9215362111791723, 0.1524812927711007, 10.444247085663374, 27.88565348416507, 6.388269367818278, 19.72578068608414, 16.855824159380813, 35.43650363619822, 4.638758459122516, 9.774975455272683, 13.774748035132003, 1.224010384571421, 7.96384833016873, 1.924908530110853, 9.302986430230817, 1.3845667092691922, 11.964995629922178, 8.93698532114323, 4.5982710887630365, 5.228679807193979, 6.206744061687491, 6.498879848333342, 6.615581806271973, 1.575144749004636, 2.983291030765907, 2.332397372465086, 1.0340204926142915], [0.0, 0.0, 0.1266304054556361, 0.5049849466142022, 0.7578935491152982, 1.0339546215482114, 0.5795210058452857, 6.138266328205543, 0.30328089749223686, 1.2829805697565286, 0.661378880086514, 9.69239247012104, 2.774821447538809, 0.644365211952152, 2.703880570121323, 6.434222971455527, 9.209663712673954, 11.890662516634615, 23.236469638860815, 6.831877847269164, 22.078539969656166, 12.054121478504554, 22.34751701295353, 14.321501209586188, 21.77834374171143, 9.21364631094512, 14.300054806615977, 7.852377219815778, 8.123161140289401], [0.0, 0.0, 0.12160712352254577, 0.2041260027422004, 0.2390820289336341, 0.4546198781700103, 0.5231247331188728, 0.3514502126353455, 0.8913483689344914, 0.11486954423631601, 39.34080305073269, 27.275632409337526, 36.11022474271553, 17.743544490995763, 30.882152101539386, 21.515384751735315, 28.053715023742924, 11.934236087408975, 7.301690801579708, 17.156575128067217, 20.930633865113265, 12.821692677577879, 21.675157097116568, 16.032288447161683, 20.303613018541537, 10.245353650454843, 15.782666078451676, 2.2237090172559957, 9.757146704343809], [0.0, 0.0, 0.30908919276720126, 0.032762363389718246, 6.5800907630417, 0.8466641453559723, 9.629800179381142, 0.4331089997280752, 12.185729628216297, 0.4196146885647969, 1.2069102024692824, 11.79715514547088, 10.51483116431756, 1.5961309436525277, 3.2995169147988332, 2.8383116844333944, 4.9054444391667635, 3.0303480692918026, 3.662812969754228, 1.6914562963088238, 6.247401638485506, 2.2162510329809724, 7.795265963103818, 1.1969362457745247, 5.123412209400188, 3.383161129003242, 0.6013931010120438, 23.190628251188024, 6.151272419564619], [0.0, 0.0, 0.09654204971766597, 0.07288815469883692, 0.35598426920462617, 9.456349866728766, 1.899403845954889, 10.935345676728065, 4.674354779981944, 19.462764092810882, 23.54355198294994, 29.32354807783904, 21.629637733192837, 23.568557855463524, 13.926061670713416, 29.748488071786912, 7.900147035427905, 23.96046761775223, 13.050317122614663, 17.920432420485568, 15.944613796483077, 13.759687708823826, 15.58747139942912, 17.3498291557349, 12.658498737609436, 12.364368425096913, 10.62430668344406, 4.01320515027376, 1.642080549884096], [0.0, 0.0, 0.7829306429209247, 15.924982899228931, 21.948822718999665, 26.21606293848675, 18.40653447339743, 17.820904727856625, 22.58888769675767, 21.558187915306814, 23.6895448174573, 21.279243760589196, 5.805113073014538, 2.475792981805271, 1.2735696448331497, 1.3203432451769266, 5.097770538605378, 4.2108649044045325, 22.50563504511346, 2.576417764564666, 1.9075876371196474, 9.70864607823535, 7.296101586305521, 11.003733718635033, 36.299484316429634, 28.00427343233115, 7.462805931134736, 17.152459205492374, 11.113751490527669], [0.0, 0.0, 1.5323891710453776, 15.620719801306564, 21.886492829575168, 16.370476083151036, 18.46497840795601, 12.547111777431622, 1.0926609790379096, 15.597968575290546, 0.2492737551805584, 12.638082399415557, 11.807297158586477, 2.026917980576083, 4.364774310782682, 8.966010227837815, 6.824610769987225, 22.28283389419337, 12.226246482535117, 7.111968421450225, 1.4927467003481592, 6.153544932973223, 4.3403604882565086, 1.6933266524729556, 23.734932807662975, 15.571212764173112, 5.532925371529852, 9.252450407959582, 3.743801088794995]], "deft": [0.0, 0.0, 0.0, 0.0, 0.0, 0.0, 0.0, 0.0, 0.0, 0.0, 0.0, 0.0, 0.0, 0.0, 0.0, 0.0, 0.0, 0.0, 0.0, 0.0, 0.0, 0.0, 0.0, 0.0, 0.0, 0.0, 0.0, 0.0, 0.0], "subsequent_deft": [[0.0, 0.0, 0.0, 0.0, 0.0, 0.0, 0.0, 0.0, 0.0, 0.0, 0.0, 0.0, 0.0, 0.0, 0.0, 0.0, 0.0, 0.0, 0.0, 0.0, 0.0, 0.0, 0.0, 0.0, 0.0, 0.0, 0.0, 0.0, 0.0], [0.0, 0.0, 0.0, 0.0, 0.0, 0.0, 0.0, 0.0, 0.0, 0.0, 0.0, 0.0, 0.0, 0.0, 0.0, 0.0, 0.0, 0.0, 0.0, 0.0, 0.0, 0.0, 0.0, 0.0, 0.0, 0.0, 0.0, 0.0, 0.0], [0.0, 0.0, 0.0, 0.0, 0.0, 0.0, 0.0, 0.0, 0.0, 0.0, 0.0, 0.0, 0.0, 0.0, 0.0, 0.0, 0.0, 0.0, 0.0, 0.0, 0.0, 0.0, 0.0, 0.0, 0.0, 0.0, 0.0, 0.0, 0.0], [0.0, 0.0, 0.0, 0.0, 0.0, 0.0, 0.0, 0.0, 0.0, 0.0, 0.0, 0.0, 0.0, 0.0, 0.0, 0.0, 0.0, 0.0, 0.0, 0.0, 0.0, 0.0, 0.0, 0.0, 0.0, 0.0, 0.0, 0.0, 0.0], [0.0, 0.0, 0.0, 0.0, 0.0, 0.0, 0.0, 0.0, 0.0, 0.0, 0.0, 0.0, 0.0, 0.0, 0.0, 0.0, 0.0, 0.0, 0.0, 0.0, 0.0, 0.0, 0.0, 0.0, 0.0, 0.0, 0.0, 0.0, 0.0], [0.0, 0.0, 0.0, 0.0, 0.0, 0.0, 0.0, 0.0, 0.0, 0.0, 0.0, 0.0, 0.0, 0.0, 0.0, 0.0, 0.0, 0.0, 0.0, 0.0, 0.0, 0.0, 0.0, 0.0, 0.0, 0.0, 0.0, 0.0, 0.0], [0.0, 0.0, 0.0, 0.0, 0.0, 0.0, 0.0, 0.0, 0.0, 0.0, 0.0, 0.0, 0.0, 0.0, 0.0, 0.0, 0.0, 0.0, 0.0, 0.0, 0.0, 0.0, 0.0, 0.0, 0.0, 0.0, 0.0, 0.0, 0.0], [0.0, 0.0, 0.0, 0.0, 0.0, 0.0, 0.0, 0.0, 0.0, 0.0, 0.0, 0.0, 0.0, 0.0, 0.0, 0.0, 0.0, 0.0, 0.0, 0.0, 0.0, 0.0, 0.0, 0.0, 0.0, 0.0, 0.0, 0.0, 0.0], [0.0, 0.0, 0.0, 0.0, 0.0, 0.0, 0.0, 0.0, 0.0, 0.0, 0.0, 0.0, 0.0, 0.0, 0.0, 0.0, 0.0, 0.0, 0.0, 0.0, 0.0, 0.0, 0.0, 0.0, 0.0, 0.0, 0.0, 0.0, 0.0]], "subsequent_deft_violations": [false, false, false, false, false, false, false, false, false], "durations": [68.47020387649536, 68.48020672798157, 68.1108238697052, 68.31150555610657, 68.15940070152283, 68.42927312850952, 68.4810221195221, 68.38964557647705, 68.46032190322876]}