{"initial_violation": ["destination", "optimal"], "initial_duration": 71.54948782920837, "subsequent_violation": [["destination", "optimal"], [], [], [], [], [], [], [], ["destination", "optimal"]], "subsequent_comparison": [[0.0, 0.0, 0.2163045483619035, 4.896148515750863, 1.3265901278940395, 0.6925200399368162, 0.7017040271173909, 4.909459445059029, 0.7349134815319467, 4.842274687485179, 2.9639740623864506, 6.753537048533925, 5.060841966998392, 5.446607118782463, 4.205845128416489, 5.2684930250734485, 7.552305076530434, 31.810721436719795, 20.475095103235773, 26.604671596633114, 27.562551186002704, 27.44773785637834, 29.58879834081494, 26.614639822559592, 25.644450756060618, 24.773296633945677, 24.97669575263271, 23.501632451088916, 23.54857251678055, 21.562983430840138, 15.852721010425773, 26.3123916060328, 38.154903787993916, 8.067795584575654], [0.0, 0.0, 10.619523706346826, 0.5957078744376046, 26.81936020054535, 16.335906002406855, 22.496855140421275, 16.027899374804946, 21.614944095460295, 21.065126064638616, 22.892623798538, 23.393246878815596, 24.574235900701176, 27.962234069324193, 28.48592684417739, 31.631143237145114, 34.70788265383985, 35.35188281837261, 16.057475502400287, 22.65345216088716, 19.456676910852586, 26.493810271757393, 21.15381991706307, 1.586717654605466, 12.947318865320057, 0.7728352835406391, 11.808734219447791, 1.99248778324926, 8.185910107798756, 1.9558052714441843, 13.708555304482331, 25.531261080174442, 2.042494881829071, 20.83559816996807], [0.0, 0.0, 0.26676549963617086, 0.24744237334183386, 6.5947643760407955, 0.25768234760566144, 1.5804437505129958, 6.405083237498499, 4.269819785750451, 0.3958115700141493, 4.268872569795582, 17.792347563131596, 41.78299620446389, 18.798877014102096, 47.87426223351314, 1.0066382697724103, 0.7249583557751136, 8.800473215749943, 1.4093972904905556, 16.42523589501066, 1.7779100990294634, 19.48486944687122, 38.568703781727365, 18.446002289287787, 37.49079425216326, 17.863698148679095, 38.17710505280445, 14.95417427093893, 35.97134468404545, 15.512057747440766, 22.631705979735667, 19.584805033880123, 0.995135110518492, 12.60214146642298], [0.0, 0.0, 0.07992197824132369, 0.004554395536574728, 0.34775140783863795, 0.03186003662401903, 0.8431289629939259, 6.600939904611652, 2.599569644350468, 0.5967201134851235, 2.1000503015103087, 0.8935312364119443, 0.9258376001902424, 2.0254691148047224, 1.1029551985051032, 1.3745404180573964, 3.928799644727266, 7.926821555882767, 4.395896058179806, 0.851150700903188, 3.8260368257576407, 0.26186247647867983, 5.177849545766322, 0.11571184053913762, 3.8028642722086907, 1.4378756413446239, 3.57247581988133, 1.399730191700607, 4.999938835028801, 1.6295325008586725, 12.507689834957374, 23.4972205297493, 1.3262369508221772, 15.437457893524432], [0.0, 0.0, 10.146411733104388, 0.4197483149199032, 5.21609912872041, 10.203497888058186, 5.075679011174943, 9.719828474250415, 23.830071259867292, 20.595252630730272, 25.4087110221499, 21.206251451881045, 28.49986327031543, 23.333426399294236, 34.02221021161122, 29.551511854398125, 41.34283702471442, 35.43727071580169, 22.80850882808786, 25.519320436751972, 5.340646779565085, 26.424459376517774, 28.509683347384325, 28.531864001185028, 25.304194918873364, 27.059765715018052, 21.39722283032255, 26.53517620732591, 18.056958149542552, 19.777469920579673, 21.367004553597187, 27.086404972507246, 20.86387072612015, 36.86356804027987], [0.0, 0.0, 0.14419773255056453, 0.4608191131513571, 0.0636048100632896, 0.3059464818393016, 0.17600321373303776, 0.43797355461189597, 2.325397129273006, 0.590306417181343, 1.8945176364445369, 1.1494702679677862, 1.1137918297392377, 2.2725709711340896, 0.5879567365016495, 0.6812452158016967, 2.7499581995502584, 8.77572924770075, 2.876911867706282, 3.875269697991228, 0.5732097894850863, 4.82116115417995, 3.078020591200403, 24.972462676171403, 32.08649538399179, 26.689686033373334, 27.636377882342767, 26.05691437317565, 22.818903967721436, 18.92852728685281, 21.52319983497732, 26.83586044707691, 23.258823927498405, 37.45904092328653], [0.0, 6.328189559612565, 4.811647443915481, 5.843828505571969, 16.00020117410319, 15.689942720101966, 0.7713516322629597, 1.080390366079747, 12.869716114031629, 2.3382991115366005, 19.195249453157842, 21.8339006876392, 25.513392353324974, 21.270203758822074, 32.53389763223928, 20.591771808004648, 48.732232797914904, 21.02320469165526, 31.142693223033465, 27.481079296425474, 33.70443807785885, 10.048188561037952, 32.243115416642034, 5.216879171132504, 33.402450158175114, 4.788509109757792, 30.162586900555443, 6.237778375128971, 28.38033713470772, 19.04671732101821, 21.1756275795379, 16.730271645356222, 20.445323063633655, 29.237727027401323], [0.0, 0.0, 0.4790126045738813, 0.47418086610493, 1.3453243438440308, 21.019924816344073, 15.999706417962349, 18.10043352422505, 18.715149151383123, 20.93830832630625, 20.56536357206272, 19.071639071230756, 25.250808469930238, 19.97508572324845, 1.3479844324618777, 18.18185856088798, 13.778845993566808, 12.351844734235039, 6.52619187030269, 9.862388137168951, 20.516065523375495, 23.894269348702558, 22.418439710248148, 22.66888107536658, 20.956200970341328, 17.72254183356331, 69.91699329100575, 13.716747560614364, 45.02164714600512, 14.569208633233439, 20.934357791059863, 13.734913216516397, 30.52086172336115, 19.341537726889204], [0.0, 0.0, 0.6122795319011417, 4.867603394799917, 10.956132714802333, 10.84048661944743, 17.01798242075899, 18.626264431486703, 19.27374496913157, 22.687701681825406, 20.687725585469273, 23.850098988476958, 25.116923325294692, 24.724261052851976, 31.621232315306667, 26.87540497624395, 41.84463224171835, 29.861537954881175, 25.261035408948306, 14.236803441282182, 9.109419081640192, 4.056694262458203, 12.897644361270878, 2.035232697986769, 14.018456305330757, 0.4236871524628179, 13.740349535700323, 2.5953159036922866, 14.982606664634703, 5.104456918546272, 13.33142346857576, 27.263997075048948, 12.762642059010119, 9.170658551431295]], "deft": [0.0, 0.0, 0.0, 0.0, 0.0, 0.0, 0.0, 0.0, 0.0, 0.0, 0.0, 0.0, 0.0, 0.0, 0.0, 0.0, 0.0, 0.0, 0.0, 0.0, 0.0, 0.0, 0.0, 0.0, 0.0, 0.0, 0.000940719442502693, 0.0, 0.0, 0.0, 0.0, 0.0, 0.0, 0.0], "subsequent_deft": [[0.0, 0.0, 0.0, 0.0, 0.0, 0.0, 0.0, 0.0, 0.0, 0.0, 0.0, 0.0, 0.0, 0.0, 0.0, 0.0, 0.0, 0.0, 0.0, 0.0, 0.0, 0.0, 0.0, 0.0, 0.0, 0.0, 0.000940719442502693, 0.0, 0.0, 0.0, 0.0, 0.0, 0.0, 0.0], [0.0, 0.0, 0.0, 0.0, 0.0, 0.0, 0.0, 0.0, 0.0, 0.0, 0.0, 0.0, 0.0, 0.0, 0.0, 0.0, 0.0, 0.0, 0.0, 0.0, 0.0, 0.0, 0.0, 0.0, 0.0, 0.0, 0.000940719442502693, 0.0, 0.0, 0.0, 0.0, 0.0, 0.0, 0.0], [0.0, 0.0, 0.0, 0.0, 0.0, 0.0, 0.0, 0.0, 0.0, 0.0, 0.0, 0.0, 0.0, 0.0, 0.0, 0.0, 0.0, 0.0, 0.0, 0.0, 0.0, 0.0, 0.0, 0.0, 0.0, 0.0, 0.000940719442502693, 0.0, 0.0, 0.0, 0.0, 0.0, 0.0, 0.0], [0.0, 0.0, 0.0, 0.0, 0.0, 0.0, 0.0, 0.0, 0.0, 0.0, 0.0, 0.0, 0.0, 0.0, 0.0, 0.0, 0.0, 0.0, 0.0, 0.0, 0.0, 0.0, 0.0, 0.0, 0.0, 0.0, 0.000940719442502693, 0.0, 0.0, 0.0, 0.0, 0.0, 0.0, 0.0], [0.0, 0.0, 0.0, 0.0, 0.0, 0.0, 0.0, 0.0, 0.0, 0.0, 0.0, 0.0, 0.0, 0.0, 0.0, 0.0, 0.0, 0.0, 0.0, 0.0, 0.0, 0.0, 0.0, 0.0, 0.0, 0.0, 0.000940719442502693, 0.0, 0.0, 0.0, 0.0, 0.0, 0.0, 0.0], [0.0, 0.0, 0.0, 0.0, 0.0, 0.0, 0.0, 0.0, 0.0, 0.0, 0.0, 0.0, 0.0, 0.0, 0.0, 0.0, 0.0, 0.0, 0.0, 0.0, 0.0, 0.0, 0.0, 0.0, 0.0, 0.0, 0.000940719442502693, 0.0, 0.0, 0.0, 0.0, 0.0, 0.0, 0.0], [0.0, 0.0, 0.0, 0.0, 0.0, 0.0, 0.0, 0.0, 0.0, 0.0, 0.0, 0.0, 0.0, 0.0, 0.0, 0.0, 0.0, 0.0, 0.0, 0.0, 0.0, 0.0, 0.0, 0.0, 0.0, 0.0, 0.000940719442502693, 0.0, 0.0, 0.0, 0.0, 0.0, 0.0, 0.0], [0.0, 0.0, 0.0, 0.0, 0.0, 0.0, 0.0, 0.0, 0.0, 0.0, 0.0, 0.0, 0.0, 0.0, 0.0, 0.0, 0.0, 0.0, 0.0, 0.0, 0.0, 0.0, 0.0, 0.0, 0.0, 0.0, 0.000940719442502693, 0.0, 0.0, 0.0, 0.0, 0.0, 0.0, 0.0], [0.0, 0.0, 0.0, 0.0, 0.0, 0.0, 0.0, 0.0, 0.0, 0.0, 0.0, 0.0, 0.0, 0.0, 0.0, 0.0, 0.0, 0.0, 0.0, 0.0, 0.0, 0.0, 0.0, 0.0, 0.0, 0.0, 0.000940719442502693, 0.0, 0.0, 0.0, 0.0, 0.0, 0.0, 0.0]],