{"initial_violation": ["destination", "optimal"], "initial_duration": 25.790703773498535, "subsequent_violation": [["destination", "optimal"], ["destination", "optimal"], ["destination", "optimal"], ["destination", "optimal"], ["destination", "optimal"], ["destination", "optimal"], ["destination", "optimal"], ["destination", "optimal"], ["destination", "optimal"]], "subsequent_comparison": [[0.0, 0.0, 0.20243627163711, 0.17309208917037816, 7.670321873313955, 0.004995168742573912, 4.2947692380203355, 8.26303822383872, 0.41530014134091525, 30.179112828698482, 18.786935550210693, 28.63560703407303, 18.355572215728586, 18.820306896689264, 19.547409595936376, 20.86929451133741, 22.936731297222114, 13.933871370292419, 25.039412607250803, 0.6942624595453915, 2.2303044391991076, 3.308435221407019, 2.451948790431604, 8.765566519375485, 4.753643873319402, 17.400606431976435, 13.71438721674228, 3.099692866054079, 14.968516773491546, 15.344051923423851], [0.0, 0.0, 3.3936809429222388, 5.62833968864747, 14.91630654935604, 15.064132629017072, 19.57704551120806, 11.858124318631948, 0.2691942396667654, 11.913593925442683, 14.31338122166394, 1.1336978865998135, 7.40860261252301, 7.5605737996063285, 28.62910154103906, 22.607927278569125, 29.443656133625378, 21.591837916720447, 27.479154499741682, 19.5481863692992, 23.719613302636148, 22.495896535501092, 3.2458713824478638, 18.65273587623413, 2.413932582455717, 15.790218978127434, 1.459345452600085, 10.801164355265465, 14.271893432924765, 12.22705777405024], [0.0, 0.0, 3.1372152175125767, 5.339422573412275, 9.218211094381855, 10.991408925455977, 27.824706689612707, 12.10207415424115, 18.240103858630505, 29.288454095512915, 4.7669964289826146, 4.16609233532161, 4.104694009658172, 11.505250631908675, 0.8095842848095216, 3.693464262645553, 3.2448686247738205, 5.884575088658408, 3.4080270042910854, 3.199132671148895, 1.586594905015364, 6.112499929396057, 2.3155196477819144, 6.410523226536158, 0.24992822603505865, 4.367641978036275, 4.365987039559886, 0.38432568236445136, 3.0230449257798906, 2.6475589520324454], [0.0, 0.0, 7.674389237055245, 8.152999365969986, 9.54368920253232, 10.58745477330363, 27.682796359117162, 11.921044353519223, 18.663896551357492, 28.177464642086793, 18.32548417905546, 29.884374038034135, 21.570656974713387, 26.655178565359865, 18.213662261998472, 10.00821312119332, 4.752342014952548, 9.04737783675232, 4.221910606055312, 5.963138707339467, 8.269477232960444, 3.2227331495702667, 5.350586576446342, 6.580228813280742, 6.868517642743582, 1.6732590396377118, 12.63909628476848, 2.2773376308829745, 13.20139201758469, 5.294923906559176], [0.0015606859869200245, 4.5604665180875895e-05, 9.395799538793812, 12.016637253354185, 14.846545216572393, 18.461183353552663, 15.438936864988975, 13.248567836698426, 11.017348257807091, 6.592778201540114, 1.4494671861470074, 4.180981220452675, 3.0717581637912614, 10.070525023010504, 31.369588116945128, 13.098680068172401, 31.001400305924918, 15.93020303080815, 25.66927838171238, 17.555173511796998, 6.415406191591007, 13.623537837650298, 8.210752466700118, 15.533052733382188, 7.525853307169569, 14.10026787200561, 5.257396526623588, 7.169700558810819, 18.67610331298791, 18.30056900967556], [0.0, 0.0, 9.39579710091617, 12.691870778750905, 14.465074034021017, 26.606957329190415, 19.286530816739106, 24.43889588663822, 0.8310914674236053, 12.436871575357552, 10.53019993760772, 11.8725925533074, 8.903570126944606, 18.700743921786945, 14.285910003652594, 9.295930859226797, 11.799781935405758, 5.813646717298795, 12.106843372220432, 20.286191192348518, 29.047932390508088, 22.740545491391778, 30.614338929805573, 21.077350520920984, 30.756813810927493, 20.268605124722274, 9.717319908882901, 6.289736136535324, 26.987965961867822, 12.478415041024364], [0.0, 0.0, 0.675191444797762, 0.053165112891353644, 7.773372508676207, 0.06459740377426472, 12.46632919866519, 12.117831122897956, 17.030269589319186, 17.66244013233778, 13.394438858894793, 17.33456503909068, 6.568492752045634, 1.614744769971429, 4.785816892504467, 5.787832479571659, 1.129871465583594, 1.5757198386629419, 1.5375871557563026, 2.4959391658279695, 4.99198633915778, 17.47216552342065, 17.926096430261186, 10.822981521346625, 18.304261122498815, 8.462220021860427, 1.901046658464296, 1.698514784350357, 2.17453061746118, 9.245213267181805], [0.0, 0.0, 0.619884735186062, 2.760256391443398, 0.10317872386407549, 7.775674886450146, 12.28085195092445, 3.7250555734258213, 11.165394779072649, 12.361027123311281, 13.059651733981905, 6.800672000300675, 18.722739059091523, 11.03505143166085, 22.507774602959017, 17.690931225956398, 22.648644539521214, 17.202659427403, 26.55619495049828, 11.732957874353792, 26.066050757712485, 14.30719251606351, 29.054378861864553, 11.013247523687632, 29.215673405637823, 9.915211506071824, 3.6134950094726754, 6.3837749920087195, 10.138411736179814, 10.312128092187935], [0.0, 0.0, 5.092078921378352, 0.3912182970367902, 7.771485871402363, 0.06301324191855642, 4.205389833744121, 8.447527545514308, 17.409317334554686, 28.20441178448062, 14.20225813565186, 29.211426864958213, 19.875064438178363, 19.765911617408126, 20.710888162188326, 25.721309836379277, 25.299004726653983, 20.488861475583523, 24.85968787061026, 15.87545545819371, 23.19334231576145, 16.252551922967573, 29.187505145537358, 4.735915865708849, 4.320513548442142, 5.9283626066043285, 4.345750368065923, 3.7967222576289794, 9.22738573818444, 9.602922794937403]], "deft": [0.0, 0.0, 6.998636061358322e-06, 0.0, 0.0, 0.0, 0.0, 0.0, 0.0, 0.0, 0.0, 0.0, 0.0, 0.0009601592676905034, 0.0, 0.0, 0.0, 0.0, 0.0, 0.0, 0.00013090118250713473, 0.0, 0.0, 0.0, 0.0, 0.0, 0.0, 0.0, 0.0, 0.0], "subsequent_deft": [[0.0, 0.0, 6.998636061358322e-06, 0.0, 0.0, 0.0, 0.0, 0.0, 0.0, 0.0, 0.0, 0.0, 0.0, 0.0009601592676905034, 0.0, 0.0, 0.0, 0.0, 0.0, 0.0, 0.00013090118250713473, 0.0, 0.0, 0.0, 0.0, 0.0, 0.0, 0.0, 0.0, 0.0], [0.0, 0.0, 6.998636061358322e-06, 0.0, 0.0, 0.0, 0.0, 0.0, 0.0, 0.0, 0.0, 0.0, 0.0, 0.0009601592676905034, 0.0, 0.0, 0.0, 0.0, 0.0, 0.0, 0.00013090118250713473, 0.0, 0.0, 0.0, 0.0, 0.0, 0.0, 0.0, 0.0, 0.0], [0.0, 0.0, 6.998636061358322e-06, 0.0, 0.0, 0.0, 0.0, 0.0, 0.0, 0.0, 0.0, 0.0, 0.0, 0.0009601592676905034, 0.0, 0.0, 0.0, 0.0, 0.0, 0.0, 0.00013090118250713473, 0.0, 0.0, 0.0, 0.0, 0.0, 0.0, 0.0, 0.0, 0.0], [0.0, 0.0, 6.998636061358322e-06, 0.0, 0.0, 0.0, 0.0, 0.0, 0.0, 0.0, 0.0, 0.0, 0.0, 0.0009601592676905034, 0.0, 0.0, 0.0, 0.0, 0.0, 0.0, 0.00013090118250713473, 0.0, 0.0, 0.0, 0.0, 0.0, 0.0, 0.0, 0.0, 0.0], [0.0, 0.0, 6.998636061358322e-06, 0.0, 0.0, 0.0, 0.0, 0.0, 0.0, 0.0, 0.0, 0.0, 0.0, 0.0009601592676905034, 0.0, 0.0, 0.0, 0.0, 0.0, 0.0, 0.00013090118250713473, 0.0, 0.0, 0.0, 0.0, 0.0, 0.0, 0.0, 0.0, 0.0], [0.0, 0.0, 6.998636061358322e-06, 0.0, 0.0, 0.0, 0.0, 0.0, 0.0, 0.0, 0.0, 0.0, 0.0, 0.0009601592676905034, 0.0, 0.0, 0.0, 0.0, 0.0, 0.0, 0.00013090118250713473, 0.0, 0.0, 0.0, 0.0, 0.0, 0.0, 0.0, 0.0, 0.0], [0.0, 0.0, 6.998636061358322e-06, 0.0, 0.0, 0.0, 0.0, 0.0, 0.0, 0.0, 0.0, 0.0, 0.0, 0.0009601592676905034, 0.0, 0.0, 0.0, 0.0, 0.0, 0.0, 0.00013090118250713473, 0.0, 0.0, 0.0, 0.0, 0.0, 0.0, 0.0, 0.0, 0.0], [0.0, 0.0, 6.998636061358322e-06, 0.0, 0.0, 0.0, 0.0, 0.0, 0.0, 0.0, 0.0, 0.0, 0.0, 0.0009601592676905034, 0.0, 0.0, 0.0, 0.0, 0.0, 0.0, 0.00013090118250713473, 0.0, 0.0, 0.0, 0.0, 0.0, 0.0, 0.0, 0.0, 0.0], [0.0, 0.0, 6.998636061358322e-06, 0.0, 0.0, 0.0, 0.0, 0.0, 0.0, 0.0, 0.0, 0.0, 0.0, 0.0009601592676905034, 0.0, 0.0, 0.0, 0.0, 0.0, 0.0, 0.00013090118250713473, 0.0, 0.0, 0.0, 0.0, 0.0, 0.0, 0.0, 0.0, 0.0]], "subsequent_deft_violations": [false, false, false, false, false, false, false, false, false], "durations": [25.7902991771698, 25.799136877059937, 25.9610698223114, 25.96877884864807, 25.77892780303955, 25.739324808120728, 25.569242000579834, 25.940379858016968, 25.972139835357666]}