{"initial_violation": ["destination", "optimal"], "initial_duration": 26.41970419883728, "subsequent_violation": [["destination", "optimal"], ["destination", "optimal"], ["destination", "optimal"], ["destination", "optimal"], ["destination", "optimal"], ["destination", "optimal"], ["destination", "optimal"], ["destination", "optimal"], ["destination", "optimal"]], "subsequent_comparison": [[0.0, 0.0, 0.5540645832648495, 0.36386748604854824, 0.6990833945240843, 4.155633197115247, 0.9289471635928782, 2.86189167321264, 20.221455860643342, 4.37696946287932, 21.606617645007024, 5.418194453949492, 23.828191117663366, 6.705691366628884, 20.437172108364393, 19.967674169639025, 10.223919652690086, 7.662292443044615, 10.592089761057995, 13.237604749005168, 4.261502897432519, 6.747617427742647, 3.948096151280778, 3.7248624242071164, 6.011280501351886, 1.8924295121250767, 17.259020327503702, 5.570300803071255, 14.603947979847884, 8.460010938977781, 14.433681602887503, 9.592285994325575, 6.9267541893265365, 3.8893399225459664, 4.698142797698009, 4.897301190807071, 3.4667158462827676, 4.396962663514971, 4.952771158510838, 4.213511142004984, 25.967445771475763, 28.478033569092883, 12.755313238399186, 23.242156838833058], [0.0, 0.0, 0.18057105436420795, 0.5871181593217512, 0.6659316302484876, 6.769515949880728, 0.8877549099469673, 9.720902376578906, 1.8399828034868426, 10.845716598564268, 1.263762381573767, 15.173523478198526, 2.011220370060485, 16.537830088061035, 1.558093559298372, 17.060773756603787, 4.253566527620576, 16.41064703861101, 8.5171545975244, 10.524227133149658, 17.8963317813722, 9.736795435917012, 21.492742925020575, 10.230696521148696, 21.799173194142902, 12.166377825245862, 22.28150417606982, 8.531895055447672, 21.814846630113816, 9.945803726496907, 21.992138861316942, 5.812136160199949, 0.20684522703005345, 8.748699479750535, 2.588882033532293, 12.297967075040845, 16.52058320672681, 6.408070006314964, 20.063188593274408, 4.346248318429795, 19.763164988987644, 6.117718944075459, 11.296176194455821, 16.27166363437428], [0.0, 0.0, 4.8205410810679945, 0.2598398727622443, 10.095651274698799, 6.952149065509678, 11.82763516336125, 8.40321351463779, 7.451076037921772, 7.216584598344889, 17.79877686941653, 6.070219169013127, 22.158922050526538, 3.6497066915982495, 23.131108852941374, 0.692096074607367, 5.134597353645453, 3.263689746528978, 8.292340275852782, 10.741741952473884, 6.297359861011881, 2.8023497962084076, 3.053539011285066, 3.5292790222256354, 6.525608956240096, 0.7054130938537964, 4.1694705695249485, 1.528241989723266, 7.170475849203854, 12.632904386438614, 10.816584395340547, 7.7539636893868895, 9.14566662156421, 6.00577699624576, 10.934028387523796, 5.221111518270591, 8.631102190642336, 2.4275377390549844, 3.9811968450019544, 1.5680358831398582, 21.364487496005047, 14.629456275529249, 11.632365578683096, 18.75026445505766], [0.0, 0.0, 0.6844497133886337, 4.588323212003732, 15.029603500456549, 5.18994521106193, 17.041461401395512, 8.669451413683396, 13.96690902918208, 10.36628958855483, 13.403954631956937, 14.816046161059786, 14.41894564642662, 15.525067443390808, 13.031060566336018, 14.514070273420863, 12.979279381742023, 4.224365226970982, 11.346500942188037, 7.375592550176404, 4.341213763816865, 1.7839338558052, 16.791124006244235, 2.8796678175131807, 17.503575452218225, 3.5989910555195506, 13.978159007591104, 3.5130819833428206, 12.944766870321605, 6.689120672109642, 12.045340343466814, 7.179467954728305, 8.605720387535687, 3.7784815255207858, 8.385924189300704, 2.455013711050304, 4.989446392775697, 0.9489391892641095, 5.949338584544515, 1.009563059594954, 11.308213084132262, 7.208639002199082, 26.250643708938995, 15.470238336683744], [0.0, 0.0, 7.089562095258986, 4.4435719930101465, 15.134850329594059, 14.896060566367066, 17.440951302200126, 8.154002817927637, 8.796812556107257, 20.98575673778788, 1.989229645654728, 15.662490916912484, 2.3457282177245546, 4.935816175281612, 2.4676910522089153, 2.1655158815084303, 28.107200751270287, 10.875324759843007, 18.202502563884114, 15.050165934261196, 7.870278775633573, 8.027343892605034, 7.559295785964353, 11.44210597247588, 14.974783132226792, 17.80827686889419, 8.770137756312446, 17.59313801207221, 8.110859346480437, 1.691648831019775, 1.709832490827455, 1.9991546547812402, 3.7257104661617646, 1.2370021237176307, 3.5104932582948156, 4.395710018089939, 6.752812934798832, 3.677194553900456, 11.957289748449668, 27.255962327482397, 7.9341531926479085, 3.79247636497324, 23.478077932755838, 12.159879990367568], [0.0, 0.0, 7.089562095258986, 4.442513196074541, 14.886761307028456, 14.912090739830285, 16.684058713997494, 17.298524760788425, 7.495343066337845, 5.789592616482944, 0.302068843196727, 14.40744120090906, 1.7137078035128122, 1.8270041483737303, 11.477979441462024, 11.953852354550706, 23.341613340137553, 18.543095961562713, 15.605510644408351, 14.703838666848354, 15.059460375329195, 15.98083363541696, 0.8325447408211595, 6.4455249558548005, 1.1996810073064037, 3.782975722807596, 2.5143836732675746, 0.13828867512266368, 6.1885181476772395, 13.43471134353523, 15.354194438218878, 11.27278589286611, 11.02881124983255, 14.156347395241871, 11.314899152449266, 12.366064601655605, 9.40662449535674, 11.312560000777072, 12.73280019727006, 10.905116938958306, 7.1798207983959745, 3.040787385470638, 22.807466897081643, 11.40829150779461], [0.0, 0.0, 7.089562095258986, 4.4313971927729785, 10.878441403385695, 15.22348724452418, 17.018691678823856, 17.8898070244828, 7.863168196379866, 6.155398576327792, 0.4032365282663979, 14.978727407492968, 0.07958124485690629, 4.1475744835979, 9.249020263372609, 0.22524977692348444, 26.160079477538822, 11.926961142188993, 17.136480544703726, 14.754994359215214, 8.043618086232753, 7.95073436464249, 4.181607818937988, 1.4965923257087552, 7.218681554424707, 13.941850901829472, 12.423673724637416, 14.746237330344627, 10.934121821134795, 18.174295664202106, 11.402696765594797, 14.590838967851756, 8.967794024468455, 15.32022772844707, 10.9430876043053, 13.603516515639845, 8.377082486140182, 14.220077310823033, 12.595972655869604, 11.76682347002162, 8.374709177945181, 4.213493208889649, 23.980068128140317, 12.621158914381931], [0.0, 0.0, 7.089562095258986, 4.4353431140298465, 15.20606668586677, 14.680147142128051, 16.75678143330229, 17.809136166948726, 8.036704747265286, 22.38809031697779, 0.4361853975311283, 2.6829734810725547, 0.9262605465082765, 0.568087273720858, 12.697700879650405, 7.868668239222648, 18.669626704472186, 14.927973155080632, 13.06546185758514, 16.217872583498142, 8.300674555640903, 9.95986001772165, 17.02640774339721, 20.815850631209948, 7.230931559429528, 27.651205502507448, 11.002288623466747, 6.59204491374642, 9.751918680775722, 9.968070895643702, 9.359615357329307, 7.753011808495583, 13.794013230871714, 9.08756914792039, 10.642505519667996, 9.289184451511128, 5.066944267650489, 14.38338192189257, 6.7530584208864095, 17.178067929167174, 18.62797620654226, 21.18334887425888, 7.988655298139304, 16.042413754609978], [0.0, 0.0, 0.9156403470416716, 4.59204116325602, 1.9239174015246514, 3.3411655267292852, 11.207269171738233, 1.8892737998083025, 2.960158651133621, 2.398586278574908, 20.575098866381772, 6.07828462545787, 4.173682849256182, 6.328618110249641, 23.762395915042664, 6.026963998148167, 23.939471837560912, 8.889688516434921, 18.917904048737444, 7.8514621207884066, 11.163168223449729, 13.516335871571552, 2.560718611530574, 3.910366492046015, 4.249724351869984, 6.557356580818291, 1.315532116546567, 2.056019939027703, 0.8519645384741449, 1.9419055713096274, 0.5827412783623491, 4.965873793080392, 0.2956964455698081, 3.01272615514485, 0.406442606133828, 1.3285582701516596, 0.4589681675412107, 1.43237696849873, 0.28306469195505574, 1.0025199701258953, 0.45908677662770125, 4.620924322982541, 16.401903885924035, 3.88030925287453]],