{"initial_violation": ["destination"], "initial_duration": 24.89009141921997, "subsequent_violation": [["destination"], ["destination"], ["destination"], ["destination"], ["destination"], ["destination"], ["destination"], ["destination"], ["destination"]], "subsequent_comparison": [[0.0, 0.0, 0.27988888768440084, 0.44547472172146535, 0.40604349371912923, 3.2079776903559463, 10.32394877569217, 0.23875735359857309, 0.49873718116304394, 1.3974331930529502, 1.1962177505443237, 1.5291286440810865, 1.6328443109136652, 4.529100603470713, 1.5353988083503574, 24.83753746710464, 8.899531494890734, 19.352657434449807, 12.144287642473738, 10.136498108748194, 12.788090330990947, 11.066389069347649, 13.723174338476847, 11.301262810670735, 9.845136230042197, 2.2888929164003504, 5.535045595106063, 0.9614289524013374, 5.632308876310996, 2.3408944308236324, 6.3133388044598915, 1.5163375996391821, 1.9558594147930453, 1.784217071388558, 4.977314804698745, 11.56075344450861], [0.0, 0.0, 1.0162230217773622, 0.1438488037564827, 1.1253385917408487, 7.075823975109156, 5.384491597405301, 0.2400117312043593, 3.726355467727929, 0.4347275730385271, 24.921199154041012, 7.941696192221798, 24.02015176647117, 9.42781741732498, 23.571147675725904, 12.236075806076366, 28.499571192003888, 10.862340563518158, 26.66449445818691, 9.189776228449539, 15.428008882972394, 15.698377981574824, 15.610274354007801, 15.46293566176713, 1.8711616491723484, 11.777998954574112, 10.501112248628194, 9.14485302307079, 2.6180566472285425, 4.637806923284917, 12.380520495443495, 27.797893890309396, 15.765644222339885, 17.609461283305112, 11.080369655767802, 11.657754521570581], [0.0, 0.0, 0.8824814161841557, 0.5835494483865321, 10.797480992209838, 14.828053626648929, 18.11170581236977, 1.2036085461022086, 4.018930422529585, 1.1558864110821303, 23.45874842128277, 8.062032327059326, 22.275393101663898, 9.531017581693522, 22.283557026362168, 10.538462453887904, 25.829684103014188, 10.47755984389597, 22.36688496934528, 9.564387923381824, 13.590319762202526, 16.682717125354785, 1.295793746654864, 12.278834324017371, 1.043922932755873, 10.41190236427578, 3.590857868261335, 12.253839246621206, 1.8047729223218514, 8.043045391858978, 0.6834940352428774, 7.608732919217943, 0.5163617014174402, 6.329179055644438, 3.958123593218425, 1.907556444124814], [0.0, 0.0, 0.9882956842124898, 4.889641895183654, 11.009614366895084, 15.053270173245425, 17.52325747254324, 16.084849369533167, 11.585921771812487, 19.37922570749306, 19.022476659631018, 21.141371754784462, 17.789591746673697, 24.25104197629379, 15.276776166165181, 15.112177047716942, 1.5099047363505598, 17.642522726496267, 11.536905954438895, 14.461277285177822, 4.327716269015229, 10.82597508030096, 9.304420971740706, 9.433769300009054, 15.693013013977438, 10.988486783169263, 16.732622811580892, 13.505669990080259, 13.067415282738336, 14.47792371213637, 10.753271905236595, 14.97914147897068, 13.214958781616236, 13.121333629807095, 7.965129623325789, 5.399353666663802], [0.0, 0.0, 1.1112113123395382, 4.890063149929713, 11.263539872324118, 15.32422753046949, 16.66023971963524, 17.070835409338237, 10.962609638696664, 19.974018287966743, 21.45775315447541, 21.009057150122302, 20.08127378412341, 22.04149793916415, 20.656443278208002, 26.497199754701946, 24.454015212410727, 24.456451907103556, 20.39828403813696, 21.82610442507701, 12.745962168277915, 28.631290211897813, 11.171811158276991, 9.073503683298922, 16.480014201442533, 6.956536513589367, 15.243524127817178, 4.909979971395309, 14.38884274426864, 3.6795329165276915, 14.624855256418552, 3.137466630873297, 10.23660569528829, 2.3307376339902337, 10.480596165886384, 22.07597277752933], [0.0, 0.0, 0.5361871067972244, 0.5039971319843657, 10.828772234774618, 14.862764505707304, 17.67844772863316, 16.349524486827917, 12.780148213357311, 18.684891905795933, 20.74855969439749, 22.112409876005973, 17.745503819259024, 27.32558181139908, 16.16463460992063, 35.149758177148826, 17.996044996438954, 41.86288835789232, 13.706501402892988, 24.66555272708128, 9.916276960389865, 9.767177446883656, 13.532085355134644, 10.005115948528616, 15.554687050295751, 10.790307841522207, 11.415151931898606, 8.192039087786052, 11.882902848217242, 6.887586381592684, 13.256491634505384, 6.947964869495406, 8.967981298446352, 5.917191506485036, 10.654986709535141, 21.25975885767843], [0.0, 0.0, 0.33058015535903024, 4.946332629831959, 0.022296532046772823, 6.8173321529010265, 9.96516224639412, 0.29798048070963823, 0.478463739662812, 1.6616617377780047, 0.5169632519309542, 1.370759876478266, 2.190658996301753, 2.356764763913519, 1.6930978313084353, 3.1278902690778425, 1.2267725792029842, 6.0776955136046595, 1.5089309882118063, 17.167256862432986, 15.345076355747784, 15.549675015138073, 10.742937347785054, 2.4242321097035866, 11.038184182636636, 4.653936960364737, 10.00428575568243, 3.649741577831004, 10.162351111529064, 3.253291470239462, 8.775669894458282, 1.6695703101066472, 2.996805616905546, 1.2470120501076207, 14.334989036645847, 12.894221707295785], [0.0, 0.0, 0.6665314179344621, 4.901200143994291, 10.516073836002523, 14.522398970202612, 16.865539952409602, 11.126215280781432, 15.778597133206443, 2.181749371808592, 22.571642818657434, 18.840685763247553, 21.086632723752714, 21.646140444886445, 19.767240639592824, 25.423162863866544, 24.049117771175727, 23.349346664173066, 20.35845715801987, 23.651313530015443, 12.268670766212939, 28.48175862319984, 11.624968234833524, 28.679860780100682, 14.526981441533609, 10.001242062311057, 11.68630029396078, 8.456813973350426, 13.68403559658133, 28.32897160551416, 14.61599805961256, 23.874362758471086, 18.896599905348257, 16.687627756782714, 37.394504560399305, 14.243050822912297], [0.0, 0.0, 0.7069973315520186, 4.913430363560959, 10.698147411345085, 4.003201621621659, 17.449584829977752, 16.745689284437162, 11.68837289343036, 4.123981963588518, 20.758951201461954, 18.955286454142907, 19.708978395389433, 21.814049632475168, 20.148483393276237, 23.00206379321689, 21.123202172601264, 1.9482102742564371, 18.394794711478898, 10.984194522893963, 9.435576225244699, 12.460158287010396, 12.149303251199768, 4.2599845481078935, 14.74222285169239, 5.229397643871937, 10.851846107588178, 5.41413198343354, 10.257178395606603, 6.784468955578136, 10.338670447512564, 18.88568328325162, 16.615208098291312, 16.390112966502215, 12.315550109851507, 11.629901908114364]], "deft": [4.744356992622367e-06, 0.0, 0.0, 0.0, 0.0, 0.0, 0.0, 0.0, 2.0189898382432397e-05, 0.0, 0.0, 0.0, 0.0, 0.0, 0.0, 0.0, 0.0, 0.0, 0.0, 0.0, 0.0, 0.0, 0.0, 0.0, 0.0, 0.0, 0.0, 0.0, 0.0, 0.0, 0.0, 0.0, 0.0, 0.0, 0.0, 0.0],