{"initial_violation": ["destination", "optimal"], "initial_duration": 24.55071210861206, "subsequent_violation": [["destination", "optimal"], ["destination", "optimal"], ["destination", "optimal"], ["destination", "optimal"], ["destination", "optimal"], ["destination", "optimal"], ["destination", "optimal"], ["destination", "optimal"], ["destination", "optimal"]], "subsequent_comparison": [[0.0, 7.393405126085083, 4.8266371912794686, 11.519138747235553, 0.24270475225140958, 0.5291225142110805, 17.462216495791, 14.38909276030058, 4.222312838301409, 0.1976431138585179, 25.474672041166585, 18.18822863633614, 8.983433801497934, 9.582808524243909, 30.51817174423819, 29.552265828766256, 9.251583129187091, 8.69787628408864, 24.2839983439559, 22.724634789516504, 36.85135214643436, 21.314212134088123, 31.534759467950785, 5.210355076388844, 21.114793195487632, 13.553161726580335, 32.604627758472326, 2.8030008691642903, 20.10446237126429], [0.0, 0.0, 0.5887322357569467, 0.45706694516373175, 6.661299671282772, 0.3059987820181227, 1.4771544899801314, 1.0427032755831502, 4.365118245471291, 2.5174798694275906, 8.652236610713384, 4.435152477129837, 11.3514870421634, 43.85460133650799, 19.47777311296666, 50.0058521113526, 42.31364421655954, 26.593202317603154, 32.21117845538468, 31.073281032502084, 36.48506689598817, 3.8171678837936907, 2.36421379702865, 2.3738869526488195, 7.823415965224789, 0.9996978105056854, 6.310127914130158, 0.9890184094056056, 30.564510312645254], [0.0, 0.0, 0.4058400728629155, 0.36230443743727836, 0.5763841782159326, 1.1070777282394078, 2.085494983285576, 5.95698676479046, 4.091508548744443, 2.3006763372307475, 5.984463676462088, 2.536054330162257, 7.029212285954765, 46.871962571363426, 39.901180873278626, 51.887630249542866, 38.55951559011165, 25.552334298827574, 30.981314515873887, 30.17202648082956, 35.11814163582838, 25.08405389372917, 5.009374482927293, 4.45534441009636, 10.511426400087622, 0.4295651539733839, 9.635669528374086, 15.751688170601785, 17.97054230409835], [0.0, 0.0, 0.6656277753492232, 0.1612475401186155, 0.5791346940648269, 1.3246683031178643, 2.154930988274823, 5.221525774957199, 4.170749322549446, 38.54667139225057, 23.737625006720204, 41.108900106380396, 25.09542683519056, 48.70255882976868, 37.68347258114507, 54.15688681240338, 29.734384013373955, 29.466478665326225, 28.225269663140832, 34.38317177291087, 32.6523892446302, 6.228578007448671, 1.2134418505221445, 3.111352660307337, 3.7841672681217755, 1.435536333790385, 24.915857614308724, 1.564238096231352, 30.07020597922649], [0.0, 0.0, 0.4249326501942894, 0.03877116322814048, 0.35647917130065965, 0.17398807419084075, 1.2766639063365484, 1.0433442187887894, 4.306825640838364, 2.7476647520771826, 8.487027114214067, 38.3005066989631, 10.972548638478228, 44.41969514629626, 18.901150700217876, 49.97260545703104, 39.35358016123071, 24.2105890022069, 29.769316640747675, 29.675392836813717, 29.896523824057187, 26.200994400287286, 32.43782045999775, 24.376728049921038, 5.266726858315481, 7.6085965394754345, 4.648917540048138, 20.61873783011446, 14.361939396884848], [0.0, 0.0, 0.023718483296141256, 0.04605824041133358, 0.2229704738097856, 0.8794778402021413, 2.7847151770778775, 5.649728987395442, 4.158555498962929, 38.460792800698556, 23.309727680356854, 40.41513935495447, 27.15885491724147, 48.39182065674838, 38.64296919354205, 54.27715190220357, 30.809321607778116, 29.09458817633893, 27.32974787145212, 33.270295629274294, 31.968587637778505, 9.063249133596106, 1.185339569877493, 5.110591838882452, 7.287092814022144, 4.076276258815292, 5.821434590296437, 19.63789590701961, 15.992742641294361], [0.0, 0.0, 0.2690349311629702, 0.4264893800525306, 21.672289518742563, 16.835249799961026, 18.532683532866173, 15.765869202876146, 25.355200214029182, 13.547133334690137, 5.799900333384641, 11.251317521938166, 11.348862909937083, 40.981342349336856, 26.77487955712455, 35.420765319074775, 33.96423962207896, 22.39432573029824, 3.9919993906989446, 14.08804249767757, 6.666840328100452, 31.196762754911585, 20.122981072230957, 15.196600630310188, 2.125978502935452, 9.389522131117232, 18.45837073334156, 32.23261889947436, 13.076160896914592], [0.0, 0.0, 0.7117965035285371, 0.1287238114375692, 0.4426080604853428, 1.3930908785528224, 2.464263170482019, 5.213017580254711, 4.35944086093646, 38.35037387015116, 24.13324379077538, 38.325696421508255, 29.507917091579603, 41.67758080741544, 43.81606147078696, 17.70202877911533, 6.821313913483963, 3.5292367525347115, 3.3159447272438745, 41.502220435886294, 29.76485053488719, 6.739508741515102, 0.9190849317198654, 1.4232266842694132, 31.01884586477478, 30.40397288729714, 0.21949137527878423, 25.31620296332261, 13.117437173037128], [0.0, 6.396873036865316, 4.725977290465322, 15.265406509053983, 22.172976149283272, 4.647033478806178, 0.3143205060611019, 0.9087797223987039, 18.5778457320731, 34.30925094620217, 25.438412435584237, 32.75565904265019, 13.488174357536625, 13.376507540096153, 1.0076599115944784, 11.270658175794866, 28.425958153980794, 31.076833208931777, 2.305958674376538, 28.941695126039047, 18.431105627371572, 55.309425699928646, 10.976122842064129, 35.42846310545483, 9.628389749001876, 16.308559852549585, 13.751785928530271, 33.32602572877372, 4.394243508118652]], "deft": [0.0, 0.0, 0.0, 0.0, 0.0, 0.0, 0.0, 0.0, 0.0, 0.0, 0.0, 0.0, 0.0, 0.0, 0.0, 0.0, 0.0, 0.0, 0.0, 0.0, 0.0, 0.0, 0.0, 0.0, 0.0, 0.0, 0.0, 0.0, 0.0], "subsequent_deft": [[0.0, 0.0, 0.0, 0.0, 0.0, 0.0, 0.0, 0.0, 0.0, 0.0, 0.0, 0.0, 0.0, 0.0, 0.0, 0.0, 0.0, 0.0, 0.0, 0.0, 0.0, 0.0, 0.0, 0.0, 0.0, 0.0, 0.0, 0.0, 0.0], [0.0, 0.0, 0.0, 0.0, 0.0, 0.0, 0.0, 0.0, 0.0, 0.0, 0.0, 0.0, 0.0, 0.0, 0.0, 0.0, 0.0, 0.0, 0.0, 0.0, 0.0, 0.0, 0.0, 0.0, 0.0, 0.0, 0.0, 0.0, 0.0], [0.0, 0.0, 0.0, 0.0, 0.0, 0.0, 0.0, 0.0, 0.0, 0.0, 0.0, 0.0, 0.0, 0.0, 0.0, 0.0, 0.0, 0.0, 0.0, 0.0, 0.0, 0.0, 0.0, 0.0, 0.0, 0.0, 0.0, 0.0, 0.0], [0.0, 0.0, 0.0, 0.0, 0.0, 0.0, 0.0, 0.0, 0.0, 0.0, 0.0, 0.0, 0.0, 0.0, 0.0, 0.0, 0.0, 0.0, 0.0, 0.0, 0.0, 0.0, 0.0, 0.0, 0.0, 0.0, 0.0, 0.0, 0.0], [0.0, 0.0, 0.0, 0.0, 0.0, 0.0, 0.0, 0.0, 0.0, 0.0, 0.0, 0.0, 0.0, 0.0, 0.0, 0.0, 0.0, 0.0, 0.0, 0.0, 0.0, 0.0, 0.0, 0.0, 0.0, 0.0, 0.0, 0.0, 0.0], [0.0, 0.0, 0.0, 0.0, 0.0, 0.0, 0.0, 0.0, 0.0, 0.0, 0.0, 0.0, 0.0, 0.0, 0.0, 0.0, 0.0, 0.0, 0.0, 0.0, 0.0, 0.0, 0.0, 0.0, 0.0, 0.0, 0.0, 0.0, 0.0], [0.0, 0.0, 0.0, 0.0, 0.0, 0.0, 0.0, 0.0, 0.0, 0.0, 0.0, 0.0, 0.0, 0.0, 0.0, 0.0, 0.0, 0.0, 0.0, 0.0, 0.0, 0.0, 0.0, 0.0, 0.0, 0.0, 0.0, 0.0, 0.0], [0.0, 0.0, 0.0, 0.0, 0.0, 0.0, 0.0, 0.0, 0.0, 0.0, 0.0, 0.0, 0.0, 0.0, 0.0, 0.0, 0.0, 0.0, 0.0, 0.0, 0.0, 0.0, 0.0, 0.0, 0.0, 0.0, 0.0, 0.0, 0.0], [0.0, 0.0, 0.0, 0.0, 0.0, 0.0, 0.0, 0.0, 0.0, 0.0, 0.0, 0.0, 0.0, 0.0, 0.0, 0.0, 0.0, 0.0, 0.0, 0.0, 0.0, 0.0, 0.0, 0.0, 0.0, 0.0, 0.0, 0.0, 0.0]], "subsequent_deft_violations": [false, false, false, false, false, false, false, false, false], "durations": [24.55871343612671, 24.73102331161499, 24.84897756576538, 24.869328022003174, 24.860427141189575, 24.71795892715454, 24.87935709953308, 24.850202083587646, 24.848628282546997]}