{"initial_violation": ["destination", "optimal"], "initial_duration": 33.7998046875, "subsequent_violation": [["destination", "optimal"], ["destination", "optimal"], ["destination", "optimal"], ["destination", "optimal"], ["destination", "optimal"], ["destination", "optimal"], ["destination", "optimal"], ["destination", "optimal"], ["destination", "optimal"]], "subsequent_comparison": [[0.00015290288640461397, 0.0, 0.7612463891498015, 0.2401398295353513, 9.373589640052375, 0.2560439546577636, 6.54954447038921, 1.0228307294682153, 1.4478297704304994, 1.6292791545680572, 1.7721406618779505, 2.136253537654898, 2.5362762861566757, 1.9240843057335324, 2.57286817249185, 1.3075501545860921, 3.1671451695928057, 5.10069246855504, 5.71231548170552, 12.279274497355981, 5.621974716649131, 1.2833284129536382, 6.992425886152673, 1.9085201976099364, 2.693606931210697, 5.16938599219451, 11.200417355210414, 6.605841756525745, 11.656939792791878, 8.693352940437153, 8.423254550594415, 8.359696290745731, 10.915667183076518, 8.17339519381391, 22.900686525238047, 20.23316049430373, 4.78836530774632, 5.899077835820782, 8.169388112726766, 3.6567735682848013, 4.817608955447489, 1.937507658833984, 19.35596441618747, 18.3441826791391, 34.98959833148591, 6.867780091969657, 9.455159860852454, 11.445988286806497, 4.884788638186918, 5.289627926262238, 7.451647303841894, 5.512815977197732, 5.25872553867385, 3.6734236830367624, 9.090789637024827, 0.7941070253020862, 6.534082868616066, 2.368789123732438, 10.490829488879367, 7.559111471779099, 9.54646825639173, 12.123000255430926, 16.947790339053594, 15.95184929193295, 31.64125991798604, 28.664035978517603], [0.00015290288640461397, 0.0, 0.24899163729236712, 0.28445095752641947, 1.4012033958375267, 0.007218039353821564, 0.4766443796103234, 0.6749724576196603, 0.5519578403535739, 1.1518483573472833, 0.5702925213876968, 2.0831990186269858, 10.933766719879374, 4.177705909380457, 10.395467130477725, 2.118376332079928, 7.244975386306762, 4.568661523248095, 4.26743913752454, 13.086031032870546, 11.346805441591355, 15.698352766048238, 11.061795997796398, 21.589031693283648, 1.3168126506855822, 2.274209538535361, 6.248687224603371, 4.414815870358064, 11.49209852206887, 11.761320807240136, 9.040809944820072, 12.752876984551609, 7.2994581897973765, 12.860169653678279, 7.814441785528718, 10.012502393883265, 6.46294945727563, 9.621015385179247, 9.631340896920266, 6.497685386573022, 6.3078980653122905, 14.667239813521531, 9.341844602272412, 11.165359658882108, 9.85675823634496, 15.97617017490569, 6.108022427605788, 5.044016611321774, 6.768003339965905, 14.297825667056273, 3.229206903309793, 20.016488101121794, 12.238569353845334, 10.867550113455742, 4.54353762989438, 9.755838503843242, 7.651003426495062, 19.067595304196246, 3.7615563402814085, 17.252978272670568, 9.30418820521825, 3.219402235290028, 25.09075587038256, 1.820915209644244, 28.33320920286685, 0.4496318046032158], [0.00015290288640461397, 0.0, 0.42451485328709204, 0.38160937379603604, 1.2672011458000654, 0.5124623323580273, 1.4037484773832885, 0.5553293505781497, 0.2361793448741346, 2.2818833293435943, 0.07209340101213964, 2.3579027379913233, 0.438907114094199, 3.623192703003478, 10.098234529980184, 12.219982762531696, 5.319859439845984, 4.934958034507311, 6.8597165810097005, 11.421571306216658, 11.991344035085612, 19.35745335192433, 2.1300405427194633, 8.744372708607807, 7.1023707803214, 9.848991070554137, 9.701314925142368, 14.353213933354382, 2.594121827944183, 15.758885747788698, 1.7962577218966187, 17.40692141529716, 4.740332759422079, 7.586188624558636, 7.394807453011237, 4.78310035398194, 15.468685461659202, 18.106305673397014, 5.667270255601707, 8.722767656627903, 2.1095647001165134, 10.561261688133007, 2.316739359737897, 6.441146364609938, 22.16679718777523, 23.760005146660315, 7.76544277437045, 5.9350659429707875, 8.543045580958392, 1.2533023980187497, 6.080555394818735, 14.506407054971849, 4.3165155728419355, 9.48017284244173, 2.630401647631278, 10.181697328833296, 3.783530661421493, 4.836510970978149, 11.9272603239612, 7.312121296588324, 8.438718912878906, 3.1818309443207964, 18.634482650766888, 19.716797475250306, 2.369096037471469, 5.215777409537943], [0.00015290288640461397, 0.0, 0.03516695324196279, 0.27776829015428744, 0.7712469920989544, 9.97744437928194, 0.2225733616305076, 1.324764385339732, 1.0988051508251995, 2.8617684416331466, 2.76337562845012, 4.425528762153665, 12.863869931830433, 19.338923023996816, 15.659039853154868, 18.458030404616476, 17.283706049853034, 11.562017158954031, 16.98613799410794, 10.437891352826606, 0.4131340539692266, 4.827072682458277, 5.0342455142320075, 13.529350074438604, 7.139836538243086, 16.177063195878695, 1.6356303562904617, 20.36056986378371, 4.500208647917555, 6.88243403254566, 5.7234601936539775, 7.992524084998028, 11.840022718614724, 14.683404208981981, 0.31407430250625634, 3.233434584764601, 8.630985215009884, 37.08936806746137, 23.823412925105437, 28.427625208710868, 19.68660608086048, 21.74376748098276, 4.150010590957139, 5.213322372231929, 34.17576489356672, 39.10484733327535, 23.14091984160533, 28.019264577123867, 31.211451946118938, 32.97162558099905, 24.67742376798785, 22.405427523739533, 6.222347797726468, 15.980400287561869, 9.810310389938117, 13.948387698452846, 9.479923827954808, 19.253813250182034, 11.119852526711844, 9.790104886095213, 21.27613710076658, 16.788937256040143, 13.924523393779603, 68.44296923430151, 50.88587255268277, 53.726046911452045], [0.00015290288640461397, 0.0, 0.19480524796392332, 0.19613430805541754, 0.6069102718745641, 0.16382766264018583, 0.635655621000391, 0.5129058400252924, 1.5934566221652213, 2.323817869620742, 14.102037342758019, 3.7837571065160436, 14.17938284649469, 5.893649146823948, 11.344438367313318, 12.537746443819387, 15.279293333952763, 7.774408704930309, 7.76066399951577, 10.946204404039323, 4.1689749154517015, 2.3738175805188093, 8.745374704036067, 7.411385132297418, 8.229474400015008, 16.30133680010109, 9.780037380306634, 16.99922907372851, 10.33961094133767, 13.876268714677023, 9.042204435480432, 15.21142264996073, 7.9770502909090535, 14.328089664705356, 0.6916510264166496, 2.9563127566076304, 8.984061984996943, 26.794515597746702, 13.115506051376114, 17.6642134603206, 8.52447906658003, 20.754816174572785, 3.153981376182709, 8.526678600128786, 8.53737814912135, 3.5294980067912727, 27.735859244780983, 25.814301053337093, 21.940733672710422, 18.96224100057483, 17.459711630502586, 25.65698196098893, 5.078054669273188, 6.322082458712544, 3.860952557322875, 6.634800225581664, 7.874872160403165, 16.367616809157646, 17.200344974904745, 10.549592078471939, 17.4760048862033, 12.901061233706912, 10.417111175904203, 11.409788862731036, 6.7690330109334385, 3.766728644455746], [0.6507966675011463, 0.0, 1.081486206353338, 0.06630644570285511, 2.1139213631264746, 6.851116435474661, 11.384233736385426, 21.07489327122162, 16.69228774071937, 24.50006679293714, 22.56567158510794, 26.158358407126105, 25.768182702793233, 26.532943389209507, 26.954270974510344, 24.845329821907306, 31.159617459113356, 20.131801952162093, 31.027285434998134, 21.864711865744358, 15.871160162219976, 30.942116391720706, 13.681035989935408, 2.0904235828317237, 14.629666016449583, 1.3679922783272205, 17.26372054859134, 24.097418033847514, 16.111784694012215, 24.32551135988487, 13.802211195907834, 24.02643164829304, 11.236097429497137, 22.879003205268756, 11.714512236927844, 21.632578518762937, 8.323082652719988, 7.240274456870427, 9.623823616962943, 4.390840843570937, 19.834531308046426, 2.215265704714959, 14.278608866335324, 1.1315655431884195, 10.899858464132924, 0.975795485416717, 23.719210743438282, 2.1100089615380684, 31.32721180873715, 22.08266243169915, 6.741129469010368, 25.95335021027296, 11.391013143817819, 14.24644123282515, 8.009733212875032, 23.933369065836555, 5.984666448735705, 7.648728526066662, 20.111962932058322, 4.812167737470818, 25.910378827141603, 11.519355077732763, 46.46473439487321, 