{"initial_violation": ["destination", "optimal"], "initial_duration": 31.720215797424316, "subsequent_violation": [["destination", "optimal"], ["destination", "optimal"], ["destination", "optimal"], ["destination", "optimal"], ["destination", "optimal"], ["destination", "optimal"], ["destination", "optimal"], ["destination", "optimal"], ["destination", "optimal"]], "subsequent_comparison": [[0.6506615397885341, 0.0, 0.6732921159165818, 0.2553307789520558, 0.7908771017698726, 0.32250241013276953, 0.7906781485188504, 0.2715822102330392, 1.8839066058449854, 1.3531518468601615, 14.125332149797806, 2.3015174399340568, 14.689202353233028, 2.787652723003987, 7.391904164167315, 2.3128236832270095, 9.007084633958504, 3.172554675021027, 9.984473689045904, 21.528957568248515, 11.455750772883345, 22.598391351643826, 12.727968686293133, 21.458957833211116, 12.072823840278154, 19.628443054026054, 12.45939002996809, 16.71463051463147, 13.549501219525961, 16.079311000825026, 9.12009243550061, 14.941242321062946, 9.343280333053235, 16.32834693841819, 0.85257010218134, 8.777894078441573, 0.717515504733273, 9.943547205914172, 1.9004513216596968, 8.723916939047148, 6.425067646991658, 5.612882053774447, 5.865338391573569, 17.453359275343296, 3.8842843657855193, 6.9865515011665495, 4.632116705281869, 4.574745124889743, 13.302956616437097, 4.709252376334842, 13.297065514078609], [0.6506615397885341, 0.0, 0.7991645505735778, 0.19071231960165802, 0.7521041125897355, 0.8793516690413903, 6.780467712265921, 11.039821810681326, 1.5208929954291075, 4.118837377644557, 1.9331675066059915, 16.029334540791698, 13.685211409538717, 17.653157379047478, 8.64589504560889, 16.18215230272274, 13.238517651749282, 22.26852785979122, 12.43401508343576, 8.784226015922927, 6.828022811932849, 13.524314384086436, 2.863813187232266, 10.797869766313333, 5.064659367703542, 11.75005927221804, 2.4269175201884026, 8.242844595245813, 1.7676595696429984, 9.459988190308504, 4.043426010428891, 6.295296524676411, 2.0286716533579945, 5.3439761501671885, 2.7496800857355463, 10.432365275576464, 10.403128417556147, 6.249901999507324, 6.162700935059757, 6.9780678557415685, 6.4038266756870375, 23.998976016292186, 2.9523937828391458, 11.950654916636886, 6.6743890310248, 9.206541387816078, 1.8557484686239292, 6.729396794112435, 14.795977819706852, 9.441840431034368, 0.79570793434847], [0.0, 0.0, 0.09588244408571044, 0.23671754146831825, 10.080498655552645, 0.8093590504077822, 4.414605420955422, 10.434118982811956, 15.754853841595281, 4.384254761346082, 18.46957085998424, 17.098137173018802, 12.60102773662151, 34.15420104093091, 17.80333119118068, 25.20164039217505, 12.522742216549126, 34.671834519796114, 16.383306585383075, 30.126156893405117, 11.15916227320359, 31.58452474901339, 13.069376389879471, 29.79500637676924, 12.906581396755065, 30.449625229392332, 11.36800625033364, 27.121626507630616, 14.629859878175706, 26.420000486915306, 12.393188529142103, 1.8485503841265416, 19.752902690694626, 23.40084989697616, 13.893662324578413, 12.433248692098717, 16.345163968866697, 19.53833193236264, 15.690106804034274, 18.83889469803702, 12.265981089552488, 38.96568222855167, 10.4327635162574, 27.22378082794461, 13.02912088235792, 13.026693259344434, 5.733079797068329, 10.416033728384946, 13.280427176266661, 9.112514402919459, 18.696025780494928], [0.6506615397885341, 0.0, 0.5768790863514208, 4.7556169756818685, 9.841800050469217, 0.1619732063844367, 4.439080656034211, 11.129328968492997, 16.822832714325862, 5.131116321399259, 17.239243221337397, 16.144615725392097, 17.629843076561265, 15.475548641007292, 13.750888058735892, 8.172295084368985, 14.331165484526675, 13.644552891948102, 10.029644674641577, 22.31647549610525, 5.423473241186156, 23.39345459725037, 8.257661016349932, 21.2082488472554, 7.443675758676971, 18.13557866391816, 7.223837965968261, 16.72123639399316, 8.389391117097492, 16.019860835956894, 6.928802708076291, 12.590458686298966, 6.574039416013605, 10.444342071822051, 8.513218922295184, 7.350611359594161, 6.607653660063559, 12.860377128255768, 13.652247890498948, 7.661687335278985, 2.1385944488003275, 23.19050884167143, 9.68324262216919, 10.092474848670099, 4.331010453222392, 6.357807924080424, 1.1072796034521177, 5.1146030704524446, 14.82210269229041, 9.253724276552399, 17.828464197166053], [0.6506615397885341, 0.0, 0.6360441517868517, 4.7311303381889855, 0.7173187747303944, 9.883496815409226, 6.744356825322397, 0.6709817192487649, 1.9893104774366743, 1.7802748414797507, 15.184699055451663, 5.257704332456216, 14.775508025651892, 15.549690284278173, 21.556692705629885, 16.528929452224308, 21.604211949855518, 19.697243342974907, 23.287595320518612, 1.2560962398906073, 6.785030439858558, 1.7609939671420332, 3.3076678728497058, 1.0547191662508466, 5.176197759189803, 0.5351805049454395, 1.5235073231515313, 2.017535958571584, 0.4049795795430338, 2.632137694420091, 0.35911877143298226, 4.171715500514626, 2.0671324439544074, 6.3214451986434845, 4.815172262727177, 22.875377405818696, 2.815410070785291, 12.848673956997775, 4.063233587965535, 8.725425068395912, 7.239392697839121, 4.235536026964159, 7.209560844564683, 12.798987317640872, 8.60364985046094, 20.114555246804272, 8.14809303265054, 4.406328135751496, 16.548896213969815, 12.473238128574524, 22.052118247423838], [0.6506615397885341, 0.0, 0.7234602249391338, 0.5355514659118146, 3.885641338106087, 1.1973471011523211, 5.54805849312009, 10.774909788733517, 4.633435054685104, 8.010881130841991, 23.107156987725936, 9.353879855783244, 13.435431627893479, 9.42098299699671, 21.38887810129962, 6.305455648133456, 3.7994556661547265, 11.143304133662907, 13.425769141949846, 6.431228053653819, 9.632400694402204, 6.885936850286964, 11.264818124004274, 5.189342323074811, 11.476894483160352, 4.666938052599299, 10.302183750660982, 2.6360249602679526, 12.211492046573996, 3.6601286729190723, 8.496547432248082, 2.985382647069819, 8.758730476366708, 2.4307835774263293, 10.95918102255288, 19.573288872086582, 14.033660494261575, 1.4435745532150925, 17.007992848085998, 4.114279357053407, 21.897594033603465, 0.9832959081555345, 16.248361954370285, 1.2153023426236833, 18.573884907414815, 8.998933649171185, 13.426771876731383, 5.891640580674498, 14.000889620734005, 5.262591360277184, 14.882616101328775], [0.6506615397885341, 0.0, 0.901389671319722, 4.658210754335192, 1.175738886536423, 27.48491070498351, 12.850105453243195, 20.278695618409373, 6.657065316954271, 21.510185713156016, 8.511651287136257, 21.34326090430019, 9.24173734773386, 20.448102446073626, 8.684241336424774, 10.525095688394073, 2.04937310443391, 6.487669752997063, 15.01860843956413, 6.743895678055583, 1.6497363775779663, 9.46741384276818, 6.175292404394161, 5.08676906159073, 6.383981416339691, 3.506100841279492, 7.038716415668476, 9.074472494954131, 6.5722125361106105, 7.919883752168394, 4.871772061096181, 4.221088296449891, 8.744977055237248, 2.212368344757556, 7.642764634049728, 18.459519298449596, 7.847833422155453, 1.5071689275184155, 12.954467575772462, 2.0345315521014187, 10.197298298835982, 4.140186841995476, 9.641577934263688, 19.441103783003644, 20.132746418239755, 1.280802539250903, 11.524832352290272, 7.017222041023998, 16.978986407519656, 12.086091839598897, 8.546631717861553], [0.6506615397885341, 0.0, 0.7862213514736409, 4.7293701586739445, 9.49173507213572, 0.5485086348432132, 6.9742783756398135, 0.7118492374821629, 1.4968285749072054, 1.4179960635034325, 5.453657132807894, 27.470638025776474, 6.433559794616917, 26.639710297496777, 14.640352558837122, 20.129519368025182, 9.324614308211148, 18.991818906562507, 17.1671927016059, 4.551232890307572, 5.1850708644612284, 2.720931665684107, 2.2330737953117348, 3.370197936950163, 0.7882276949347184, 0.6384266464181709, 2.58322462062507, 13.79036101161167, 10.462301695990295, 11.429415488671813, 10.302346993319285, 6.83341944870426, 10.518920798662675, 1.9924951974452347, 5.944372463957225, 20.91476211637922, 5.002154016250857, 4.76727539635115, 