{"initial_violation": ["destination", "optimal"], "initial_duration": 27.751184225082397, "subsequent_violation": [["destination", "optimal"], ["destination", "optimal"], ["destination", "optimal"], ["destination", "optimal"], ["destination", "optimal"], ["destination", "optimal"], ["destination", "optimal"], ["destination", "optimal"], ["destination", "optimal"]], "subsequent_comparison": [[0.0, 0.00015290288640461397, 0.026079989945708506, 0.17047739229411238, 0.1481979764493127, 0.38289798320031854, 0.36350933478925007, 0.2255620405726651, 1.064699233397647, 0.6993756824505591, 4.127468312817289, 0.9814261913312474, 4.162471761668826, 0.7857940071021973, 3.8172550510717804, 1.3746806575436261, 1.6888897449905274, 1.7822581887367277, 1.4949013607876325, 6.435566769651225, 1.016886915804484, 10.648437021058959, 21.8749276051582, 16.323916091936475, 21.77065598161711, 19.095106547023367, 24.03782520673816, 20.82805194868095, 19.574666047838488, 21.44547573153661, 1.1553449738026123, 20.877117872226922, 16.808062096125834, 21.316371434156256, 17.204918942268034, 20.08475659876377, 19.64193132987293, 20.14102854153097, 2.0152439867226355, 23.338879788901522], [0.0, 0.00015290288640461397, 0.539804831699467, 0.07572642288551253, 0.6720049508728049, 0.5569211770774226, 0.272705781312585, 9.591422910106365, 1.4510120559930302, 14.264785577597864, 22.038151664764897, 19.14261044241174, 21.391362238680983, 21.09044589581505, 20.713625987386514, 21.09461097493618, 10.96243949101635, 31.104938582277995, 3.6064231437621475, 9.469050211708232, 0.23405841924985304, 13.076754981741253, 2.9558800303405084, 15.341892346467437, 10.267480594327587, 18.119551406783746, 6.20771279809602, 22.02874490231938, 0.18397831509926366, 10.492898350330407, 4.1492280462898865, 14.233948923957618, 5.044662014003259, 16.010234920794964, 5.9324448438725215, 14.798117942525522, 5.46530429970651, 17.257129138509615, 15.04495908864553, 30.41988551738081], [0.0, 0.00015290288640461397, 0.8992753188187512, 0.7544237143824727, 0.7574334857424466, 6.98700880991395, 10.732388794866182, 9.030522130588777, 3.3061496962552304, 15.936855487408456, 21.801996779139287, 21.895108460507927, 21.101993044186166, 25.862231405266353, 21.01206027766156, 24.971628838923547, 12.697893221802024, 2.0645212108236346, 4.722044761197644, 3.7378096919026875, 0.9828681332753838, 8.510705456881578, 0.7089467362749895, 7.116144086141775, 0.6038039850450195, 5.28847971881783, 18.812671914939713, 17.52340087651474, 10.451566400514846, 16.675833738341073, 9.360194465323406, 19.028478333502992, 6.842351554896529, 20.24610975154426, 8.399340268941312, 17.955356078358996, 9.349517065682077, 20.706301734331106, 18.26152034762773, 14.241098546560133], [0.0, 0.00015290288640461397, 0.5742183002211468, 0.12805598277806648, 0.31239513078672715, 0.47278951885657655, 0.7583050503023436, 9.916543253819935, 0.9948228701262102, 11.935647680656208, 21.213551411626348, 19.263787034271942, 21.786107462898755, 22.100554948480685, 20.65672119042564, 19.75599368733036, 18.922533037689846, 23.744311154965523, 10.417716146400133, 4.827172040602413, 4.886056913826232, 11.436035961029893, 1.434124061556044, 12.01901834933913, 12.833012783461264, 12.895682688047945, 13.070198604960867, 13.906566230190268, 10.406779547305096, 12.66782398849425, 9.560124405277577, 14.134426967445616, 9.318243356433207, 11.348027204418388, 1.9397748098641796, 7.663543609276804, 0.12775999518387324, 12.677229753170641, 18.720004445962427, 18.70759193469629], [0.0, 0.00015290288640461397, 0.24277038211676477, 0.6704289712024261, 0.07903698291836743, 6.805841398580304, 0.38584132445748487, 1.0321550222121536, 0.3079446245772071, 0.3250839383653764, 2.2863946440830363, 0.7899148430098838, 1.8911161092348991, 1.3523883663435288, 1.250793812314852, 3.493437312151514, 1.6274689956067891, 1.7913530252057064, 1.1716946779458572, 2.2955906198309073, 3.810039181754203, 0.10549025445393657, 2.27052193261458, 1.7218024044616007, 4.396456042156457, 0.13268389563927993, 4.014146105730493, 18.89647264148252, 19.45220563731916, 22.374600491630712, 15.69031811641508, 23.212757589476574, 15.617495363132212, 24.205835362835494, 15.82870639251568, 21.971629502315285, 18.137024347861846, 22.290850224012846, 28.878333635498755, 25.99717215866567], [0.0, 0.00015290288640461397, 0.5910608796421719, 0.4137158278556037, 1.5615103679467817, 10.093492725705378, 12.229711626083311, 23.017172884129472, 9.902126784283151, 18.64637503525646, 17.10376732104071, 36.09102513902908, 14.96624635497281, 1.7387736044824824, 0.47945852417270485, 12.664976076337775, 5.276635749241422, 18.277556981611042, 15.77092192702085, 26.12867136346988, 6.851798073408393, 24.397012347262024, 6.725610685677135, 25.445561484814217, 6.553606967024713, 6.509211941794922, 4.804123054570076, 12.536218157236181, 8.770985401243072, 12.095404840322649, 8.305027141280428, 21.527255127632063, 3.3584130539573542, 22.855136158482473, 4.245110061793871, 21.50618853383121, 3.3128504766265663, 25.210897247281647, 26.499669503763855, 22.586296078744592], [0.0, 0.00015290288640461397, 0.2265920388441862, 0.20204822066003553, 0.19780160860634666, 0.49268761683140666, 0.8719152643502268, 10.002698876631795, 20.28616524684453, 15.281116220933296, 20.305135326424157, 21.250006857811375, 19.159588504816693, 25.26979052128148, 19.174589778691576, 24.48868745742366, 13.163239888847155, 0.855020815156773, 3.5218754006262745, 6.296625652813963, 3.497757162371087, 10.323397974612156, 15.908934745153987, 11.245932181510142, 13.406672052846078, 14.992512450246915, 8.931193063285615, 3.6497522448938846, 5.238176266339866, 7.451196659848794, 3.3434465020669135, 8.864203307323386, 0.4981740288998159, 13.529539056465136, 1.9260391521476519, 7.049288527575097, 9.711531462048987, 11.177751124477357, 11.222503679081823, 21.274812592573866], [0.00015290288640461397, 0.00015290288640461397, 0.3946057873721142, 0.24739037619926466, 0.04453564145203402, 0.7042632447605367, 0.41320503988475504, 10.21800534279553, 2.2361079630654896, 14.992150727278474, 20.988648984143442, 20.027238218371227, 22.47646402241413, 22.71203604186055, 23.265944843081005, 21.397522813208365, 19.52708123616452, 27.920533338971012, 7.005889412531424, 5.689045491647274, 1.0560855244357543, 8.304671956572752, 1.6270245369988863, 7.986139617132928, 5.325924839479415, 18.017678210374, 15.323446679946127, 21.51430535938732, 6.223824250886825, 25.495580901825296, 5.240337287586496, 5.506413175368839, 6.198390131107597, 8.732183418269601, 7.155485602065287, 7.886517870559219, 6.229624443337515, 15.56182067432398, 16.061153613159934, 30.870658069184277], [0.0, 0.00015290288640461397, 1.1302689054671666, 4.777557692354833, 15.35709855834367, 11.948224552466636, 16.663479346780814, 16.60851638387332, 8.30221919287107, 17.908410377850533, 16.34447660684844, 1.1661041462897008, 15.878664814315862, 0.3096580995346155, 16.07657722495228, 20.337709175868927, 17.240425306492057, 1.1008814336435901, 9.956946085658368, 4.491641164775754, 8.752018790526822, 7.738921039130698, 5.138682627047406, 6.8877089152873925, 17.8328899226977, 10.308319160257083, 14.793306308528763, 0.12498034311008545, 4.363640371072563, 5.550622370311206, 3.522693034501447, 5.812484208906329, 0.9110694306605178, 8.883992282511754, 2.1290195283528828, 6.016040914373922, 1.5248086591744707, 12.348522245795477, 18.872704699271118, 17.408289903616872]], "deft": [0.0, 0.00015290279402250173, 0.0, 0.0, 3.4191637354925578e-06, 0.0, 0.0, 0.0, 0.0, 0.0, 0.0, 0.0, 0.0, 0.0, 0.0, 0.0, 0.0, 0.0, 0.0, 0.0, 0.0, 0.0, 0.0, 0.0, 0.0, 0.0, 0.0, 0.0, 0.0, 0.0, 0.0, 0.0, 0.0, 0.0, 0.0, 0.0, 0.0, 0.0, 0.0, 0.0],