{"initial_violation": ["destination", "optimal"], "initial_duration": 25.17123317718506, "subsequent_violation": [["destination", "optimal"], ["destination", "optimal"], ["destination", "optimal"], ["destination", "optimal"], ["destination", "optimal"], ["destination", "optimal"], ["destination", "optimal"], ["destination", "optimal"], ["destination", "optimal"]], "subsequent_comparison": [[0.0, 0.0, 0.3867473601653514, 0.3700402983401953, 0.030624733062093394, 0.43600365682722586, 0.22604951400696924, 0.6214468144366796, 1.997864041410072, 0.3637610240807075, 2.91698284500814, 12.774896287592547, 12.40016160062723, 15.822422474601337, 28.733765694757263, 30.26613270261965, 9.086174683778912, 4.54286226703432, 4.5217580371533685, 18.972629500134612, 26.624425623742127, 1.1947828376262055, 4.468590416393791, 3.7999463182448108, 6.744754314927145, 18.122309681719525, 4.869002499284107, 2.9478307867354983, 23.861287005872995, 17.961093692343308, 24.02696636173556, 18.503441879139864, 23.218650493900217, 3.6238159584883576, 31.30835100565388, 4.707534112358395], [0.0, 7.166576264614305, 4.408024326289131, 15.51718850862788, 21.383470289579467, 17.470529776593633, 17.093925443756355, 10.068059896551949, 1.4582377792630317, 17.09649636734469, 1.9049852067212363, 5.97417665826826, 13.311348104748024, 22.144435593870355, 11.81739474409471, 11.785275484457818, 11.965492304529016, 15.368196110189006, 12.853575004280442, 10.203713852831271, 11.203030902983167, 9.037217404291422, 7.523921386148634, 7.175847302659892, 6.506835962864195, 13.96664079356288, 8.438323765572566, 11.773240695314449, 7.911451944376023, 9.682736372436658, 11.564502885977108, 11.909627197357702, 3.1510738326616843, 7.1884551148582165, 3.392501880394258, 6.413797948370026], [0.0, 0.0, 0.6905408758950412, 15.734108411619433, 11.360958505176026, 17.207447221566902, 16.015645690702993, 12.369851189273144, 20.514479553042534, 18.767337372430564, 0.4697541586687668, 7.534320829260804, 11.009942692253277, 3.538392891906206, 8.46064427881848, 2.0609871541535245, 10.186901042355876, 14.08824540410148, 3.3751280197516067, 11.656934189009059, 14.100827906591814, 9.174920012458822, 4.993809354614599, 7.651191556556197, 5.3543473254415925, 6.677137640069262, 7.325077355983479, 6.463773352460459, 4.388635299663506, 5.838519392200325, 7.275970933396048, 7.838710416368426, 6.484314663230705, 5.498396118104191, 10.055013353502224, 3.8093705911471663], [0.0, 0.0, 0.25433486766546753, 0.10651346058378597, 0.9051847626063485, 0.3023766286692163, 1.340833742913351, 0.24063105097458826, 0.5343126824631534, 0.2523281002441385, 2.1569926290432213, 13.354662648115154, 11.84793007160337, 32.338177263606504, 5.973902636886143, 7.903974740654937, 6.434089862745871, 10.573291474471732, 5.022405901118812, 19.58937802599142, 14.720664582759207, 21.544052735052514, 15.841657219468235, 24.090763902221767, 10.569013542169301, 25.025070815663664, 10.682117617218676, 25.085560644413377, 4.164413665383543, 4.027823992753787, 3.44784186961745, 7.935879180987871, 7.175675954817252, 7.596493829497873, 5.40207174766563, 11.851564237963181], [0.0, 0.0, 0.24008633036467175, 0.3762318261912394, 0.06688838289842823, 0.9148208343634444, 0.23437259083432557, 1.564861378269902, 1.1533439178451466, 0.5172215808070949, 2.6745726781167116, 12.492819672931594, 5.672866165338116, 4.369206223253809, 2.734229515906119, 8.748353757762843, 9.873636435679078, 23.79631689947316, 15.756139600183163, 5.995563044923953, 8.399780191591331, 1.8091088410031868, 24.17231769946301, 20.103595932090382, 19.054472164889713, 22.396200728662006, 19.566093379104892, 23.621904356900917, 13.191323228752276, 4.396545906178538, 3.1452106087411855, 1.1273258998538207, 7.769296681782296, 0.8648440340606334, 31.82463548479749, 1.68343225185585], [0.0, 0.0, 0.15596472768582065, 0.5271711103159675, 0.43949630655850325, 0.6360249245746848, 1.3759687586702698, 5.3102694805156, 1.5754463286813687, 2.6812047367716807, 1.4494555085278902, 10.266314715855632, 0.12087514088181749, 1.8549243950602707, 1.9528539264654314, 5.793259573384405, 0.9027387929914811, 15.584643998831075, 30.32275115362435, 15.142556977679284, 27.924062068252997, 13.056469715064255, 27.119453177338166, 17.251278817819948, 23.89352421307842, 21.73145974973031, 19.698564873529758, 7.399450100463637, 0.5964479993243648, 5.510887093002465, 1.5370783709995792, 2.1140821124840414, 3.581792055322324, 1.8913145334901396, 2.8778758038257677, 2.27569097871775], [0.0, 0.0, 0.1569817111917663, 0.4020081567824724, 0.6491898189626584, 0.14353317659000017, 0.21617115203754977, 1.3332733489463229, 0.7104712474204242, 1.3847608978400079, 0.689704100881142, 1.2196754887875392, 1.254916401957089, 0.6844940345155157, 2.0489752342983016, 0.8008302453755552, 10.13827734689183, 23.049721044912776, 11.638257652533902, 10.608349699741145, 9.067634848947835, 8.879177426756156, 10.084844735481058, 23.75979614502715, 9.590915685319166, 23.25221549869742, 10.373272068087639, 23.13449125233158, 5.106898464962586, 24.06856325861032, 4.639260969561703, 25.430595997317337, 2.3970876491063726, 5.883862295635146, 2.724577567994793, 6.500099905387506], [0.0, 0.0, 0.15169554515585956, 0.36124007841060246, 0.8220198525907154, 0.6578467038068744, 0.629799772783728, 5.734415218992712, 0.19514950202786244, 1.6618740296408923, 0.3076356216348071, 10.49659085371109, 0.04007035175289191, 2.108222836980387, 1.866916386446933, 6.328730403945449, 2.2055373651778876, 1.8004433832277393, 1.6901417119370263, 2.3978392651195852, 27.74492004431047, 5.374191468113809, 1.841763344993372, 5.54189400716197, 4.925078655131629, 2.1886499882984203, 26.995256166978617, 16.414945289970436, 23.011985795052933, 17.147836730593106, 22.502000549642982, 18.83949138324086, 18.851757485778784, 17.075971150976052, 19.70130248081249, 31.626078274890506], [0.0, 0.0, 9.981715210718617, 0.4759388112724206, 4.5704432214218444, 1.0820129736714927, 6.27874428773873, 5.785493679862079, 6.304526933992435, 22.44792392382533, 42.069101502481764, 22.6388129157524, 51.14862095432661, 13.26463224827242, 4.541959926410412, 10.441599446796857, 1.874852230823522, 18.356922812488744, 35.06450902075077, 15.971728346655484, 35.01038189589847, 9.023422844780967, 1.7015464853771491, 15.359875907080776, 34.16022337861138, 16.53976678920567, 32.40174111363293, 18.944686425628817, 25.851529393243247, 20.418659134043892, 23.07263656982416, 10.91250822170038, 1.1594057429504023, 12.08384584053, 1.6376463729777446, 9.055676176181862]], "deft": [0.00015290279402250173, 0.0, 0.0, 0.0, 0.0, 0.0, 0.0, 0.0, 0.0, 0.0, 0.0, 0.0, 0.0, 0.0, 0.0, 0.0, 0.0, 0.0, 0.0, 0.0, 0.0, 0.0, 0.0, 0.0, 0.0, 0.0, 0.0, 0.0, 0.0, 0.0, 0.0, 0.0, 0.0, 0.0, 0.0, 0.0],