{"initial_violation": ["destination", "optimal"], "initial_duration": 33.76984214782715, "subsequent_violation": [["collision", "destination", "optimal"], ["destination", "optimal"], ["destination", "optimal"], ["destination", "optimal"], ["destination", "optimal"], ["destination", "optimal"], ["collision", "destination", "optimal"], ["collision", "destination", "optimal"], ["collision", "destination", "optimal"]], "subsequent_comparison": [[0.0, 0.0, 1.0238093762930325, 4.991398631554872, 11.01367285555372, 10.395427742706266, 5.417361180688264, 16.692548924862077, 11.884833559486822, 18.510281367869034, 22.11926106070111, 3.592376562623296, 17.672919955208823, 23.113775552589484, 19.573302172000844, 4.498474299928312, 21.590170335604444, 15.164575202838904, 28.802095691153546, 34.06018338691718, 14.951070611227948, 9.900845376175315, 14.405642864903173, 8.09075750691708, 18.14930249531062, 5.1787208496700305, 19.122849888560513, 3.745409749438768, 18.324166137386406, 17.53617640711054, 20.672260350451232, 25.98382754919881, 8.683349331537048, 24.9744753666747, 27.470887135571004, 1.4916845364149567, 28.581725934701232, 52.51125670834528, 43.78137095469504, 1.251632010382395, 47.264209824526105, 1.1438189758125201, 45.700087681628965, 4.460276234279752, 51.37173344828059, 57.770642094730064, 3.997012237936943, 61.46356846297947, 4.927571419051583, 60.955689056447966, 6.194471390441665, 64.74058505651739, 2.1977756086022615, 68.60234507469073, 52.169431362887714, 8.880818104828512, 58.02503767326685, 63.910984096751164], [0.0, 0.0, 0.23533181290053265, 0.3592848742150842, 0.26381020700598756, 0.07665317659689162, 0.6882212494233703, 0.20909894703900858, 0.7890583919066523, 0.09285558325275214, 1.216795519357762, 0.2889165723975118, 0.5799913791709531, 1.5525623957575163, 6.212838722981388, 1.9104435226417091, 1.691765532693176, 2.593613413057095, 14.453865468776653, 30.27298988528423, 22.565932200084436, 36.5669862534109, 16.2270619049059, 3.812376115066595, 2.177792776473898, 15.629210095948366, 3.218289885367167, 12.805559332529684, 2.1952253131262918, 12.738784779796315, 0.7896234455398086, 8.909571485591037, 2.449142782233748, 16.469394024404384, 18.913203854226623, 19.199186187424125, 17.87842712352504, 87.82035142998565, 23.126430220943853, 22.98072495238709, 18.403389359156513, 23.48125462063114, 14.719988327718164, 24.1898711212483, 14.447421591733526, 23.100118961996, 20.561601050681702, 25.442994800388767, 14.824039110153949, 23.002987517535406, 12.715692936763535, 24.258604280969227, 12.872052265767392, 25.198974192878122, 13.789589813273343, 31.680802691952426, 18.741599184115064, 25.670220630114034], [0.0, 0.0, 0.8761163152986982, 0.604353443295886, 0.8806587764201579, 0.6788450298272055, 1.0110785629042292, 0.22186759122471358, 0.6362992029213135, 0.6624038323616089, 1.833969105177223, 0.42239272281248647, 1.5041194766712784, 1.4067789075051895, 5.609531428812867, 3.3592138940603284, 1.9174785951608915, 15.214883725970749, 19.451710547133597, 33.37208774420167, 3.994191186632936, 20.510404664729922, 4.6031455049286345, 22.062962403197787, 7.935356872497558, 23.643480654730737, 6.008158436001617, 21.694839529507913, 5.023016316373174, 20.079447278630564, 5.221119904247005, 9.754626268722163, 10.575296048556869, 20.927134685842255, 31.929641075050487, 3.103652630398612, 5.710425075062255, 88.71711377747201, 89.85551110148067, 95.57942043157823, 29.069846349371097, 32.2430031213187, 23.730067468934756, 32.567709785939414, 30.80838148799441, 37.26225829244661, 29.697297335003192, 34.25229337554853, 26.67019761569568, 35.50473840015619, 25.554043980917307, 32.204622091051, 20.951268429156624, 33.046686260750874, 19.046939929169884, 35.359705806167305, 21.683955025287233, 31.991568402183614], [0.0, 0.0, 6.747369031439896, 4.701887209245795, 15.859675105648757, 15.213678992890314, 27.505843077955564, 18.187929849125737, 11.654379974367474, 21.826631152516626, 20.22455744310351, 24.490085997291427, 19.901405031486476, 14.611056913215652, 6.376928932909814, 17.962908302311924, 4.095559921736905, 13.068406458251424, 29.3678448578214, 40.5742801414392, 2.495554568714216, 24.04898653095686, 4.090524154295474, 24.662626760533552, 24.04532536348441, 11.094136071128258, 16.880825861109418, 9.307108756229864, 11.057227631704025, 27.26823664056548, 23.667322723124702, 28.756277144601743, 28.321503264234455, 7.036603604934017, 5.220710270668127, 10.712914602819284, 4.339542414762787, 3.8628929013351874, 7.3266806429289835, 3.5288373739717342, 5.511959409410457, 11.120340684752959, 10.883375657957506, 28.266758378193583, 26.91031167775554, 42.77693920651986, 46.193637344143966, 59.64014174707189, 59.71936330947166, 75.81134328017114, 72.82773742430274, 91.53170568589302, 89.2159337719924, 108.70710743006022, 105.34316448345339, 128.2694791348246, 123.3164694008388, 139.601584531737], [0.0, 0.0, 1.3853497209071435, 5.043797161382667, 15.9074794724803, 15.41880747794452, 27.01875930496993, 18.112161955717873, 16.647303752403236, 21.891804263480054, 19.361139533437672, 24.382170365363518, 18.868190867733073, 13.624651895013699, 5.84856442732558, 15.92417656279943, 6.533195126352727, 30.642606088892215, 14.987284529107567, 15.844908286676743, 25.053131474263356, 4.074242440141503, 20.952369725458205, 4.2136202014747175, 20.32194257671371, 36.459759884424614, 8.911072030954353, 29.642671059744654, 9.692333693983358, 26.040801244879933, 13.230711152623018, 9.15025990115763, 6.482918811116491, 16.8087268249742, 8.114905923218911, 2.7462425689228867, 2.1584661900276614, 7.962224469717023, 13.3140112332538, 23.991429654321298, 18.377956790443648, 31.332756760352957, 29.55782472635146, 48.68391500865177, 46.94941461322905, 63.12230782143272, 66.63673877569454, 80.03673817819062, 80.01793402016189, 96.15812136086176, 93.09971685369891, 111.848656628725, 109.53694472566717, 128.99716264989064, 125.63808116805535, 148.53690853961467, 143.58883632408606, 159.8573524477823], [0.0, 0.0, 6.747369031439896, 6.957581215150132, 15.689579358059227, 26.25675534912207, 26.84561363831416, 21.324714447701815, 11.10608046397927, 27.568816500066795, 2.0249218358778953, 15.85897293703243, 6.547038474555951, 12.088492723192303, 10.29019326352736, 14.182207230872526, 16.809174584577438, 31.29139838016367, 13.301304657872386, 51.16496866194726, 28.169406345567914, 4.787014292781558, 3.296504873600213, 40.19851851299763, 6.070082765011613, 36.16502098338587, 12.09539395890437, 31.711414235590922, 27.120075333058008, 6.042484657814578, 28.164480224307358, 32.400171576878456, 31.522905969939945, 40.91467735453627, 6.334605172862688, 12.069451353837323, 15.051291094692155, 94.78921944721633, 99.70744123859832, 109.77056061760659, 111.45615726610899, 123.54541309732852, 121.25247667671485, 140.04036461085892, 138.10669132047045, 153.67087319183642, 157.5457906676917, 170.12608337466605, 169.9592243676064, 185.65223282721936, 182.52896552882098, 200.9029404880461, 198.70141604589503, 217.62872964427174, 214.3786213969928, 236.77433791814363, 231.9319094918042, 247.88780040328766], [0.0, 0.0, 6.747369031439896, 4.713608391558624, 15.784733272794325, 21.85706266676005, 26.951389930851146, 17.612615940206602, 11.34372685281319, 20.6122532547344, 20.68858500317357, 22.348985416610972, 5.173916962666531, 13.994332564410774, 6.508865261322235, 16.31528254137197, 4.6977356799657075, 10.210880559012717, 26.672990619747424, 17.053223161356655, 25.61244665600438, 3.791001022551414, 21.41120184067381, 4.539065402956329, 19.585137747276452, 3.8791094576029126, 2.2081922642544467, 31.33079809419003, 4.081111393152216, 26.968718649165965, 16.516828629067508, 16.619086546745546, 1.7070389290065358, 13.624181489249965, 9.65402792257548, 21.17608239438125, 8.028937836806534, 14.555667837459293, 16.891700288805765, 12.796796321884788, 13.440003402887609, 12.93698743647706, 11.25354154947413, 13.556083423621176, 14.8036609040838, 13.148820724710836, 21.185422513152304, 12.777181058541082, 15.202395709642223,