{"initial_violation": ["destination", "optimal"], "initial_duration": 27.530080795288086, "subsequent_violation": [["destination", "optimal"], ["destination", "optimal"], ["destination", "optimal"], ["destination", "optimal"], ["destination", "optimal"], ["destination", "optimal"], ["destination", "optimal"], ["destination", "optimal"], ["destination", "optimal"]], "subsequent_comparison": [[0.0, 0.0, 0.14488879473141925, 5.012012704642155, 10.370080224682079, 0.31713207792752246, 5.073458680798204, 10.875133360568913, 15.162805794719608, 2.67894946633927, 14.740831320882322, 3.2104990304301393, 16.245600134179035, 2.853260445966278, 20.11061275633469, 3.1929963615563257, 17.983569175622925, 3.387539417433815, 17.446589424345824, 4.909697828455096, 10.379768053171887, 13.02244163287757, 17.04282779933878, 15.516697744078481, 10.549747872674583, 17.141977080870802, 17.62873065718627, 4.032592304737402, 15.167889035016021, 4.326124566660946, 14.211339883346747, 2.9765065696046418, 13.565764446968629, 1.5608980569677113, 9.832992224776552, 0.5814317465006287, 10.944407883151337, 11.51594410203845, 12.59073071172817, 17.353243240585, 10.0017452385646, 17.19599040924082, 7.577429865500658, 6.8141668137381375], [0.0, 0.0, 1.1771022898372134, 15.97184493507495, 0.8199600231249282, 26.896999319139454, 12.697669674228516, 10.030903312546892, 5.848662246981919, 20.846843159125637, 7.7845404250898245, 20.33995092238662, 10.55883503570301, 20.66579533288874, 11.956393674288401, 23.08082957157501, 10.14571604129801, 18.817578373629168, 10.342675676016935, 17.30529196268188, 13.190113714018848, 18.597653666846114, 3.4477239062773597, 20.228174601703163, 1.7633862059841436, 20.046691576234565, 4.11367864969675, 17.15567457177225, 4.958187539647985, 15.828817317834249, 6.635922297737242, 14.138287059500147, 7.03208325485404, 2.8663978587244388, 10.132242864691621, 12.010087610347107, 6.1693818098876205, 11.472945386329423, 5.909319951682945, 15.058829336501553, 4.616389991263498, 17.42606694389142, 2.359902252369344, 1.1201549663847221], [0.0, 0.0, 0.9607487543128577, 4.915770003753003, 1.250794902765359, 10.732244702886485, 0.9149158387726267, 11.499326072685818, 6.5744690347039745, 20.56118209527146, 8.320534025292645, 18.833223115524845, 12.371166673098775, 18.153607453329524, 19.821585121454117, 10.78900922100587, 17.709855218337925, 7.433620537675276, 15.852973864043166, 8.482244290263266, 9.710877068143446, 20.575607077741793, 14.536778168495593, 5.527704573270953, 11.873539247384375, 4.265957220812278, 10.507754504153542, 4.5579501685819945, 3.2941675620859105, 18.874955239151653, 3.034095066190328, 14.711122205958134, 2.060007299788911, 8.556945046301154, 9.427155241376143, 7.435093502150849, 10.837683687444683, 13.67086706539533, 8.714147243626348, 5.173256628419004, 8.550244294835506, 5.759373137567059, 10.099567101924286, 3.7552765884991164], [0.0, 0.0, 0.5090964263099051, 0.12431846893212485, 0.2637883644890688, 0.2424016429225413, 1.0275165084304574, 0.3029938950996122, 3.655033597798349, 1.7644000454684934, 5.61105459642189, 3.4634199203089175, 7.576255827939376, 7.136800746627494, 19.988742503367472, 10.409621849984108, 17.01292148805294, 13.933141710574033, 11.84781501085636, 14.516338601882783, 0.7979158012916711, 11.247160681350582, 7.605152622281576, 6.066982459911693, 8.808525793089323, 10.15248068743011, 5.19597722561299, 14.124865865198078, 2.4105857811570686, 15.854596554156824, 4.246298099536183, 2.3490335972971805, 8.319140901294752, 6.383034879084894, 8.037481262228058, 9.01976131773013, 2.7570993152120775, 11.463124563776878, 1.577037930408411, 4.563042587340577, 6.601109790361488, 7.815507868235031, 10.460273063071527, 11.684415033584099], [0.0, 0.0, 0.33892584305883094, 0.39460489238439483, 3.9821587174429807, 0.6233062444117419, 27.316450091484473, 5.152155889453583, 17.023751948312817, 5.303730534659552, 20.858540182543166, 5.4460528659645, 21.353000275492136, 5.611774085247225, 21.83727972637194, 7.007428530647274, 20.404731616151608, 23.214934132501977, 14.31700155826485, 18.05721604066267, 10.910318218353682, 11.82522659079297, 12.388490456317555, 13.203661645251168, 2.4944956132922806, 7.458032759371246, 3.6649957427664916, 4.400438368604011, 4.599443682968577, 1.7808211516832437, 7.7815786362935935, 5.722597100954682, 11.138192285885431, 7.6784800679316785, 7.233679646248244, 11.124918988176306, 2.7650450193675264, 1.4668513881625884, 4.174867469107453, 3.8083202533784513, 7.807795710490517, 11.892095756200117, 3.149122640480049, 13.133560460536033], [0.0, 0.0, 0.7429083049840702, 0.1506229162677658, 16.812690926926937, 5.420606806797451, 27.778892826097618, 7.202482681068253, 12.150891772115076, 18.43278851454161, 22.59023113462034, 18.197803342224635, 23.32750330155244, 19.546389993558112, 24.06910369428543, 24.38558559633939, 2.500455241602512, 28.206643884273635, 10.618857807367108, 22.1787210462538, 6.3155506183798495, 11.856618800056868, 18.818264672999067, 17.117661646672968, 5.877590250434145, 16.592465467902464, 7.556955253440873, 15.408411344806561, 8.500854081275907, 9.814653241521956, 14.038951118970392, 12.073220761503922, 17.075926335558744, 13.370841868761618, 16.7961199382686, 15.33995032288947, 15.155903767851262, 30.659565557238313, 3.9469302287852313, 11.105742655500572, 22.567074539891923, 10.329122596472809, 20.50194692034298, 10.449639841483004], [0.0, 0.0, 0.3926275751643858, 0.33927457866691324, 16.455014279278004, 11.455960717290631, 26.959914299362115, 5.90599236998338, 16.64012595717699, 18.47815781015317, 20.510682103949076, 19.0000518780025, 21.65438866819721, 20.498358801539386, 20.53751499873539, 21.78525665275788, 1.1177868679941025, 20.05384419034785, 16.043037311184726, 7.814000878291298, 21.792106440319948, 14.755069533625036, 12.501257842916317, 13.356619876346597, 12.899736683673304, 9.226502968004368, 22.474646436225324, 13.953338331805456, 17.481363109286125, 18.461058595979374, 7.206395520190397, 11.291269321349208, 10.89300727023843, 6.722133257090603, 9.763692784212651, 10.677570849967717, 12.861428800526092, 12.005464742118997, 6.046222947831586, 9.588607995530916, 8.859541255634776, 5.568783858779926, 15.039344384042252, 13.83115474736977], [0.0, 0.0, 0.2563059371390666, 0.130335126639942, 10.545745119218791, 11.296219928295452, 27.055080723294076, 5.849565130578331, 17.53471315544394, 18.7223888146738, 20.722952928466206, 21.31159118497331, 20.26311389114271, 25.01636568595511, 0.5600083599457317, 21.235890882350358, 4.580871609789527, 20.949078271412528, 16.003429559602857, 6.778715824117052, 15.22786521023055, 15.070092633403634, 12.464963292430783, 20.165258376547435, 8.997446067646631, 11.87691800214714, 11.620631921682731, 11.327780031133926, 10.995431880102252, 10.853249117238484, 11.1280319205756, 7.940594989799923, 11.891850164588561, 8.126312659221359, 8.988323628980696, 3.9016888188148884, 14.103525160060157, 11.491411968046899, 17.60006891328957, 17.11762754819978, 14.951998485666383, 11.835528426063602, 9.642290114413486, 10.795187067605296], [0.0, 0.0, 0.7271072716464684, 4.98206302014666, 0.26730857607417907, 10.499499842219846, 0.2119638582665287, 11.633875186562985, 1.2505611248103765, 4.755502436156669, 0.7924575822071531, 23.95977156388848, 9.956227998186067, 24.629700494516253, 11.518979778921398, 28.297601435998445, 11.991329778425591, 24.81022392158172, 9.659917122429322, 16.858170023052214, 10.818677687975494, 10.765334407222866, 9.431397176517512, 5.318857813609128, 10.420990595304529, 2.467580776064703, 6.538119868569219, 4.490012147177047, 2.584494621317521, 5.232171169342646, 4.563560462597029, 4.225396056750883, 3.0555079962807734, 6.432322068759106, 1.9793737021700304, 3.1037008087038065, 3.0776758968893603, 2.005932016511285, 3.2551405483462625, 0.28914043608911627, 4.615607390075275, 1.104997045823987, 10.119708477668546, 8.136408012987209]],