{"initial_violation": ["destination", "optimal"], "initial_duration": 30.750321626663208, "subsequent_violation": [["destination", "optimal"], ["destination", "optimal"], ["destination", "optimal"], ["destination", "optimal"], ["destination", "optimal"], ["destination", "optimal"], ["destination", "optimal"], ["destination", "optimal"], ["destination", "optimal"]], "subsequent_comparison": [[0.0, 0.0, 0.1265297073045316, 0.2907077459171148, 0.11415016102654124, 4.796352514712033, 0.6439301212557103, 4.482550816262422, 1.289025953659131, 11.288850718211743, 0.1226929365605131, 10.639722700781565, 3.1439546476115647, 5.013110254150035, 1.347213723912124, 8.680277863193302, 26.186992097421307, 22.621514248183892, 26.929710013196182, 17.601273154254407, 29.82582145629265, 14.45002383420959, 37.12762932134899, 16.455747269629487, 4.644180060815796, 18.47463839272534, 8.493863459884968, 20.80173583129621, 12.78152919137771, 24.795871688114676, 40.18229651729654, 49.42132955927904, 20.684056150136332, 17.072060303795165, 56.29344417247346, 23.104662971540886, 57.144034369659956, 48.5352586603137, 56.18454125587062, 28.439968029896864, 63.09831770596613, 58.38644372022079, 29.700341803424287, 63.6423682426994, 63.17248067881547, 32.62045945213002, 67.08034941453613, 52.9099587496268], [4.5604665180875895e-05, 0.0, 12.63174628034464, 1.1630114021099698, 3.7066965552376256, 3.4649858284973116, 24.278514760972783, 13.918700900644302, 19.225705982826103, 18.798832047970876, 14.208240228229732, 20.339777741190176, 23.85332736818697, 21.320912603388642, 21.320253196701717, 20.307917969440137, 16.948152674831327, 20.359662474953947, 19.94521614410427, 15.9863693623441, 17.059270301902707, 19.111525686011603, 22.53899466425483, 17.0133442775307, 23.088980765620605, 17.701469381960145, 24.10071160092131, 17.760124752824993, 22.30038903968622, 15.999180602653205, 19.63388092003127, 0.21770844945244075, 9.777058398420667, 17.635146111274487, 11.898042028190801, 10.797759333734977, 10.711999742072756, 10.743308564090235, 2.9806231962810172, 6.279575269071692, 9.033568437374738, 15.924366594495087, 15.286088510688671, 14.474852648901786, 6.316604769626613, 5.524871934118524, 5.713126819694185, 4.911398883120544], [0.0, 0.0, 12.537311925803033, 1.0306245331626116, 4.227387274186942, 8.044513942579567, 19.79763954676515, 24.235655139264978, 16.2905962982313, 19.727014769537657, 14.3576129227868, 21.7455528103133, 23.76524984637013, 22.900974080591972, 18.934041802219237, 21.165784112406516, 15.460337702113023, 20.55485442438125, 13.63903778161941, 6.142848381458859, 8.373762104180779, 4.460485189979315, 9.635385738376174, 8.920010782782963, 10.528986959066664, 8.64066428629815, 12.147900702737472, 10.364101773125102, 13.891109647133835, 10.257499600636764, 13.67965581585669, 9.76668919424283, 10.111212960022234, 8.222459151924943, 10.756796089447514, 8.852162837106375, 9.270377922447318, 11.97626880424874, 14.412590727777213, 13.253520758013522, 15.27433200354204, 12.790021890182796, 15.276014733419457, 12.378100062301451, 17.781511501008055, 11.293715969565687, 19.017568752698512, 18.215866380564744], [0.0, 0.0, 12.634066565283332, 0.12282299612673012, 3.4225081188547786, 0.3139640788614519, 6.043449472686069, 7.374451699867737, 5.135851071965684, 0.26040457113546667, 16.45979398356596, 24.188628781843903, 29.644940342723697, 22.030507202345014, 27.465652376193226, 20.526013822031473, 26.366214212201115, 21.47800047866301, 24.384742234742703, 16.59745145836549, 7.518458307837319, 11.931404251369537, 10.661988442887784, 14.894387465357049, 10.161952609639979, 14.233227397723608, 10.98495510113928, 14.215838830306032, 8.968406215150702, 13.590582567394645, 5.7117290604278885, 26.132000217268104, 36.12670069229463, 33.34729344647081, 35.73918982359476, 33.85240875656052, 44.25604873267321, 38.54463736734405, 29.626324409318933, 31.17910245020602, 31.058640098656344, 32.26828225836261, 29.071742558344454, 31.933467129067015, 30.714878883738905, 31.9045985568583, 36.50616339908191, 35.7044720867542], [0.0, 0.0, 7.160893301594871, 11.934153419003163, 22.330604973927024, 15.621305411824354, 24.439632359128716, 19.18754824541975, 18.251616945343592, 30.952511715571386, 4.850135578133055, 11.321090615377111, 2.9931325116896956, 3.725027041879303, 2.6143928920010113, 1.426491157695265, 3.332738688979712, 1.2966950624259481, 27.531134575964803, 11.83445461272028, 24.54172481582199, 10.197215823572945, 29.612287765073596, 10.674412385881116, 30.74982609164438, 11.347900048446697, 33.991973958160045, 10.51112131358767, 31.996434312492813, 10.177727705125344, 29.23498578335954, 35.00734325228429, 17.76360201676705, 35.84514101506049, 19.647279093023865, 36.00581935028371, 19.032138057486062, 35.12137001805209, 27.90813032118513, 28.02092396288559, 28.04080660993666, 34.93163422425093, 38.201311044131224, 35.454625816609834, 38.80246763914695, 30.501777979424272, 35.71741694533197, 30.249825438293236], [0.0, 0.0, 0.09910273536795489, 8.0332511903146, 4.619911016625278, 3.6015471031125053, 24.161541470905185, 13.784283376563915, 18.774020907886946, 8.439884103338539, 19.675036441759357, 10.457998208542689, 10.06608581325818, 13.521427315356403, 10.78094769313958, 16.712196665580997, 12.013374105327081, 2.655700913120078, 6.990068118571178, 4.184856400409283, 8.398716620224251, 4.1878085452549385, 12.081551033662977, 5.0410596039714655, 22.78495780632923, 3.603065850411333, 25.737570979595482, 1.6435708633985329, 24.68648083034528, 1.8309596646517023, 22.082588501348262, 11.930311104362987, 21.925045881825778, 18.99849845083644, 21.602275057244153, 16.85835669067808, 27.26205460043935, 32.21794615934468, 18.002105597177785, 16.033849470326018, 27.237671497559887, 34.12850086472653, 44.27926067148221, 53.10999730984736, 64.88628007647785, 72.01781379550327, 83.92160109375747, 83.11995210486789], [0.0, 0.0, 8.086792371358312, 5.269526963937326, 22.329564026883023, 15.148272846863591, 24.280778028012975, 18.787562970019422, 17.862439483041864, 31.219894789879184, 6.307426282127291, 30.562008645132824, 2.809632007086903, 0.6862955211154739, 7.654335865925106, 2.5081356939988946, 12.125006981408339, 2.8370444653649116, 8.456241397750997, 1.0194276596843006, 10.57308663461924, 3.9190058511390107, 7.223669764651315, 3.371223705226375, 5.097307330606336, 3.0558371574211605, 32.6613755228745, 18.299322685822172, 34.3552398295169, 18.722587005238573, 30.4290173569743, 1.0049037485036005, 34.106108725725846, 1.2370526970025366, 37.24557383586999, 1.399936776916549, 38.90831446028962, 43.86417846652065, 35.0542266633926, 33.55063010690455, 35.573243929379004, 31.820616281281282, 35.01443525764264, 31.871200772666683, 36.54848483671913, 32.21586123550509, 44.11982271754558, 43.31813914815], [0.0, 0.0, 12.725616984243018, 1.1310996260258117, 3.819877854029575, 7.690991191631137, 5.871791303702031, 3.391348395144022, 5.62523422729323, 0.9812830432165147, 3.4996845398392984, 2.7850407646909536, 3.1968694871086702, 4.635685697364083, 6.819252130305761, 17.103967705508275, 23.14002517979388, 17.365882694491816, 18.675516184936026, 17.84941436262715, 17.59045806290106, 18.420045635481934, 20.800522643512124, 17.75017645051131, 25.161045347366862, 14.439900399539672, 26.048976953289262, 14.3279518196015, 26.60909716805188, 14.87953751049372, 26.315231443482418, 22.006312398734764, 25.13910486542076, 22.89912603429402, 29.168020102306077, 23.920494648932728, 27.83013892294262, 32.786023917711894, 25.55519208125055, 27.536542443323157, 22.565094863260136, 18.671055712963476, 23.6552358120001, 19.8987143066718, 23.010462422487016, 19.904141713369626, 31.80814827443168, 31.006451043098064], [0.0, 0.0, 7.820950998750279, 1.125725125194174, 22.449727492157187, 19.61807665690133, 24.33770238472723, 24.661755148960967, 19.389644808592813, 20.412072060157797, 13.469319279617002, 28.71772882682747, 13.163670309951026, 0.1432679475217015, 0.9997519255265142, 0.4453160936683014, 1.2659160590962508, 2.375970963480641, 