{"initial_violation": ["destination", "optimal"], "initial_duration": 26.948785066604614, "subsequent_violation": [["destination", "optimal"], ["destination", "optimal"], ["destination", "optimal"], ["destination", "optimal"], ["destination", "optimal"], ["destination", "optimal"], ["destination", "optimal"], ["destination", "optimal"], ["destination", "optimal"]], "subsequent_comparison": [[0.0, 0.0, 0.23462516943419792, 0.09448103128434804, 1.1502999809558796, 10.611740549728168, 17.681005451460905, 23.04432879968248, 19.83528456697959, 16.290022658606635, 22.579700165289722, 20.861395935133004, 25.953562696192552, 18.034698197641525, 11.909880520695426, 15.848729429655794, 7.532538863402217, 10.370979288123076, 12.655826856195258, 10.419826766518362, 6.659265217200788, 6.0366029900712, 9.580667282181995, 5.999559405648724, 10.739895026886199, 6.3495311404966595, 16.98480344948532, 4.023920619359372, 27.108237650042206, 5.595859696525153, 37.98596930261061, 26.592387880239148, 5.653978370710608, 16.909259748200416, 13.452883549951913, 9.897079475623858, 19.024102126335915, 1.5082943985795738, 28.92788217071708, 10.288711936188257, 41.48988995259483, 36.16271912900719, 53.627674968388405, 30.566011641543184], [0.0, 0.0, 0.8860153461667609, 4.7073963468338595, 1.1059628456389214, 0.406357425312223, 0.6759631686245788, 0.6842965177164889, 0.3715168839477869, 0.1898264741131684, 2.7453722221159613, 0.4639532440298297, 2.2952970165802977, 1.0165930410840744, 13.829012362600313, 37.61632314118149, 12.759997720559944, 32.29993792870575, 31.595390519151156, 21.86241394839177, 29.50004844519093, 16.610293674546558, 28.569305893033206, 18.387151944350244, 29.979178842206654, 17.21972290586096, 31.69787670493385, 17.91933648675133, 27.42561881277154, 18.70736337200416, 27.03369065608169, 18.46026954341146, 27.417164950722853, 19.35996241762916, 24.278236467307835, 18.833834616294926, 22.016689842297794, 18.563986508658946, 23.751532766113147, 18.486129281839393, 25.152073391222384, 9.222478547763929, 32.738259445637325, 21.698982527851136], [0.0, 0.0, 0.357977612150616, 0.2342834022187405, 0.11732820964980696, 10.152674145819635, 9.80512132918967, 11.165678584501595, 1.4631084326314223, 11.43233162703481, 1.3498643142370967, 15.445114677370764, 1.849962107706929, 15.06997259654934, 10.102067737003805, 14.949806366631385, 4.289495595337233, 6.7772497353107175, 6.185500135610233, 9.827714078775589, 1.0331842070602961, 7.27142221679901, 1.2693676617772012, 8.634135384890275, 0.4116501921838862, 9.073873925096537, 1.7045416110462508, 8.669528470052388, 2.2250871708062134, 11.877987129131615, 4.69260881502907, 10.524641860383534, 21.607157992726883, 19.103202490824525, 17.217873846824546, 18.843504412253672, 15.836470857900348, 18.952996859098945, 13.946404177152921, 18.360526474814456, 21.269651383097024, 8.881179155231843, 20.393479845154648, 6.4732033237123074], [0.0, 0.0, 0.9581210897083527, 4.633143132886101, 1.2537101536325401, 0.408806132724606, 0.3176977076838757, 10.86890790974346, 0.16998644137622967, 11.315343501650593, 1.6302740050573092, 15.486876759990555, 2.2786034754781923, 16.243752057525505, 12.106078539582356, 14.40710234406362, 3.8174912655082704, 12.077772429628757, 7.784032528592808, 14.770781868732277, 2.884269564109258, 8.668830688979677, 4.968089682189921, 7.2130399598295805, 4.251349335152692, 15.445471996844908, 22.816709653271428, 16.66898733475107, 20.531368141694543, 19.267855484823357, 22.311598332259184, 0.9261895038294364, 32.88963544108044, 10.684954409307752, 40.840296523137894, 21.68060216608668, 50.14099758949776, 31.593102241268166, 59.224564465642466, 41.54574098719007, 70.09906926244507, 63.28851282418316, 80.66246632164899, 60.9664073762734], [0.0, 0.0, 0.10884052665180609, 4.789287599166933, 0.6326950513584008, 10.213163234112459, 18.144883686609255, 23.200099753770495, 10.377466216495643, 18.074408945362773, 19.794728485129372, 36.51129661157077, 7.602799827860827, 36.550974308255434, 17.62481674768125, 11.579895237330886, 12.98308019105425, 5.905219841197816, 13.723230046489437, 9.23920903294205, 7.418584811137906, 6.425549576580325, 9.884594373546214, 7.795681376298916, 22.67957613517681, 15.702680837887277, 19.0199895350476, 17.3126600373922, 15.355275864811652, 19.504836255625122, 13.091997365487455, 6.94955649746122, 10.580690896789582, 10.385526029832773, 5.908698627914315, 12.35392736095195, 5.276204446202627, 13.592113470323437, 15.927579085327089, 12.255157314175847, 8.548681319536843, 12.547516687463387, 24.82564602602552, 15.251952789663541], [0.0, 0.0, 0.37124924475531845, 0.026009017207764527, 16.01199416403792, 21.84967956893633, 17.640004990233248, 28.04954897500634, 10.373485434761914, 34.426171006172595, 18.98855613120027, 0.5004382928194409, 0.19356025374988345, 12.752914106279045, 0.07110485204854179, 12.783054057491846, 0.1794668782221953, 12.815670871902823, 0.8737620895962855, 19.31342615011619, 16.88410378959574, 26.09755288692062, 16.901676439805854, 27.773363993506983, 15.274201302754038, 29.70382652046795, 14.552613549765622, 31.187086493808863, 0.3797011654626157, 10.977734404206196, 0.11218705452956712, 10.533927629921275, 0.8341963324347864, 12.383054368579051, 2.6365813805033254, 12.00649958554732, 29.017409363463493, 11.204490855041003, 1.602607433265228, 9.375326383470279, 3.7982820254317464, 9.829747245843997, 22.29421411683195, 4.684480759710641], [0.0, 0.0, 0.11392303894007678, 0.17051611975268205, 0.8431589523364935, 11.648063129285063, 17.57955339716131, 23.893239317687758, 10.17615008028024, 18.413737181840233, 20.187193789096234, 36.40602425313338, 9.60526365505498, 37.11667506767948, 16.436935475088266, 38.71201466043211, 11.607101897486716, 13.119883062978468, 12.27135019824433, 16.49113846234757, 3.9715346872147155, 11.83007056581984, 5.286778130708031, 13.799721361358815, 5.912834856994882, 15.485342382196373, 7.295972107794966, 13.76836082837898, 14.6733185509223, 17.59318557538564, 12.119319770037096, 17.936075592357316, 11.647787450701994, 10.770252717506075, 10.471543142412454, 12.246468490242641, 9.898773065616666, 12.244176016116795, 11.440765882615334, 34.592479454066606, 15.562500139023772, 11.034931396865337, 22.789374779872748, 3.7471040298397487], [0.0, 0.0, 0.6242158419972981, 4.824811364982967, 11.887511500826246, 22.096310796081955, 17.70869296515192, 28.184508128293174, 10.679589771258472, 32.17670072108886, 20.933955903343175, 2.0568401076151797, 3.481478197770659, 2.1204653588049904, 12.90762552560827, 9.144415953709682, 2.361807323420759, 2.75920481916319, 5.445435153622692, 5.290469716569217, 0.9921130865872314, 16.600283537288245, 27.412680711432092, 19.206519019157263, 28.608778523969278, 19.744963047760912, 25.514275487541, 23.548392342117797, 22.792891942898546, 25.846564901354093, 6.722310105667146, 0.11880556077757164, 5.580791893709658, 1.8157470124009507, 4.659276468163211, 2.9383683409727213, 2.4752981734203905, 4.003266762207625, 2.9302383149538085, 5.568088566762151, 3.6456841182261273, 14.736583730017456, 2.77408973731089, 27.91600957123508], [0.0, 0.0, 0.7906320928985326, 4.680981294253481, 0.9515706035524222, 0.3009443055530936, 0.50334192722246, 10.673070701789221, 0.8447913200444727, 10.918315347655346, 1.5726531308747993, 15.088571549873972, 3.475523033983384, 14.591797845182207, 13.623282580528876, 14.12887596252037, 6.77610532600535, 13.003631947460711, 8.183454752631516, 12.329975455184849, 3.846669512971886, 8.683020447579391, 6.491218081578269, 8.780031463451348, 5.091874112708677, 11.44491698124302, 10.634217556287394, 6.9373836920143885, 24.1926129405767, 2.6444619759407564, 35.083868076624476, 25.19584626370431, 7.076984390881586, 15.528310072227262, 14.867999303682774, 5.5706252626115385, 23.286804386101068, 4.622006133763277, 8.078996412548547, 11.736560972737852, 22.105228703831735, 19.926627428454847, 34.99206092872714, 9.100888246542157]],