{"initial_violation": ["destination", "optimal"], "initial_duration": 21.82003140449524, "subsequent_violation": [["destination", "optimal"], ["destination", "optimal"], ["destination", "optimal"], ["destination", "optimal"], ["destination", "optimal"], ["destination", "optimal"], ["destination", "optimal"], ["destination", "optimal"], ["destination", "optimal"]], "subsequent_comparison": [[0.0, 0.0, 0.6579525646883992, 4.84536528934232, 1.8693459908409296, 6.730470476420739, 0.45033104373987043, 0.2678761917136238, 1.371764784298487, 1.2307323741524459, 0.32200366475615716, 2.4473365014206023, 1.578257879736489, 1.9086483389820919, 3.375450397665518, 3.09220568428296, 4.535827207316934, 6.752073743649774, 2.6425231239137372, 3.905054613275588, 5.996049974086161, 7.997290314807264, 5.638883827459455, 9.427229381942462, 11.304707020075824, 15.099149090693864, 10.647741389595028, 11.197359056944046, 5.9324597700144714], [0.0, 0.0, 0.012370680214092928, 4.9226210776142025, 0.6540979105072782, 0.6840144585376263, 10.185794468487845, 9.905834640123093, 3.238750436423603, 9.843457717996328, 3.678850938150997, 13.546810693995846, 6.048784556176578, 13.610022412963108, 5.368858517709014, 14.068028875241769, 4.720993473623152, 17.522987353458614, 3.1202385834534225, 17.612779339439985, 3.1657461712693484, 14.621958448857697, 2.458036199996192, 14.590601230857297, 22.81834388271092, 13.354972525239404, 4.812529246984423, 1.349741214986548, 11.887717686266182], [0.0, 0.0, 0.4468624026328679, 4.850407380832031, 1.5806008599775212, 6.804682600518928, 0.401569804460203, 10.262242401688308, 0.6233107630559345, 11.205319307698092, 0.16922953069424077, 15.20271189469529, 0.24904552330221344, 14.647499388152257, 0.7968284234722445, 15.897244234952415, 0.7398993853014072, 16.34494087760667, 0.27657596417009206, 16.528963374141973, 0.4549522753899045, 16.826118421246836, 17.854804405018196, 8.157462303543594, 6.953941041449261, 0.3702907897503179, 18.340031134965113, 12.210406153942461, 25.224472841938525], [0.0, 0.0, 0.7087383888611294, 5.029422071856026, 10.45536905745834, 10.026796541268347, 18.170787791378523, 17.551976187248666, 19.395328601374562, 20.576058983210665, 22.208242663500794, 25.480732427085588, 17.846148845055573, 15.398268949091303, 6.364684916408147, 13.417178371033676, 10.750051301907954, 10.439994788507061, 15.324293037879407, 4.507717939664383, 24.66165947550072, 16.788616867462267, 22.907828107970122, 20.042819353339674, 18.273949991538398, 22.136146603225754, 14.63226251679858, 8.499261127247799, 10.080565738348772], [0.0, 0.0, 7.158539812094522, 2.414849028574176, 16.52690121096018, 15.584477523562931, 7.756797937804761, 5.256704341572457, 2.0557831757594296, 1.5190513635899678, 0.786641167990864, 1.424000228260518, 4.297417800350788, 3.192870836591895, 22.63744697797882, 10.378302682735935, 24.12671708770218, 14.706719786646937, 18.066599987519137, 11.651605557645711, 7.951042668661394, 14.096106137233265, 8.10047147732799, 11.537393785605213, 7.0164561158106205, 14.203675751793595, 4.540658898310851, 1.6179102579733626, 11.62017381553197], [0.0, 0.0, 0.6209063003939935, 5.090203175063305, 10.66692999657898, 21.98815659321611, 17.741844372170803, 18.25693066369504, 18.706787251237255, 21.596180521691785, 21.393074589045263, 24.241089620066294, 18.068030180387822, 15.612691547998715, 4.137007918559044, 13.749133568474184, 8.06136514753597, 13.124287402540313, 13.218330851767712, 6.541069512045139, 27.020575262217974, 16.234417634722316, 24.697010976933313, 19.70826485419128, 19.98913277164059, 22.137249807994678, 4.6262049561730665, 10.4055747601983, 2.8742705233964605], [0.0, 0.0, 0.04499242015463176, 5.03684443924149, 0.3013547346335911, 0.04070416241095014, 27.95701294108294, 7.25318101100762, 20.252236033686724, 7.042252626707889, 23.352960626971974, 7.472871410715075, 22.019018515810107, 9.186023140912647, 20.52968330006157, 12.43698950789578, 22.42157737240552, 16.356964037028217, 18.63151732378691, 11.992862389035878, 13.250196272589491, 12.841509639025833, 10.154574463835415, 12.595100954388087, 2.5550787568121653, 4.3655682423743025, 3.3308804297042522, 4.696761422951061, 17.840550276641835], [0.0, 0.0, 0.42179387700738274, 0.10994612596556504, 10.039670296411133, 10.199863378437604, 17.956663893807637, 7.889148853012369, 18.77097979208313, 8.335996898159785, 21.597787724835925, 10.40964363032547, 19.10819139751946, 13.195672089405054, 13.332973102777236, 14.198162653868147, 13.13547467985779, 15.450746065724308, 7.340571485774163, 11.913108400353238, 1.6946861739310897, 3.370171395381283, 0.9811204981974313, 4.757083844213834, 2.6950673372625125, 2.5366355246541175, 3.1874319337423307, 1.9858622080094002, 15.152046025077864], [0.0, 0.0, 0.05233957795995983, 5.079465434407699, 0.0852953793443334, 10.540094992021276, 17.54482807688427, 12.633930507807527, 9.981416114919833, 6.131561248020633, 20.542000821072076, 8.749218355213216, 18.656193856937836, 10.166862581317389, 17.88845340650955, 12.065129350629325, 20.343377620408265, 13.185018050412527, 16.08232983923615, 9.57689244804605, 11.177491426095093, 9.238296850228561, 10.571291985316806, 6.765672868186909, 7.094894491859826, 3.361064409062864, 5.334903917669562, 0.8712365318510459, 12.384355567504464]], "deft": [0.0, 0.0, 0.0, 0.0, 0.0, 0.0, 0.0, 0.0, 0.01814705623930409, 2.1121178234238264e-05, 0.0, 0.0, 0.0, 0.0, 0.0, 0.0, 0.0, 0.0, 0.0, 0.0, 0.0, 0.0, 0.0, 0.0, 0.0, 0.0, 0.0, 0.0, 0.0], "subsequent_deft": [[0.0, 0.0, 0.0, 0.0, 0.0, 0.0, 0.0, 0.0, 0.01814705623930409, 2.1121178234238264e-05, 0.0, 0.0, 0.0, 0.0, 0.0, 0.0, 0.0, 0.0, 0.0, 0.0, 0.0, 0.0, 0.0, 0.0, 0.0, 0.0, 0.0, 0.0, 0.0], [0.0, 0.0, 0.0, 0.0, 0.0, 0.0, 0.0, 0.0, 0.01814705623930409, 2.1121178234238264e-05, 0.0, 0.0, 0.0, 0.0, 0.0, 0.0, 0.0, 0.0, 0.0, 0.0, 0.0, 0.0, 0.0, 0.0, 0.0, 0.0, 0.0, 0.0, 0.0], [0.0, 0.0, 0.0, 0.0, 0.0, 0.0, 0.0, 0.0, 0.01814705623930409, 2.1121178234238264e-05, 0.0, 0.0, 0.0, 0.0, 0.0, 0.0, 0.0, 0.0, 0.0, 0.0, 0.0, 0.0, 0.0, 0.0, 0.0, 0.0, 0.0, 0.0, 0.0], [0.0, 0.0, 0.0, 0.0, 0.0, 0.0, 0.0, 0.0, 0.01814705623930409, 2.1121178234238264e-05, 0.0, 0.0, 0.0, 0.0, 0.0, 0.0, 0.0, 0.0, 0.0, 0.0, 0.0, 0.0, 0.0, 0.0, 0.0, 0.0, 0.0, 0.0, 0.0], [0.0, 0.0, 0.0, 0.0, 0.0, 0.0, 0.0, 0.0, 0.01814705623930409, 2.1121178234238264e-05, 0.0, 0.0, 0.0, 0.0, 0.0, 0.0, 0.0, 0.0, 0.0, 0.0, 0.0, 0.0, 0.0, 0.0, 0.0, 0.0, 0.0, 0.0, 0.0], [0.0, 0.0, 0.0, 0.0, 0.0, 0.0, 0.0, 0.0, 0.01814705623930409, 2.1121178234238264e-05, 0.0, 0.0, 0.0, 0.0, 0.0, 0.0, 0.0, 0.0, 0.0, 0.0, 0.0, 0.0, 0.0, 0.0, 0.0, 0.0, 0.0, 0.0, 0.0], [0.0, 0.0, 0.0, 0.0, 0.0, 0.0, 0.0, 0.0, 0.01814705623930409, 2.1121178234238264e-05, 0.0, 0.0, 0.0, 0.0, 0.0, 0.0, 0.0, 0.0, 0.0, 0.0, 0.0, 0.0, 0.0, 0.0, 0.0, 0.0, 0.0, 0.0, 0.0], [0.0, 0.0, 0.0, 0.0, 0.0, 0.0, 0.0, 0.0, 0.01814705623930409, 2.1121178234238264e-05, 0.0, 0.0, 0.0, 0.0, 0.0, 0.0, 0.0, 0.0, 0.0, 0.0, 0.0, 0.0, 0.0, 0.0, 0.0, 0.0, 0.0, 0.0, 0.0], [0.0, 0.0, 0.0, 0.0, 0.0, 0.0, 0.0, 0.0, 0.01814705623930409, 2.1121178234238264e-05, 0.0, 0.0, 0.0, 0.0, 0.0, 0.0, 0.0, 0.0, 0.0, 0.0, 0.0, 0.0, 0.0, 0.0, 0.0, 0.0, 0.0, 0.0, 0.0]], "subsequent_deft_violations": [false, false, false, false, false, false, false, false, false], "durations": [21.65991449356079, 21.811335563659668, 21.670039415359497, 21.87136220932007, 21.670027256011963, 21.840805053710938, 21.838579893112183, 21.78953790664673, 21.821267127990723]}