{"initial_violation": ["destination", "optimal"], "initial_duration": 27.189664363861084, "subsequent_violation": [["destination", "optimal"], ["destination", "optimal"], ["destination", "optimal"], ["destination", "optimal"], ["destination", "optimal"], ["destination", "optimal"], ["destination", "optimal"], ["destination", "optimal"], ["destination", "optimal"]], "subsequent_comparison": [[0.0, 0.0, 0.24667372716189565, 5.046053961836843, 10.938696748903391, 10.118998682444571, 4.74319921618129, 10.117392431167929, 14.69919508516023, 24.214117101676663, 22.72648889751377, 23.12551601854854, 25.366901011576243, 25.36246569733898, 32.344947968866656, 13.778119018479623, 5.0867369879168995, 6.587453847018713, 7.345001201793268, 0.7806939800403486, 20.58480724065834, 19.60021769117663, 19.64919424569015, 15.20247366750339, 22.30832492494795, 3.1963782356008887, 5.23878993089595, 1.3621340293363409, 6.5268312998381735, 2.4299307881859473, 15.793429252972363, 11.696997486302296, 15.380886595830448, 9.252778881283367, 2.0562446388352256, 2.9277238087492674, 4.529074236715088, 8.635182920019844, 11.494222802866314, 6.251815624599681, 1.8426651802128593, 2.3979464375565667, 2.558060962954329], [0.0, 0.0, 0.03194662454170977, 0.16107206024150236, 0.1088756884994895, 0.22019197708196894, 0.26387270053886597, 0.16245097282600135, 0.09864206385618442, 0.9512023373121924, 1.6025773546443767, 1.7668707912550272, 1.5075388180305025, 1.6755287455643064, 1.5089829323909085, 3.9105105279562897, 5.929821363139483, 2.1597223871493103, 5.9293085213094265, 2.949631202323319, 5.874085391817121, 0.12203695811561957, 6.231536437431177, 0.926310910967507, 6.164513585881741, 0.10672773354302861, 4.438136601555049, 0.07166826117145456, 5.677434035762103, 2.418102235283438, 2.721178017599268, 1.7604742369085409, 3.3100673639436757, 1.8329538650425337, 3.567331799539584, 4.321585647614216, 4.176863296341492, 1.311124595549035, 3.934907430346601, 1.3126936376349734, 2.4668457782673223, 1.5441376436394916, 2.627571378313531], [0.0, 0.0, 0.06348988713847066, 4.953706208081422, 0.126820808247641, 0.657237252824255, 0.36789763131349673, 0.41525980644531324, 0.3092714869829805, 0.4620485201231777, 0.6449174581114588, 0.5705307479106771, 0.24594221237820954, 2.3058629024023354, 2.5821625426541357, 1.4961554234583432, 2.2520539293316144, 1.6970877853883113, 0.38187608177675675, 4.3387672162405355, 0.5189008246936834, 1.7652859893303539, 2.413687714738789, 17.551860460655924, 25.128615644876916, 21.442403751676398, 20.87327784162971, 18.559846949729234, 18.470992431683026, 19.821170046687527, 16.419014983220897, 15.546956873295365, 15.412141841844102, 13.294888254422812, 14.019226413953415, 12.520168834942224, 15.695008227070803, 11.100708734397571, 13.619480761888088, 8.78903567664181, 11.963032547563396, 6.988422012405449, 2.9250623925209194], [0.0, 0.0, 0.34733812085070986, 0.11269405941663399, 0.5852696205127924, 0.04583622937792746, 0.6067121542525687, 0.3830125433999648, 0.6581600816559314, 1.0082300582423724, 2.5385162977525395, 1.8773812826439296, 2.8362022120194728, 1.9118261359641617, 3.0237718876696675, 1.8101514798240494, 2.1828735743140504, 1.0279029350847513, 4.199950243633357, 6.318701251269692, 3.7670456908849514, 0.5494605339444144, 3.027477691111247, 1.0329794274524322, 5.5341233351167824, 0.7390964048173417, 3.8982029745458155, 2.454725821334373, 2.691360936067301, 2.452228725851448, 2.6143525730422104, 5.105883031660894, 12.568170526327728, 13.988325646941655, 11.435541734180427, 12.186042522034839, 14.117386002708141, 8.94581065894202, 12.196710164054167, 8.122193587424157, 10.996529520141072, 5.730822365430418, 4.505357647401274], [0.0, 0.0, 1.085407473696485, 4.974103546737084, 6.434142190448658, 0.1393258418358657, 1.4675008227329212, 0.6692050628924391, 28.05112548974759, 17.223822080794562, 2.331891216518656, 3.3262018658658525, 1.5004812072185378, 2.735676495316228, 1.4094305944244012, 2.659225385037123, 0.6935618587528513, 8.015036011234878, 30.295200006711433, 14.360215422591857, 30.88149435786226, 16.75573653123497, 27.366049008777615, 13.744072555932108, 27.760436589492578, 15.034243708131337, 3.595917900905432, 0.2533974813464526, 5.597057313311872, 2.922443216466049, 4.882513282400998, 4.321888408700878, 5.1043957687315995, 3.2737590099101697, 12.515262360706842, 8.190565691547155, 13.0532605939793, 4.9335477523702895, 13.611559861979693, 2.3429422675038487, 5.79121869840976, 3.116898096969275, 12.708599467691878], [0.0, 0.0, 0.7812677340232731, 4.969562760953756, 0.72634984843161, 0.31971731387257624, 0.3202892777743421, 1.2128309673113926, 1.2564793750359546, 1.776122465656916, 1.0344894374267395, 1.9329229123413085, 2.1216500772476343, 2.7770741006661757, 3.2441028085792567, 0.9153459612929699, 0.1422495033589145, 1.5294229514800934, 0.8415434884878156, 5.422497658922306, 3.366978604967891, 2.7383609377685096, 1.861773958671718, 4.1284012979159606, 2.1253014019558845, 1.737931314917243, 2.262551957472063, 2.507042252144694, 2.1313318573909465, 2.4943390159623915, 2.073736953604332, 2.205630721710413, 3.2778837516152017, 2.3553762471174116, 2.2779566598974377, 13.413394795370538, 12.642668803931569, 11.10521994919195, 11.046557761590982, 8.324044079791769, 10.800277801695303, 6.281228041003491, 15.53795230947035], [0.0, 0.0, 0.07585157075552114, 5.052118364019471, 9.929421891624571, 0.15375846072076885, 10.22585540786953, 9.998283780704243, 15.051374203955966, 24.25997530232048, 21.042062620775045, 22.700107627931477, 23.542454892365697, 23.372938191404693, 29.1751775613883, 24.72960920059113, 28.15158269965969, 15.267523422240707, 5.0537495845028095, 7.091864163449808, 6.217020758971546, 6.279235515680677, 8.111561144328942, 5.1534724317580665, 11.751713609581273, 17.472369119400437, 12.077524184176422, 11.357722358007836, 14.381891509707176, 12.89211031420832, 13.91536628403497, 7.2324870922223115, 12.51594023529899, 5.894510151233579, 4.020861572280504, 3.337239885279382, 6.828899382433228, 5.944538422708433, 9.421770645840805, 4.085141215363717, 9.630215979535706, 1.5825030384582264, 9.999880734384433], [0.0, 0.0, 0.8991725701473213, 0.5361703429069429, 10.627943122676253, 0.6014802526222491, 16.181986370531806, 10.906403621347438, 17.847897742337025, 20.815058590310095, 22.61966025201003, 19.268175606859526, 25.378281876984712, 21.16675274079927, 30.0776210543206, 22.44527091478775, 28.66293816663462, 13.878144531362858, 25.535088953326255, 9.494615857639321, 27.342502390471484, 11.927700117568355, 24.278850068391023, 8.305265849869013, 23.10204077660204, 7.362232669518096, 19.08155568488637, 9.516884966065621, 18.35604385166901, 9.442785532611463, 16.117697619313148, 6.4267646387602175, 15.921405553943647, 5.607861835099328, 14.082725748432962, 5.917783666331121, 14.541384343789876, 2.165221410246245, 7.732789730503524, 2.6438666511990516, 7.587581848979802, 2.152073731508551, 7.818298271119722], [0.0, 0.0, 0.22700979021344192, 5.071687985749796, 10.157054911052482, 0.010211086106794463, 4.2848711576241145, 0.22256795704845367, 15.320117734291832, 0.9725709044306499, 16.476657481507978, 1.7983689761579715, 21.34235640098948, 26.26348421841643, 25.644765926408894, 25.60664299646079, 25.32062765415303, 13.026389049500843, 24.612043928520585, 11.730239205572119, 5.307508812043595, 13.742481722260358, 25.098225370501364, 2.491276045157177, 10.720318527409956, 1.7330654823984355, 8.767691019605008, 0.4219123049416467, 12.519522743189352, 0.4555041742881929, 8.720856348663377, 2.7779618647503788, 9.489794598591201, 0.9338846758406008, 9.22139873962587, 4.7645039470096275, 9.355322694561599, 2.131697452999938, 8.690734683495334, 2.2029872960661323, 5.38758892118732, 1.4090703007241274, 5.8409547265101365]],