{"initial_violation": ["destination", "optimal"], "initial_duration": 26.609116792678833, "subsequent_violation": [["destination", "optimal"], ["destination", "optimal"], ["destination", "optimal"], ["destination", "optimal"], ["destination", "optimal"], ["destination", "optimal"], ["destination", "optimal"], ["destination", "optimal"], ["destination", "optimal"]], "subsequent_comparison": [[0.0, 0.0, 10.322935835947213, 0.2835384187545706, 4.114277460874365, 0.26869208300430725, 4.566589338932969, 0.7883383053318305, 3.6476154707120076, 1.0284845624632966, 3.832752028084594, 12.298020987492201, 20.94435586319044, 36.08939060717791, 24.578466059657572, 32.28209126491417, 13.366064556451825, 9.978065389934203, 7.08076817466655, 3.607480867015913, 5.684544493287674, 5.648025199423823, 6.7638890040168675, 1.50033914742726, 26.26045133119573, 11.372781661771656, 38.95252773397995, 17.448976562039945, 7.539530264878626, 5.234833828725829, 15.590973570189707, 4.532222820963048, 24.052457047795333, 15.195994365268998, 38.37243106130146, 38.72183102020853], [0.0, 0.0, 9.687755638692499, 0.27272134278926413, 9.680825206344245, 0.742264665154175, 4.148718978647669, 5.628593423649917, 4.230080046277557, 1.489372465745486, 4.246743694502222, 1.4255798762241754, 6.056413375172964, 0.77947136714842, 13.370375876106213, 3.0532160277320726, 9.947843118643133, 6.712160194522735, 2.305939616241484, 4.474321278082467, 26.84873879726725, 17.665975547242084, 0.7053747494025393, 3.6465421812095857, 1.549997807856033, 15.987466948715996, 23.241722164972867, 2.884201146779619, 1.172380618991062, 1.5547716910710745, 0.9724518231388879, 0.4696214621417456, 0.16811612207756757, 2.0445528725524906, 1.433149217739454, 8.870331435642271], [0.0, 0.0, 9.823319984366954, 0.029786031152916597, 9.81686131338999, 0.4409719548892402, 2.8810484291715412, 0.9353819721599995, 3.700578380000386, 0.410332832799016, 1.9117944470724615, 0.46762936570361746, 4.546341518041521, 0.8994714178414552, 12.028348877491123, 3.3182835767792263, 25.1029401912812, 20.45769020541818, 22.808430223034737, 18.996359945170553, 0.7741491079212314, 5.309897554280861, 1.4158768120408793, 17.356646593858645, 22.955174826898187, 17.064131057147094, 21.244128216372165, 16.739921843469734, 18.198654597302728, 14.30523878465537, 17.241066398611736, 12.38969634369345, 18.769189779063996, 1.4334716039067033, 2.4914983577631684, 20.49235160942611], [0.0, 7.273444264000952, 7.1669268277291724, 15.352341643879448, 25.379442638940187, 26.486917315990553, 21.992626912119135, 12.506377059615247, 0.4728354804998664, 14.284843145814666, 2.1141916253799433, 0.7146375992146099, 19.231522282128225, 31.36610812720863, 19.82143686885133, 22.694392851126523, 17.041868418712756, 20.224094289946517, 1.6526218361954461, 7.356605520750521, 5.577061187940957, 21.770860397112102, 14.626845135880414, 17.534302498677174, 15.583904793459055, 11.202130193521846, 3.4977178884287636, 7.702995324296969, 4.796179834841015, 5.791821205656506, 10.002558807160451, 12.759564461595954, 8.617028140578887, 33.2931967766939, 18.969360029175014, 13.495808731169738], [0.0, 7.643193726704167, 7.128922726603432, 15.611735817577365, 25.688325789779032, 16.298682925003437, 0.8464710492205607, 11.41487317209052, 3.4791081610515753, 14.39488649037208, 4.056498060262939, 1.378298678502418, 21.133078270000414, 25.301713935002436, 20.15335341894782, 17.47565610306828, 1.2708030774145478, 17.387935185597428, 2.868088152928332, 17.013307876930995, 5.355309866233916, 14.73432528885777, 10.542522747413452, 9.804276253172238, 10.137665186928224, 10.12319605185813, 12.109614269567398, 2.0054508197234036, 23.231336359502574, 26.330761388037207, 2.7911033382449486, 13.958438641521516, 6.1332054535658465, 5.05687529251313, 20.514967755469982, 23.555691869822535], [0.0, 7.668287631577024, 7.782912813054825, 15.499683495672343, 26.080358427098872, 17.08274987048926, 32.250251890164535, 15.479695204886342, 2.9211598315511353, 0.2749584660172741, 3.2334003476687934, 12.65964650645386, 15.301358671427002, 4.347478184051826, 14.407838806367934, 11.945706983013222, 20.129315845455995, 7.37587730190385, 6.6167489977561385, 2.3321938601803236, 6.344406965400123, 3.1958119623235435, 8.539017115977018, 4.074310913477284, 21.097237995438984, 17.857680313964313, 19.473027335814123, 14.675422656898217, 20.751495404290736, 13.695536963577107, 19.812579936358368, 10.85313289032499, 18.365881209709688, 32.91707423873902, 24.994333469824664, 13.253817882616032], [0.0, 0.0, 10.058981257229014, 0.06957687710319493, 4.1081101704638, 0.09562426867356466, 10.109834872156153, 6.357118401451821, 5.870039269508292, 12.289402963960768, 4.527870851675399, 39.33854429169719, 8.8439721796934, 11.005061698744939, 10.5353053466183, 26.257943210367934, 15.867349403819054, 22.030615402557654, 15.907162623879717, 14.214847665929218, 16.980466263576393, 20.283820953620754, 12.817994104899737, 18.163895808521893, 13.173125154115501, 16.614044433642373, 13.331385797132153, 17.125780131162777, 11.173630049678556, 15.217116418897696, 10.051640616007534, 13.553435454023036, 7.026130782431164, 11.634690575739825, 15.685865779961532, 19.885917837874356], [0.0, 0.0, 9.901449450162493, 0.0844163621060994, 9.9086570139297, 0.205145166156835, 13.298696102303268, 0.3187056791683127, 4.122933488478371, 0.9900960939416202, 4.3167196879502425, 0.8707024984026956, 6.017772519931859, 1.1481222995779858, 13.341532171538384, 1.222426611482369, 9.638430183261404, 5.18855557282772, 5.2147420221649705, 2.241820191599385, 4.2959161254376115, 1.4003429098548694, 2.5535330290948677, 18.471706599991993, 21.8126254025401, 18.941799655884267, 19.882332227801545, 17.25403286229816, 19.960005607031643, 15.854374214294728, 17.18845555803753, 15.883900867769254, 15.830809256838183, 18.97848629972248, 20.424908236126512, 9.611761747650618], [0.0, 0.0, 10.413429669124431, 4.719349839870005, 15.477492687290871, 32.814235003566935, 11.121603925493755, 34.67427534785461, 21.97508947162939, 40.793895798152576, 12.517494201877513, 38.455852545187774, 22.253345443199464, 33.09486236841812, 19.826043669272302, 31.851760278143423, 10.799976676964379, 37.160582735677615, 8.702529239587527, 33.72786193271728, 7.656568233861909, 33.77722813333494, 9.157343298763484, 31.097513656924512, 6.067080283714556, 31.832428049461942, 7.000806459709496, 27.395391718585483, 5.4965989176369705, 25.12097785001633, 7.853628922182887, 20.720684435917505, 5.2786680174964555, 24.91521182928088, 9.605015680101893, 14.120135570528165]], "deft": [0.0, 0.0, 0.0, 0.0, 0.0, 0.0, 0.0, 0.0, 0.0, 0.0, 0.0, 0.0, 0.0, 0.0, 0.0, 4.039821647030146e-05, 0.0, 0.0, 0.0, 0.0, 0.0, 0.0, 0.0, 0.0, 0.0, 0.0, 0.0, 0.0, 6.18291112077157e-05, 0.0, 0.0, 9.56445152705468e-05, 0.0, 0.0, 0.0, 0.0],