{"initial_violation": ["destination", "optimal"], "initial_duration": 26.70004105567932, "subsequent_violation": [["destination", "optimal"], ["destination", "optimal"], ["destination", "optimal"], ["destination", "optimal"], ["destination", "optimal"], ["destination", "optimal"], ["destination", "optimal"], ["destination", "optimal"], ["destination", "optimal"]], "subsequent_comparison": [[0.0, 0.0, 0.8432335442712316, 0.47557131122302904, 0.27290178546249444, 0.37904280928889755, 1.2117863433310305, 9.577193381002504, 7.276428730611477, 28.831360211723776, 9.979951376561242, 30.41181671074667, 21.764509913212663, 27.08408397927293, 18.66109049744297, 29.95157037470337, 10.444261202982215, 24.591330790819402, 9.891066887512544, 14.717189026451962, 0.8701307581917755, 3.3894218597084476, 2.095695429969805, 6.388472158513896, 10.118375270630338, 19.77563856396356, 11.398184380134795, 18.321137335337735, 10.40334518146101, 17.493930925161678, 11.568771635519644, 15.818388394800875, 12.263044325466128, 15.170198758714317, 9.944509763685327, 13.369328824570244, 13.148894427341478, 11.250066239769817, 13.07116748886198, 8.733387094003582], [0.0, 0.0, 0.756103163695295, 0.17901133470451175, 0.5854776200022461, 0.5339967582002345, 1.3881003359779043, 11.435554687520861, 0.6226957876753453, 5.229656808929227, 0.14144543237086651, 5.578616208121339, 10.286964569552511, 4.262405878829955, 7.332776890283389, 4.489247425920802, 4.514096588713092, 2.3594324693692856, 8.124578334728042, 2.9339016494507097, 8.31685585152019, 1.235041296091119, 11.536942778894682, 1.2181478462234272, 14.726362904389791, 7.388188182638044, 17.491477959413036, 10.060828400713481, 13.181371433143058, 7.891293678749285, 15.386881243972871, 7.2600295099500345, 14.647341985272933, 7.729117014172301, 13.146598809127502, 9.60038077419867, 11.803326742811187, 22.4946756876178, 18.709003090161627, 3.314923268999615], [0.0, 0.0, 1.065637463423939, 0.05195648340276444, 10.976592036323781, 6.8476581484050145, 12.696338679043201, 10.06880762586397, 6.199922980410954, 2.0714570243338235, 7.711383001649494, 2.49771290913425, 16.843447088073606, 23.496477795496826, 13.393721854556125, 23.132392717868278, 12.781744063523071, 15.477175304047185, 13.297118227702663, 10.329344148503573, 19.938883522444883, 1.3753989162254165, 7.301866993842938, 1.3034762317103155, 11.454440085826251, 3.9469132512358254, 15.010772683699175, 5.289886607352767, 14.519412914206718, 8.972490963807683, 17.94335910104046, 8.09512492562055, 18.257357605494562, 7.528382529078368, 15.143168621580925, 8.291488121872678, 17.63554389944458, 28.292422686993497, 23.55063517228857, 5.636261095073563], [0.0, 0.0, 0.45027547176001353, 4.697139666662231, 0.07520554508176563, 9.966422690717728, 1.5110872163812803, 10.711891637226895, 1.419696062372888, 4.206039386534443, 2.539214282742129, 2.614212616471582, 16.88433581981732, 24.191604328891625, 13.690988112845806, 25.040554402584366, 12.396116482346489, 21.192687908953406, 10.51288338593501, 13.27857170011762, 14.544600487069417, 10.327014930403458, 20.655750150083083, 12.191108862489141, 6.239512360304847, 1.3649234171245446, 7.854607894411617, 3.4192681377904925, 8.122264949091972, 15.886250008156397, 20.267844230555248, 15.187452633774786, 21.735607819285363, 15.215773746652827, 19.827741590265152, 1.1154555414410765, 7.703887167124386, 2.8142887481374363, 5.407409279768042, 10.31894553271352], [0.6506615397885341, 0.0, 0.5723591014596954, 0.36790534526897833, 0.7187376771218333, 9.922582765273685, 1.1174114096333405, 10.632259243439199, 1.0285827097788682, 3.0637751348446978, 1.165846117841676, 3.0472983152869966, 11.720556935626611, 1.3980999506994667, 8.4902336197422, 9.9317421284004, 1.6095585857006292, 7.632213045618915, 26.923301835343253, 7.3217596762718475, 18.45881543175072, 15.675975691648535, 14.766092011934404, 0.7543505874411733, 13.402801497559912, 19.95605615053548, 14.351762416299547, 21.167769533065453, 3.807086268700991, 1.8312229752512785, 2.9874973213721647, 1.6107767679854248, 4.830888711002878, 3.635409194817668, 2.7601634112594002, 3.34374433680176, 7.8174206094632455, 2.128014121155405, 2.612604035414858, 1.663740223985741], [0.0, 0.0, 0.2617690916752155, 0.42712358999885025, 10.111489065220477, 10.336406308164326, 28.808440668409798, 26.763116620252244, 12.952557752430662, 22.98784163546913, 22.607849152805127, 26.740685170791778, 21.619767729041353, 33.9363924579571, 15.844617175911683, 2.009581821133757, 0.4157640262026994, 1.7749545535932185, 7.893011506582246, 17.006142363886653, 19.8295692924412, 1.0950311748524317, 2.902304028675947, 3.2726835891379316, 1.7845706549846554, 1.0148028230335104, 1.4643889158004222, 3.981168097881945, 1.3111933656259331, 3.6225053908542377, 0.36575052528352675, 2.3942831191419733, 1.348491287483937, 4.950879583612532, 0.38081506695236905, 6.642496066201704, 18.297509598143023, 10.502095543982135, 12.029366799881776, 8.705221732410289], [0.0, 0.0, 0.22951807564150936, 0.20066750918518084, 0.1555622684893889, 0.23057331571438164, 0.9127255792345468, 10.02144676499258, 0.6849682481914493, 1.9891057605554847, 0.4891161053069727, 3.6302638551330073, 11.45294080192015, 1.6679754037095063, 8.10546119123858, 2.505407072293964, 4.391993518017423, 3.2503010238614816, 1.6471528195682503, 5.630938385062846, 20.207403662029666, 8.524927633188177, 21.938488825385903, 11.646170702855114, 6.749190548315388, 1.7914838872572365, 6.116687072029798, 2.0537547682096085, 3.8877102426810795, 1.9871252061278362, 4.184528778402941, 1.0929879846861823, 6.117146136099457, 1.3259311861697538, 3.7414594541659523, 2.6876314824676992, 9.592835179731772, 0.898185256718364, 7.427545553167877, 1.5482696273444807], [0.6506615397885341, 0.0, 0.6208599170596067, 4.604085308664933, 10.071789671557342, 21.327714092538052, 28.567339489497286, 27.262260413516888, 12.87331082787369, 23.316624942869275, 23.088253205751784, 26.900833283800267, 21.88381033200429, 34.82825531639022, 17.736244719687697, 35.70038784110259, 13.788591770746464, 36.1116998253907, 2.3282819597509743, 3.4086970158301355, 9.748040429005083, 1.86436193962034, 8.180380299647107, 6.415429969473845, 9.166675416989502, 3.8666900001589615, 8.777239800757444, 4.8954860233128, 10.411240374892476, 4.939948897054164, 6.930296388827112, 4.346152850594943, 7.034918898403528, 6.2941590364022915, 6.0538402587053595, 8.859276381985104, 9.482857779374958, 21.50205781103076, 20.116380967927558, 18.77013556742898], [0.0, 0.0, 1.0837552894245142, 11.199443505462517, 5.641569461594083, 26.07921742148631, 23.869828071234675, 28.29994807878071, 18.17620975773452, 20.336234056838723, 12.569095056427635, 4.634138408361438, 0.7845389508116339, 2.6801170334201414, 0.739093023501585, 1.3525014248523959, 3.8406990472506086, 4.844279485723537, 5.058078816989832, 6.190044602250585, 17.182166147517798, 13.863277285899851, 21.21160604147661, 16.83722526888071, 0.4469610825893652, 1.753410877521217, 2.1742316407247775, 2.1788802455173872, 2.413585860459842, 3.295470552636542, 3.5375637739410712, 16.06588503447975, 22.4822356267374, 14.921719635552765, 20.665954152049395, 0.5533660887068674, 7.333149437540011, 3.3543635589673495, 5.089945446671549, 11.805167585640325]], "deft": [0.0, 0.0, 0.0, 0.0, 0.0, 0.0, 0.0, 0.0, 0.0, 0.0, 0.0, 0.0, 0.0, 0.0, 0.0, 0.0, 0.0, 0.0, 0.0, 0.0, 0.0, 0.0, 0.0, 0.0, 0.0, 0.0, 0.0, 0.0, 0.0, 0.0, 7.23837250962814e-05, 0.0, 0.0, 0.0, 0.0, 0.0, 0.0, 0.0, 0.0, 0.0],