{"initial_violation": ["destination", "optimal"], "initial_duration": 26.38141918182373, "subsequent_violation": [["destination", "optimal"], ["destination", "optimal"], ["destination", "optimal"], ["destination", "optimal"], ["destination", "optimal"], ["destination", "optimal"], ["destination", "optimal"], ["destination", "optimal"], ["destination", "optimal"]], "subsequent_comparison": [[0.0, 0.0, 0.15812561493415794, 4.670436231173237, 0.8722613379541855, 3.6176580292478926, 11.244474733996043, 20.238345009041463, 5.498825299809249, 21.04887383690969, 5.612949971038384, 21.458642047575967, 16.78383049333399, 19.678136438941042, 8.44610831130709, 17.454781740209146, 13.2112600890031, 13.594869488219226, 8.325261319733459, 15.24184769257401, 5.695667379848471, 16.60634388594545, 3.668079199421649, 14.635382567625841, 2.8983646394581792, 11.855936042996175, 3.350135113356378, 10.83777577065016, 2.922775279612884, 8.278631872415577, 1.070129987053325, 6.812837737849931, 1.6403891250432812, 14.95393652066043, 0.7757629305204343, 10.183694098678446, 2.3295637678684353], [0.0, 0.0, 0.5982752063423545, 4.8373850778075465, 9.88377654658105, 0.6756567892595874, 4.602298827120321, 10.67111809455086, 17.27762280952486, 18.679661876724584, 11.75513445415818, 21.960948985707414, 21.065171401424482, 17.027841513853584, 19.31814106137274, 18.33700514087043, 12.833972814866057, 4.94239017991446, 5.57423336432697, 3.4888694131337146, 3.886415106496871, 0.2122852122781887, 20.275728783542135, 12.534133654936994, 13.892178710230052, 17.67169878052165, 2.366094246137028, 3.4369795301601336, 6.216349871886989, 5.4567434850881575, 4.086273895473873, 5.665221722504914, 4.460593764424281, 0.9504620048138872, 15.230259952222866, 11.171835615632258, 24.64958342249769], [0.0, 0.0, 0.33057296810079706, 0.18712796002932933, 10.413247084248821, 0.6968153079103564, 4.882920877168553, 10.346742187123434, 16.0101173758992, 1.3830883909912808, 15.645216137818863, 1.2730010788750736, 4.684821102698824, 10.88945533084723, 10.908078585950587, 4.697629639275656, 11.636895699416607, 8.385765194771187, 9.23019919994918, 7.5694985463237865, 8.23776905099154, 3.3696223365962763, 7.982432605091932, 6.783902549968315, 10.924685360001401, 1.3617068185447063, 5.881365697100859, 24.17532763843843, 3.9744523305976203, 22.755737977151895, 3.2610175665588312, 21.559822960800858, 2.124161284045396, 18.172490362882012, 1.0299409657016887, 3.4102408326612874, 10.3190292095577], [0.0, 0.0, 0.12210687816384103, 0.07041869019874657, 0.08857565337073134, 0.017470573218259428, 0.18721385258478868, 10.33848417447353, 0.6524248911804008, 0.28437219307517597, 0.5778296379824219, 0.8748894854406493, 13.613450516036478, 2.0288107494800616, 13.813698596266159, 10.97435059200306, 7.599548674877896, 19.83390620046891, 7.177489101287167, 1.9466137642329746, 5.024299843325647, 1.4205493178555715, 1.6309398895509912, 2.880099055372905, 1.8351239519262343, 16.55049804294071, 7.084519209172486, 15.03206514142375, 6.618433836518995, 14.364838172132654, 8.799353646658096, 11.307614927452022, 5.8919742599333915, 12.365433684368451, 7.165505644093351, 8.731308555447638, 8.827396423925222], [0.0, 0.0, 0.6661788877847982, 0.13237612690777614, 10.242956209316452, 0.14055755591775448, 5.486024352507439, 10.44394907176335, 16.590420307398468, 1.1789673594713768, 18.02681667634495, 2.0225505764479434, 13.326870099799605, 0.10239999096793415, 15.540760802769997, 2.2406530580031916, 15.699821159425284, 0.23066441902729118, 8.419546540273169, 15.652505547280336, 8.52747516514903, 2.4098098560564543, 6.262069610765518, 4.3216369405594595, 9.855051510055116, 2.5028015932709677, 4.569343845923362, 6.022556163727964, 4.750636972249823, 5.526769299235343, 3.961949223890807, 18.101643066876775, 11.418333236019645, 15.76143467696116, 12.454009884431844, 14.916847087977596, 13.494651441748008], [0.0, 0.0, 0.16203975081168456, 0.08257602192431018, 0.5047754232320626, 9.681860797275402, 1.0364489380040012, 0.9717706353849351, 5.404171676437284, 23.35154587879724, 5.8349220652077936, 23.026425909038593, 17.96216283449666, 20.283024921944783, 19.867436923048874, 12.598429209858217, 9.098771166263893, 7.793314506552908, 6.604403205296512, 14.181258431625594, 3.155865885318048, 2.426146452202621, 1.1796258730481481, 1.7462189120704488, 10.388721777960052, 16.253819597003893, 14.9825863029814, 13.634116261131277, 14.368469306966405, 12.18126108434644, 16.13320576412709, 0.9915082398093444, 5.35051002310739, 0.9613505721259773, 1.3491551390647694, 1.8943517116351472, 3.6972858179315686], [0.0, 0.0, 0.5449556567349763, 4.74932570975168, 1.2348169443479777, 9.748113985431084, 10.888313121411471, 20.181957948860216, 7.486953374428814, 20.625300544135282, 8.594730625382793, 22.02891820277078, 20.651757624425457, 18.667176096085804, 19.372489200596586, 17.19500044363955, 15.765753396153832, 19.602658253353823, 9.027735982927597, 21.8390987819036, 4.4902698691514695, 24.16147496340516, 1.06097091006215, 25.89628698265218, 1.417246856363097, 22.500657912004918, 2.1833083604052383, 20.978271751586107, 2.8463019675996653, 19.28801809181811, 3.908442702804721, 16.26937002126662, 10.906806179245349, 11.647998980840393, 10.608846501620498, 8.055703559569357, 16.03040110777249], [0.6506615397885341, 0.0, 0.5865923872268374, 4.838298859031965, 0.6364439247010298, 9.706697830769333, 10.410795209053152, 1.8540126820028515, 6.536947436088905, 19.063796071332444, 9.793941609941633, 19.363146793101176, 22.753072025851054, 12.193188075947482, 5.147582815883356, 11.878670643745442, 7.204349017961291, 13.521240581075446, 1.6326266428194964, 6.541951648960995, 5.121541633878576, 1.95445296915805, 5.471410389767615, 11.195124102740541, 6.015944637189699, 8.542306974981003, 1.4111897592784477, 4.947997708775363, 3.9303728689209705, 2.2032032774409065, 4.79543737226108, 6.021800405914037, 5.438797716578408, 3.04820853780797, 3.5073323154663005, 3.7881556942124885, 16.937635222245262], [0.0, 0.0, 0.23026580116398437, 4.831806963059875, 0.5145459885262273, 10.07132868586732, 10.794330930490226, 20.15954664620388, 16.55597291875391, 20.25138369013274, 21.425379973645487, 20.440045181052078, 36.05997691429281, 0.5564294609548298, 4.147322907007187, 11.228744384763639, 0.3445495655497961, 13.451916167633437, 24.391569705103677, 11.157310283000024, 0.09718659275326526, 7.724740975633948, 1.63285361293017, 17.244982779146024, 20.785460832612124, 13.886976381121725, 24.374084015660774, 10.322057287899016, 4.1459946297013435, 11.743205734253621, 0.28912986111086425, 12.324277829014779, 20.971919675376146, 11.070544650045502, 22.985212835289925, 10.281532143166245, 1.5993581045389405]], "deft": [0.0, 0.0, 0.0, 0.0, 0.0, 0.0, 0.0, 0.0, 0.0, 0.0, 0.0, 0.0, 0.0, 0.0, 0.0, 0.0, 0.0, 0.0, 0.0, 0.0, 0.0, 0.0, 0.0, 0.0, 0.0, 0.0, 0.0, 0.0, 0.0, 0.0, 0.0, 0.0, 0.0, 0.0, 0.0, 0.0, 0.0],