{"initial_violation": ["destination", "optimal"], "initial_duration": 27.79035258293152, "subsequent_violation": [["destination", "optimal"], ["destination", "optimal"], ["destination", "optimal"], ["destination", "optimal"], ["destination", "optimal"], ["destination", "optimal"], ["destination", "optimal"], ["destination", "optimal"], ["destination", "optimal"]], "subsequent_comparison": [[0.6505320671129667, 0.0, 0.8720582231911648, 4.481109393624977, 14.64595261015733, 6.5729987434554396, 26.18717681251197, 6.1710719665165215, 13.09627734919743, 2.1161705860237636, 25.28029587328627, 1.957462547389617, 26.332611991212193, 4.4191579785811905, 1.9784144732929252, 6.9662486060686, 4.349411158689464, 13.461029134216272, 5.841529112176191, 13.387609134318527, 4.919815583455722, 12.70697106036027, 2.4925879516819456, 4.899949372238446, 2.331111410761896, 14.818125717035796, 1.0787224520951084, 10.085127046476806, 1.0903613528352574, 11.09370626785153, 2.294441351880931, 10.401473293464546, 1.335676597921378, 12.369444455988177], [0.0, 0.0, 0.36305128792578045, 0.11381681288646246, 1.273569780206466, 10.121805778350975, 11.168191072121559, 2.360434764311899, 3.863800650763715, 3.8120084879705445, 2.925639033784011, 4.734663566380242, 2.1512867953849777, 3.403266330891521, 3.4239864647823914, 4.024776857338683, 6.792537638756725, 7.153915146640785, 10.015018866255847, 6.486703048217067, 0.32146022389744705, 2.2887643235148185, 10.79424282491154, 3.24143978275087, 9.585493035354613, 1.296191103754802, 6.145928919530713, 1.290503888189517, 10.588867668763545, 1.4407882580970077, 8.779494698515453, 1.9790552219213757, 7.800323721612854, 1.8392322279759068], [0.0, 0.0, 0.1157951843226212, 4.764408860353453, 0.42499450424967056, 10.587911745140461, 0.45314538913853397, 2.2460512192420596, 0.4731662590077229, 2.8806735030500374, 0.5093680736593008, 2.3225659939646883, 0.7765576188348924, 1.70815723440948, 1.365190455221511, 8.265932586088027, 0.07094586837951958, 3.6293441827909634, 4.533526392508215, 5.821941304414713, 3.1137909818274188, 4.491024532564104, 2.0581123192618525, 8.723970097276723, 2.4013652212731267, 4.160303205587947, 5.058280104133964, 1.729251620588127, 5.224556185050942, 1.5969893550334815, 5.606599832178792, 2.0723202905654032, 10.15684391509172, 4.307464974218264], [0.0, 0.0, 0.42073103008975465, 4.503133391494856, 1.6578391223544056, 4.26132590025775, 10.77471224694868, 12.407088100693795, 16.6964309803699, 19.051642862030622, 21.315931521856395, 19.254797859986255, 21.06046549690431, 17.690805002820948, 21.102767054011057, 15.19270170756096, 24.775223508122174, 3.3664340429514996, 28.724616363765072, 18.967584332736, 4.665917592419675, 17.58406419531958, 0.3696355315212116, 7.285181064864731, 0.9509177742327777, 16.206572187727392, 0.7841677347829418, 11.047769144929728, 1.541343002928292, 9.717179506031085, 0.6201172615583788, 9.098853169687144, 2.075120931582702, 0.6490045211904496], [0.0, 0.0, 0.24001871097679395, 4.738530674737382, 0.0502789011993762, 10.337290197604526, 0.2146391040211507, 2.025379468855192, 0.38168346193943326, 4.6555157966607394, 0.981138301662874, 3.8749286368329643, 13.201201688638813, 3.5794103907277726, 10.373605200403299, 7.608054839164891, 8.17973621519829, 3.626889706887959, 5.970824392883241, 16.95376593972372, 1.488866508609857, 8.699920914449974, 2.064374955144118, 6.0478240589567, 5.30433987722674, 4.004779719756002, 7.815223416631602, 1.0575847344321183, 8.934685620512187, 3.25651965150305, 7.6849013594653774, 2.887112275480931, 0.6544886564013, 31.80650822551034], [0.0, 0.0, 0.09372960896297444, 0.13260651347674027, 0.04418673487598036, 0.4054102307501395, 1.50223519852153, 9.923142332841469, 2.232485603077823, 1.4052169367273832, 14.690791515048215, 15.977776902551797, 21.089337484012173, 16.472256389725832, 20.2926122537281, 16.475346290797766, 15.055299201228689, 14.12826540686975, 18.80996667623595, 7.272225401740349, 18.17875692535401, 6.16482678001214, 11.602973894029251, 7.052027022276116, 9.50198334687204, 7.593478452925646, 4.633454491452205, 13.616751713947584, 6.341051577422606, 10.071488329454828, 4.247870952740153, 6.514729382166348, 7.914253462533084, 3.309476234988969], [0.0, 0.0, 0.10720555351309365, 4.688170353253642, 0.47809091533409975, 10.200700435385086, 9.990971090657336, 2.1012102253588307, 2.103834074372728, 4.964568628689042, 2.303468559240051, 6.356111679026056, 0.8145110705426154, 5.087854064701316, 1.1147880732243014, 4.318788094241247, 1.011370900556184, 5.560367106680514, 2.2228335400820005, 4.608540457293361, 2.8752081053576473, 2.0707560225042103, 9.468243359370765, 5.899419625079511, 7.948368902453092, 5.353856288430119, 4.380842636760127, 6.549695846465265, 6.377144370109653, 7.297226570343984, 4.86620700517275, 7.557415563616425, 3.319733964128447, 4.958845893360251], [0.0, 0.0, 0.13479604267725886, 4.81163278653791, 0.16053708844857262, 0.6940942305078049, 0.5141540772819545, 0.48983610537650396, 0.9968432710719379, 0.7281417426805747, 14.276223072253236, 15.549901333737425, 22.808067281087414, 17.23552469426031, 21.804516773697415, 13.350661161400984, 25.76412212663333, 10.765601450993678, 19.992784735112117, 6.581458671862442, 2.716163006009631, 6.33451801707422, 8.138965068179951, 9.586139070459355, 8.111394544050016, 9.09075291993094, 9.29973024749838, 4.675276486882423, 14.420494534642135, 3.0204959758314507, 14.678911369090933, 4.281291633602729, 10.245253955562507, 9.20873940602377], [0.0, 0.0, 0.5583778107470656, 4.676622584675152, 1.3944455452391833, 10.126293831312186, 10.733197383546685, 2.0324521581491983, 2.5796113859523015, 2.8879990913691573, 0.8301866579397381, 3.0502843749057673, 1.085553244456357, 3.443823568655689, 1.1807672040483859, 3.5165571441603474, 1.5001850608122678, 4.30436691782756, 2.073787209186067, 5.743385053028303, 6.5486848137632885, 9.696208410242717, 6.67237179641875, 8.915915741440656, 1.653823876111984, 7.087502217985595, 1.5134423086861244, 10.140875751592102, 0.4547253982300364, 7.684289650504731, 1.852521322916008, 7.759828086677769, 0.8124269070033908, 2.3281518350699852]], "deft": [0.0, 0.0, 0.0, 0.0, 0.0, 0.0, 0.0, 0.0, 0.0, 0.0, 0.0, 0.0, 0.0, 0.0, 0.0, 0.0, 0.0, 0.0, 0.0, 0.0, 0.0, 0.0, 0.0, 0.0, 0.0, 0.0, 0.0, 0.0, 0.0, 0.0, 0.0, 0.0, 0.0, 0.0], "subsequent_deft": [[0.0, 0.0, 0.0, 0.0, 0.0, 0.0, 0.0, 0.0, 0.0, 0.0, 0.0, 0.0, 0.0, 0.0, 0.0, 0.0, 0.0, 0.0, 0.0, 0.0, 0.0, 0.0, 0.0, 0.0, 0.0, 0.0, 0.0, 0.0, 0.0, 0.0, 0.0, 0.0, 0.0, 0.0], [0.0, 0.0, 0.0, 0.0, 0.0, 0.0, 0.0, 0.0, 0.0, 0.0, 0.0, 0.0, 0.0, 0.0, 0.0, 0.0, 0.0, 0.0, 0.0, 0.0, 0.0, 0.0, 0.0, 0.0, 0.0, 0.0, 0.0, 0.0, 0.0, 0.0, 0.0, 0.0, 0.0, 0.0], [0.0, 0.0, 0.0, 0.0, 0.0, 0.0, 0.0, 0.0, 0.0, 0.0, 0.0, 0.0, 0.0, 0.0, 0.0, 0.0, 0.0, 0.0, 0.0, 0.0, 0.0, 0.0, 0.0, 0.0, 0.0, 0.0, 0.0, 0.0, 0.0, 0.0, 0.0, 0.0, 0.0, 0.0], [0.0, 0.0, 0.0, 0.0, 0.0, 0.0, 0.0, 0.0, 0.0, 0.0, 0.0, 0.0, 0.0, 0.0, 0.0, 0.0, 0.0, 0.0, 0.0, 0.0, 0.0, 0.0, 0.0, 0.0, 0.0, 0.0, 0.0, 0.0, 0.0, 0.0, 0.0, 0.0, 0.0, 0.0], [0.0, 0.0, 0.0, 0.0, 0.0, 0.0, 0.0, 0.0, 0.0, 0.0, 0.0, 0.0, 0.0, 0.0, 0.0, 0.0, 0.0, 0.0, 0.0, 0.0, 0.0, 0.0, 0.0, 0.0, 0.0, 0.0, 0.0, 0.0, 0.0, 0.0, 0.0, 0.0, 0.0, 0.0], [0.0, 0.0, 0.0, 0.0, 0.0, 0.0, 0.0, 0.0, 0.0, 0.0, 0.0, 0.0, 0.0, 0.0, 0.0, 0.0, 0.0, 0.0, 0.0, 0.0, 0.0, 0.0, 0.0, 0.0, 0.0, 0.0, 0.0, 0.0, 0.0, 0.0, 0.0, 0.0, 0.0, 0.0], [0.0, 0.0, 0.0, 0.0, 0.0, 0.0, 0.0, 0.0, 0.0, 0.0, 0.0, 0.0, 0.0, 0.0, 0.0, 0.0, 0.0, 0.0, 0.0, 0.0, 0.0, 0.0, 0.0, 0.0, 0.0, 0.0, 0.0, 0.0, 0.0, 0.0, 0.0, 0.0, 0.0, 0.0], [0.0, 0.0, 0.0, 0.0, 0.0, 0.0, 0.0, 0.0, 0.0, 0.0, 0.0, 0.0, 0.0, 0.0, 0.0, 0.0, 0.0, 0.0, 0.0, 0.0, 0.0, 0.0, 0.0, 0.0, 0.0, 0.0, 0.0, 0.0, 0.0, 0.0, 0.0, 0.0, 0.0, 0.0], [0.0, 0.0, 0.0, 0.0, 0.0, 0.0, 0.0, 0.0, 0.0, 0.0, 0.0, 0.0, 0.0, 0.0, 0.0, 0.0, 0.0, 0.0, 0.0, 0.0, 0.0, 0.0, 0.0, 0.0, 0.0, 0.0, 0.0, 0.0, 0.0, 0.0, 0.0, 0.0, 0.0, 0.0]], "subsequent_deft_violations": [false, false, false, false, false, false, false, false, false],