{"initial_violation": ["destination", "optimal"], "initial_duration": 27.489726781845093, "subsequent_violation": [["destination", "optimal"], ["destination", "optimal"], ["destination", "optimal"], ["destination", "optimal"], ["destination", "optimal"], ["destination", "optimal"], ["destination", "optimal"], ["destination", "optimal"], ["destination", "optimal"]], "subsequent_comparison": [[0.0, 0.0, 0.5542411319854614, 4.864147095100618, 0.40433950074492636, 27.47521113639456, 16.549970608016, 10.123290127771067, 15.91238827402, 12.222349188522237, 6.349823051850381, 16.52836788757441, 18.152086636351353, 17.06320532304079, 24.39373668357727, 13.328768111162464, 6.1221863823835285, 21.64047130425723, 2.5735738506566834, 16.32505565612236, 2.2835724343374197, 5.3544126176683, 22.570731485117854, 4.548333693906963, 23.544017128342176, 16.28815792963387, 2.3796913483896986, 20.280525810957716, 20.781102761149246, 6.096516675569873, 20.171173023994214, 2.0582804202143152, 20.144323248433757, 17.793831115136424, 7.380298062996912, 3.551569414057774, 24.003007978650704], [0.0, 0.0, 0.05269155162030658, 0.18376497769030675, 0.08961674390761672, 0.2331540062971609, 0.1398607019023118, 0.4121447584282226, 1.655238072850703, 0.036019435014321664, 12.302235779993705, 1.723382874439106, 3.8268941334004523, 7.892731709542244, 5.22755620726363, 5.873923284630077, 4.128349296266487, 3.356072206882148, 8.241996149508093, 9.11638908331838, 4.553172374923589, 7.84178946913002, 3.781745608537688, 10.325960165200014, 1.2214647515816197, 9.408210733971817, 1.694958250994542, 8.963766371967074, 0.8690638232360337, 9.753074502412463, 0.5823893570488218, 24.73757627188545, 20.045133465603936, 9.483745612000778, 9.880506389686046, 6.098782220777521, 1.2792171711937301], [0.0, 0.0, 0.8118613231467712, 4.7591668841980574, 10.687821486239052, 0.6174588541343271, 11.681938016702558, 6.047050226499722, 15.023448961656108, 11.853345800600025, 16.075121948799367, 13.33952139657586, 13.689961971319093, 9.443511357718569, 18.295806588882893, 10.23746115825489, 28.459335691296307, 21.433306422814884, 19.639298806084263, 10.525527116272263, 23.656143764246917, 8.597169488649453, 20.63836326248169, 10.689060720074764, 20.694420891728885, 8.30686750364499, 10.149300647408449, 10.114132642893557, 8.327384295902451, 6.790650368172707, 32.38260273984621, 9.180462935670537, 12.429407055026156, 11.995815637569631, 8.22505805861391, 18.803594715755455, 24.536541352741793], [0.0, 0.0, 0.16341575904426253, 4.858237320861235, 10.067862498547822, 0.5440742928349468, 11.514650552717244, 0.31187332083312763, 15.44107267561515, 0.06253372427230226, 6.340079838665398, 2.1762670007658413, 15.245848626131119, 1.555807104030358, 12.675103477841988, 0.9765309683495431, 7.878266010941908, 20.32232031503075, 5.487479772265304, 10.480962316719552, 1.3071419905077508, 10.95423671118399, 3.643081842352459, 9.710876338426209, 2.801578864276599, 9.211708521914703, 2.0803599078528285, 10.85111888212165, 2.7657553807557305, 6.273406101480517, 5.6702903358559205, 7.396838818278325, 12.104376334760445, 12.474657653489897, 4.21115149932786, 18.4281554013634, 24.132360710475837], [0.0, 0.0, 0.5284593535602379, 4.799313132342065, 10.09922891412356, 0.6490141877174119, 11.183352283046341, 0.7675144642760588, 14.126027081761224, 0.4063076853861585, 5.556928220184014, 2.135259127850855, 14.495728167075352, 1.4798423358820396, 11.881054408849332, 3.7412539109077594, 9.266690211160917, 18.4825638961947, 6.775056469828568, 9.800584892236662, 2.4255127367765157, 10.286094093520186, 2.811012681431329, 10.56428514868066, 2.6741352206084126, 9.862544316805558, 2.8165340309640943, 11.027348249079424, 2.469174129520927, 6.919792197226066, 7.151122713420348, 9.124933903070865, 5.1833559747301265, 9.437414270044801, 13.010937080341009, 18.82851226894782, 24.559021469302163], [0.0, 0.0, 0.6872602156091973, 4.747184771764798, 4.355900806336322, 0.43315777864859367, 12.558304346502906, 6.423664794533073, 15.251253776769559, 11.140872523830287, 6.390899599149722, 1.2196578808899514, 15.01506257103804, 7.466937451526268, 26.727909158327, 7.038404170593562, 24.20899689226377, 19.80214027433818, 18.1230072217495, 7.848486299690545, 20.113056414120003, 4.952250634136538, 20.310449993329268, 6.5686949364288925, 5.801477337770784, 8.542281065811244, 5.982007676247863, 10.321991452897237, 4.522653587639708, 4.591208969807005, 5.44460541752363, 5.280951059085173, 9.778886814698131, 9.996493869808772, 1.5651653027971795, 20.22876564442914, 25.8320337967997], [0.0, 0.0, 0.11108855624018008, 4.793533907688174, 0.0867194439486865, 0.6361882834407308, 6.343863570944467, 1.6902762083739715, 2.9023744125473634, 12.2018516889666, 16.436551584722235, 8.268654400630762, 20.40817833968481, 4.288933658717348, 24.257183457221522, 5.253720126591927, 0.6746213494163459, 4.790619409366249, 10.791918135062017, 1.004552745413996, 15.57158777455499, 3.378944361104585, 15.5220429052293, 6.923373616852842, 3.9045117054698952, 6.922829836011575, 7.886314486149718, 10.282449673794003, 7.368020732989532, 2.4947539160108243, 6.701620491377279, 0.7957931221790708, 5.261756865655326, 8.192142927359487, 3.393833593017464, 7.52746545298421, 13.312624742254794], [0.0, 0.0, 0.4428169917922919, 4.848627770715492, 0.5938076480381529, 0.7687986630387402, 6.9089006807182, 9.964622084220855, 8.312091284160438, 6.214449251870412, 3.0565587452903866, 1.8090796296143232, 1.4027496814730316, 7.71226131809832, 5.143715710529929, 7.629340292329404, 7.484515102075363, 9.702290074695117, 14.624035001776717, 4.055786642372663, 2.2603852796842836, 4.256961508515429, 5.851821297156306, 8.067826079067078, 6.578684146442021, 1.0658271484284416, 9.344044859706083, 2.560155348062278, 9.894004110444603, 1.6873293694559677, 1.2500074398445178, 1.09818909719664, 4.384900456092019, 6.434096907633414, 6.412336818430034, 1.241654010711626, 6.908435384024335], [0.0, 0.0, 0.07209304790756493, 0.08901831893800617, 0.8042427655552835, 17.413822007637396, 16.924988427622495, 9.452476479300572, 20.373307224148682, 12.753985734808458, 4.538588824263097, 18.09978782714121, 0.9703538366290754, 17.39751722351045, 26.963909890878096, 9.575330544777875, 7.005118105277192, 9.705199186606388, 2.507686737741646, 7.018151605878742, 29.62030014318903, 21.594474226560006, 0.537730783707047, 21.28651006478296, 0.36581843293634103, 5.827822526896345, 26.203534172088954, 18.70380064467455, 3.177806367393611, 18.884436764787672, 1.3765320535030388, 25.680947452988455, 19.010794353110477, 16.271025534170047, 3.695869173262191, 26.62095326236475, 16.881780158772]], "deft": [0.0, 0.0, 0.0, 0.0, 0.0, 0.0, 0.0, 0.0, 0.0, 0.0, 0.0, 0.0, 0.0, 0.0, 0.0, 0.0, 0.0, 0.0, 0.0, 0.0, 0.0, 0.005135661034136985, 0.0, 0.0, 0.0, 0.0, 0.0, 0.0, 0.0, 0.0, 0.0, 0.0, 0.0, 0.0, 0.0, 0.0, 0.0],