{"initial_violation": ["destination", "optimal"], "initial_duration": 25.568625688552856, "subsequent_violation": [["destination", "optimal"], ["destination", "optimal"], ["destination", "optimal"], ["destination", "optimal"], ["destination", "optimal"], ["destination", "optimal"], ["destination", "optimal"], ["destination", "optimal"], ["destination", "optimal"]], "subsequent_comparison": [[0.0, 0.0, 4.9602400027385345, 2.8321869120637286, 25.332118937011966, 14.270328575817393, 19.30950406875706, 31.73469743999424, 27.652795695082876, 43.96013437894429, 38.39138226805372, 48.66428911833351, 25.034035602493393, 55.57939347174193, 29.103789119453584, 46.11990074014828, 37.82239341087128, 36.714697056755725, 32.980699720167785, 29.601358417003667, 33.761772411149444, 33.331172647246945, 26.66060376280978, 56.9750615127195, 24.576603162276683, 54.855689637510444, 26.963103536137623, 54.26451664013033, 26.07583954300803, 50.01336829067242, 21.85968497146758, 51.48742592546841, 22.820323377820348, 54.4924057712328, 22.177714197785743, 53.95914291770393, 21.756144774154127, 49.95079497180545, 21.74833053125809, 50.1900860163729, 22.335774227956495, 31.667326904470006], [0.0, 0.0, 5.015153670894396, 5.848336792241454, 25.962404166339283, 14.859086843590118, 29.991122927839005, 27.569304329962062, 35.80368698847311, 16.93649810307696, 48.6956679827644, 28.67407393470608, 38.6511521175366, 32.46551188704208, 28.589147847401737, 58.01537084077986, 19.201063855804147, 51.14081759057644, 13.28693640808687, 49.882535123253504, 18.196952095696343, 53.156059229510525, 19.289492016541036, 53.439431982454735, 18.444003512585525, 51.96498799340688, 17.949953640106173, 51.70701994371444, 18.122959903873504, 51.84710048034571, 17.651580212994553, 55.25380319149724, 19.490712476799715, 59.79762013184042, 19.016154093791968, 59.27662165846152, 18.219351574637283, 58.45020586109931, 17.039969619642598, 58.041351567371976, 17.155351905965084, 26.486916690949208], [0.0, 0.0, 0.1549252424300479, 5.950157009787135, 26.19169737195447, 11.204362004950998, 30.324963910202573, 28.091360782988556, 36.54025227629457, 12.771619964630442, 49.68884907299721, 29.36428384859291, 44.70877771708961, 32.3191751179883, 48.06814458465501, 30.084037352762458, 21.455877223437902, 59.47153957595042, 13.428769228833357, 54.41834697515975, 16.741032196190314, 54.39653553789041, 15.487707808315184, 56.26499036624742, 16.618805101042778, 56.81961930251288, 17.57014108240082, 57.725057065631724, 19.047262269144603, 55.38294871468185, 16.65821240804807, 58.131638251888845, 15.574935140927916, 60.10644525169027, 13.52681924428745, 58.535146242408274, 12.26483437255276, 36.16285037945929, 46.965903082047326, 34.6283876632301, 45.72567135949638, 55.057122192414155], [0.0015606859869200245, 0.0, 0.22552344821724113, 3.2257082450921493, 22.410020528438086, 11.46999507050777, 30.839796545937038, 29.069118155250845, 45.729522871620645, 27.141227429516583, 56.1190490382064, 28.37099086723858, 47.07357676372941, 39.05954417248185, 51.97394895875338, 34.295298655319215, 39.13664078796817, 28.360371152745135, 35.25065542239811, 23.42097703746307, 35.29510676913955, 55.2489606128925, 18.17023275896972, 56.99148870532383, 19.792878763689103, 53.81463330059213, 21.45226289307488, 56.04498483638216, 19.834001470436228, 54.438478942498456, 18.84658963344381, 54.918849950554716, 18.876859967776433, 55.04245356381939, 18.60151820192127, 55.842264704469265, 15.563821161498261, 53.074582056829584, 13.669551886526158, 53.296806832575065, 41.70843709397018, 51.03990719124499], [0.0, 0.0, 7.752591877344998, 6.135320965581086, 29.95462540868342, 14.682461848030245, 31.506393596579294, 31.571051639992362, 36.2610971260789, 15.874800634781257, 46.80630152877983, 55.99802206355611, 18.371745653035152, 60.952831468194574, 19.02648807886143, 54.91130417469343, 42.75991434252556, 29.48384723689035, 35.484308539651956, 22.65477732181401, 18.15291056018174, 58.13534905317694, 15.810468982247345, 55.964090903890444, 13.120327684830597, 50.92612104422595, 14.50188092338965, 49.21575795843405, 42.068446037041504, 28.37203079367112, 38.37997391314407, 26.461990369180192, 37.908901240101144, 26.604145019891494, 39.13316879514374, 24.379035396282788, 9.04900238233566, 56.3294551241721, 6.2082506785975085, 52.48896102021375, 43.01931892251099, 52.35078285827303], [0.0, 0.0, 3.2115642717777386, 11.173383791628085, 8.385907710917179, 37.593288153033875, 18.838604696159102, 36.20292797312514, 35.503265400039126, 27.083977700122045, 37.48792994746414, 47.044313845615406, 25.512105968435094, 40.58945622140659, 41.15852618449611, 54.752426466250725, 20.418908446167823, 35.88831036635305, 31.693913101433573, 27.443227348744323, 20.46033101429328, 50.58575809686781, 17.20746199993034, 37.172443769424504, 35.7644614458841, 29.479003627674345, 35.105858479541645, 54.09398188417339, 18.3561099883252, 48.618493937367205, 36.703812289250486, 32.801377830096946, 33.67953412321136, 30.96494343354116, 33.51222861997348, 55.752498786209166, 13.15610974932171, 48.34034107662224, 35.260772625355884, 27.269436977050233, 28.893848569377084, 49.653226906250204], [0.0, 0.0, 7.68922363226463, 6.0566357116491645, 25.402100468437972, 14.527507233156165, 19.694299850311374, 27.89311231785973, 26.915998868594105, 43.00432323199564, 29.653466542870877, 47.484913106126875, 25.112993870565198, 53.210139742175194, 25.377938220431854, 50.72866671708411, 36.51916414785544, 35.961318214542786, 32.51636347111003, 33.15691603831802, 32.42825214451092, 33.6625088643272, 32.41597321711149, 35.697529825535405, 34.24715553891861, 32.86572448520978, 35.65876726048451, 34.784168385035386, 33.95158883486588, 33.1481901898609, 32.19656407024501, 35.99415589179927, 33.71828692242675, 39.992720158909876, 36.03564679152524, 38.67169032650992, 33.98331928833273, 36.11695827309063, 35.2834152428607, 34.42298018629825, 33.83453543130181, 36.18175971123522], [0.0015606859869200245, 0.0, 0.38975033617225596, 3.3121872724416916, 22.029721289434125, 11.421609966951614, 30.384103927171097, 28.444723999213803, 36.47713189152398, 17.177007804565953, 24.748116492280737, 54.57818468268369, 19.174646827854236, 57.030055081225846, 20.48321008172724, 38.62866861644572, 40.89581740000064, 31.877337175472842, 36.97061007564629, 24.06578870839801, 37.95862865491861, 27.472061444493914, 20.096033247564296, 60.51171660611982, 18.092551236032627, 58.193376997109745, 17.212989192995035, 57.776024976542494, 17.805940925252038, 55.07717563726057, 15.129003516690558, 57.81479158693422, 13.790899701833522, 60.02538682427797, 16.060300377504927, 58.60509522509281, 14.465467701807881, 53.520167435601245, 13.786758923249618, 54.00971995813257, 11.49465713421317, 54.706276554639885], [0.0015606859869200245, 0.0, 0.23189133976589757, 3.3469534962689216, 21.89779280652925, 11.433535941626683, 30.06011620269341, 29.064033489992788, 44.93505263817084, 26.912318864526732, 46.616398717364376, 27.626651924240427, 44.40023497976083, 33.793988090128416, 43.54306806450046, 31.567707080681178, 20.765689802495714, 51.78149901911045, 15.10236897239197, 49.722446944455086, 19.459258575116976, 53.124425631600786, 21.472662180710078, 53.36733252078861, 20.95168982813419, 52.339600132431336, 23.148280933725356, 51.080820572671904, 22.50931029830139, 50.51451694008251, 20.335077622064436, 52.629082988959226, 28.05660914531442, 30.5333661918439, 29.761805744120604, 32.046766403275946, 31.412783415782293, 28.916063799648214, 31.681407750992424, 30.213839277754843, 33.66590795615886, 30.96280828944226]], "deft": [0.0, 0.0, 0.0, 0.0, 0.0, 0.0, 0.0, 7.261603415672616e-07, 3.957910251123257e-05, 0.0, 0.0, 0.0, 0.0, 0.0, 0.0, 0.0, 0.0, 0.0, 0.0, 0.0, 0.0, 0.0, 0.0, 0.0, 0.0, 0.0, 0.0, 0.0, 0.0, 0.0, 0.0, 0.0, 0.0, 0.0, 0.0, 0.0, 0.0, 0.0, 0.0, 0.0, 0.0, 5.197566870545325e-05],