{"initial_violation": ["collision", "destination", "optimal"], "initial_duration": 34.66914129257202, "subsequent_violation": [["collision", "destination", "optimal"], ["collision", "destination", "optimal"], ["collision", "destination", "optimal"], ["collision", "destination", "optimal"], ["collision", "destination", "optimal"], ["collision", "destination", "optimal"], ["collision", "destination", "optimal"], ["collision", "destination", "optimal"], ["collision", "destination", "optimal"]], "subsequent_comparison": [[0.0, 0.0, 0.3390408788796579, 0.701379223622861, 0.3825730385072212, 0.8638264101117104, 2.1198126098072296, 6.042912102812002, 1.8632857059216867, 2.6133170875818705, 0.4753994084083048, 2.3819846174922117, 2.0750281802304573, 4.469874365415446, 3.966564965832986, 55.2966020638677, 33.69335583372193, 26.489076509037517, 25.722663335811305, 28.92928420220275, 27.32950616420813, 28.805819078376267, 26.744104727052928, 22.07252428869848, 1.4534485887993611, 0.7353102737182906, 3.46652680780577, 2.1048796503390967, 17.905987108992097, 26.8353822828377, 25.646825708950267, 23.011347231689097, 26.31270500440548, 4.080140176344487, 1.6344609680094309, 0.6731926197589461, 2.3077377953911546, 27.749383187045616, 26.632856472485493, 25.572495675625813, 1.7702827584783833, 1.2919169857377508, 21.765390176272515, 20.861318867758616, 29.446251860898887, 1.130571086682881, 1.2632466935988467, 23.650903093256698, 1.5576826009157854, 6.389097108083181, 25.49266063206759, 21.134002445015348, 30.314444602055353], [0.0, 0.0, 0.1438531922346434, 0.2736181984941446, 0.6056336100698827, 0.8680584711159253, 0.16448029978378015, 5.907445001049247, 1.8547452170950451, 1.7761908695673565, 1.4334767124129641, 1.3166523326835424, 1.3814603649062622, 1.5513367270178338, 1.253363064017616, 1.2404953950255166, 2.0611654300203446, 3.513333614159902, 6.2822796500064335, 4.42040610103472, 2.744386301227335, 2.402975060702058, 1.8896511398621982, 4.6611858439918885, 22.545451401679006, 32.647414876195896, 24.410596340915646, 26.290861151730315, 16.481154078569627, 30.057459989563377, 15.24594003281018, 31.532153073531056, 15.528375360156911, 32.3245189931538, 15.667968095989435, 30.994867544031134, 14.350186055751418, 31.27010113787702, 14.833163169399077, 31.14021078954826, 10.061342772161158, 29.01200292963853, 8.106089168874782, 28.153916205950942, 12.246608814347818, 29.974343845402682, 9.502965656393533, 27.339240717991277, 10.842326473343226, 25.754080599386334, 10.306153769668146, 25.038723223210898, 10.32170048065125], [0.0, 0.0, 0.1824207288148884, 0.6380954361530232, 0.03936954026140737, 0.8594121770285983, 0.13730311460979605, 1.05107571968317, 0.12439998616858973, 2.6028439944233868, 0.843190373091823, 1.6473797777230659, 1.0322817969079443, 1.151911554045185, 0.188291178844267, 0.371894091530558, 0.5309723100073459, 0.8468221261778612, 1.7870418154930343, 1.5467663284391902, 2.429310898834948, 4.482830920578637, 2.6460900020945566, 1.662154732998041, 1.993212775016056, 21.121902125767853, 31.4315193586921, 20.950187559952777, 21.080610822053828, 25.000128574153827, 28.939532235060216, 24.68635824482132, 24.1795714533484, 26.009051866624766, 24.295869994156998, 27.9866250078316, 23.734505804929153, 29.095100499838875, 22.820318721931756, 30.2396485148019, 16.504615293915517, 28.97512895743874, 14.303895664619075, 27.23404490770761, 18.574519217335233, 29.37402189248649, 16.684844728523895, 25.631707727168898, 17.5866262416392, 24.456746683164024, 16.333945559096108, 23.648034320252407, 15.730610470816469], [0.0, 0.0, 0.16561382449503181, 0.11413734081579024, 0.3372951118805356, 10.048418322832879, 0.7336789753392967, 10.659751360728576, 0.5007108803557567, 14.690202774989205, 0.15812546210312622, 15.540639989024509, 2.075763301585578, 16.71120583626654, 3.3984481347291045, 20.524421119735102, 2.6872455102482697, 18.22579700042299, 9.070556539943235, 14.899663365950683, 5.4151728964372605, 13.340731056455619, 5.6106541625622794, 7.647346779579879, 6.412638107328968, 28.67084303903846, 12.68478010827905, 24.86895405039445, 14.359965702339, 27.89664221798978, 9.604494782444593, 27.216831262222595, 7.4930094610738545, 28.283162111697397, 5.851527452045042, 27.515040843304465, 4.8929650801306765, 27.413050513847274, 4.025470644168932, 26.73142437304398, 4.709354955483872, 19.922250867004887, 3.7680924023763276, 21.32287713231033, 0.11855637511245382, 23.35284035031661, 0.8376303316249476, 20.11545761387393, 1.4918776126230167, 16.645702942310912, 2.5918560546370135, 15.737603056656987, 4.056538084784472], [0.0, 0.0, 0.3675563320426616, 0.03562556026266864, 0.16317059419382285, 10.077929149059036, 0.699859219536831, 10.8315840040363, 0.7500260979288547, 15.181620029255653, 0.34328426789861965, 15.669526473775921, 0.25051458614705135, 18.34660187293549, 0.5014561334394669, 21.999960137926845, 2.2509336005496845, 19.03823685871717, 6.715017859244657, 13.006385183090561, 5.4309162416017935, 9.255943046268621, 6.60018881046229, 6.832542848360813, 4.645488459542704, 10.541136950220013, 5.593264873644665, 8.110433759525844, 15.332395452201697, 29.834582373558998, 2.1603822614709456, 13.056020683985539, 1.269765070533503, 14.638116887479484, 1.1674439939463501, 13.410074683288503, 0.6911456662051344, 14.406723287962786, 3.4793910774159627, 15.08041604272946, 2.7377872458873744, 13.29008187235838, 2.3252212886685313, 32.49531824516581, 1.118000674079852, 10.791793466980437, 2.017234072743189, 9.053065061252694, 8.02357645102686, 26.813663131055353, 7.6958139354872985, 27.069972331245065, 8.90842017266318], [0.0, 0.0, 0.47238165707617297, 0.4568896522450875, 6.323055154656603, 0.05655866295976208, 0.7284634033015529, 0.05207255785157532, 0.7117155327505666, 0.5041376572446686, 0.3728915080938087, 0.1767787989651911, 0.5517411650170521, 0.536211291452296, 0.8249266826186923, 0.530544675887841, 2.140965530267669, 2.344571846959854, 7.658086126743153, 1.1784355272143117, 3.3395057507334704, 1.4203978183949622, 4.812537625322484, 3.5313952089054252, 6.484661607925904, 1.414546126701001, 21.641813504392612, 25.619709073257752, 15.764575661691625, 28.70815657635018, 12.798369460548626, 30.46477363327105, 2.006984250531577, 12.301873016233124, 10.324438037037753, 32.17080825038801, 8.20395382796029, 12.8467355317211, 5.83734091531464, 33.069300313009514, 4.391433307255652, 29.792122799528684, 3.8639913109386455, 29.139467484109097, 9.784946963007632, 29.738634056060402, 5.084744340874793, 26.612012507892846, 5.766667090284501, 25.422055321761146, 4.910406785450507, 25.094653291540084, 6.041245687358961], [0.0, 0.0, 0.18049166039445982, 0.723320758582433, 0.6163024215562332, 0.1369279786057654, 0.07413180216853789, 0.9085653704998187, 0.4538552630411446, 0.15154569518328068, 1.082633180289245, 0.5290560288685672, 1.0324599612363963, 0.7144886803637682, 0.35424000036217074, 2.03203313459447, 2.469752108347645, 0.22227081057404313, 8.010431903250883, 1.6888790137879401, 3.842904582653004, 2.481077215699909, 4.027816717281204, 3.0733750850293085, 1.5794318643244607, 5.039293920111522, 1.7132205812060737, 3.4888212836710633, 21.933061094390645, 26.63975493716954, 0.7493379671871514, 21.646790711485874, 25.48015040789262, 22.321772673657765, 0.5591702099297456, 7.913858627465922, 0.8910299477186893, 8.142359635273559, 0.8813659016062982, 6.83048002631112, 2.094977551974822, 4.798641694278333, 12.71976264520961, 20.959070087000335, 18.68700276298918, 21.802911775964787, 18.97877002154605, 7.585334620858622, 1.6322204566029719, 4.316844447006553, 2.280324171250152, 2.5614716536575943, 3.4537298866801023], [0.0, 0.0, 9.941992971625657, 0.19452837267486225, 10.085517502050878, 10.308654821490935, 2.9938221512384167, 11.020604008216996, 3.4945139958613356, 15.59349564683388, 3.9663523359586983, 16.73763593556042, 2.4116073623054635, 18.32863895237275, 1.3908149174659963, 22.37437469558088, 1.9858278813807229, 18.59941139872668, 9.664599496931881, 13.139999862848976, 5.925334845466406, 