{"initial_violation": ["destination"], "initial_duration": 72.16963028907776, "subsequent_violation": [[], [], [], ["collision", "destination"], ["destination", "optimal"], [], ["destination"], [], []], "subsequent_comparison": [[0.0, 0.0, 1.0282000993566056, 0.4702645708516974, 1.1823629628164216, 0.5809524020402346, 1.1063469040417875, 1.0205469695009894, 0.5564283870317245, 1.8700754585708734, 5.520549010987139, 26.83089606979846, 6.408810637926169, 27.23931752896817, 7.82685603819392, 28.34621905977858, 10.476021075982933, 20.72330390828494, 21.465653832640516, 12.926917019103287, 3.4866563342186887, 1.9503693815303205, 8.231484602095492, 18.813844567234206, 4.33862999330236, 20.37024531277015, 17.995559845987472, 17.766140640065043, 17.465490016319972, 9.442439870357541, 4.627869214880514, 4.042478031077683, 2.794597842476776, 2.9222221834807693, 1.6090135364528455], [3.4659742770864145e-07, 0.0, 7.647065689204455, 4.702017180172251, 16.641753192862925, 27.25416350483671, 17.740375397772347, 22.404732863828965, 7.478029285457915, 1.4590227924429306, 1.4599377104520388, 0.27872133195861787, 1.7905448983987193, 2.0313096876011314, 3.6173599835483126, 2.57064507398248, 6.556765775623627, 3.3202152641431164, 8.123956003153044, 1.8119494354040164, 9.508114128218747, 1.904625193692151, 9.372544801711818, 0.5208192792677562, 22.423676357906825, 17.998494251066464, 6.767691244116242, 16.84416500174579, 13.953387803319037, 10.129307346756883, 13.354403899509755, 12.82520867955256, 10.714238289034368, 12.856939403985239, 9.892630178592311], [0.0, 0.0, 0.8137860629589653, 4.8777467987304695, 4.261592941334872, 16.10029813905678, 28.575784812378604, 2.3430682904222695, 2.755366788964714, 8.747080264332126, 24.453573880032483, 10.960052146956201, 22.826752509027276, 13.315905486924136, 24.527357863874133, 14.750988907095097, 28.822202601245376, 13.193366344051237, 35.33190611337536, 10.083658517513609, 21.556201824928216, 12.974794442875405, 22.55464820267852, 14.744192511654084, 16.64095754608658, 7.906109618308288, 6.706562082238122, 16.124709171283705, 12.615024396692283, 2.8717981573076967, 17.78407526820625, 3.134971576144333, 1.8994292813479194, 18.46202946439457, 0.7767369715644503], [0.0, 0.0, 0.43761037052673984, 4.805703604351435, 10.189325110996627, 11.428974884221674, 27.61726173791164, 17.695607637904043, 12.55175366127672, 21.11730172324243, 21.24646325899319, 24.018186344805773, 19.741860015691582, 28.718881518688782, 20.99392391497375, 34.00921963065078, 24.113345845148174, 42.84149793700553, 29.16361508219273, 20.925406295751056, 18.45460695077738, 22.916550916738768, 19.689736464078745, 23.676733561794894, 16.675501361859304, 8.079091209360826, 56.93084537294896, 57.3229432178243, 86.2732864725419, 94.62095309098326, 99.77912454434943, 108.1810490984268, 112.68235567561268, 118.95760166979802, 123.05147924255003], [0.0, 0.0, 7.647065689204455, 6.7856781762972656, 19.546467388387214, 10.21024460132497, 45.69313541838501, 33.073549062740724, 57.98169620759398, 52.35213308713474, 81.2793757001493, 75.1888521685255, 104.97597346073967, 98.73583215371751, 131.3742530509983, 125.32634764083193, 162.9753464305279, 157.7300546568621, 200.48814486809454, 197.817190299087, 214.96211570312045, 210.40465817452989, 233.1774695186289, 226.69490874991263, 247.43054280233565, 239.38597779447966, 285.53460571014716, 285.9092539943225, 310.17743559497364, 318.55834974395606, 323.7613576478135, 332.00262558875, 336.1820741258338, 342.2320485440015, 345.9891214272775], [3.4659742770864145e-07, 0.0, 0.04480249181551462, 4.933858459137768, 10.579185500781142, 10.811362749669897, 5.406452608014342, 12.08320866025003, 13.564576344459534, 23.553047172465, 22.510618162835748, 25.718716726587346, 22.114094899827716, 31.117382983623177, 22.38086774524043, 36.98163176599713, 26.317741827737795, 44.61517074990551, 31.190703905823337, 22.59600475957924, 19.533533563346733, 23.476830705808617, 19.01578439309933, 26.251802052341002, 16.749541303910664, 28.378670142405937, 4.475514096008716, 16.953221741029523, 16.827272034462048, 5.752376602215102, 20.305237551095498, 3.0946732866605275, 21.895051682726795, 3.3174259298570914, 21.506467824137157], [0.0, 0.0, 0.4477995843571723, 4.882947310040503, 10.45880281136036, 11.244865913939897, 27.809333582273073, 18.192912414349813, 17.571571619327795, 23.287992090990368, 21.377862053308753, 25.015512607359028, 21.11448496457981, 28.71171930429458, 22.649845848553333, 32.91728790595269, 24.913786757628163, 39.08237276677813, 30.252072086390775, 20.055794467558066, 19.98322141510296, 22.934097640102678, 22.14053461738732, 22.876180937474988, 19.1271199178652, 27.983450556412517, 9.477189127659825, 9.085867151811973, 25.83150672001958, 17.242661464034796, 11.601607050685582, 2.7143492856819673, 32.278964515810564, 25.54937459490539, 21.158857116215803], [0.0, 0.0, 0.038309153229111076, 0.6682565492777044, 9.88051279354566, 10.81107859311726, 4.607396801139092, 12.242156856955896, 15.877974837734417, 5.840772195598511, 16.559867567500746, 7.036852630672583, 19.581159465407477, 25.908119993515598, 24.989896311604788, 30.36172617001315, 29.570926552426513, 35.07393256101191, 35.98137876135923, 10.962968837489507, 7.364194113912393, 11.75402645376614, 5.079903274009575, 12.818524471418563, 4.83109622822314, 8.311986962535393, 12.305752322840075, 17.36290699107725, 12.224170674846373, 16.08152332413682, 8.998379699735374, 21.189171938959255, 5.070841700644382, 22.885591412150852, 5.270959876422262], [0.0, 0.0, 0.7571854552816684, 4.925777357664386, 0.5697618083203504, 10.534748732987651, 0.9794900204097798, 1.9541839026476318, 4.303593283703349, 25.839263241393727, 4.570295205343016, 25.969743918238645, 2.6863919926765054, 28.23817630467574, 3.2592058397164188, 29.55525026381886, 6.259699938494884, 21.94966222448207, 18.73772283670045, 11.254085716315052, 3.439101163211744, 5.371982296985958, 5.372080671736778, 2.213527665169547, 3.1057517073089618, 5.067853966345468, 2.8883436348829004, 8.346426223264503, 7.145482121614226, 3.8190887825905366, 11.219449999969079, 4.8730316623374135, 14.953207758523524, 6.954748290690083, 1.4077239766808192]], "deft": [0.0, 4.744356992622367e-06, 0.0, 0.0, 0.0, 0.0, 0.0, 0.0, 0.0, 0.0, 0.0, 0.0, 0.0, 0.0, 0.0, 0.0, 0.0, 0.0, 0.0, 0.0, 0.0, 0.0, 0.0, 0.0, 0.0, 0.0, 0.0, 0.0, 0.0, 0.0, 0.0, 0.0, 0.0, 0.0, 0.0],