{"initial_violation": ["collision", "destination", "optimal"], "initial_duration": 140.23048400878906, "subsequent_violation": [["collision", "destination", "optimal"], ["collision", "destination", "optimal"], ["collision", "destination", "optimal"], ["collision", "destination", "optimal"], ["collision", "destination", "optimal"], ["collision", "destination", "optimal"], ["collision", "destination", "optimal"], ["collision", "destination", "optimal"], ["collision", "destination", "optimal"]], "subsequent_comparison": [[0.0, 0.0, 3.2391648085710476, 0.5974406895822976, 29.371312070335176, 12.405310145439671, 17.58701410841618, 30.28490784471669, 31.180322346619885, 25.6191296353068, 25.874587237245223, 34.37484080870266, 20.381358836384987, 5.0140939188511116, 1.525565538502326, 0.33987561293637714, 4.415882068683977, 2.7374508935138344, 28.960126418812532, 31.688722555220046, 25.17746064989215, 34.6219212462698, 19.854373891112704, 36.72443560650849, 1.8084115835394892, 1.926202933943126, 4.8416516498519915, 7.425269589525703, 8.036879295982295, 9.0432186727623, 28.43789531505318, 35.84899739832957], [0.0, 0.0, 7.910578890474002, 10.569491874943521, 18.696480465235215, 11.715283067407857, 16.911649711136373, 7.155419051303471, 2.0400219827856545, 16.703977020904027, 8.62839847106145, 13.018800654220833, 27.878018538818537, 21.105977184087973, 30.557710293294587, 19.458693467052733, 31.53221724700821, 16.65503082815629, 31.73480134582562, 24.207454705950987, 32.692517988235956, 24.54753427459024, 31.713219365754103, 24.40946327312354, 34.946713455756225, 24.957282584757415, 37.82822563999591, 25.90865003667436, 41.101596204999886, 27.792626223760198, 40.06161556720117, 27.67688502748323], [0.0, 0.0, 7.849542387588819, 18.707813639321156, 14.879415344422304, 9.387846285791843, 8.670625626315356, 19.65979715236133, 20.195417949579017, 7.370163596730131, 3.1438449080143807, 6.279333852369075, 5.316002987424332, 5.124036846012435, 7.339401408331145, 4.983386082888377, 5.998488124024388, 1.6464755717482522, 8.62794504215138, 5.928108610870514, 3.1258076176410183, 7.226809044985292, 1.5055594582464158, 4.9230032346396015, 2.7697783300950696, 7.9054964717991405, 3.706172160420288, 18.275404239554152, 28.951333341950793, 18.656327071020094, 25.176554825894925, 19.918016988770358], [0.0, 0.0, 4.88587842620527, 1.2268223773084095, 22.927004175138002, 14.32152332646209, 20.149322280985338, 19.435058725244797, 4.3847191681338415, 5.771084755081105, 7.890825740612903, 0.10546885676265695, 6.413938960616746, 0.8434544145423213, 6.35089376890098, 0.742857255489312, 3.2777369543445993, 11.365350303081525, 29.38138359082242, 14.428819612066086, 29.546757550836848, 6.631670985658468, 6.648220404442903, 4.618351188390973, 10.389378289622307, 5.30828172363783, 9.339329259922295, 12.64154325187383, 32.99406505598628, 14.498784670049307, 27.96904553508494, 16.896754037917518], [0.0, 0.0, 0.11061926964759232, 0.10742037920650356, 8.062415595728961, 0.48049044443450306, 0.21430661720670358, 6.641088754796411, 1.1936253058818964, 1.1323850307642114, 9.145509884190202, 0.6283799384540396, 2.6216165487504424, 1.0283275394338354, 6.044903634425279, 0.21859012756916785, 1.0580202008025728, 2.9961504871441935, 28.622401478567127, 23.381475290831432, 28.985648061714038, 23.133985763283487, 25.13766788089983, 24.690569307144006, 23.79571987497815, 25.684894269213792, 23.769301289170006, 25.649374010510314, 24.66410330320642, 24.354796984578737, 22.583413122254687, 28.08032914715432], [0.0, 0.0, 4.943433952684415, 0.2618376720799386, 7.809384302004859, 0.21070053920465653, 5.7072408966221095, 6.625129372294106, 24.67433434414877, 22.990907126637065, 28.779243537104975, 27.468593094622346, 27.98387045709566, 26.40256641490927, 25.67873657914821, 8.122418342799246, 7.519304835280707, 8.938816339124326, 8.550322914999557, 4.005511814728546, 5.6911312110255885, 3.4985910258651223, 6.006046125562285, 2.591675074436511, 8.648299060723087, 1.4586470630382589, 8.03568188995319, 1.2545985889999034, 9.035629389047159, 1.8087741315174037, 6.819843037287702, 5.174567856887311], [0.0, 0.0, 0.22257786505085075, 0.08557320101503732, 7.819162717462889, 4.896789040175276, 0.04492331056749435, 7.103408071410536, 1.2315684828358977, 4.842009558270091, 1.3757491429327449, 0.04488789863767877, 0.42319451341430087, 0.02156340086352354, 0.8856993211656597, 1.6475473089926962, 30.946990855238514, 14.915614340513814, 28.664424604466532, 23.486514575534958, 26.179677947154886, 22.56232893616829, 23.48637729890944, 23.72905908995776, 22.720215569340173, 27.171195394803227, 9.367720008172412, 0.4426760207397175, 8.215923535040188, 3.771956789443504, 2.2384008213557998, 10.083154511478131], [0.0, 0.0, 3.0083949030729698, 0.25773261025219435, 8.195102120281168, 4.986450411998873, 11.082361000144356, 0.9426574789732143, 42.4811315050699, 14.576375867294825, 36.89936130660507, 26.177229563119397, 27.845387944952222, 28.644588502232654, 7.287489716629342, 10.802349852924763, 2.6984327524595555, 7.557288286264385, 2.7533162349638833, 23.761037681096433, 32.673443474196695, 27.47925936941311, 27.483084409823313, 29.59618829764447, 26.07909786743678, 5.899907018081464, 3.290355445343054, 2.23260657516897, 0.3710000087923286, 3.5530881343955656, 33.92800319672575, 30.633281306892176], [0.0, 0.0, 3.3953594931058224, 4.8952960412255955, 34.04993485122279, 13.542768948194583, 16.778858381701298, 31.354988434843094, 30.528516245692643, 24.42469848097295, 29.172807812871117, 37.362079786673625, 0.5049878491532491, 10.875418261588358, 3.3809558516658424, 6.3655168410655785, 5.051785513515095, 19.649654325473996, 35.04651389480398, 31.41259430572137, 29.656097425830094, 33.84722706731109, 0.5733864062249979, 8.926152130648235, 0.0756097036999959, 4.231697485739871, 2.163897587225145, 0.6262766466310522, 3.3727152250019805, 27.43076959676596, 33.96430635275707, 33.52873408865984]], "deft": [0.0, 0.0, 0.0, 3.0388930557519886e-05, 0.0, 0.0, 0.0017576273539624972, 0.0, 0.0, 0.0, 0.0, 0.0, 0.0, 8.592763295629461e-06, 0.0, 0.0, 0.0, 0.0, 0.0, 0.0, 0.0, 0.0, 0.0, 0.0, 0.011065685784292009, 0.0, 0.0, 0.0, 0.0, 0.0, 0.0, 0.0],