{"initial_violation": ["collision", "destination"], "initial_duration": 26.380926609039307, "subsequent_violation": [["collision", "destination"], ["collision", "destination"], ["collision", "destination"], ["destination"], ["destination"], ["collision", "destination"], ["destination"], ["destination"], ["collision", "destination"]], "subsequent_comparison": [[3.4659742770864145e-07, 0.0, 0.8929830067023364, 0.008787094836428961, 4.240750833927189, 28.305129284475964, 7.251221548186409, 12.674465911207797, 18.69173879988253, 22.42950898749245, 18.122725850561146, 24.321383532256746, 20.633662271853584, 24.472085394784155, 26.778132773478557, 27.43357868768701, 7.644041439547367, 28.247571756664374, 2.9921635666374193, 9.945543065450414, 10.942772411569106, 19.779673796573313, 15.15416439340728, 8.558612475187745, 11.19704443476364, 8.813170517840431, 9.585951810748172, 8.220395157586008, 6.175895873156831, 10.862045977072263, 5.827832158118438, 8.801801114524524, 6.988841708288496, 16.50853449227121, 7.451867355561632, 13.981603356531789], [0.0, 0.0, 0.5546363568572265, 0.13506723287648267, 6.438140538282955, 0.5615219435620438, 0.38775366170241204, 0.1530794973418639, 3.1096921733735794, 1.3719010705247883, 4.183690611479383, 14.494111221412695, 7.502787180952982, 15.561352773076056, 7.5365485923697095, 21.441909647682444, 8.63617041438281, 29.09141427469268, 3.9224493421742848, 10.331829196391658, 2.4519112126129694, 6.072573703147112, 4.974850938672296, 11.844803673060712, 1.1130910918513797, 12.572064048175564, 2.125258689127, 11.141409971654964, 3.4518229296928307, 14.40713106736354, 15.110493601243183, 16.423165353119483, 1.678389184292256, 20.341166938896315, 19.128048925962663, 19.482587829503938], [0.0, 0.0, 0.7149986864805816, 5.0677579625700435, 6.293160290210668, 0.6230209905111248, 1.968159744374281, 1.4929060286380063, 2.2913117312796727, 2.2194094599955214, 0.40981030841451327, 0.6137863936326504, 2.0433115426957413, 1.4005692434823784, 4.297849127105266, 1.8750973282631653, 6.790596540047481, 10.673590466874042, 7.270028198667037, 13.52762442610596, 23.005873670045947, 32.026414675760385, 3.5942687229058086, 2.153261984466278, 3.709731035102844, 1.2643575030066223, 3.275542107627305, 2.2724058240616456, 4.123010524466265, 2.064150469364166, 15.464575928938684, 23.82549479062864, 2.0634896289191333, 1.9812923773537776, 4.398062426216171, 15.41426512292405], [0.0, 0.0, 0.2218841378576691, 0.6293631499548256, 0.18292228162804222, 0.8845926132377729, 0.1283867677243368, 5.938550837255421, 33.84736124448882, 16.663060213582643, 38.21167715723311, 17.089942397552786, 40.35671242314186, 20.272428452678437, 47.12377285255485, 24.804736000300977, 56.229779784032075, 1.169817987824036, 0.6372862599565318, 4.46480759344364, 1.9615457551389004, 6.92795051143434, 3.6211866407257887, 3.136088388435521, 1.601294995977125, 1.600082604176551, 3.639085131831787, 4.905262742115688, 2.3802482274857586, 4.734969531326715, 2.5109616795792116, 5.425487706917428, 7.170989841326805, 4.94945511512137, 8.347530162718707, 10.915973715662162], [0.0, 0.0, 0.3654023828705554, 0.620467352731668, 1.0814838631355543, 0.8959518711433601, 1.24810522754519, 0.7712363721157889, 1.05428648777648, 2.1006268086532436, 2.214548711159126, 3.2687930430711405, 38.958700208295866, 22.81320585953206, 44.7573284579505, 27.37628355749456, 53.778261800175585, 32.672532127450836, 31.092094840230434, 18.081502438541605, 1.8912035422028426, 5.552459682658168, 2.619100883075614, 2.883626043356963, 36.481067203871106, 19.66703720258178, 33.17308526198255, 18.60979874833719, 29.34666192503271, 21.169487604146724, 24.784402734687927, 15.74881211548785, 31.495793188076625, 21.96184530175298, 31.67469174440618, 12.497933543595758], [0.0, 0.0, 10.317479725854222, 0.2949243438901229, 10.982304673984116, 15.806154023086885, 33.532751913508434, 10.734550456080079, 34.96546968972118, 21.83660150058138, 40.42617906653791, 22.019688901484418, 43.073676019064955, 22.660046899312917, 51.710041825893434, 27.629731647631488, 60.28675725023751, 2.631773164651676, 3.3709043873099644, 6.719983952277096, 0.6762509903954235, 14.483273271835673, 3.2502991312189553, 12.165701980521748, 1.7967067952499307, 10.187790348659155, 4.068353445945326, 12.990700615011884, 2.5539973793369453, 11.973018040292045, 3.622633950174024, 12.066032553196733, 3.917461347703797, 6.538535355964476, 38.37101691153815, 19.24184572363444], [0.0, 0.0, 0.4876406016973737, 0.7313697186241568, 0.35273345403570266, 10.562226631550823, 0.7788156138564307, 6.640696718908082, 22.988848943518455, 17.73087146004304, 23.48441406776597, 18.019766573289733, 25.446969038724436, 21.20834351426064, 29.899155687004168, 25.708265293679347, 34.942245447444954, 28.420010991824906, 3.8213200790549617, 13.306302752464225, 4.888892950242314, 6.071012975197227, 8.482439308667782, 9.70532486703187, 2.1129441957270747, 11.437234517993481, 1.5974778923275774, 11.350344741350002, 4.020916341368474, 12.817768773768677, 16.081864869448562, 17.860076181477837, 2.117064355725515, 10.290647073281484, 3.508294646416575, 16.086951969470142], [0.0, 0.0, 0.19167624624273483, 0.07576155305443143, 6.465120361746722, 0.676834717985881, 11.020103930464666, 1.678902974456809, 19.09602842928123, 23.47811137534397, 21.284277070353046, 22.549291197536952, 23.558686210444407, 22.827181248881367, 30.249313308015285, 25.15717123637395, 36.57442894948167, 14.796692525538475, 7.515249450021366, 12.005372049031294, 22.852106765907703, 11.474015134240007, 10.924282087836968, 6.573063149812793, 8.773378505987267, 5.16712972645746, 8.521588067507663, 2.336354132260529, 10.802467537088981, 2.0294192487996843, 12.148561098199886, 0.6668996962011171, 12.841920163715944, 12.275363798769144, 19.904211297959435, 1.123724270461331], [0.0, 6.594146077566997, 4.750764677783695, 6.082641662251017, 15.972902304660963, 15.023606523865285, 0.3323885838332043, 5.586850396537245, 1.9453744218583857, 0.5204632060750629, 3.9206855183698086, 36.6478791322085, 23.31404317058927, 36.72558645189275, 31.598914368984385, 34.71464877947786, 4.010677754889024, 10.149186099245705, 12.427406388907038, 20.947833001410366, 2.109730942950479, 8.471577072328579, 8.724870056254565, 8.263086352296547, 9.839390541885916, 4.976461787208877, 8.49370539993814, 19.074498983789244, 13.474604718442096, 17.96657967374111, 12.822000389499605, 11.856078724671717, 12.28838036041543, 17.39123856586381, 19.406386208839233, 11.002750136002806]], "deft": [0.0, 0.0, 0.0, 0.0, 0.0, 0.0, 0.0, 0.0, 0.0013086388578828238, 2.5366888450832297e-05, 0.0, 0.0, 0.0, 0.0, 0.05815893020161365, 0.0, 0.0, 0.05498070314438795, 0.0, 0.0, 0.0, 0.0, 0.0, 0.0, 0.0, 0.0, 0.0, 0.0, 0.0, 0.0, 0.0, 0.0, 0.0, 0.0, 0.0, 0.0],