{"initial_violation": ["destination"], "initial_duration": 36.05133318901062, "subsequent_violation": [["destination"], ["destination"], ["destination"], ["destination"], ["destination"], ["destination"], ["destination"], ["destination"], ["destination"]], "subsequent_comparison": [[0.0, 0.0, 0.09737233327198042, 0.10050836565508003, 0.24584384930067457, 0.13950858549658063, 0.11215278757832033, 1.1117431838760203, 0.060910820285733636, 0.8529440955610339, 3.3346905250940906, 1.1446354873471698, 0.4314879635643561, 0.24372509174116966, 0.4808502207542007, 1.3974358196726118, 0.47603922836597956, 1.5673507449712534, 0.7077726386090053, 1.3621830168651194, 1.1709103720027865, 1.064614723849485, 0.8536252919491017, 1.210938696942396, 0.36805038479582197, 1.9352598063073179, 0.43810736248187376, 1.9035834742375697, 1.17022815160872, 2.530863840122289, 1.1869095226158508, 39.45266195820998, 32.16226940503749, 45.761201229117624, 33.708004094506606, 47.301482653334425, 33.14292110094248, 47.26449974625342, 25.746900028459226, 4.2183709104541345, 1.231953885292123, 4.740095026304112, 21.06855171745795, 34.74000388199006, 24.04771234066909, 28.7094408128302, 23.952227207871065, 27.930423729468902, 24.416083018654323, 6.766942744871937, 5.512394034501302, 7.95341211173199, 4.872109225925761, 26.745726304542256, 4.074920560085117, 5.26403573071931, 1.963759956755964, 4.205120080451281, 1.0873944923296048, 2.121691334327509, 0.9825334099712502, 1.7898227527024297, 1.6192652665720568, 0.7476206254195316, 0.8176944427956281, 0.4204399837839785, 0.24460276045794294, 0.9397373896267305, 0.17980958640849962, 1.0140716824871923], [0.0, 0.0, 2.2174401630938942, 4.614090978778893, 8.586346404540487, 6.937195301391708, 7.598808616569691, 11.280877630593372, 2.8677797613586633, 0.75140420650465, 1.1514322201000224, 1.9969565059201009, 2.3846266501320725, 7.615419086944955, 13.77336463443402, 14.969098395819987, 12.855800161360706, 21.281570743753683, 9.907535870379993, 14.81335381199936, 6.748300744511788, 0.8752665964178609, 1.0753075592214851, 2.2811431688796757, 2.7394054656649702, 3.5630858832284944, 0.9244362127336976, 5.31071183415612, 0.9387881546849149, 4.919901450359409, 2.679792208705985, 4.911380291089208, 2.069661700765441, 45.17322701467117, 29.711787100509188, 43.301727181122445, 29.888553236207077, 41.12702165327888, 5.382592550706523, 14.847455935441607, 4.691209402526625, 11.720079216764425, 1.1846491908452392, 33.56723795766547, 19.99014574739441, 11.311285713995419, 4.700597478364644, 10.247457114474262, 1.5148622349915004, 8.03506273498726, 13.456183482407878, 8.282771843376384, 15.007212612968546, 28.094756617635568, 15.411920241398535, 23.847356610544377, 15.078599710718967, 10.950840742749527, 1.5293449684520857, 5.967293603963217, 1.134997614676436, 4.160552194030611, 0.2784789792728671, 14.592823764790388, 7.948297978987463, 12.156119055244975, 6.342917488935354, 9.585148974842689, 6.3352560809094784, 8.900024153780226], [0.0, 0.0, 8.241333354685372, 4.640427724055676, 7.841666664293276, 7.84716760794151, 8.005253679909643, 10.40745929786203, 6.49422330330916, 2.5465499452599087, 3.5586934131596406, 0.9626697295821969, 0.7447353225683341, 0.2889005556433908, 6.225432947563232, 1.5933565765023106, 2.9959001650677317, 1.0573482249355355, 4.65091722244969, 1.1210530080413108, 8.185168250256668, 1.175869101085876, 2.33567348228452, 0.29672032112767954, 1.3073501040064852, 1.9609385403080117, 3.16705747929318, 18.902984757169904, 24.29893764040309, 16.91566714644889, 4.0410310217008965, 2.5113359429520097, 7.273193928937062, 41.58341731390903, 42.00601884212702, 39.337183980939116, 41.05459784968629, 37.103480769300155, 40.818696126964, 32.11125484366934, 3.003760825564968, 3.1399796136833187, 1.2018252842144026, 2.2667343602204637, 26.851350786835802, 26.92558020474746, 27.83291463084389, 24.452213417539888, 28.250461163803806, 3.7178347403062353, 0.27409255313352143, 2.509834038574613, 1.0285301444295585, 2.1074174485335955, 1.6267881151955932, 2.043755916064386, 3.917186273601905, 0.24901986718952462, 4.8634694165671855, 16.35384355101044, 17.8803859623813, 13.2635661818487, 15.503586341011326, 10.287806859583362, 14.33420953269938, 7.906570438700853, 1.3066174469372596, 1.9884361959189172, 1.7394918848997258, 2.373982234399937], [0.0, 0.0, 2.2897871550725553, 4.690578181559628, 8.588450094381695, 8.090161723281787, 7.68603033534159, 11.136806380172612, 3.0101029629312785, 3.1583361456672185, 3.82732076868596, 0.9591010493289157, 2.574739957037533, 0.21804567105438807, 6.895554454938103, 14.976229946075605, 3.3439955795959064, 4.440076117973856, 1.9173634407387177, 5.595680154304445, 18.41768277729924, 5.5373170272817305, 19.549877979984977, 4.430674715973175, 23.06513063465748, 6.477497573749094, 15.458981440344866, 15.096828603217745, 14.309259389882005, 7.839636340604446, 29.785793637793024, 15.246632876228455, 16.353087258987973, 1.255798426668396, 21.32292321387405, 0.20952488646468315, 32.729939221458395, 25.536700079474404, 32.49126469564731, 22.050392159419772, 29.525587191077637, 16.5911400457262, 9.111960143248163, 1.3993953799752068, 24.731283937596015, 15.787992313662292, 25.825542713069588, 13.952091666741381, 8.783031298486529, 3.764842878894768, 9.863607879725338, 1.5986102275120933, 11.342517487520688, 1.295840398399408, 20.817623535201424, 15.083477265784445, 22.644534650691405, 13.84709404202119, 21.659349441449713, 10.980190649958082, 5.001059833383222, 0.38940656686040565, 4.841717463610156, 2.349716899456271, 4.605985119004937, 8.451114407819693, 11.289815680449271, 7.017480682065032, 10.6096248295266, 6.130243759698539], [0.0, 0.0, 2.274104280379284, 4.674028990416424, 9.292506332814916, 6.684329875133147, 9.992740262332703, 10.497977084781754, 8.401901145779133, 11.142973367624087, 4.359425858701897, 1.8862634523328305, 0.9064050760707051, 2.150905093391601, 4.959081964489783, 4.414817256787966, 0.8992007630888087, 2.869726596821221, 16.070439204644828, 13.99556661550087, 13.166114781015054, 10.976754487910254, 21.079490892820363, 8.570278559438238, 24.607359417081383, 10.307492591904571, 16.181809788319743, 18.315476127569262, 15.972451262572658, 18.318480282370903, 28.811713606449384, 29.490748264932616, 35.752182681045454, 10.12576915358724, 6.141200612384105, 0.8043172819459357, 10.777802294424227, 38.5667568206322, 32.84945585467631, 33.994414638975734, 30.60317941064711, 28.176452622671807, 29.296917566572716, 1.6933230922740137, 5.3813955058542895, 26.13798349162156, 25.626025227158316, 23.247630488583226, 27.15291464618575, 20.982830827555556, 2.6955141039084394, 2.2678262321613976, 4.351993797792917, 1.330826003636406, 5.623350523920728, 0.6464405989762122, 5.649376621999275, 2.7588354162446027, 18.118703856914827, 16.126085932977368, 17.280147265019146, 13.60267817495711, 14.795768476061117, 8.996207365118723, 14.355362187471279, 1.3252370532973003, 2.666325198820474, 2.0196429341072792, 3.328364609793571, 5.5312673177511575], [0.0, 0.0, 3.1940837674104343, 5.625573879418238, 8.177279292995646, 8.191985489726095, 7.621421735998834, 13.254338786277113, 5.7157201661616615, 1.76770786812307, 1.8478751160359146, 0.31305269453255685, 6.5302597442149, 6.978375131062157, 10.382941425047932, 18.486871545704048, 13.642556237577248, 19.4950936920284, 17.37858495299655, 12.823587173416966, 11.624459598329876, 10.723556208411905, 7.211423545019785, 8.888941953485299, 11.70130205264907, 11.495072189352717, 4.8189732685922815, 21.137120514811365, 3.606837573486505, 18.472071649981313, 6.853972690054284, 23.711217241495063, 7.749842138110461, 27.868749338091703, 10.601931354077836, 39.67955031937233, 14.48469820134976, 35.96645444313627, 0.9527838755473775, 29.50397950851141, 0.814528443758066, 22.624152962795797, 5.939502105755242, 27.64242850427757, 1.0031804030397182, 19.11824197044032, 1.7899226016835263, 27.378564836042155, 5.818216034084153, 25.196702185531315, 8.141581332738047, 21.78635084150017, 3.5460394383909337, 