{"initial_violation": ["destination"], "initial_duration": 35.67939615249634, "subsequent_violation": [["destination"], ["destination"], ["destination"], ["destination"], ["destination"], ["destination"], ["destination"], ["destination"], ["acceleration", "destination"]], "subsequent_comparison": [[0.0, 0.0, 0.10783365579951705, 0.47007059043229604, 0.34982233817631364, 0.4746597525712709, 1.0803328374825676, 0.9235192904362843, 3.575977443082563, 2.691595433025064, 0.9168910930310576, 1.6370711613899906, 4.686182810891408, 1.5585645563440602, 2.71643957698174, 2.286197759679895, 10.752437402811324, 3.983143920368398, 26.206399519674093, 1.2798898928427822, 5.406488443605984, 6.910690116946705, 4.9119515883142135, 4.1801774094628765, 5.316095643831083, 2.243897507919269, 5.79314787406588, 1.5917893820040339, 4.126252525575121, 1.5505716760607031, 1.7094195551636326, 1.355452122056333, 1.6601354872210463, 4.64222089387151, 1.2046004742571366, 3.0840173487711313, 32.17275987545148, 3.2151594783386965, 3.7732471800015386, 1.6457565470180773, 6.160842045732454, 8.476922819804333, 6.074845415090412, 7.8451671821188, 6.160117697876313, 8.169300064382249, 6.536846679762852, 8.448251546462812, 6.126520372111807, 5.788369539031284], [0.0, 0.0, 0.0668056504350909, 1.9837482758383407, 2.454811988247031, 0.6653863633517867, 1.5235481767018313, 5.857993343808137, 6.845093681303946, 5.920123262597708, 9.807681025932355, 7.728046656473839, 6.3251752808224335, 6.978043897925733, 5.10922782343554, 3.141026980109095, 1.749784370362128, 2.297105788945157, 23.347991751661656, 1.6578043678288037, 4.917513473626749, 1.1500524715891522, 3.518160861072499, 2.829168050373635, 5.795622425837162, 7.020383298639507, 2.5997310061365084, 2.224902456817035, 2.509172939153782, 1.214642163503243, 2.517636302194473, 1.1106637582155428, 2.340016668640906, 0.8116804197326717, 2.196964811373793, 0.6124789912266971, 36.40324339811881, 0.5695521346960786, 0.9240548015851625, 1.4326027947921993, 1.9491869678005727, 1.6673242123220764, 1.4983679894677269, 2.4051982745037024, 1.6752721738339749, 4.742422603827666, 1.2031490190253804, 4.529196624344273, 1.0510103432937683, 2.9558717928732148], [0.0, 0.0, 1.1968221347351362, 1.9235043609967182, 2.5334766803722357, 4.677032545994974, 8.578632904962026, 6.323378600323169, 4.323388406032526, 7.917115152777369, 6.034407252799766, 9.877581819397319, 2.4263267834454303, 1.7230195942752677, 1.3042594116486468, 3.2554487333990014, 1.4264006918273413, 2.8563986492537623, 24.53645051180342, 3.434577336466136, 3.420829720758443, 4.575083668323732, 4.542440764392722, 3.318057259914064, 5.433919489241857, 6.874983012956681, 4.425673029513084, 2.4337443497935256, 5.059356885229215, 1.9206407081130994, 6.446338109605127, 1.5991430531922963, 1.809769379948907, 2.523023436910308, 1.9164529779091415, 1.475134454973171, 31.657510285288375, 0.4110012835984267, 0.7833732801323724, 0.8928153943741707, 2.623846325380773, 1.6447373928237459, 2.231565818760943, 3.377102255678995, 2.209109919204315, 2.8655040282608053, 1.769984676718484, 2.8322521905461198, 2.0055285453686116, 0.5602998717572929], [0.0, 1.876610313610317e-05, 2.2228073690856807, 0.7327905761282221, 3.5142399905425434, 5.670157739701084, 9.073506567991966, 6.7777137939654235, 5.365773523872408, 10.756231407148434, 5.74949261160069, 1.7202383506857966, 3.094982637354848, 1.6579742544244662, 3.8373863046491685, 2.5846486006491864, 9.78044473101825, 1.9167297582974845, 26.257986767848145, 1.6784233873060923, 5.310507459447149, 2.080250401971227, 4.361944578071659, 0.16685488945366317, 4.260723221516203, 5.5939084143054165, 5.2696096791710785, 4.020478177585714, 2.7419774931638488, 1.9734179376587142, 0.6048406028706506, 1.5804405228236067, 0.9942384420481252, 2.39313520436899, 1.2319442023602698, 1.5225370838118557, 4.5568232131052095, 1.0991543092693414, 4.1837636659444355, 2.9396491034319636, 1.1241139963884763, 3.7559450203382676, 4.948782579830292, 1.94115902082339, 4.574229631956027, 2.178767990097729, 4.662312977592535, 4.192005946285527, 0.36644572419334315, 0.34965233475662877], [0.0, 0.0, 1.21449251851858, 2.280790040260143, 2.8687411895027988, 5.032440632395491, 8.573144497571958, 9.307510746948461, 3.467334429977301, 1.1353023024254887, 0.7306325857776464, 1.7072227231944532, 3.7236660107227206, 1.869225370259464, 2.424231754121486, 4.605636907251133, 6.282735257292081, 4.251422285259557, 22.33970750379167, 3.7749668865969768, 2.4108387565769687, 2.927792642306576, 4.065048703364417, 3.3025471198866247, 14.55728230801052, 0.7392348086139958, 4.188260125802669, 1.3941088411127955, 3.344414965360043, 1.5870536159124058, 9.937197017696711, 0.9548177302014651, 2.80915498665466, 3.130461065018342, 2.4780536136557734, 0.3069120075417173, 31.54837288882915, 2.8087843546853084, 1.388750735154867, 0.585437166618709, 3.355721353494607, 1.5759928147360003, 2.5546900033034117, 2.833255914440642, 2.4641248284905446, 2.4639359275935, 2.4415710769490344, 2.162676046789523, 2.153317303292029, 1.0233601526094431], [0.0, 0.0, 2.138815276577436, 4.731362874594492, 7.388129240495663, 7.1203528279437585, 7.392758443586831, 10.265354350316002, 1.65319491172229, 1.150171233059023, 0.8198528703572312, 1.1038423873685614, 3.845721430431657, 2.9062507845586043, 2.346644283879724, 4.46537862183175, 5.766389484002575, 3.555606857949693, 3.136435804006194, 5.377822200266837, 5.039337510930963, 4.798457988374728, 2.8009950079663684, 2.7311917302002997, 3.5146193559118766, 5.774846495108195, 4.133680218137252, 2.0435004367098304, 1.294843668260653, 1.9743176122479873, 7.78545095545832, 3.7621822334923687, 1.6381242053142413, 2.9560967260581212, 1.249404476359667, 3.266211849736761, 2.928122729050907, 1.6244458164327649, 1.9475393055025536, 2.332662463618226, 2.453061962269357, 2.3839123432125087, 1.0571327690117052, 0.9261492107942104, 0.8427563315326073, 0.9668628739078409, 0.9495368337047487, 0.9949475721930081, 3.104597281845697, 2.8905574633516036], [1.876610313610317e-05, 0.0, 7.74751397169552, 5.328710887657681, 7.078982762465044, 9.029208176038257, 7.3308156175205275, 9.021275369656813, 0.7226188689934945, 1.3623397670042725, 1.4851049543084167, 1.6650934400517328, 2.4302413072030307, 1.2430793448100443, 1.5656481705548022, 1.5283724440422373, 1.4794651157591299, 1.9437723451972375, 2.194863035159243, 4.813075315099294, 2.9552942338758954, 5.888275778919621, 2.155792352364918, 3.4693585656325134, 3.0419734648973855, 6.852320257372876, 2.187495789813487, 0.9695184245129709, 1.1461959101413035, 2.3703247845804283, 2.9760581434648894, 3.381952799803983, 1.0805707511567384, 2.8997263294877125, 1.3988452089537748, 3.871827198977194, 32.27699834648195, 1.5183620331563712, 4.328096684101091, 3.8847549949925098, 1.7314055205366496, 4.897668056122167, 2.931246277550929, 6.830407731892891, 0.8242997960852919, 5.920414024295123, 1.0825076474657842, 5.874563436174432, 5.297497441480241, 0.4305033790868116], [0.0, 0.0, 0.04533075423258963, 0.606552696342867, 0.25409439790383487, 0.2891591116310389, 0.46718744172898574, 0.47385197338323104, 0.23871890196735657, 0.16559546215209614, 1.9018656451750273, 0.7894066183045939, 2.416452283966443, 1.1625634990164755, 1.8355561693767486, 2.621819721260117, 9.422440945448823, 3.016124581508216, 25.904200751515933, 5.388664044698146, 2.239712964484146, 2.530771112790951, 1.8298394848043738, 1.5936082414425727, 17.98096888210217, 0.948690292111118, 6.670214420507012, 1.6623073526207912, 9.298571777096553, 1.296365706684434, 0.6741082529504848, 1.5473676358238058, 0.9976896421170092, 2.068649349516197, 2.1774248500309876, 2.183079189963217, 31.70413722246396, 4.374083428433963, 1.1346359665500094, 4.780066585528632, 2.494398409468842, 4.206137329420183, 1.4889212551410107, 4.060124736097485, 4.194346402549372, 3.802861219697724, 3.409939960812524, 4.588351732965605, 4.009815042450307, 3.848710453704523], [0.0, 0.0, 0.5832621132195346, 0.5058133252071503, 1.0445738764135624, 0.6433777672520202,