{"initial_violation": [], "initial_duration": 35.39095735549927, "subsequent_violation": [[], [], [], [], [], [], [], [], []], "subsequent_comparison": [[0.0, 0.0, 4.9437966756502565, 5.282317175572874, 3.3874945063181645, 4.642686030544396, 3.875357363431459, 3.613727816902981, 5.7823132644583755, 2.062925347997899, 2.4415880613766507, 10.455748955572655, 4.492861002557548, 1.9513746864108286, 0.19608188256294798, 2.3633376795978567, 3.5908943634756367, 0.6119757146539784, 13.57884658246872, 18.707576509284582, 10.471884120800967, 15.178856397601358, 8.833892695957314, 1.8901980173299349, 2.7818882835968486, 14.10043655809588, 11.524138312308793, 13.497570628034314, 36.49625746564325, 35.30778390441852, 9.6982036590426, 37.95407796653198, 8.575633405993017, 3.2282735064803028, 1.2354587254714602, 0.8294599698984237, 0.8502209334277104, 4.051872276704073, 6.970168733690728, 3.8049731758515235, 7.296891719603858, 2.892182704590256, 6.996611072750161, 3.3422205011107917, 4.890696473767444, 2.517890785759373, 3.7666616029951, 2.6462700246896227, 2.9670276048781514, 3.167278111021862, 0.6145777194657728, 2.4844400933517745, 0.3003061388717601, 2.3415774591568375, 0.2632154333766982, 1.3418614369503352, 0.45134630330134423, 1.0794988297175556, 2.1937364563710857, 0.3699289417347593, 1.5382273663975967, 0.4120736017678761, 1.1631667336681801, 0.7581269938848189, 0.16429965328595997, 0.7604968888867704, 0.9118987453941564, 1.076224063929783, 0.34567825147054987, 0.9268602292064642, 0.11892931965158858, 0.3158038738030783, 0.9033928824313257, 0.22575670978446777], [0.0, 0.0, 4.9234512844270295, 5.231568627957505, 9.85840183685081, 15.048325222940715, 30.638812574564284, 13.620546258599557, 27.13702721845396, 23.478099376162444, 24.31913720604876, 20.787707602470473, 18.880466310551917, 26.72625208365933, 21.103184478323495, 26.532211429989733, 17.788134959522704, 24.6274662720768, 17.641174185012993, 21.05609597511253, 13.77119838757634, 19.996952531892905, 13.035524668562044, 21.501609382400186, 2.5028647340265557, 20.46537133337606, 12.203592129768028, 34.80624128378579, 35.323400459086265, 35.820224301845776, 35.95659341095183, 37.67549087415449, 37.01057919902417, 0.22218440438890347, 2.9155266540402, 2.048525709330784, 2.504301000572117, 1.40560918648287, 3.3594806053733746, 0.849203117713099, 1.5573080831347978, 1.0078715519413206, 1.1547503126190355, 6.078122215685943, 0.9922689124670016, 4.727452781773345, 1.3100740070792205, 3.7478978403460057, 1.9651689906978425, 2.7358590788316164, 1.5184211955242262, 2.6879651534961706, 1.4174795112037966, 0.4580632191554364, 0.8874778221001391, 1.6202431010365004, 0.09189523524099961, 0.8969390957335445, 1.0401694971542044, 0.48056132471901225, 0.2925531389486666, 0.76581484469217, 0.13294054127064264, 0.5810735829717489, 0.4208774206800103, 0.132369160601882, 0.1134128162119713, 0.8393781292695405, 0.47369496938761146, 0.24322761595152306, 0.14854192032905225, 0.048808108156749484, 1.084097217446063, 0.10791761415675506], [0.0, 0.0, 7.694648856885085, 5.262164216184924, 9.819399510078076, 8.195879003929345, 23.230797374469454, 7.617843504770197, 27.374333916206023, 8.754442107262708, 25.14368575061584, 10.363108680705082, 27.135932316660625, 13.15027634029681, 21.049012223412298, 17.58368482501531, 20.08319063186373, 18.265774803909142, 19.264355193031697, 6.870319756474251, 5.733811572133183, 3.966317431779742, 2.9755959711153173, 1.0434982986951375, 19.710284285210342, 1.0454284017425515, 1.83519480113694, 8.663783825609356, 34.871227095213655, 1.861794463592089, 1.5372410201770585, 1.7978259252577173, 2.089195381709451, 2.95187929975182, 2.9874501014333354, 3.6274417692515173, 1.8703319485050984, 3.7484376349298913, 1.2381582177366837, 3.290383156199536, 1.1055822239909283, 3.3397593407100152, 0.8760835409758382, 2.9824860370263093, 1.1511877649769064, 3.563954978050497, 3.9873355327522386, 2.501117506161994, 3.86700355722301, 1.5887924637474176, 3.4906232440723923, 1.2181095816418253, 0.9791332537932156, 1.3786975179115764, 1.2419842010051865, 1.2975527943884506, 1.4019852275199787, 0.7047147318122926, 0.7540874977328536, 0.7418548831478048, 0.22713034872438762, 0.6114354800671296, 1.132835020878983, 0.5363372835149727, 1.0568252576715578, 0.383777906964043, 1.1153373798860344, 0.9811076221064166, 0.16933845530122027, 0.6476975497695233, 0.06849078132262586, 0.8152657800537961, 1.01565520184456, 0.6854268149883516], [0.0, 0.0, 0.5162325833784059, 2.792240503517016, 7.7799636882017245, 0.9450681445326052, 4.088668090576599, 7.825703478657788, 0.7318273575848426, 2.1119498037077915, 24.868757617601805, 18.929888251266934, 16.828689181677674, 21.21938210070137, 21.144128944139563, 8.262565067771783, 5.358262986222169, 5.405021569933582, 2.5268630941277452, 2.4323246977279225, 0.5815351549913798, 0.3308108785787208, 1.2557356540137408, 0.6868146541708409, 0.8041442381413211, 1.5923463616295628, 2.9278227415528035, 16.408184812424032, 35.469368540026856, 37.00237465408037, 34.87161275634413, 36.340518546102096, 9.483609174630898, 7.85870567844041, 10.90090602830535, 7.458949057028415, 0.9568811268643346, 2.0552531795725724, 1.2073692835904017, 2.8779702747703784, 0.7877881464695823, 3.144175543772788, 1.1051978638333286, 3.513976976682122, 0.6789215187711545, 4.244639267981516, 0.7129047443109814, 3.345104842750505, 4.122060803481325, 1.8891551152085644, 3.9598668126789955, 1.5716654535777375, 1.2157463942704423, 1.832300400131234, 1.5892665594893118, 1.2467521440472236, 1.543614516604232, 0.45231918806516525, 0.7643912539608183, 0.5921313335044275, 0.7712322463893171, 0.5793780140520183, 0.8397769440804763, 0.5113577830491842, 0.828921807717387, 0.24970781334486047, 0.8317588628442385, 0.9693612226059167, 0.2069813124338398, 0.8700501611678692, 0.6520152813927089, 0.23034022771050336, 0.5486114594004516, 1.12856251346032], [0.0, 0.0, 7.814995798044933, 5.50079031792497, 9.50124956922156, 15.290709982964248, 27.700381996843173, 24.878738623455444, 19.287246871130275, 18.862716654826627, 15.291829027125102, 29.750139500392827, 2.6822630222655386, 1.1503029071610145, 4.248239822651345, 3.5820886514440438, 9.10522485669587, 3.2971657208504768, 5.37674998890483, 6.653518516033579, 16.950428710741786, 17.912812183141458, 16.046247359775673, 17.385991895804086, 15.913802396931306, 2.6337395790384366, 3.8853440297474133, 1.7029166497317771, 2.8107250570660463, 0.20093504024601172, 36.12152024402993, 37.30227941807214, 7.952795617253351, 13.001887197119085, 7.68748073181539, 11.888845929170365, 4.816236243707867, 1.301639127781232, 5.461172146899697, 1.3319889101394446, 3.510837198482451, 1.621518065747173, 3.892302436299646, 0.21995321991581435, 3.1324860913197763, 1.223517838142017, 2.8350783233737173, 5.711539242878139, 1.7893601578942184, 4.3495475581722385, 1.4043073783983004, 3.7824224730159575, 1.0086447076693876, 0.8397279116452292, 2.086898806948055, 0.2627069816775961, 0.5118244719812274, 1.8657138268553692, 0.15895956832183541, 0.7273188279689898, 1.143785886861842, 1.15906751189748, 0.13991876511567689, 0.8975153831336327, 0.7223313983039381, 0.13304035503977754, 0.6203579688062484, 1.0228592419999774, 0.36205428689237, 0.5327399140962867, 0.4784493303620892, 0.3670345743764821, 0.3175185936446712, 0.9026545418318302], [2.10602900843756e-05, 0.0, 7.8166417087327345, 7.283671890318827, 15.802015730065538, 7.9215067660596485, 30.74036777616991, 13.983434843590329, 27.22136379645638, 8.17447201528151, 24.49721504322185, 22.366026928985768, 18.16976589171624, 19.191236504209137, 21.803677418303504, 20.99678900905008, 21.149339840820648, 21.162967939953162, 24.071210078032255, 18.675768247292986, 19.909602331164727, 14.63408963197891, 17.02909012871686, 16.555435113580995, 17.307764232437187, 14.254425369903771, 2.3130130182999387, 1.3572998828531884, 3.0162163487956963, 4.826501336106925, 3.0056442221813415, 4.1053261589648855, 0.3154902827258521, 35.8562686633488, 11.582569136113786, 10.071559716983247, 