{"initial_violation": ["destination"], "initial_duration": 35.55027461051941, "subsequent_violation": [["destination"], ["destination"], ["destination"], ["destination"], ["destination"], ["destination"], ["destination"], ["destination"], ["destination"]], "subsequent_comparison": [[0.0, 0.0, 1.1300084551209353e-08, 0.002593604976483234, 1.1030517368848687, 1.7278845973704957, 0.03516388096273685, 0.07063675394831352, 0.0361416302632862, 0.1166358052119157, 2.8688789654998295, 1.075311337743885, 0.2564380257360127, 0.12491578148988015, 0.09569387290296938, 3.779150357335418, 1.8911644803257845, 0.3815227536055086, 1.9298410874938459, 0.7869968116078283, 3.353261985549104, 1.1468770580498806, 2.9646508174216732, 1.0134545475649637, 0.9293941911481299, 0.4854334646085311, 1.4654049192831378, 2.1433230626094666, 1.782413256903246, 1.554879175344784, 2.3962001205424723, 2.2053736781438347, 2.939281152244041, 1.7698839808355729, 1.516008229843936, 1.3857041979440305, 5.76940114787714, 0.6293326699276901, 3.7578489284775567, 1.5062423949103756, 3.133301044532681, 9.126171331956192, 7.637280058536607, 3.779684924327432, 1.808592873498202, 1.7086576427813898, 2.728289537907715, 0.9509689295736458, 2.2550848577621783, 0.9188988102877415, 0.3234935031235428, 0.8935899196505247, 1.2189061865792883, 0.8743999808806144, 0.8679842688278283, 0.8636055775559688, 0.8657474513107869, 0.8979839221108186, 1.0448457098554713, 2.0201285637891115, 1.1111094618919284, 0.9806126577026432, 1.0019839935677843, 0.9945611756330304, 1.0281493501273993, 1.02430610916967, 1.0277168150095732, 1.032756135707089, 0.9738020534292906, 0.9748137999159463, 0.9765092502021996, 0.9946160822501597], [0.0, 0.0, 6.887223319033645e-10, 0.00222983821379145, 0.0029909540765543914, 1.7345208348104313, 0.02519330556874861, 0.06068855183789149, 0.019852348329814872, 0.06510003014773022, 2.896120985217334, 1.0958043777358801, 1.9870843775121052, 0.04180542444962653, 0.3609114714755113, 3.5735800168572736, 10.936450873535161, 3.098496354865657, 1.851619630964726, 1.513726760605826, 0.42741867495942015, 1.968006969448663, 2.7739522961406173, 0.44219101611158923, 0.6324316244285121, 1.1855224557473434, 3.2880388445284425, 1.3337887563875448, 1.2570325088014795, 1.738037165584579, 1.5809161124262814, 2.633927908486649, 2.679304319622152, 0.5834526276320965, 4.336407857578712, 0.2681916355880921, 4.964489182017811, 4.386843240168767, 4.796570031644394, 4.107369612229913, 7.7586564782872, 2.5139906524817173, 0.2196809420619325, 33.12693350265389, 0.8609420586059143, 1.0754660081679945, 0.287273836221196, 0.5738059213560075, 0.23755405509178587, 0.5979510438371459, 0.11657149641662062, 0.5985704950600951, 1.6511766087805386, 1.9207513587665501, 1.9355802621809632, 0.6295012528611933, 0.6519996241680793, 1.4211953080908932, 2.3424074015449285, 0.8182258700944666, 1.0475887414121379, 0.7179784376662801, 0.7226845838339698, 0.7303001310916725, 0.7366460870684854, 0.7448914650798597, 0.766500082574125, 0.777365911209927, 0.7187343585220191, 0.7201935847923482, 0.7216582506353524, 0.7231054302255441], [0.0, 0.0, 1.3119340489600604e-09, 0.0019698428844501714, 0.004543449537890105, 1.7345476404846818, 0.02505067301016098, 0.055335285525454726, 0.030731119811175288, 0.0703761781127227, 2.895919170242166, 1.09315167282393, 1.3516324092635574, 0.03199973637335262, 0.1894326318741434, 1.546047478094804, 5.951050200035727, 3.152486131239608, 1.3311570067276672, 1.6940134539638405, 0.6052150437527053, 2.087216248333932, 2.6965890656846008, 0.1980871939905021, 0.5742545790360488, 1.7937688011666548, 2.068256185661864, 1.2635111598212363, 1.5957339682086717, 4.179842672511928, 0.28312362580449424, 1.6031034543402374, 2.4313026569200034, 0.6583743885259027, 4.9618918167887225, 0.7119676936491061, 6.325477304694666, 6.90176705315212, 5.820286997158673, 8.247046669671475, 7.466417024667355, 2.045602172417521, 2.927623732069815, 3.9480900300631268, 1.3021618435697977, 1.119398523182455, 1.5176162420126917, 0.6605908140345436, 0.22999833339266412, 0.4215846350620152, 0.24000662645685583, 0.41711592835161265, 1.6686765236236476, 2.1795130264564526, 1.8161937103795815, 1.808032475451846, 1.8120136565434637, 3.1930852795930336, 4.3591658147618855, 2.998992422883245, 0.8707230336743396, 0.5257724333315855, 0.5463452939323242, 0.5394451813173611, 0.546539441088619, 0.5555214970204818, 0.5613610423544988, 0.5729442207981293, 0.5171831658819264, 0.5195626092529608, 0.5068623620916093, 0.5243206063752601], [0.0, 0.0, 6.788121413957911e-10, 0.000844124626530066, 0.004383261698977521, 1.7334027580658107, 0.02689955051263328, 0.05329280107849705, 0.020103722712180472, 0.061508682669959625, 0.012773416420191912, 1.502131280567308, 0.006386344422138161, 0.026395052445947236, 0.12081802303543339, 4.050848231927792, 3.2514095997011916, 0.8949303478174153, 1.8827136394725545, 1.6305897431714744, 3.550231741105572, 2.330119246355564, 2.924503564329407, 1.6125580170378988, 1.5746848893308787, 1.450117516309762, 3.5793097603148025, 1.847481345917905, 0.6178801450100326, 1.6111849260799007, 3.5153902818149714, 6.791507313261799, 0.357796020986, 2.2356578310810953, 0.41864875026526754, 5.037320887931154, 0.8496268624994446, 0.8097042623569743, 9.850171997614844, 0.631665311745227, 8.613933035330938, 2.635159704237379, 17.204463923632485, 0.7223468510750948, 0.41443128174396543, 0.320371446806014, 0.8973024862252575, 0.8487444024518574, 0.27547131936620595, 0.7041028214140908, 0.19303600370543597, 0.6794676908483465, 1.3386711933171433, 1.9360795729841709, 1.9494788331882753, 0.6185222102205599, 0.6556505555777191, 0.6915703762145508, 0.6723781546913855, 1.3365918690684253, 1.037962714385631, 0.7236621925902461, 0.7362740860409857, 0.7449205322830798, 0.74960022563118, 0.7584688444739804, 0.7635597947483742, 0.7754609212933711, 0.7186826951171715, 0.7212907414973139, 0.7238900834810411, 0.7264849052863743], [0.0, 0.0, 1.3872486641412816e-09, 0.004819173970789267, 1.103873462863907, 0.022599037640583935, 0.01976715777905754, 0.027629461522100614, 0.01522160960775077, 0.006011774819082535, 0.005801630355752855, 0.04958447570394722, 0.05650285927999346, 0.02660576044618898, 0.8908682075181462, 3.4911917574541746, 6.7225300254500455, 0.6940911354121831, 1.5247258203747105, 0.6085726614121645, 0.5772928302822914, 2.7771382834807645, 3.7955213790569675, 1.1793796243733108, 1.5016940538159733, 0.9130860651780368, 2.682836956817838, 1.7333878761932535, 2.203962874478547, 1.783689825571058, 4.421369800620619, 1.323914858186244, 1.9835684854338218, 1.605353021171542, 3.904857182572854, 1.0178982917395172, 10.702010785102013, 6.6379321180089805, 9.955206284406136, 6.052886915623685, 4.895974612336385, 14.78056607900351, 0.7565134691591916, 22.41685376630145, 10.46824204220178, 9.573830334662661, 7.837594779054192, 6.160502561784654, 4.337424080557418, 3.545014030998087, 2.563608395970135, 3.1399213321614017, 3.0736041646016505, 4.408915269369769, 3.6573743451115592, 3.9211445700130847, 2.674679401384604, 4.714116250003941, 3.9263109097842843, 3.1420933261500226, 3.353545506347229, 3.0354494075013405, 3.0417448688419935, 3.0508671550503697, 3.073873135255726, 3.083640879518987, 3.090150125994305, 3.087358970443399, 3.0295856710894906, 3.032507544227122, 3.03543077356269, 3.053528076791618], [0.0, 0.0, 3.2135689961356717e-09, 0.0024702763230611212, 1.1034177768812226, 0.02372737664186373, 0.02225519410579091, 0.02746539178228968, 0.025726332790374156, 0.010883794185522665, 0.00761773183790012, 0.04145103729493755, 0.007346831131778386, 0.04233980219703112, 0.7405674148505355, 3.5942506797093094, 6.72339363736668, 0.5852933763354955, 1.0649818689482022, 1.3280245166035178, 3.8721846603921994, 2.9501133833924844, 3.443063056426626, 0.9380136091835618, 1.4689287710850565, 1.2137661616170767, 3.0456243107630456, 1.6490969204271155, 1.40702208357095, 1.8067314838886046, 2.8356883196311045, 2.6646479861975902, 1.2279281363371097, 1.4633699010579617, 