{"initial_violation": ["destination"], "initial_duration": 35.70054578781128, "subsequent_violation": [["destination"], ["destination"], ["destination"], ["destination"], ["destination"], ["destination"], ["destination"], ["destination"], ["destination"]], "subsequent_comparison": [[5.074426233233737e-10, 0.0, 0.17921290855974822, 0.23491087220234663, 0.48422764854011263, 0.12863048865117982, 0.13422358932341238, 0.13124373708639264, 0.1507080364485689, 0.15567871844666337, 0.18626243313929386, 0.19345461936357158, 2.743823221982078, 1.4340321116828938, 0.10670700008580973, 0.22613552518425906, 0.1415748922154085, 0.119462190350794, 4.013850356425834, 0.10807164990848742, 2.0471309770934103, 0.08514902709946748, 1.4980120148666765, 3.1785331499673544, 1.2276552311180808, 0.7394466955224831, 2.7249513702935815, 0.229159271593899, 0.25950114697043813, 0.05276417994079106, 0.24680897046520642, 0.1914636579703813, 0.5579971233545689, 4.480999428385067, 0.374627234398089, 1.5113580901024748, 0.4691651593820645, 1.5166054609323183, 0.18076203414423922, 1.5263004418872916, 17.663838127347923, 1.254371600243135, 1.7329142718497514, 0.28113828846469796, 4.728550713701344, 0.11586553122201307, 2.992483881798464, 10.914568431841408, 15.42788644050056, 2.332240011458647, 33.46151483762354, 4.757066298428194, 3.2010139802418283, 2.1162765718146144, 0.6655980320602691, 1.4420566295420087, 0.1694081607646326, 3.3695210432351117, 0.22136103375495925, 1.5028673429396622, 0.25380805628222297, 1.776961707435192, 1.777372012839912, 1.2980470219925653, 2.15960949036166, 0.7788057649557116], [0.0, 0.0, 0.17921290855974822, 0.2349108724439795, 0.48422764708822136, 0.1286304868512355, 0.13385019578861249, 1.6538497895483633, 0.14650734755845507, 0.17684717607678327, 0.22319713109875944, 0.19442289125934606, 0.22762737976752428, 1.0475718459073944, 0.318151126152797, 0.16288090302466343, 11.992701241315867, 0.4615218531922584, 0.5343931105640108, 1.3931357979539472, 0.7187983901036465, 0.2564491743247424, 1.5109495609925052, 0.5674847759396172, 4.133211328676993, 2.729907970466566, 0.6375432369502095, 1.0374050841563105, 0.4989941161079699, 1.4997387647128533, 2.245127711237548, 1.4527795608797678, 1.9657583115093815, 2.476580252668891, 3.5632140222309636, 1.7298577007928446, 2.0997007200654885, 4.833903839713357, 14.3199785274722, 19.954994452896628, 15.72232244927734, 1.6677786489525368, 1.9503536162166237, 0.34192194913728036, 14.970730969005526, 21.005905163844, 22.11358216736278, 27.037813149580565, 24.922242097217804, 39.64396365559617, 37.761951598804245, 24.67270579134553, 25.499807279972895, 22.04899365739318, 18.975073242915037, 18.099532653046047, 19.36114934125914, 14.685396224342268, 17.711643909524867, 15.245582213757922, 18.85736579238757, 16.10955774038366, 17.556601056477415, 16.04400621004062, 17.4629943667209, 14.993495262030658], [0.0, 0.0, 0.17921290855974822, 0.2349108713871022, 0.4842276571333905, 0.485924298516584, 1.2098875671789626, 0.13381100682040678, 0.19101715021915913, 0.1351403434605188, 0.2109178333760544, 0.11700812407215513, 2.720012641037466, 0.7962997640727557, 1.01579056274301, 0.1614816013042292, 0.06179183233119517, 2.157295257354457, 4.546496076530129, 0.403102099637987, 1.0790715690384634, 1.2592348255059922, 0.09986656879764635, 2.2303572798048386, 1.7055876591339747, 2.834124216843194, 1.4297530611370277, 0.4969844487183866, 0.6682299895681463, 0.15873636840056093, 1.6006376066303374, 1.7216711424714324, 1.702091000861645, 0.947901008863341, 1.8484035549616613, 1.1608629279539604, 2.292373071237335, 1.55630123491636, 0.40986247928588226, 1.5770721633147773, 18.378910218844307, 3.6971037313782458, 2.914936136685472, 1.3702770075805284, 9.074408828240035, 1.8441829743228084, 3.1875496834935704, 1.291037030157754, 10.29834982214232, 2.454774351297922, 32.61199509481083, 3.6303049723842973, 3.40403129151121, 2.9633873047244124, 1.6794250604025167, 2.4741325970218457, 1.1650955655870516, 3.882836298352151, 1.2196480470985382, 2.718147880873147, 1.2768571704218625, 1.3607420931096585, 1.3735105779344148, 1.577177336978487, 1.2324763431256547, 0.8297832698579097], [0.0, 0.0, 0.000747730644588841, 0.001031772580424476, 0.0007679630961781933, 0.0007636708663703071, 1.1080168941132156, 1.101043830397163, 0.06739998708525652, 0.03480745626191331, 0.11696617059100078, 0.045965416647872036, 0.12369345986055977, 0.02030821919696696, 0.2507496386174458, 0.33712431251278463, 0.033248722600759256, 0.34682694084013393, 0.05197295648056199, 1.4530585977935235, 1.1467150193198823, 0.4698114713655556, 0.052586754009220964, 0.443307677337227, 0.24116717648271413, 2.2382349633949614, 0.5213634690613984, 0.43441117669998636, 0.6906019231707873, 0.569188420831918, 0.22049617034098523, 0.3185362438548522, 0.6619248945936135, 2.9217652353825954, 0.2295180598083828, 2.588553543197945, 0.07960133880351276, 1.8269765933834075, 1.1302593970567698, 0.718621712884282, 18.377664652569422, 2.6138860376870743, 0.6144956997558537, 1.7511050821428071, 9.17202252782698, 0.6517466976465126, 2.631356589257142, 10.996060967782173, 12.259882280229382, 7.062090762801792, 32.91312838719521, 3.9600722651835087, 4.450781265327188, 4.895547069555212, 3.6690866963081423, 4.258220272196079, 2.95482981460345, 5.103173256114748, 2.9925576723631866, 3.921159180494165, 2.0787971805739267, 2.606817650065504, 2.7952142704377594, 2.0452519796898203, 2.6354422631393124, 2.107716974116136], [0.0, 0.0, 0.17921290855974822, 0.23491087077221656, 2.665303418165289, 0.4859242107006901, 0.14474261898160196, 1.6540018680166249, 0.1383639292402292, 0.1678397728990113, 0.22046407631404052, 0.14978242337193884, 6.61660236933623, 1.045518007729758, 0.29537186656845565, 0.13934496010581432, 12.006409721438445, 0.11375581315312483, 0.8605863669236066, 2.9015291575809554, 0.23894791965726803, 0.4539398449254453, 0.8341248406960842, 2.063463037972213, 0.6961142521154149, 2.543538132187577, 1.040262234628892, 0.580748888493166, 0.3055355006070145, 1.1842579820594745, 1.1145469657922291, 4.581170912857726, 3.365663345008403, 2.814379201004056, 1.6488252700547357, 4.494628974542225, 2.2802195231930398, 2.847911649954186, 8.969023443214368, 4.081428709614603, 18.45098391945727, 0.4206703848430707, 0.36538129759621607, 0.832041948294757, 1.4471216930794462, 0.6057042706741423, 3.948277967467279, 3.891752333353646, 10.22759800575996, 1.4785485572753088, 2.510095238822441, 0.3559601373054745, 1.887315581574625, 1.8354494857038004, 0.8292113591052668, 0.4662033297213877, 0.18700192676918678, 0.41847569205886215, 0.8240071907992974, 1.4983593281035117, 2.1519720181342414, 0.6279227951600247, 1.0671709054614549, 0.39606736822802185, 0.9790244947586951, 0.8789983824908979], [0.0, 0.0, 0.17921290855974822, 0.2349108705505693, 2.6653034179998385, 0.48592422098781674, 1.209887566815754, 0.13258346068268334, 0.18317542727292443, 0.09690657690640536, 0.19351166622695762, 0.23256160619917107, 0.12004605902379245, 1.0462890010853148, 0.04911827955631033, 0.21588453093936907, 0.11353604658942285, 0.10241658427439701, 4.887201299045833, 2.894526872815787, 0.23324536390207937, 0.4370690038294379, 2.883790523186592, 0.10619969956755525, 0.2318738256474139, 1.0976311743887808, 0.1332288528358265, 1.2862406277604872, 0.44880288532208207, 0.33734099534037076, 0.8103453251317942, 1.230019992089169, 2.648141375877851, 2.5379331816366157, 0.4329929750414642, 0.9024842156160564, 1.5508150653757478, 2.9287896324747202, 1.7447053066305636, 3.4505626774932185, 18.03913628565955, 6.233965398321549, 9.66191799175615, 8.731800370945212, 16.48968328561067, 10.96032783591028, 22.40655811035894, 23.354445014508112, 27.813542221687644, 32.471873443204075, 32.857800545741846, 7.079877521774691, 5.822353005941221, 5.495424624463628, 6.429565373523474, 7.458333853277117, 6.176450591579137, 7.4263483097272545, 6.260808845236676, 6.17757740546222, 4.644673709511796, 5.351780450869735, 5.383827869478502, 5.076057939122564, 5.0394204554742466, 