{"initial_violation": ["destination"], "initial_duration": 35.5099401473999, "subsequent_violation": [["destination"], ["destination"], ["destination"], ["destination"], ["destination"], ["destination"], ["destination"], ["destination"], ["destination"]], "subsequent_comparison": [[0.0003245143223824182, 0.0, 2.2113901995570835, 0.0375844306391399, 0.1912203559052953, 1.4297193229117917, 1.238096462931274, 0.06998460293083023, 0.5409337478841011, 0.7324120288100602, 0.5805895771844957, 3.362463744795491, 2.484570097527349, 3.416818726586104, 2.3766062617025283, 2.623682125705729, 3.7367600683937203, 7.740908982939898, 2.663710848187139, 8.236183992456482, 8.539559957913113, 10.626787220812655, 6.533772238932049, 10.7723363717561, 0.9584903223788473, 2.9903855383207696, 6.1964317179036135, 2.540715336523073, 1.5788163983394812, 4.267590244970697, 15.092753779591453, 4.833793675517515, 9.027826620115295, 4.604504679552695, 16.56958661238147, 4.104944824071421, 10.056251851530892, 10.338126823428741, 8.544014770058174, 4.299083480040199, 8.725209605587738, 5.779454928494899, 7.608252460006066, 4.421890509315053, 8.028664825153509, 4.22345102308558, 7.511525136366839, 5.215532784468598, 7.888864590464402, 3.4915946982534387, 9.145709759651698, 2.930947341164542, 7.042266607010467, 1.1160200538683718, 7.682834051180383, 0.8369352616449258, 7.463252518366863, 0.8732808906931766, 8.919881820801438, 2.0564019177526505, 5.975898467691909, 0.14740874617244742, 6.208863265039138, 2.9636633710970495, 6.814795196182858, 4.8289770246324, 6.631845113977824, 2.7745776670854387, 7.594001089608419, 2.779166557346773, 6.806153021681908, 3.96407106562526, 5.671922790300267, 5.197342030473417, 4.974617405283071, 4.743923386264379, 5.242961784112026, 4.8000885893705965, 4.647631325690372, 4.977028777076492, 4.502152752363062], [0.0, 0.0, 2.2058555562951296, 1.061666401497914, 2.972909966249963, 10.131850563523345, 8.829150161886531, 8.246367510175736, 10.15555151724722, 9.093194281562214, 13.75521610609955, 10.920742141817593, 0.8380636595835201, 4.014890854826284, 3.8794434495861734, 9.61554295785504, 9.521922485790947, 14.342281047585503, 12.7242242013037, 9.408352727950229, 9.333311116269964, 13.939712676438749, 4.751732734213026, 9.113472946647045, 1.8094254444643239, 4.0579201514590615, 6.511292301058135, 10.694701048116958, 2.327581992329792, 7.257398371453013, 14.895862797698628, 5.605666711016122, 8.07765473296669, 4.611842042554382, 6.113146141807461, 5.216569955055807, 3.6214193933597807, 3.3336172027159825, 3.170146146928636, 2.7509333456451324, 5.255927667287688, 3.7240017163103523, 4.144221625270457, 4.357935779493573, 5.434545497942268, 3.2883302375820618, 4.349763309024227, 8.468877043258239, 27.230361942603015, 9.97010089155542, 25.373840502926875, 9.90555034674959, 22.85012774875195, 9.813050065603422, 20.326739829298866, 12.29047490154335, 18.33690768528624, 12.384845136431014, 9.86907849189995, 3.4421579358154974, 5.884592041327996, 1.8126986184466318, 5.8883788861674695, 2.8474215463865526, 4.791223258488246, 2.307003622408951, 3.5285997145982773, 1.7312386790923109, 15.629553311707294, 6.030652000420245, 14.1229830945767, 5.250920849407162, 10.632919139541263, 4.997056902917744, 4.533347374025044, 3.784983486467472, 3.645039115096443, 3.8530137931976194, 2.9771900450487854, 1.8343201402470135, 7.72044099677144], [0.0, 0.0, 0.843260268733696, 0.6415962243267629, 0.3196255516329851, 0.8774879002103427, 1.5804494177595492, 11.55345913418192, 6.561707892384938, 12.440852153011482, 11.983383171577339, 9.571381571395413, 14.92050003486679, 15.85043821218966, 20.948109906799164, 10.249594482747366, 23.559419080771544, 1.1355943766353853, 1.5852731855664108, 0.3915216690622404, 1.0069018002346015, 0.3558843688509108, 1.3019333350842819, 1.082257695683253, 2.2811835285168387, 6.825938366579606, 13.782431645160193, 3.8946816094147745, 10.234405445370438, 5.121540350937341, 15.395541291192814, 17.018856123091478, 10.264519947716678, 11.185617903462441, 21.89949990688286, 18.939497745052158, 15.638859531646204, 15.25974081627573, 12.731462030443726, 23.95319238250206, 9.458147775747426, 3.057483872182522, 10.779288223818073, 0.9774213116738527, 11.788774504738893, 0.9995222994393416, 7.506326108307517, 2.0008713400592777, 6.61836829095422, 4.746918556223031, 5.608908535898538, 8.244626447790433, 14.993376212996617, 10.469755563629151, 14.767236753603408, 11.458564054127043, 12.210182614649426, 1.4105926691391704, 9.211765363635088, 2.5002924256973893, 6.111419805118764, 2.2438396902980937, 4.9645055684318296, 2.617644548644692, 6.9753775640471085, 1.5483606673786883, 3.770409961843936, 1.0289675614248515, 13.281284443704244, 4.391854475482081, 12.06887058091995, 3.4777012436740824, 9.058483581357912, 3.0563380512282445, 8.503545671894992, 3.6237306079006992, 5.3785211899712655, 1.9048174458699019, 4.560503604500388, 1.2871327109254866, 4.756901283219075], [0.0, 0.0, 2.2703893690917964, 1.2410420716124742, 6.288171169560256, 10.801558622531777, 6.654508252168637, 10.3833540108719, 8.470285371539985, 10.338377178335383, 13.669040808842562, 12.118273820939931, 16.281312942976207, 7.43565480370104, 0.5748243552059586, 2.363498963597141, 3.5674815043802446, 4.821829735107695, 3.7761510568008694, 2.437117438155116, 4.085372042104217, 7.9965851491249555, 9.917269909278154, 8.757631952297942, 2.2000793587151644, 2.7598946975488308, 6.0533789629713635, 1.5008307199986588, 1.0802731136762487, 2.0554895861438482, 14.88847295400529, 3.1201954306251536, 8.810969027760976, 0.9043152205891001, 2.6179810459462862, 13.137554324812085, 22.229548002667787, 10.537124639467864, 20.112794383699853, 17.47102472661828, 16.56066291246375, 17.235502932373453, 12.707543991223165, 12.68389986466872, 12.568938402667738, 13.071185016211343, 12.972421661295925, 0.20048752177515583, 12.335105770439617, 1.1907873774539732, 11.8944931309844, 2.538775608357391, 8.683724799354117, 6.166476355397568, 7.921203132744184, 6.343231780731705, 15.573219160456135, 6.4557884953591955, 14.704083657497362, 9.181395482687197, 11.50797272791328, 8.888815729916326, 8.775821466523734, 0.9918021430433203, 7.940591706858902, 1.6988452168158408, 5.985950552034035, 0.1262346126653506, 6.042078226424976, 0.853454643776531, 4.305951265538251, 0.869076290880943, 2.9720781397395633, 2.7126496457727374, 7.846155385582655, 3.5632206706322807, 7.11870268530177, 2.5227323977992837, 6.249792975444921, 2.7624734465706027, 3.4380634083220314], [0.0, 0.0, 2.4076965797425776, 0.7944686570141948, 2.6873156380607743, 1.2006122848345557, 5.692863690656332, 9.71183233756724, 8.62996776802941, 10.103056888209302, 12.141781569719504, 9.637972792633017, 13.970550026022995, 16.876358136996384, 12.069942367130004, 13.202709720776072, 18.678001849809906, 9.438097062830865, 11.89666811320117, 3.4527606189060682, 11.15684942622592, 2.8571992927915426, 9.664470542984908, 3.3354250909191228, 14.824662050782043, 8.994806317711495, 10.080012085979646, 6.432480054442218, 10.92144975038965, 4.964660397945817, 16.904297992901032, 17.793278180581613, 13.346205432720344, 11.93063708842303, 19.699460966411237, 19.613930507474038, 25.982349337385852, 14.464657937982471, 23.00996460584749, 20.55371501859836, 21.048633319355943, 17.524487478610208, 21.98329941308613, 12.70635607216202, 21.218032392577754, 12.680074884342275, 21.895040298798865, 12.514617130872809, 22.811606424857114, 13.073554417414007, 23.466619642712217, 12.996550037414343, 20.912270457184015, 14.225989705111651, 21.376082184594004, 13.065922719165942, 20.184305970147474, 13.721402641599319, 20.850059428854546, 13.564878458094128, 19.86112325849934, 10.260630088081824, 17.047329742264708, 2.4837734008281296, 3.426333227949732, 3.000094136723613, 2.796389042079461, 3.08843314501763, 3.0155351114123503, 1.5902202758016957, 3.7569655971343314, 2.7321544850882833, 3.356974664056749, 3.6676028445740183, 3.2142397338018274, 3.508214674469781, 2.677903706536813, 3.603397836377313, 