{"initial_violation": [], "initial_duration": 35.69015145301819, "subsequent_violation": [[], [], [], [], [], [], [], [], []], "subsequent_comparison": [[0.0, 0.0, 12.64245118803015, 0.9014849088129383, 7.746789960645126, 7.577904496748446, 6.2721051041948295, 8.742614709671388, 1.5061580352345962, 0.8603101923574865, 6.303280044217019, 13.73303444732959, 5.428585449124128, 10.110438290276713, 2.83881585094813, 5.450941507672438, 2.0000131793121954, 2.6541261268361547, 1.0305828966791972, 1.6389956186171777, 1.813447211384559, 4.918693055645975, 0.3575465094765689, 1.7217950246423845, 0.21986217369182845, 0.5776636451811784, 1.0392536987800833, 0.0830584608512657, 0.8077079755730324, 0.5328351046533365, 0.4555028095964963, 2.284072456364217, 0.305695705393106, 2.4332502529508893, 1.0557024676787186, 1.8897315229200649, 1.631913774664777, 2.4780854808171218, 1.0107185288228782, 1.690086997430221, 0.9649869133677045, 1.5562940297132608, 0.5617282909321808, 1.674601772131217, 0.45343659974968364, 1.602241081479723, 0.1590103118340421, 1.0964872796666094, 0.32189995131930904, 1.2719818976554536, 3.8131352795249143, 1.0314814741459917, 3.204465870635903, 0.8500593352182063, 2.6358946881470433, 0.8883038649035171, 2.4140475193329416, 0.9321783411119988, 0.6295692814846559, 0.960944489213794, 0.8281495645637713, 0.8662861098194387, 1.198522862169129, 0.24822630027309076, 1.0259144610863578, 0.5183992768554676, 1.3103956264359442, 0.1564647649668822, 1.1795005831890848], [3.3426796311991236e-05, 0.0, 0.03806611626497606, 0.0854216870262855, 0.14674060242701195, 0.2275135825997426, 0.09775864088364329, 5.011642825870648, 5.456518063813763, 11.787622461986395, 25.662486337100557, 19.404195681604662, 25.300593434315005, 15.691691602761498, 14.455270251954804, 14.131175978339426, 12.340220614699115, 6.030173617808846, 0.5530757064252237, 5.869813274026228, 1.6384095368102882, 12.919828225906858, 10.85512523020428, 12.812955054500566, 11.185341713278763, 10.801042344882058, 9.547767611185234, 11.371513110229676, 9.789905655790658, 9.343900535748398, 8.17066493423984, 7.733518136355711, 7.720077736827341, 6.324731709382096, 6.552174511445866, 6.220998878483536, 5.437309388470246, 5.5825463158560185, 4.7254363534490205, 4.682945906340703, 4.190860649015967, 3.235029523979507, 0.13691240019451842, 4.483389608716651, 3.8262500599388676, 3.222974093146673, 3.1225395843548096, 2.796465857913966, 2.341931620407206, 2.232942277207052, 2.2015581964321433, 1.8898905069117513, 1.61838290625954, 1.689701466035962, 1.2650466390990995, 1.1427307433414962, 1.634855975129077, 1.032777807487803, 1.0939820126514777, 0.5960279154044463, 1.4710246818735024, 0.1966440328216828, 0.9713775165256779, 0.6854171257374849, 0.20343599845544771, 0.6325471041028177, 0.13664354734989226, 0.655443740270583, 0.7809430602979549], [0.0, 0.0, 5.033889506893195, 7.853692265071002, 3.299920688731617, 4.631905090748097, 13.779140095610495, 26.550954367813887, 28.535301885847847, 17.85248640332267, 23.64523996127356, 9.19453009731005, 16.42258618063743, 10.954830211820592, 1.4708714206446474, 4.083716043222282, 1.6467543136705751, 3.372447633314194, 0.312194804583395, 3.0405222940003895, 1.360024621885718, 6.925325339709771, 0.39020238280944564, 1.730528242430941, 1.1775385415817166, 2.7340745325108173, 0.10974639931618081, 2.7583797330917443, 0.8740238872705917, 3.0912569963630983, 0.7802984861764217, 3.7927787328493565, 1.0344063046460956, 3.9621872864507592, 0.6751437653866461, 3.713005713889223, 0.5250163865034199, 2.970031350840449, 1.0240859986311086, 2.6862349318632295, 0.7586116017915664, 1.6152774309232285, 7.045864304596964, 1.7090324461973732, 5.534748302686976, 1.8850187671393084, 3.828029813962763, 2.2740723570434964, 3.150639889775065, 2.1804976441604085, 0.7388466760948695, 1.5368582093510057, 0.6520309699221882, 1.4004326117441344, 0.06780557329103659, 0.8113557792960299, 0.06840483725910668, 0.8786122812582259, 0.4756147952725572, 0.46569728357358486, 1.6272272578097478, 0.19792381850979104, 0.9824479271279375, 0.2122776038036537, 0.797612300267631, 0.6431934767824063, 1.1312382526347613, 1.1097596949549493, 0.11712769451932711], [0.0, 0.0, 5.044568164145828, 0.7746177106523068, 4.825987958575107, 0.5199165670339065, 0.924450846220644, 4.932058819129399, 17.758569564689, 14.269719840249794, 27.777440798941573, 3.3231896906392415, 0.4142649160022842, 1.473724547948947, 1.915877231898596, 2.9915699238592324, 3.2883195246647343, 3.031894318010543, 2.694388945171806, 1.8476166293653749, 3.8087770954012803, 0.8509664281465326, 3.425195633775533, 0.18663402248193864, 2.364331461034263, 0.528643293730158, 2.334400037502738, 1.0027077711701957, 2.4682933744781343, 1.0034965965340048, 2.0584867317013402, 2.514372820826542, 1.7616644770407943, 2.3502289350564216, 1.6220968266263152, 1.546264071818098, 0.2128534052760462, 0.4124700090614218, 1.0251332480321749, 0.7186876185811202, 1.2091970136864696, 2.043082888753606, 5.668228108756987, 2.1547971209308825, 4.524291461747944, 1.3727949313402261, 3.3315023610022094, 1.5285731614100295, 2.915109049114005, 1.9629923431433205, 2.2342041320218327, 1.5162352706250326, 0.6461757331679379, 1.4848434920964826, 0.1442136763480776, 0.8661653311744788, 0.23207024510950372, 1.0889250313922476, 0.3424601991689608, 0.7941511987133645, 0.848031495698215, 0.4209617028399099, 0.9408384456011304, 0.2753675476411123, 0.7583195823628796, 0.5868039955436746, 0.6612362333006088, 0.6369266343469778, 0.04615304279325413], [0.0, 0.0, 5.0565868354882335, 7.821819381803952, 3.550850567633949, 18.763664869028897, 9.970493693968685, 16.6570315542318, 29.3796019164975, 8.15288783912319, 6.878645391715076, 8.119264394980243, 7.945939418494672, 7.501528624985022, 4.469387859163738, 6.4626183168196825, 4.370503934956416, 5.086801534943595, 2.08146169791741, 2.990146142776581, 0.768142682894209, 7.004049703932097, 0.9645478393140836, 1.6785269119476034, 0.18833464859833146, 2.6948114362562574, 0.9676884043683418, 1.9348653521679544, 0.39042247634810917, 1.6440457982683954, 0.3274687012354249, 1.4269579598413977, 9.53373080534786, 3.6038814225941898, 7.292532863681033, 4.330436006895209, 5.701538575305918, 4.004975621409427, 4.4603761164128315, 3.684211543896745, 3.1113934268867878, 4.089957048769026, 3.442759552573865, 4.055408979808363, 0.33009826004167997, 0.5595992956175749, 0.09384415449641642, 0.5118643499050496, 0.3872118436447666, 1.3331195224846442, 2.264792578678118, 1.4141069776052533, 1.1960252189949976, 1.3805012137181172, 0.8778842343190876, 0.37752024908201665, 0.1334393409427304, 0.31367444015199514, 0.3443618443891712, 0.3316878213563322, 0.30666396335645374, 0.11709018440301552, 0.5647863842598814, 0.19312407718013563, 0.7553073848425212, 0.2551247975128561, 0.40444223061264495, 0.4376571965478109, 0.21947461733507193], [0.0, 0.0, 0.03443469817293268, 0.285850773297182, 0.4313869928405822, 7.572259614057845, 6.321386645154846, 9.061852567303868, 1.1538551506579244, 6.515104400550867, 7.773909169030103, 11.714545722919846, 6.137899173048437, 2.838423430865495, 0.465091132069238, 0.8746809672161834, 0.560465559116268, 2.407644999664822, 13.109195624836211, 6.998625811560641, 11.78302523453831, 9.449942694839262, 7.560843143650129, 10.926474801545313, 7.172133072060649, 9.198867349987651, 3.955762780172929, 0.2703685791026063, 2.65705559412855, 0.9486259607601032, 2.0624036051589996, 0.678906613775, 1.8043359562396148, 0.8988725732486815, 1.6265938088370815, 0.8411497782220547, 1.2353520494394448, 0.2239773629438799, 0.22574181444519273, 0.46327684420707604, 0.5016532928250225, 0.8382435337655356, 0.4089356952756574, 0.8900595939095571, 0.7291746471057253, 0.7688246416117538, 0.5604297258298199, 1.10924424664935, 0.2991165777567659, 0.9370184301361425, 0.3838623608862631, 1.159326410630296, 1.4055567774140696, 0.9358572049183844, 0.9808650056302625, 0.9013275713695258, 1.1998289253654835, 0.33523881653081444, 0.5056575300297742, 0.1498416981764034, 