{"initial_violation": ["destination"], "initial_duration": 35.6607666015625, "subsequent_violation": [["destination"], ["destination"], ["destination"], ["destination"], ["destination"], ["destination"], ["acceleration", "destination"], ["destination"], ["destination"]], "subsequent_comparison": [[0.0, 0.0, 0.0011366543876014687, 0.0072812445462112265, 0.029337803362784506, 0.007070250917285957, 0.04093124495542371, 0.00857698101501343, 0.027150992520294796, 0.012267815239767586, 1.2287188308205084, 0.012620670128069743, 0.048478297260829084, 0.03166863031272309, 0.05739027284170545, 0.41527765692655266, 0.03107690458292946, 2.150084343160654, 2.150100250824642, 2.0990384586429247, 2.1831343208392013, 2.342040344051375, 1.709365655931224, 1.8561142818626444, 0.7340567218823477, 0.4344468243976251, 0.24445593120012557, 2.160133280649093, 1.54220917404571, 2.9688799026619934, 3.7588465497625485, 1.2726107475676602, 0.8871953806314031, 2.475640886054221, 2.6799852161327875, 2.004049711222677, 2.8479245582658215, 0.3985853038826392, 2.3961457228316436, 1.5285161286632865, 2.639878194985777, 1.6529422541436067, 1.257954605730955, 2.8184414328957437, 1.624933960159962, 10.205929071712024, 3.0125657042610534, 2.73035356355268, 8.870026538399879, 19.826118371895046, 0.23821364471340745, 2.076640747722734, 0.426771256919955, 8.559284773978165, 0.8652923076449629, 2.54488902711966, 0.6393225340779014, 1.6851640706267126, 0.49906328674315803, 0.48380165145118065, 1.702811552973804, 2.786944501745398, 0.5175497259772404, 0.5191541054611704, 3.5189246814562813, 0.29206750138313964], [0.0, 0.0, 1.41252728212499, 3.6411040426332733, 2.2882568109437744, 4.159220719956505, 1.7419976774305506, 3.7171547871204917, 1.891311879162535, 0.08204744434599913, 1.6284471343010016, 0.12214756747900016, 1.7113254502874193, 0.15357682254811095, 1.5141730244015328, 0.47030230753704483, 2.030096380310439, 4.205270716756183, 2.0537213648963673, 4.122801680444182, 2.084168995802162, 3.845949750948823, 1.497850203990055, 1.413310831999957, 1.135928438206843, 0.34287867177407105, 1.03493978088803, 0.5470578451239017, 1.7382919866916506, 4.885236926028694, 5.9795271390928315, 1.4907516413299373, 0.3597575632719312, 2.180996841001804, 2.925866971855927, 1.0365154572276205, 2.1076252670107434, 0.7587683385007004, 1.5228184229849497, 3.1292982907136113, 2.7968143204131044, 20.76537223046107, 13.902182262872639, 2.838777207664637, 8.245240583387059, 14.179968507365357, 14.92152959524492, 19.354070112161967, 21.31317775605742, 18.66286487962909, 5.202188116991713, 6.697289203041248, 4.921885489321896, 3.572050915393288, 2.810803188553973, 4.398577339832785, 2.291756523603939, 3.3168856413453556, 3.319814869558542, 3.3227451903822622, 2.117697068035021, 2.982137345585385, 2.1066210884238465, 2.2806886880956347, 2.6618525506777373, 3.123523060472568], [0.0, 0.0, 1.41252728212499, 3.0376599797841006, 2.3051365916631523, 3.557519349999528, 1.757120756362213, 3.035476861257412, 1.9326488989877988, 0.038683257614614386, 1.031850890060748, 0.07642997333817127, 0.9862106496842947, 0.08353440570353761, 0.9063689809166842, 0.08301732701075598, 1.2947396281571886, 0.11868981596198595, 2.186480696418311, 3.4097146578929083, 2.1473339135073237, 0.055711680241391726, 1.054922023430584, 0.12351466539248294, 0.992641670085375, 1.7053183132022398, 1.2793129968810824, 0.47818624270839255, 0.4462564420730258, 4.773435223559787, 0.922034663583404, 1.6040040417070798, 0.5796236046256976, 2.23131213502035, 2.598842610942465, 1.3464280586181379, 0.6583154453660065, 1.74654969653143, 1.6066564545290003, 2.3696585101134016, 1.6739059770292513, 2.1021487466843802, 19.305545978021023, 2.049185448175096, 0.8523404335507542, 3.230423437847978, 3.9787921245595124, 1.7298098076484036, 1.872286053190403, 18.727928181923726, 0.9715737018879006, 0.9046976475063184, 1.1973943329644576, 7.7105390265986475, 0.2967045206359373, 0.9593541410782541, 0.2902857982914531, 0.9586750527849153, 0.6743465278876294, 0.8838188875136646, 1.5907207485308197, 1.701525422359332, 1.0326067213668622, 0.7640065992084306, 0.3022444898833085, 1.076218427764384], [0.0, 0.0, 1.1175757666101953, 2.963804254604619, 2.295260043524369, 3.4197362142328402, 1.748440400404533, 2.975411276200863, 1.9096634823865613, 0.06274426029318529, 0.9957477002736571, 0.10820447865851099, 1.2935306917544498, 0.16179645196166909, 0.8925435766381095, 3.1649714311381865, 2.1178326228702087, 3.456457474057592, 1.973311492766219, 3.420102737845033, 5.081864450933633, 0.1983058124173674, 1.0334982270118585, 0.24679536865940307, 1.0019276637510552, 1.6655693106483267, 1.751234216154049, 1.091911471413593, 6.513430060332537, 2.7226426610935808, 1.6461949429255436, 4.603949286647245, 0.660677906945398, 1.140070087050431, 1.1315279442810053, 1.064838303174149, 1.3703674825376246, 1.1738448236477226, 1.7711202485230981, 4.508042182063583, 1.583872320139062, 1.1627639714479479, 0.9107645562102011, 1.5665972444522802, 1.4608351601091611, 0.2249158674402685, 3.663333948491997, 16.05501410836032, 14.204343430321513, 18.679979744434668, 6.051396070464836, 5.0566554181358745, 2.65954111460722, 5.4422415940931925, 2.7927192388015647, 5.2462664127149585, 4.029282351060195, 5.3601033386497345, 5.036548385935304, 5.021413981467625, 4.89366261369315, 3.5316174269615206, 2.947681247242673, 2.9929561342766022, 3.03221443770486, 4.835526705668135], [0.00010217499260189358, 0.0, 1.41252728212499, 3.7217595336875418, 2.2941088352770307, 4.273062820094593, 1.747202077379546, 3.7775411589771233, 1.631237652256418, 0.05691352984852449, 1.669615597292322, 0.09998634413224283, 1.7594783772501663, 4.272405986572193, 2.4420686199771584, 3.9996347301006683, 2.0788416392820226, 0.10243259718580205, 2.0203257214224357, 0.17305342158338, 1.822160116827532, 0.2410772178915407, 1.9248387726176712, 2.653578382121252, 2.19907873081732, 2.656966759482409, 1.8377150053825577, 1.7283436807525088, 8.7871808672177, 1.0549871813820677, 2.159220259877551, 4.996797477959823, 1.7506685527926111, 1.3401125761359949, 2.480639202631509, 2.121727196675844, 2.188270596595723, 1.989716974540319, 3.4254684216280746, 6.7122191178831985, 3.370707300098366, 2.6740546092852466, 1.7210059964639048, 1.738937219667308, 2.771425209966236, 2.6385391035681334, 8.215670315827373, 15.42326813208515, 18.047111247193524, 18.866836362246804, 4.819540963840855, 5.244727606609991, 4.612366214679027, 4.180703122448423, 4.990554417264936, 4.074805101335102, 2.856683545845118, 6.160204993224822, 6.145151505814583, 3.8783468157082184, 5.529231211311683, 4.11321876532396, 2.7625363666168883, 3.4439091228948433, 4.778711088184746, 3.811171734568742], [0.0, 0.0, 1.41252728212499, 3.4699257111081927, 2.2791031408765297, 4.021630152427616, 1.7295134043172886, 0.04125364717223231, 1.3841602603517829, 0.09450857010392619, 1.8632135897019413, 0.1382610758761728, 2.4981850678832633, 4.368856916038055, 2.454383185944116, 3.696482793203434, 2.072490166076359, 0.10934658392244472, 1.7590441873009395, 0.17216426211293093, 1.609637438082277, 3.604958878380005, 2.307484847650625, 2.4000662691757113, 1.803213818761843, 2.285696657924056, 1.948629415190884, 2.7824243788515837, 7.80334428982127, 4.76316309458276, 3.083799041199538, 3.785559573578237, 2.7727789392561935, 2.445777667146508, 2.621264698578058, 1.4122753818377913, 1.6974536213398588, 1.3394278134647029, 2.5548467214619146, 2.731345936266071, 5.247324100551165, 2.2670113319369367, 2.4146484436832263, 2.1038592412529837, 5.835108266048536, 4.622032503253198, 13.465887528392816, 14.952262080238263, 15.9294261579139, 18.64270982496023, 3.322462653042525, 3.372883747766105, 3.2653481468392007, 2.2333467266844913, 0.820383763472643, 1.4152750345210952, 0.6783731750068316, 1.126712425486027, 1.1114655155524746, 1.085377106949909, 1.0640088356385133, 1.0076127137895032, 1.2125911921737544, 1.19113824922954, 0.9945501470068194, 1.0371815376164943], [0.0, 0.0, 1.41252728212499, 3.2405270442932808, 