{"initial_violation": ["destination"], "initial_duration": 35.739723443984985, "subsequent_violation": [["destination"], ["destination"], ["destination"], ["destination"], ["destination"], ["destination"], ["destination"], ["destination"], ["destination"]], "subsequent_comparison": [[4.539178818130867e-05, 0.0, 0.66458841779004, 0.1796188825672686, 0.9900811567035227, 0.09281401683524534, 0.028334372422307273, 0.4504949850762087, 0.24240688552015557, 0.2696231324078071, 0.8519282021278122, 0.21904417487956399, 17.016477856617037, 3.7268779082908785, 7.862239097934771, 3.6069836586692596, 6.874168306025855, 3.5009225212205832, 7.055726482563872, 3.139605064324788, 6.026491178036491, 0.4381923323450158, 4.078723576544395, 0.702389491138201, 2.766880785803485, 0.49581290338287815, 3.407682546203677, 3.7205852339829457, 3.6696061848112516, 3.3074568233184163, 2.479380573693716, 3.9202336936022237, 2.8617461904374757, 2.533607551561949, 3.0610777506269558, 2.3135523223293135, 2.616047254012318, 2.4522644775188183, 8.044538697240217, 1.874814001154306, 3.696679158881236, 1.5103849945483523, 1.8543964455143636, 2.25698284569007, 1.3803493341572157, 1.313226580530953], [4.539178818130867e-05, 0.0, 0.7198842070260606, 4.609591622103982, 4.210485684878182, 4.882586597992805, 4.917897590013468, 3.4381514635576327, 5.552407967534391, 2.7255778316895594, 0.832079189367756, 1.6914008481810858, 1.0638132769646096, 0.33576572503860497, 0.9607978879274082, 0.8134690943206179, 0.9556295219359295, 0.5891409932030489, 4.910289443326663, 6.403942325117528, 5.859356098464254, 6.237793264515957, 6.3685065323946395, 5.429531737573044, 4.5500706705617775, 5.8720545712926135, 5.285168857351051, 5.367715526263903, 6.114708257020615, 6.648924237598436, 4.933744702206439, 7.2359172848236275, 4.868904865400254, 4.724761494535791, 4.449733415905282, 3.868396689034832, 4.680550254784422, 4.153454374167989, 8.570732141948827, 3.521732936630401, 4.088688901959614, 4.173308336796397, 2.5429044183643352, 2.748608901657165, 2.8240180319248633, 2.1747238094249512], [4.539178818130867e-05, 5.01962107977367, 3.190717417529193, 5.023815472428872, 5.707993419128399, 3.4540783981077503, 5.315140707774578, 2.714850730504669, 0.3775141330752334, 0.5272461197730282, 1.002029815635931, 1.3323764088496255, 1.1707259509468169, 1.2804051445824123, 6.526049316222253, 4.597432586513117, 6.790450343151088, 4.92599085504226, 7.538183848510928, 4.36961750001371, 6.519831583575451, 4.5178291232202366, 6.749073832516645, 3.668658526306383, 5.159095892981073, 0.7518236715042034, 5.898236732447671, 5.779141925411003, 6.420484092568815, 5.992394171428125, 4.735555967135235, 4.66973226677078, 4.123555451903615, 4.020084315421771, 4.438667501348508, 4.072489148081165, 3.246587053431332, 3.9430422099747027, 8.53376214669578, 3.1735349432234536, 4.213435014985963, 2.913086441212289, 4.695558106790717, 3.08915329966822, 2.4157812378218955, 1.724048959947164], [0.36799059654222377, 0.0, 0.49276466029209925, 0.24590954163761763, 0.4382167148624632, 0.47999965672475386, 0.5077452344955126, 0.8150528419475612, 0.5276339837002517, 0.762852678090074, 1.1459591723188445, 0.28581948477293867, 1.28257863080772, 0.4533772085521981, 0.5750292028661481, 0.42268202665611, 7.800447374656788, 8.24598879853159, 8.25139720594398, 0.5151532107367697, 0.76176132247737, 6.916163179104625, 7.342000841007115, 6.771090871913401, 5.4388503544755515, 1.2861934641829713, 1.2794186310684141, 1.237447393794104, 1.1857124635828649, 1.189557233847716, 1.016418401466466, 1.3758268611821471, 1.0174949267466487, 0.9098669643284887, 0.9601034273037118, 0.9389684009780381, 0.7647132555425902, 0.7901844112982682, 7.943873610969869, 0.6694974327607602, 2.9693986775134653, 0.6467178111502737, 0.6291130817160028, 2.045304602560447, 1.0065541035909888, 1.341463241407201], [4.539178818130867e-05, 0.0, 0.034703189994814324, 0.24039185349849954, 0.22914254895105887, 0.3143881403057438, 0.5896425175194242, 0.16510966292705181, 1.6973331437519044, 0.8656878358112152, 2.1603008430769464, 4.014853702867397, 5.401395083147824, 5.190193510050538, 7.284985661113848, 4.760578971729019, 6.391520064720286, 4.814709548732255, 6.635223083345886, 3.9729166237652627, 5.852595835702503, 1.215443465725061, 2.9471667852680286, 0.8406675350612575, 2.3727764695929854, 0.9075441944590729, 2.383336706577311, 2.7192658136721075, 2.6680114989900034, 2.3388979454016443, 1.799111844845939, 2.7838899858569355, 1.576196269959415, 2.1265438805214254, 2.0702112010075395, 1.5164253911164938, 2.288876396529082, 1.5823411616339258, 8.261069194007636, 1.1856290615297234, 3.280922824949553, 1.6209494095551433, 1.3503240210661955, 3.207560435046044, 1.3675242169476092, 0.5887368720120145], [4.539178818130867e-05, 0.0, 0.6012280567191228, 0.1251157059928289, 2.3054516033560604, 0.4198920604218508, 2.723525063387687, 1.933339626880704, 1.140447744677612, 1.6376532260244936, 0.955937543827035, 1.2626176733427503, 6.479403062443288, 0.35150121849626365, 3.2838245864966087, 0.6605136436360189, 4.96213340682061, 0.4159169529127398, 3.1729766534580612, 0.4344849603320595, 4.044355125842475, 2.3911805556329893, 6.726819915211501, 1.6929661155521698, 5.733579853880757, 1.6162725830752305, 5.586536197708509, 6.385733848757527, 6.3177524823659565, 5.615911664185089, 4.933318599354766, 5.828365344703808, 4.31873761406842, 3.9751016949130102, 4.4251679629542195, 3.7417338154965845, 3.510109864247892, 3.4052252759425, 3.360128286546773, 3.0286907591132683, 2.9657001563221583, 2.826894318591452, 5.440881262102256, 2.335594446611431, 3.1191468219009955, 2.1360362014609615], [4.539178818130867e-05, 0.0, 1.8749279788044393, 0.24578710198392076, 3.397093524859454, 1.4345461249657034, 1.8446294844263267, 1.1832997347183258, 1.3335972106920424, 1.0953413810677581, 0.5002414546007309, 1.2730475941909656, 0.244395931282661, 1.1393792952612423, 1.3809157912351826, 1.2684287664989504, 1.3000666795285605, 0.6885160951755303, 1.259325935157066, 0.6547735581394225, 1.098814272144382, 0.5482574318578832, 0.9303413772454746, 4.901990672720357, 6.137744089763433, 4.687291621561789, 6.540389654736895, 7.453314159211954, 7.344821306991572, 7.8311584853966965, 5.0152157555497, 5.674543207204363, 4.396640252061842, 4.487567354478033, 4.755072022919055, 4.2167161790030505, 4.498536115407518, 4.427762267562711, 3.201202735488576, 3.631142833459467, 2.4693592007827965, 3.616429868117033, 2.7502358122389947, 2.4544996267302683, 2.354556930443065, 1.8223914729369088], [4.539178818130867e-05, 0.0, 0.6231604993182046, 0.1304061820244407, 0.9063482075260785, 0.3367916220133064, 0.8488566401068963, 1.1345463508542357, 1.539114942877891, 1.4872811916504562, 0.9760288731182808, 1.273270357893236, 21.41328778710911, 5.598536417961806, 6.90444665961634, 4.683078993460688, 8.587573272827747, 4.925046427063994, 6.321923545978808, 4.2151711814898105, 7.330865696987898, 1.0971971361383337, 2.5359203659334444, 1.0607817055026358, 2.347253060470431, 1.062890736210823, 2.712477982535378, 2.7060272111561128, 2.6376225401244247, 2.4773884379435893, 2.3877610923106927, 2.579565813887713, 2.0862735499437486, 2.359909748665145, 2.3008212361956257, 2.3883827490857, 2.552408621780552, 2.168828857450533, 8.536944203602177, 1.6287914965809254, 3.2801326748626978, 3.607235485694695, 1.4481299841880197, 2.48843783556652, 1.17771068544858, 0.8765090445499205], [4.539178818130867e-05, 0.0, 0.7159304255017117, 0.12167047370524002, 0.8546168944179722, 0.15135935825762173, 0.3128111480817712, 0.025073854953619176, 0.298848580716766, 0.7371416409636293, 1.9399381641093068, 1.0022147067887657, 16.60516326116274, 4.188360065828173, 1.5529293020465407, 1.1207844829053613, 6.375239238750851, 3.925384555501483, 6.484964687289409, 3.539460509559867, 5.690107977979921, 3.355134854529539, 5.815129736704127, 2.7995450015609427, 4.19171412906247, 2.5980591298164715, 2.911936300682056, 3.0240158001477693, 3.032427796112035, 2.625669169834891, 2.25260289558042, 