{"initial_violation": ["destination"], "initial_duration": 36.060210943222046, "subsequent_violation": [["destination"], ["destination"], ["destination"], ["destination"], ["destination"], ["destination"], ["destination"], ["destination"], ["destination"]], "subsequent_comparison": [[0.0, 0.0, 0.7490595888931392, 0.12196283572939187, 0.8768189616430484, 0.07346841717860078, 0.752009369577044, 12.779350209398373, 10.81199362349782, 2.8054265856984557, 11.719930501953424, 4.178697793863769, 2.3376922442324504, 2.508914316510116, 3.882220358041074, 4.085869258911072, 2.1303008509585837, 5.722370821301523, 3.509875753895981, 3.270374843062897, 3.7559099694577163, 3.856348765361453, 3.661152815393574, 3.6829516283702097, 3.5230690277130434, 3.191512189689459, 2.859218051095121, 2.5849402755420288, 2.1159965668883, 2.063883063836159, 1.6347524724324511, 1.454055905815267, 1.262757936672443, 1.0844669300676353, 0.9677216623056527, 0.8531823252947575, 0.9304496501233915, 0.6913092428233031, 0.6358603606940277, 0.540796246674245, 0.5425454215616293, 0.5274775474418942, 0.4998683991468826, 0.5119638266126224, 0.4896974020445398, 0.4860341583469276, 0.4984062018107651, 0.49541982483275465, 0.4805828546923604, 0.48334966469222085, 0.48456035935859326, 0.48597815627338226, 0.4828445896731719, 0.48226130462849687, 0.48270134722047475, 0.48261611700837265, 0.4828202029955997, 0.48236100822457584, 0.48293982186916895, 0.4823967898312122, 0.4827064309896988, 0.4830464888360089, 0.4828152962710059, 0.48316568564393786, 0.48293073681882054, 0.4832987331755999, 0.4830580116916818, 0.4831884769638928, 0.48294235921377177, 0.4830700408747154, 0.48320099320118637, 0.48333528280499255, 0.483472929918578, 0.48362366334624374, 0.483778230070139], [0.5272374173962177, 0.0, 0.6181723032906161, 0.2591400790546986, 0.6165658619729103, 11.931381993271417, 4.348680866608441, 15.093492006725059, 14.633852558949677, 5.2082439216247085, 2.0521898764348667, 4.7954316070813805, 3.522596206923227, 5.3167880417808995, 3.2615482530538658, 6.415721585684092, 6.981681814742053, 4.8370467272449815, 5.100833863064959, 3.7682942898525376, 4.718487916477672, 4.609476801504972, 4.271121174771296, 4.222862417688224, 3.9446034101744094, 3.459192750528978, 3.1157346685375975, 2.2028999195191084, 1.8908431483121944, 1.7546756303532753, 1.5484506845190573, 1.4875651888246049, 1.2671901256561604, 1.1518620920382165, 1.070682717940623, 1.1273007081929112, 1.0173765918777835, 0.944840435002754, 0.9199106434959038, 0.9077356267390652, 0.9049838497970885, 0.8963046091016502, 0.8838257355040372, 0.8771979279498305, 0.8741476260605695, 0.8656583597899362, 0.8704538923162143, 0.8688303006972014, 0.859730737946648, 0.8625640401530423, 0.8704496476454489, 0.8720851174517438, 0.8612756750039531, 0.8616939961437274, 0.861115530265466, 0.8609603389037349, 0.8607962103711319, 0.86065652328976, 0.8604731738794368, 0.8608269624876228, 0.8603747529466992, 0.8603850443984393, 0.8602870858394429, 0.860296130033309, 0.8602019732642858, 0.8602064449966774, 0.8599061565342657, 0.8596160237960333, 0.859331651345721, 0.8592633699478838, 0.8592052725200188, 0.8591520612211663, 0.8591038972517197, 0.8590592783726183, 0.859020486590488], [0.0, 0.0, 0.15484359030229078, 0.5283472118102444, 4.07941617370469, 3.2542572194928217, 3.5256966812544883, 5.078488127385971, 4.875888039316295, 1.086236495999907, 5.411645692275902, 3.647522053116915, 3.2511340887566207, 3.8110076189220154, 2.9349574998425, 3.422692436884707, 3.396535881476468, 3.5389936338812653, 3.093668303070049, 2.7630418444766707, 3.082339397034471, 3.0121619130372976, 2.7704939056923994, 3.177775230106277, 1.9580978905964816, 1.778586003673975, 1.7288449740441558, 1.6264664749312465, 1.421032386436286, 1.3477917825914791, 1.3478534981638826, 1.1469874128575805, 1.1226710180297141, 1.0333043676681708, 1.0274646512357337, 0.9473124733656642, 0.9335350910536638, 0.9263102152626481, 0.9235401331544072, 0.9191153513119799, 0.9191444962306464, 0.91491565832297, 0.9095240099452158, 0.9089366967756352, 0.9079109422895049, 0.9070162286964718, 0.9146057232290233, 0.9059259930401791, 0.9038091942776942, 0.905059840764683, 0.905922746490687, 0.9068535317569162, 0.9042068956020631, 0.9039695435966313, 0.904202873250635, 0.9042343996294119, 0.9043124634255226, 0.904330196035944, 0.9044321463388825, 0.9041890931644057, 0.9045595796168212, 0.9045507172652923, 0.9046880572902875, 0.9046796959698636, 0.9048245651495664, 0.9048200968881822, 0.9046907815116075, 0.9048319580994645, 0.9049800350911744, 0.9051241312820737, 0.9055956439523916, 0.9054307552490052, 0.9055934853839628, 0.9057687919521498, 0.9059509914316168], [0.5272374173962177, 0.0, 0.7243251489506103, 0.36555360647613777, 4.23067724681353, 10.06723140930097, 10.08214437434838, 2.3861046814956994, 2.965103188417358, 1.9298673280088439, 1.7702909654342325, 2.8884736650785494, 2.108179185200923, 3.2338621845486095, 3.2336058229925593, 2.301842647396629, 2.3713517445250183, 2.1146415310869306, 1.648863368475267, 1.2911288550976805, 1.1678039967936376, 1.051443543450659, 0.954537844772258, 1.5182669443622023, 0.9334186442565031, 0.9372405764737638, 0.8954283435879747, 0.9293800504861864, 1.0228145024025221, 0.969060381451347, 0.8748493997819706, 0.8237638358172514, 0.8584129699939274, 0.8364487286073046, 0.8346279231168903, 0.834262594092184, 0.8352249244854723, 0.835235762993395, 0.8356615874221218, 0.8372266435973995, 0.8371132490957696, 0.8367875400357992, 0.8366733616524926, 0.8361595741905922, 0.8367103411384312, 0.8545632725439279, 0.8400426845148763, 0.8390027165949845, 0.8372775904650283, 0.8412472648887291, 0.8432106899558403, 0.8449858656567898, 0.834642277214595, 0.8348289603254615, 0.8346863713369564, 0.834794361036832, 0.8346096062352582, 0.83472718423716, 0.8345304630694685, 0.8348234417849172, 0.8344924352984585, 0.8344633419911047, 0.8344251166022193, 0.8343966401037559, 0.8343615336283894, 0.8343304959511217, 0.8343943366348042, 0.834326229231268, 0.8342654137883583, 0.8342142236422845, 0.834167865123525, 0.8341264856802401, 0.8340902465123766, 0.8340580507897446, 0.8340317718980883], [0.0, 0.0, 0.12385437803790755, 0.3047889093861771, 0.23672585501363735, 2.829622651650906, 4.5271611038233095, 1.9166879712777547, 4.322833964924747, 1.716973153592313, 11.308410690410122, 5.78985239169064, 3.506090250133176, 6.481227446110337, 7.824433742276257, 4.600616003356216, 4.826399058987936, 4.49171709138947, 4.3278368381328045, 4.4903290678958685, 4.1268534335586615, 3.5816420391838197, 3.262804616918561, 2.786846985200709, 2.3997584331624577, 2.0321970206604067, 1.758957557327194, 1.4301861357590098, 1.219735491833694, 0.9891842142704284, 0.8007319229793415, 0.6447329079746648, 0.7554026681093372, 0.5512398883509301, 0.38878937949250053, 0.37691582569360504, 0.33840275115948165, 0.2917989089801389, 0.25749261762408343, 0.2154669474804632, 0.2134952246452143, 0.18633574105410117, 0.21741391045220562, 0.17948901615624027, 0.19031100608984974, 0.1447723722211423, 0.13650362149334658, 0.14148782438391605, 0.13538274989496465, 0.14743830484903642, 0.1543927480103244, 0.16160073713827233, 0.134694787160818, 0.13436841671054578, 0.1347315725874315, 0.13430842625152642, 0.13476278743662234, 0.13430647937172396, 0.1345158291340754, 0.13427757549439315, 0.13455574443410045, 0.1348340550149371, 0.1345860539056654, 0.13486113762794164, 0.13461077700846058, 0.13490096545151978, 0.13464475675755846, 0.13467985579399724, 0.13471610612322166, 0.1347535307416824, 0.13479207280474506, 0.13483180977692513, 0.13487276921828084, 0.13492538670670065, 0.13497968365552618], [0.527235275042003, 0.0, 0.5963605215058303, 0.29170895622581217, 0.6856977571492576, 11.766265989396807, 4.120860657930835, 1.3042777737002351, 14.316058895937386, 1.8205787357092416, 10.842082627810957, 3.828330684891848, 4.446152519468006, 5.990323692889769, 5.652203280724679, 7.248567797137079, 7.827364592895266, 4.949089510381428, 4.814604454688163, 4.916773429574663,