{"initial_violation": [], "initial_duration": 35.95112919807434, "subsequent_violation": [[], [], [], [], [], [], [], [], []], "subsequent_comparison": [[0.0, 0.0, 4.892573937181599, 8.15866346114416, 4.4182529126357935, 19.34319309084965, 9.279739443182788, 12.439986983221104, 16.926771399934726, 20.050466764655418, 13.67511874233787, 19.06082127986012, 16.983941339053004, 18.189838708865956, 20.442516621647936, 16.73168170630876, 3.3954799655829913, 3.3735220937700556, 2.773760519283825, 3.652337614801934, 3.6894226288231495, 2.7762194945335312, 6.511272463533518, 1.915067356393849, 5.447861274950024, 6.955692844347128, 13.651559332685535, 14.842834360446476, 11.61645691128985, 14.718680149673544, 34.651282200885404, 36.095557003677996, 37.0325662844002, 13.188070050160391, 9.90189580600327, 12.30556390911655, 8.501733073175325, 12.806901906924038, 6.643212155505328, 12.081651426903532, 5.16443078079378, 10.436978495758618, 4.618954224380862, 9.606464696438206, 3.901403216397284, 8.823518534778893, 3.6583186622851227, 7.541336252489514, 2.7512190445228035, 7.076059044685453, 3.249196395610576, 7.141631669219418, 1.481399783359341, 7.23857773108996, 1.5587223729936723, 6.324093182996373, 0.7879489802370391, 5.178399266617701, 1.1191760202320544, 4.3374367273559775, 1.2535042227493052, 3.373805220952729, 1.0426429813565585, 2.8071428342210085, 0.9131969842525463, 2.5184039837262526, 0.588052075285013, 2.0781357032591106, 0.6979028470551991, 1.999812790121475, 0.8576844446841505, 0.25576206732033985, 0.5765057385384074, 0.5761398446404928, 0.7133286386270762, 0.2557799923975119, 0.6102525247319384, 0.8678857561446934, 0.4583019566825529, 0.2934888231581291, 0.5371748313876429], [0.0, 0.0, 0.007122299934673879, 0.39717828142423733, 5.0026852339858365, 0.31472386346499753, 0.6165962472217267, 7.777730142936355, 10.368325126036437, 6.147091146071692, 5.113597047628046, 1.5453822741884828, 11.297902968223879, 29.625824646890514, 11.93815228109336, 28.167988679259206, 11.75660394058482, 28.23906677545182, 12.00054692661692, 24.778075330299316, 10.675572843569656, 23.943133262258172, 9.151302435668635, 22.077726720264103, 10.776951444442993, 31.50924702535306, 9.716457183467382, 22.868425488123282, 9.65324586210297, 37.9454639052856, 34.348289077049856, 38.2392772628074, 37.39714639564497, 19.615650569295017, 9.646304073336857, 18.044190525819054, 7.982021488807716, 17.283479727489166, 7.007246321424641, 16.90562307019522, 4.472785100687717, 0.9190264076150758, 6.430769122976611, 0.9573402500552847, 5.627100117193853, 0.5814719318861828, 4.903099300880184, 1.2201276979028548, 5.504965321345155, 0.5777277759583179, 4.368577672240477, 0.6859399555662871, 4.994976621707642, 1.360730783454656, 3.4999300737190686, 0.8163614617392853, 3.257291968449859, 0.490941873056869, 2.6430569236518964, 0.36119917343717384, 2.0309869923947135, 0.18580721581747245, 1.7961096855209462, 0.611497784250233, 1.4958357896944725, 0.06775219210218474, 1.5427020427767255, 0.3422731056406472, 1.1667134381352307, 0.10405097759635366, 1.5653041596039514, 0.09017427776865557, 1.0773673949859894, 0.15379795715608754, 0.9463821124130882, 0.32062918607496166, 1.0765313031423194, 0.18605240430516434, 0.9944894000671622, 0.23633814269227546, 1.040319594570213], [0.0, 0.0, 5.021355259019294, 0.28521568983125184, 4.954061772297134, 0.1290032480467856, 0.6256768503208738, 7.7692815976147545, 0.5165246260837828, 0.34395995451576494, 0.7700512087988685, 0.3278947400300949, 1.104706701749938, 1.247111142370846, 0.8393924879434758, 1.0874735970615117, 2.497538726929226, 0.76041292743405, 3.474999980712672, 1.8395801437353803, 4.996372783217737, 3.7130005500297862, 6.547147494084278, 3.296298204015546, 5.704196034981933, 9.327058605770224, 6.5268196684614725, 5.811513968165567, 7.100664554449517, 14.956623820268307, 5.004008644062187, 3.9068507020140326, 5.367603859648029, 4.971988857458974, 4.765963006134237, 11.028175212446447, 7.399197515188797, 12.134608190814312, 5.772293121281872, 11.818769731280812, 4.192889030022507, 10.267927927735132, 4.034914537108694, 9.538592913150888, 2.9880314253887033, 8.645633670444472, 2.4731492561423702, 7.875838245218943, 2.57515886369012, 7.036013259936675, 1.6678843247772783, 6.6972744369301385, 1.433091169060142, 6.373429768984446, 1.6415763250589295, 6.001955140679267, 0.677662790023735, 5.170897169897962, 0.8379175552250793, 4.458061250595108, 0.4887463141604215, 3.5616513970974526, 0.18011788214921604, 2.8613475096864063, 0.21331216021903307, 2.646497470579064, 0.07778375972029242, 2.2445111854107855, 0.03165316985715815, 2.3157608113163612, 0.18030151739047934, 0.8344424605337338, 0.13168854398540933, 0.8523505964905915, 0.8010069620926322, 0.5217251135358157, 0.7501617920285018, 0.6323336445020944, 0.5213079307507691, 0.5463006975235891, 0.2782090928152292], [0.0, 0.0, 7.8499896531330915, 7.580483329865374, 15.774513242949924, 14.368467596671772, 27.480033227989786, 0.33463550190707186, 5.5295763461175556, 0.342217764289831, 2.8975256472599984, 9.083536648431968, 19.208051229853538, 11.317930480732763, 21.275014735450576, 13.866369565735546, 19.04052594223151, 13.695162562576444, 18.553021486890866, 13.444809572075128, 16.19170459682221, 10.398525077161667, 12.579176155075759, 9.21120629697986, 13.485825549308412, 15.787963045334623, 10.576803034628586, 12.644132381429312, 9.084417705767061, 12.68118747206701, 35.82017275038915, 37.607716479383086, 6.811444543275549, 10.234394164905783, 6.116160380262519, 8.87244720816175, 6.701411688131834, 10.262877654912176, 4.220661099914043, 3.1444201156118874, 3.836638641371646, 1.695923610063664, 1.7602130775737144, 1.3603579044946597, 0.7851726681665148, 1.7937192622996971, 0.36374795195732956, 1.314153217997691, 0.6629426612691707, 1.3858822015783656, 0.18321138527304826, 1.2129954210309493, 0.4045955788961968, 0.9836793824202452, 0.15529594482102999, 1.0217655691490097, 0.3766113671393053, 0.8223366873594987, 0.19415760302162274, 0.8536304410996347, 0.2737900480293569, 0.5037987242541924, 0.38601076290571656, 0.5267104418132706, 0.311574802609076, 0.3465066019936184, 0.49286232570682265, 0.14213926000435625, 0.23560490848760549, 0.26004669632280547, 0.4084699674865428, 0.30072643606537197, 0.37118857760212315, 0.6198171216383062, 0.7810837607796036, 0.9798572105048837, 0.7944833667905584, 0.6170954180087206, 0.10863999798051627, 0.230493769817574, 0.5976439917893663], [0.0, 0.0, 7.832500833877381, 0.24642539498167212, 15.706094472581345, 5.079997941202529, 6.029825247096175, 0.10014227588534881, 23.641417437003902, 23.319388521873677, 24.871763276819404, 19.289146645224985, 18.528558482026465, 21.23189924972378, 19.77192984641153, 24.052044111739946, 18.737388394089926, 23.74706057965942, 21.440170069407177, 17.34000224236337, 17.143970390006384, 14.656227874609101, 15.053082418155602, 14.62085623143207, 15.31385982520567, 18.17447700772643, 13.607582730593373, 15.357273718759073, 12.76233878574638, 14.053359902202951, 35.00838281910616, 36.162463257226186, 37.06090946018572, 13.120709525924637, 7.993747962298813, 2.3773411038501933, 1.5998900599257506, 2.4681716940009957, 1.839249437715037, 0.8641787293396416, 3.6910099652092048, 0.5680631780037413, 2.5156740973170306, 0.9208007954810785, 2.2512595617629816, 0.881740882914351, 1.707494609236897, 1.5532426105487973, 2.7877659963136816, 0.9566072938789048, 1.5293122806884716, 0.46238770779609417, 1.9210876893039341, 0.8422000865473488, 1.3506516722046658, 0.5781446091860369, 1.354200120543438, 0.6612659221248589, 1.3597461880944732, 0.6137027249858099, 1.1864306719687792, 0.5116801654025146, 1.266327649360197, 0.4951637450608579, 1.2478474568081996, 0.36640980771306997, 1.353565174020138, 0.25596755552297856, 1.1335806232090302, 0.4552623148568738, 1.0688394980209732, 1.7531109121308102, 0.8497296335454683, 1.6498531406680845, 0.7597767377610835, 1.4299952327185506, 0.8374007011625614, 1.1196930302760835, 0.6639040051975633, 0.019895364144728176, 