{"initial_violation": ["destination"], "initial_duration": 35.61060905456543, "subsequent_violation": [["destination"], ["destination"], ["destination"], ["destination"], ["destination"], ["destination"], ["destination"], ["destination"], ["destination"]], "subsequent_comparison": [[0.0, 0.0, 0.5337466676814571, 0.08305912745399642, 0.34424306475953964, 0.2355978572342025, 0.18900069749165288, 14.28599546885197, 2.94687723656747, 2.5920122450859515, 6.500378110845161, 13.885425619307835, 8.978161565348644, 5.953138647087642, 4.751495624820673, 7.450890553011623, 8.315050296415947, 9.753534344583828, 6.502189415506938, 6.3250674144848205, 6.658550929467477, 6.56569318412708, 6.361041764918621, 5.821220835682374, 5.392922523240585, 5.463356290150691, 4.892837946201456, 3.668396188167434, 4.2555915041730765, 3.876166021917883, 3.1734473775226713, 3.1874181149822602, 2.479798047891206, 1.9408907379245377, 1.6178695023141754, 1.3611302024098295, 1.4934685984187959, 0.9134205760083244, 0.9077916431596776, 0.9878491864321125, 0.8123171056462992, 0.5731674844770159, 0.4778407643172254, 0.3930911671701508, 0.3267774746686156, 0.24869630071503337, 0.25078744682272014, 0.20269464703742457, 0.1690119584663815, 0.16029400987521775, 0.16116951040078556, 0.12305667846854637, 0.12484175140731028, 0.11521707906664676, 0.11521707906664676, 0.13571669075842568, 0.1356250547623861, 0.13334540163859773, 0.13576624161350948, 0.13346879057755237, 0.13590495948663467, 0.1335896854282822, 0.1360411452297552, 0.13379178771421565, 0.13616803113252726, 0.1339002824501094, 0.13629059727862936, 0.13400445308461595, 0.13640870147795728, 0.13640870147795728, 0.1365231463106933, 0.13915086126068177, 0.1392751036586109, 0.1420307076410146, 0.13960331579386154, 0.13980725949341694, 0.1399037450506344, 0.14009202517060762, 0.14028064423013614], [0.0, 0.0, 0.027626542157530704, 0.03238401038755778, 0.578203212352731, 13.126046591580314, 10.8401224270566, 9.25247393652461, 6.263529276650347, 3.7965803302701655, 3.296313745665267, 11.531074253485867, 5.648670263010924, 2.8272104426685027, 2.8466612206905784, 2.498900726289582, 2.76118630672363, 1.477959134815831, 1.5326898100354158, 1.898546172761649, 2.1330919428727295, 1.6106424851431669, 1.6562871196339448, 1.7829067221582855, 1.457460531007563, 1.4335207870765507, 2.0806605546994104, 1.372458614844751, 1.3048945021945848, 1.0271136378296746, 2.529641007048052, 2.846501398737007, 1.1364380919525159, 1.1305397087210225, 1.0639319625292396, 0.9945771718019008, 1.025925592750073, 0.8864328558453752, 0.8833197825990511, 0.8987902729240296, 0.886505703837691, 0.8884074781909035, 0.8818660599133632, 0.8798842551417214, 0.8790115151293317, 0.8791807244815637, 0.8910433012721931, 0.8865949344076322, 0.8767954555746106, 0.8771166864835006, 0.8770172547307343, 0.8770235160300924, 0.8769461312116328, 0.8769170323780952, 0.8769170323780952, 0.8768927531384197, 0.8768927531384197, 0.876916221626222, 0.8768747279455179, 0.8768921075834656, 0.876863059886639, 0.8768742852723768, 0.8768578524948252, 0.8768578524948252, 0.876859061272704, 0.876859061272704, 0.8768660361377899, 0.8768660361377899, 0.8768975969917828, 0.8768788775100714, 0.8768976949369448, 0.8769225946835184, 0.8769536894397876, 0.8769910967192142, 0.8770349359345853, 0.877085330838634, 0.8771383886832256, 0.8771973410283537, 0.8772623312345903], [0.0, 0.0, 0.5985698796409067, 0.08563429335277876, 0.44236732672236095, 0.13703439720104335, 0.8213310389603447, 14.179693970697153, 0.7360676086209177, 4.781635346961909, 6.3431547449859496, 7.817939491337014, 6.487935875975332, 3.979928596238246, 3.7410491151747425, 3.607014047901906, 7.656904749970392, 2.1562841264332087, 3.0512716982650407, 2.534630861813274, 1.5197912931868087, 1.3900865311335848, 2.4363190921920554, 1.8658291513503769, 1.676180491213912, 0.7888440479814678, 0.6807384532038474, 0.951241108779424, 0.794196318606277, 0.6972698485727976, 0.5356422730361974, 0.4068506023901812, 0.23004933278131118, 0.5048793874941657, 0.1807327969407213, 0.28816322248763926, 0.08103951678511559, 0.08453387384989933, 0.06702664643893788, 0.044471431364365065, 0.03731642867156276, 0.04459988675169151, 0.04039527914184222, 0.04285924576243163, 0.027696016077437182, 0.03621275665574547, 0.14031886275990427, 0.04885766068886852, 0.029197097490960798, 0.023097146829298153, 0.02308388872901279, 0.023065813240221177, 0.02607665408372584, 0.026175847295607874, 0.023209823607532185, 0.026272241178465414, 0.02327823410644529, 0.02327823410644529, 0.023344301241434075, 0.023344301241434075, 0.02341101180143809, 0.02341101180143809, 0.02347840091756538, 0.02347840091756538, 0.023441852708528277, 0.023441852708528277, 0.02340527610625946, 0.02340527610625946, 0.023368255967407187, 0.023368255967407187, 0.023434323392312998, 0.023501281336234407, 0.02356931886587448, 0.023638494610097042, 0.02370957451831427, 0.026894901430197876, 0.023747280065886528, 0.02371359213572495, 0.02682084352181632], [0.0, 0.0, 0.569705443313379, 0.07909744311105009, 0.5935641561102865, 0.3790341506107447, 0.46842736682270936, 14.699531030405895, 0.6294685487822104, 3.6909726942694463, 3.6713456423204445, 9.832466363902848, 11.769706769104058, 4.91535720598837, 9.145473405538834, 4.114325024774201, 4.082824148252897, 3.955602889821793, 3.963632658756506, 3.7989087031166324, 3.5324016567810466, 3.181229970688527, 2.9135647866985477, 2.709569295819485, 2.355541693282317, 2.3325606448922884, 2.0128812660463535, 2.104222061020295, 1.89139807224054, 1.4304994404038138, 1.3043070499346898, 1.5033823258531478, 1.255216600346307, 1.0525266528178356, 0.8523274003901683, 0.8919845905426012, 0.8953803405165933, 0.9282234785425671, 0.9367199256657854, 0.9845128267132534, 0.9029235109171837, 0.8803723963314932, 0.9084007254680926, 0.8800085697754458, 0.8471546681331716, 0.8201065964241113, 0.8242639624847237, 0.7984762651599079, 0.7828517472168552, 0.7800526167443993, 0.781284441503243, 0.7697943876823862, 0.7699256467678196, 0.7698730482982248, 0.7699103558946607, 0.7698362224993143, 0.7698739905589523, 0.7698858377240563, 0.7698439117747793, 0.7698537785800305, 0.7698168118640157, 0.7698257005610011, 0.7697812921085344, 0.7698024221530942, 0.7697712399041019, 0.769786568151678, 0.7697660303328098, 0.7697751435784879, 0.7697657847332062, 0.7697657897825245, 0.7697705970781625, 0.7697805639431994, 0.7697957870215112, 0.7698163672083169, 0.7698424138332154, 0.7698755405340816, 0.7698665761632755, 0.7699535487980039, 0.7699420009598854], [0.0, 0.0, 0.7921127778947407, 0.16833617353835426, 0.5932317857420383, 12.986899443134668, 11.019167966174559, 9.395093852869067, 2.707216012665357, 1.9141181978833879, 1.9132614976554538, 2.112291781519862, 9.423792277824592, 2.1725687743534157, 1.648697946234672, 2.676802090947409, 1.0458334278458121, 0.91766278886352, 1.7777300111355603, 1.5150708792684586, 1.2519238647251918, 0.8364012835724058, 1.2879741341311255, 2.0894282441688876, 1.5349371628411486, 0.8324500461618599, 1.5493527180818616, 0.6521227841124575, 0.5612230549304308, 0.4286578011645784, 0.5447842669314626, 0.32227583270410354, 0.2567894649612099, 0.49209680534745653, 0.23918517930933808, 0.42132612916826406, 0.14219491859331887, 0.1517375467987552, 0.11731133913490352, 0.10470641574259654, 0.10735941519776201, 0.1046103556083028, 0.09145163566741793, 0.12460174780620763, 0.09935363045218708, 0.1155627784454108, 0.1520968309119096, 0.1353677891208398, 0.10923903398092734, 0.0856816374898184, 0.08426971258764335, 0.08427648109708942, 0.08437653239754812, 0.08447146254454209, 0.08447146254454209, 0.08456109534050907, 0.08456109534050907, 0.08456109534050907, 0.08464508826242281, 0.08464508826242281, 0.08472337044695043, 0.08472337044695043, 0.08479590135588022, 0.08479590135588022, 0.08485892600384155, 0.08485892600384155, 0.08764462387124099, 0.08491489517604595, 0.08771480608368339, 0.08495978906424136, 0.08509920329383314, 0.0852370238006883, 0.08537337242998624, 0.08551021350423019, 