{"initial_violation": ["destination"], "initial_duration": 35.51968479156494, "subsequent_violation": [["destination"], ["destination"], ["destination"], ["destination"], ["destination"], ["destination"], ["destination"], ["destination"], ["destination"]], "subsequent_comparison": [[1.622577517414281e-05, 0.22116874837500158, 4.8494015145680236e-05, 4.84876612766929e-05, 4.840548372600747e-05, 0.010280705661279657, 0.011883373410515144, 0.034699162824075494, 2.6911733533626174, 0.8335995509521692, 0.04767659057377933, 0.01587743261306007, 0.09425970817467136, 0.8086430826515673, 4.084533658144788, 0.7569033828456229, 0.4781959334639191, 0.03967491818353488, 0.19646657475731388, 0.31819444972849986, 0.08514238769358314, 0.10095443140801602, 0.04043430306426878, 0.8971317507454883, 0.057786356051532074, 1.0844827844052916, 0.09463039407843642, 0.5791957595313783, 0.40257100872217727, 1.9333524692229858, 1.716519510386292, 5.443112226074428, 0.7114630176179523, 0.6549666843571301, 1.6635691375238544, 6.196403946657339, 2.2660067773927715, 1.9379482522442537, 13.438252408720013, 3.1985088185057258, 4.4877545357882775, 2.9475796719573717, 2.5962980624672247, 1.4382380047786616, 2.653291924931194, 5.23620260055522, 2.2248827943114557, 5.7248199396331225, 2.013819526161515, 5.642499840261644, 1.5065215846944657, 4.540026681987254, 2.0610873086873363, 4.004697425830634, 2.6155520039290576, 5.512734316143993, 2.211042546250252, 5.6918088605409976, 5.7080723630188865, 5.72433452394657, 5.740726310945994, 5.757273705892111, 5.478523375951644, 5.495393304253674, 5.512392810522044, 5.529418262828691, 5.528480548647059], [1.622577517414281e-05, 0.0, 6.887223319033645e-10, 6.204161950739719, 0.434102528505106, 0.03560255020901394, 0.014088032102577266, 2.8705366863896478, 1.454180275468, 0.8207995639642772, 0.012826798771258559, 0.014115417830749403, 0.09731817960699844, 2.1265438831049774, 4.606103483502101, 1.5049259408584503, 0.6743419889083987, 0.374748895822984, 1.3910861965275974, 0.4203994393558116, 2.6329549343503063, 1.1436522739191675, 0.4724983490122488, 0.2268466260253761, 1.3200145037906634, 1.1374213129551882, 0.3974924718241456, 0.3904570346445927, 0.14879556442317998, 1.8813275993446787, 0.7828560433941665, 13.047560502649869, 2.2511851966248275, 2.0315193693149265, 1.2097335533124767, 4.7976198081663455, 6.686190592071236, 5.09316218467567, 17.127558002533917, 3.3852821221203193, 11.39907532377512, 0.5435785742330951, 1.0837735030606366, 0.9009549393848644, 0.5175644357413316, 2.5743878856222526, 0.5868895380144876, 3.032072883823393, 0.641971459171032, 2.9232416229036025, 0.6399119364532736, 2.8127382708115207, 0.8718816162978061, 2.814433150761924, 0.6104666215795435, 2.962102411389837, 0.5710930230296571, 2.9618469003029597, 2.9672350630342446, 2.972623605673733, 2.97814489555454, 2.9947548914800737, 2.9896292074523076, 2.995622313271725, 3.001748685948664, 3.00790375079111, 3.0139508980176086], [1.622577517414281e-05, 0.0, 1.4536411600197847, 4.767567958327651, 0.43410252811906763, 0.026388423961885475, 0.0028058009307614282, 0.04364915455741299, 2.6741302539090057, 0.03816344951457188, 0.5811283082330843, 14.014515709105249, 0.11171703803433236, 1.9194050838258132, 3.396333596253423, 2.1890372186016838, 0.10273438687084144, 1.466719504809378, 1.6882157331950913, 1.1447029109307443, 0.24265149502113653, 1.4473340025022772, 1.3413938686563904, 0.42803820654748936, 4.155259050087385, 4.110705507934177, 4.392279413546563, 2.4684748317323586, 1.827440262099704, 2.150391335579835, 3.336338017219121, 6.345761670789425, 3.1516236812285396, 1.123883254293594, 1.8830977273259129, 1.2146971884045383, 5.611667829595598, 3.013765854280531, 13.515652079958747, 11.235512713318835, 5.969894216569624, 3.528984125989445, 3.9136174266601294, 2.795110765874588, 2.071933994758074, 2.827177958301536, 0.1340673322222658, 3.543862966278713, 0.4320344039271125, 3.4624176612757482, 0.7187131038592403, 2.8853623147604672, 0.41612047036067396, 2.471844023743069, 0.4239172573358287, 3.4705287535358904, 0.4400219910098106, 3.053603419845809, 3.0516738858641785, 3.049716256255429, 3.0477986333644003, 3.0461845360336004, 3.044512210262615, 3.0429223419074742, 3.02364712793675, 3.0407148644848068, 3.039526831915688], [1.622577517414281e-05, 0.0, 9.092327295693865e-10, 6.204161950708644, 0.4341025282285157, 0.035602594201891755, 0.013962030025342317, 0.032606912839099604, 2.721745274318533, 0.003911187684032103, 0.017715827931982443, 0.05882330266042639, 0.04583250493197144, 0.7757300689736758, 5.7447006972360946, 1.9600922212800471, 0.15283088342586537, 0.24314641581725438, 0.3270921000457005, 1.334809032013901, 0.2793193535001007, 0.3634827904788898, 0.12488568469680517, 0.7677418290227815, 0.5112272202166679, 1.1997120661817429, 2.735726045036578, 1.5692591536593363, 2.1329380315175794, 3.2774405563487705, 0.4535602266525171, 0.3857599036563876, 3.8552209961302424, 0.4907695503797212, 1.8292782504910645, 0.7219551825742017, 6.728299362966517, 9.94149194834932, 20.50226860726621, 3.5028031370714814, 7.414597631956861, 11.714975428568414, 2.4350304982523117, 1.7158503494774844, 2.159326801966326, 2.260554018705175, 0.8920932523998606, 2.650959057053948, 1.3545006724310718, 2.559430656824354, 1.0267245505756963, 2.055468828956148, 1.0826307665958284, 2.522435775463303, 2.780379780119712, 2.576932004452221, 0.9324746565219504, 2.561898425089919, 2.561452563661311, 2.5777754491457654, 2.5774751667681524, 2.5773322206394775, 2.5772964416616087, 2.5774591723913454, 2.577779321657198, 2.5781193186684246, 2.5783537998867545], [1.622577517414281e-05, 0.0, 2.887006096457421e-09, 6.204161952036176, 0.4341025283911452, 0.035602601814389005, 0.046013161853677216, 0.019097658066613656, 0.0496217764012182, 0.0034870852625239895, 0.8636942315205379, 0.037798789264497604, 0.21285334998439162, 0.14069411348544816, 5.347957940957884, 0.9279045127471015, 1.9492332904615044, 0.556466618268441, 2.136486436900924, 0.9969015109092052, 1.3302909294203369, 1.2714361519903392, 1.0756959798357488, 0.47882760373853456, 0.3094532300999811, 1.2544897914147157, 3.163947687474541, 1.1198283235394266, 1.7110726260820173, 2.1039218975938057, 4.124308719525001, 4.9888587366140325, 3.400535473093334, 0.8304907574549278, 4.372942666429931, 0.9946556074497381, 4.607810090766338, 5.657688470444326, 2.101244866965431, 4.593693303621747, 1.6253408305818051, 31.089559068215436, 1.509617595857439, 2.079407199816204, 2.1945035524562515, 1.1809328100340464, 2.068750326480886, 1.4994734073385891, 1.7875474546657115, 1.4140691827420455, 2.303367985412917, 1.31105345491807, 1.711390502333325, 2.1333570144836322, 2.1945299626932018, 1.4106482861341165, 2.136881211942545, 1.3994059462460264, 1.4355820724976034, 1.438565490264371, 1.4416808099111176, 1.4449552531377778, 1.448351089705285, 1.4519358073813342, 1.455653190291367, 1.459398983960251, 1.4630366774512733], [1.622577517414281e-05, 0.0, 2.2663644438064407e-09, 6.204161951710127, 0.43410252832033613, 0.0356025330710848, 0.008780119648863218, 0.029951776549287202, 2.2690392408632265, 0.006442441363716419, 0.09612321303079847, 13.977012115207776, 0.07441369359195267, 2.1525292332130017, 5.489228280236574, 1.9138850507329708, 0.04075096095601465, 0.47243528661968454, 0.6392312842540017, 0.8371323247479074, 0.22503797977265425, 0.3250008979788712, 1.4220938086414423, 0.8278152725682528, 0.3428207466527676, 3.651363995903467, 5.168862368093857, 1.1558687517186377, 2.7877005798288015, 4.160472480727807, 1.914153551632863, 1.3890956059868438, 3.918819515599013, 1.2637510490255863, 2.2595638498297275, 0.82521062316805, 0.8054147508096992, 1.7781070573554252, 19.891559793936764, 3.2380619154357575, 5.8799809417973234, 5.554989060646977, 1.493008634876264, 1.5565775521184517, 0.8035058870659898, 3.509362404218998, 0.48502864818971764, 3.9899151461705746, 0.36380362299495284, 3.8627038376524396, 1.2102752242104264, 3.2018278784916068, 0.30677103372257125, 2.7041155776451244, 