{"initial_violation": [], "initial_duration": 35.939159870147705, "subsequent_violation": [[], [], [], [], [], [], [], [], []], "subsequent_comparison": [[1.1082151165204628e-06, 0.0, 4.950492268214974, 2.7690517424260004, 4.902585853616267, 7.583035615107329, 0.08122029457013069, 0.5146054184319414, 0.2795211758006762, 0.8701907464428881, 0.5982875977573401, 10.019422346063356, 1.4072170490777491, 9.928572950399905, 2.1917432739577527, 7.878557543844731, 1.3700962507962045, 6.655972260497662, 0.3204662766039295, 8.11723949664281, 1.0421459773917578, 7.25973612249687, 2.114052807056304, 6.6240741212856005, 3.2214323108768506, 7.098744203363416, 1.256578284578265, 9.023815195648659, 2.2551701777485915, 7.151134611235766, 37.537241479112176, 6.355217040985968, 2.3090181180852865, 6.179366021731139, 2.2559415627705715, 35.676252389790776, 11.227565829537278, 14.592447576169748, 11.085001502999788, 14.537072922590074, 9.971609382742235, 13.01917864975736, 9.279812012999251, 12.087818821475638, 0.4787551802608703, 3.773097686340283, 0.6572419324873687, 3.123227605601341, 1.0112404151255563, 2.5058005985993552, 0.7333296836990306, 2.6291297384752927, 0.9319578838506847, 1.9492954418160198, 1.0966801490692457, 2.1733248295498586, 1.6589762510198698, 2.117692099599614, 1.4113758304274973, 1.381526021055965, 1.1883426286312493, 1.3081092629070505, 1.4549291798208157, 1.3033544430527813, 0.8174467763174794, 0.7601824735914118, 0.7188738873654223, 0.9617144392399054, 0.645652009484541, 0.9444027466731386, 0.583543879589621, 0.9441492040156974, 0.4512750871775103, 0.9765329265700597, 0.8292949028799317, 0.7237089396017589, 0.4374942487764344], [0.0, 0.0, 0.022780964179773468, 0.49108420844437295, 0.17306835146153776, 7.750265340581593, 8.02792898511772, 15.596959777817416, 12.324537030767058, 19.79071252832975, 18.33329270965233, 25.613843690751146, 11.301731839097052, 8.899149299953041, 9.718127705800484, 7.23854141930818, 5.863316139833381, 8.473930364158786, 0.5574375846483114, 17.186378593083955, 18.51121811201943, 21.745083498713146, 14.786108372323856, 19.3750319678077, 13.961037569157241, 20.834574711002166, 11.93861003821152, 22.781078085062322, 11.961110150807304, 21.794082089626894, 36.011598569132865, 37.3496284930982, 37.96130106247701, 36.77529569612354, 9.393601727481753, 37.21580718549946, 11.587533584331572, 14.34247908611832, 1.0820914398206187, 7.718515592784327, 0.5827335241340622, 5.7460045184460515, 5.413964928392414, 13.45971414218999, 5.209984331758276, 11.098925305825597, 4.9208766554090255, 6.056332253286971, 2.257130625393111, 4.8527664187758255, 2.0541110154311073, 4.650776947014339, 1.7381268829012428, 3.882993130603467, 1.5687094414529077, 6.356664045255884, 0.3673972665982148, 5.444661133153662, 0.5825506710785922, 2.808866583477142, 1.5440746039484607, 2.159572713120256, 1.5227909861037676, 1.6483140151983435, 0.1994166219401946, 2.577050681536181, 1.0093430027866317, 1.3065381053115332, 0.7888419810328705, 1.1575723989904518, 0.33877516740035996, 1.7696648513485442, 0.30483604095457334, 1.445774826174508, 0.25116510559013405, 1.31475599434459, 0.9579337579095613], [0.0, 0.0, 0.05992820301569487, 0.5225537005130588, 0.4061530139162341, 7.796348892709299, 8.337573725099197, 4.058454367373135, 19.283650430726393, 19.015604107901645, 19.25795514646177, 37.58253992109944, 2.817707977760105, 8.586747033164412, 0.46575994974076207, 5.355547482230015, 0.8508181466322046, 9.301331152103861, 23.632981039530566, 26.512702716503373, 22.37988151827898, 22.49393382836519, 17.868214432482365, 18.97628210940188, 18.023074250304983, 18.63020121232766, 17.993973858059174, 19.074218554699815, 1.582744345867467, 7.783365496467238, 38.418254217069595, 7.588069737973073, 2.815871826280707, 6.7995015307813125, 2.7985793949201447, 35.39196590815606, 3.095179273422223, 15.294039767188076, 11.292010856004605, 14.338530389433426, 10.733237969452215, 12.195246867586604, 9.762800146735664, 4.710251900500298, 0.842158799936171, 4.042149528144218, 2.4672207212697552, 9.768558932187203, 6.1223893558241045, 2.594122214212369, 1.7825572768550408, 2.3953648840650756, 1.3441593721587601, 0.761791136458703, 1.1381178025537753, 5.966653089251912, 2.6667265043432304, 4.745958880871153, 1.31705933908964, 0.572952248003863, 1.5679839881908264, 3.4019940140271605, 1.6766599557022646, 2.8674809075173493, 0.8199929155690944, 0.5035431503234155, 0.9381304875063965, 0.33491246666020846, 1.1051046685506771, 1.6709916070146966, 1.0237775227004233, 1.3405383376031916, 0.9574777428121117, 1.4928517290834211, 1.031577674824841, 1.0862312976617814, 0.9354309184964911], [0.0, 0.0, 4.937218264632101, 2.783587402379369, 7.909097039085818, 19.18927706184153, 19.13903207321969, 17.105414849807257, 15.307651939937191, 19.585600913952902, 18.191589329423316, 0.46667571996365104, 2.7891798013087112, 9.909376665572477, 0.5141115546600682, 6.092950074271708, 0.22542743767094323, 10.12161100547866, 22.79022605880555, 27.07052783105612, 20.646921659734833, 24.30332993029479, 16.631117396778325, 23.844877004594153, 15.325833290843935, 2.8372918570085743, 1.2610171387205507, 4.040741943028724, 14.034873390887103, 21.902390080490644, 35.105728230234796, 37.285616630197914, 36.9610493961762, 36.72941547594006, 36.01809289358566, 36.58724512379018, 11.63594695195571, 13.640481354290454, 1.302530407420125, 6.6223769272377675, 0.5035285702696167, 4.352959114286638, 1.7986784787034154, 4.51430957662151, 1.090382728391263, 11.409201206234277, 5.685812881271688, 9.728101107761576, 5.299765074659681, 3.8458791526129574, 2.1949835511333124, 4.129804168453178, 1.8826236276659685, 3.039093841309055, 1.6601614448122797, 2.359208769698804, 1.3095708793947478, 5.301246701683223, 1.1029978282188435, 2.379288293359029, 1.2927752476718302, 3.919905727011077, 0.6470461187151095, 3.1710848771583926, 0.7408218177071431, 1.3178447726075426, 0.9750105985315441, 1.0510223971194337, 0.7309732840328577, 2.0738639326664963, 0.7518572673132166, 1.6148695636929837, 0.8995277146768977, 1.2966942238343737, 0.8080736873204388, 0.5303166342671155, 0.26361470439434836], [1.1082151165204628e-06, 0.0, 0.48727670392870237, 2.8144765789540975, 0.37795973241108777, 7.862150693632954, 12.296864967945034, 3.711287078868354, 19.61816471009497, 8.862627202422281, 14.233132991919806, 29.067711153984263, 17.87044351403664, 26.256636623198837, 11.402148664410392, 7.427188805349469, 7.560307846610962, 8.42660075399527, 2.064518343472957, 14.126454039830696, 1.9691077949709181, 11.39946957318854, 2.05379441303664, 10.222401113206233, 3.652926669399973, 8.738717810739407, 2.2183222658302477, 10.065203623784944, 3.3854473004301044, 8.135958965427895, 38.020416808000185, 7.49439195135312, 2.564621668777106, 7.7214210578811215, 3.3395105317160043, 34.992593927292994, 3.7163300065354137, 4.532056349530547, 3.860735478398723, 4.9586467628117665, 3.189625097551322, 11.894069314310713, 8.68835714193926, 9.554167226611629, 9.11911814257048, 3.26751614183115, 1.8154000428316897, 8.536752275019703, 5.378237287505128, 6.791543065785501, 5.823319324926361, 2.595003407382368, 0.43464618207706707, 1.462254309753899, 0.2811980725374969, 0.43114138204404306, 0.1571704706278857, 4.028697579486021, 2.776589182991052, 0.7690074693004266, 0.3224387665280234, 0.2045074705886364, 1.684176299268474, 2.3890579685155178, 1.8587880704499262, 1.6867197715941777, 0.23841358871969828, 0.1317903735543924, 0.9364956043793102, 0.34349541927397037, 1.4197477685327105, 1.1346357615394693, 1.359822627222762, 1.3330919672607306, 1.675023809029724, 1.0661506090555948, 1.097421551631801], [0.0, 0.0, 0.5242604348634534, 0.5505502333404326, 4.988587272016653, 7.600531334790886, 12.488371734616841, 8.116335710110105, 1.9363205697856845, 9.155106204077377, 1.5944751593274604, 11.185265298391517, 25.915193583773068, 4.943752935315112, 1.8829086243429343, 8.03051779686055, 0.19225556401536725, 6.298611879446918, 0.2761031026866704, 21.756627646624125, 28.189220666030753, 