{"initial_violation": [], "initial_duration": 34.80960392951965, "subsequent_violation": [[], [], [], [], [], [], [], [], []], "subsequent_comparison": [[0.0, 0.0, 1.2720265991456456, 4.510732562831297, 0.599784617805107, 1.4810205076285685, 5.558753529249563, 8.80875652880273, 10.48861482353858, 7.093220577494903, 11.749599019351388, 8.431996358826389, 4.6711639022016165, 10.271182771142431, 14.2932104207801, 10.098355852850965, 8.162949861604206, 7.283503708824161, 7.405459911518006, 7.7606414377114215, 4.5667173185181795, 5.112503472205368, 8.345827571348575, 3.7905704267024927, 8.744310634094628, 5.549475287204739, 7.498951588737722, 4.936413567860628, 5.1198115069495795, 3.5365392969781753, 4.084625794875553, 3.8437469801840782, 6.657691215777173, 4.417704534243668, 5.456839417674077, 2.612784785741123, 4.931109703648175, 2.4269254893953636, 5.187731145960201, 2.3982283240829254, 4.226092713614234, 1.8502686643775061, 3.9983811910543965, 0.9675952420317752, 3.0674612362641986, 1.2252565540268574, 2.3329750054845406, 1.0182369703943224, 1.722153698143403, 0.49024737174651317, 1.4084720069000867, 0.9138021606640826, 1.0830412021688443, 0.3014788347672408, 0.9693349571389578, 0.2768056104051492, 0.9079037100090752, 0.9293690205377935, 1.1386371786049547, 1.1528308499313227], [0.0, 0.0, 0.49681587808797095, 8.0221108699242, 8.122475500848259, 0.24052449300359757, 0.35993123131256277, 10.64907607224344, 0.7268955436648703, 0.5672461028522731, 10.6617984664449, 7.422833079535824, 2.772327846445407, 1.257295456354888, 6.34343662672029, 1.6179459680037902, 2.2590290726622406, 2.652434729533627, 6.271584972680062, 6.856763420417406, 0.909870549219175, 3.145691993010278, 3.946073490145717, 2.749808179308335, 5.77360150487393, 4.060084146390451, 2.910490115036339, 1.774224201294206, 2.9198157339608724, 1.0915161628505456, 1.653030125016185, 0.9680267394906348, 4.212081238161544, 1.193180605628085, 3.6124005069447143, 1.5298980064558534, 2.6293672282561475, 0.35574421480902757, 3.4923962447418813, 0.35963950690276614, 2.786206117364025, 0.8631259733737395, 1.7898373471042215, 0.25252614040089194, 2.1355809279526663, 0.6140655310519781, 1.593316589292501, 0.5838289945016031, 1.0879360811581853, 0.7059928352160881, 0.8904358417688436, 0.6480764627609703, 0.7129307465569477, 0.6226046488754099, 0.8570881445031111, 0.6748655070405072, 0.3304965717163562, 0.6157595008177189, 0.22451236902115254, 0.2992568923228572], [0.0, 0.0, 5.945227020583067, 4.476487428356384, 4.741406078103871, 7.271652843403271, 6.791176435855341, 14.079713217928434, 1.9306386106104523, 10.835050954479495, 7.816411406320868, 3.942813941812969, 4.691649734028109, 3.989173220068913, 5.700112379004904, 6.861995230848569, 6.835456081141184, 6.726433008441049, 7.250376658855156, 6.916550846739552, 4.712409118140079, 4.879017276180628, 39.362635189930344, 2.2872149613184773, 3.10862263749686, 2.8580854633020234, 1.9333238119050615, 2.6621656041169413, 1.9502544043751195, 3.1955202463648047, 0.7938236252440103, 3.0545668188842123, 0.5233136993839849, 0.9082679112378453, 0.47316786499015284, 1.3097892339354318, 2.4381258663509353, 3.3734181920820983, 1.34764209263018, 0.8449056011154221, 1.018272853935683, 2.361576870858294, 0.18457493663412303, 1.0322115937117327, 1.4843238557034661, 2.5290920328231357, 0.2328610734117303, 2.314573045883559, 0.7375738575574207, 1.9724185955020055, 0.5790567301793758, 1.9624954261449838, 0.6194325091349977, 1.7642945348925865, 0.4298845918518451, 1.40098473242953, 0.4180775937318292, 1.7013733420679011, 0.19929253354324786, 0.6966332797866545], [0.0, 0.0, 5.945227020583067, 4.055542948286894, 3.802371603286885, 12.223787908504258, 11.31337422040721, 4.3660718492912345, 7.3326247132506825, 9.328328156208542, 5.062146268567512, 10.790904582676506, 13.853782339281867, 16.376897804003825, 18.808143562605704, 18.23835540757642, 16.953355510454845, 14.09728659976287, 12.131300891625035, 12.226575463048345, 11.129016861366575, 9.979202175727712, 37.4133023852908, 36.028390996655546, 5.621991010021823, 6.122771981622778, 4.987336210483101, 9.024475590479017, 6.154570153747509, 10.002013881347617, 4.177837769568862, 3.7603706974319464, 3.86126796367644, 4.019837532948674, 3.4015482881208814, 5.323939747696226, 2.2423753233164088, 6.4553432142169624, 3.33155911595042, 4.531335495842895, 1.600860377717701, 5.076555848781712, 1.7333995504368112, 3.662853109420672, 0.6578798894559924, 3.3708741596980283, 0.8776168666329901, 2.5192543541026455, 1.356109491434395, 1.8920339520431062, 1.0745836897100616, 1.507802338678242, 0.6928436290637958, 1.1258242251591586, 0.49235055168153924, 0.9227643105668766, 0.6706737057126888, 0.9029444909788462, 0.7591980414507501, 0.8286244636203902], [1.1047889361464567e-06, 0.0, 5.945227020583067, 11.683580990311196, 8.2095090174384, 16.219730038373946, 12.233256120284702, 9.571179388918324, 1.9213611100823416, 12.47248762593386, 4.066821959034095, 2.7145502728199005, 5.974585822202456, 4.692893697507238, 8.458936109726112, 2.6698329394460427, 1.2980963430556645, 0.9185046001676218, 1.3244064008316405, 2.9098835913333856, 3.7185607911368446, 4.249576977503275, 3.6674054260472935, 2.5125099354680716, 4.275894799024692, 1.4012242598743352, 3.9745354411496527, 0.9186927120980385, 4.769052295874122, 0.13895635114148727, 2.76023984106481, 2.4901062394047355, 2.951802262955261, 1.8282070160977628, 3.342227125777978, 0.9741848342957722, 2.0952979744373006, 0.37270008455646714, 2.72660440295518, 1.0933120768803146, 2.5662321961504313, 0.8470971251134914, 1.4297406002008761, 0.2810807522120806, 1.497620918624234, 1.077771993715755, 1.0968822377351475, 0.7153203485179195, 0.9988730059896175, 0.6009045917614955, 0.9423704264002848, 0.4532752582996888, 0.8145337934900602, 0.693962926731754, 0.8163845429388962, 0.44029891813489425, 0.5416998119723769, 0.3735439622565804, 0.30233428116524386, 0.5272738212392201], [0.0, 0.0, 5.945227020583067, 4.25876002976536, 4.375909175311887, 11.771661452929099, 11.027851262728705, 19.94129919193374, 12.038724686357655, 8.28224794335213, 4.375516436932816, 7.915516507306759, 4.6606523251599326, 1.2563907640065288, 6.5946280820486, 1.794197204719101, 2.044144068422677, 2.2929581158059253, 2.7371720338214414, 1.084035265282415, 1.7061230210308227, 2.1826116605595387, 3.4227122146882603, 2.675750470002707, 0.6449666891534109, 2.1220701848586856, 1.3228733470120633, 1.486648768168174, 1.8003477608321037, 2.191193150173452, 1.185817261904181, 0.9401793318661912, 2.4012237002721055, 0.7836181105131826, 3.317700546808675, 1.9864608976860292, 2.171371660270862, 1.6839702536110348, 0.8157372470136788, 0.9785209006267677, 0.6527220123258428, 1.5958026410432313, 1.3420592562460347, 1.8778098732251407, 0.7746790556756763, 1.4096349452681884, 0.8032130217062158, 1.1378972260431761, 0.6825138621017474, 0.7849929820608479, 0.26925893543421914, 0.8738260793791702, 0.12476474229130836, 0.7458639613930713, 0.10583891622473074, 0.9013714880882286, 0.4124920523572829, 0.9651323711780749, 0.22424576577848063, 0.16706236428027563], [0.0, 0.0, 5.945227020583067, 8.381879741908177, 1.6767691471187618, 7.084242336383577, 11.165333974140552, 4.033232764155151, 0.5756799195727416, 2.120747866003965, 3.6273077950279706, 3.5556537588440347, 3.6586374349712156, 6.488329018709731, 10.295480490481173, 13.478423291309358, 12.114336590859923, 10.10007097415722, 9.265968041125868, 7.362784923144949, 4.53757215776249, 2.732534773142529, 37.27830538268662, 3.2269599969211837, 2.8601072066203996, 4.78382429716152, 5.465017794978044, 6.212990446571236, 3.723021531556475, 4.879366778505255, 4.373154436469617, 4.51016005831159, 3.2133578273259635, 3.6967373691083836, 1.377417854539091, 5.185633629271175, 1.932802218176859, 2.591856127807348, 1.6260220356522104, 3.661172241879531, 0.9912671727541958, 0.8766951869559204, 0.8007471626122152, 2.1463482235420073, 0.9408244580766955, 0.9018143420239929, 0.16303833478226515, 1.7985184523242141, 0.9732332045345768, 