{"initial_violation": ["destination"], "initial_duration": 35.989933252334595, "subsequent_violation": [["destination"], ["destination"], ["destination"], ["destination"], ["destination"], ["destination"], ["destination"], ["destination"], ["destination"]], "subsequent_comparison": [[0.0, 0.0, 1.0886124394664336, 0.10455742979436693, 0.9131512656569765, 0.4004942082562899, 2.374895131162888, 1.8736034188936166, 3.5175250588424403, 0.038606500733063626, 6.372635286645015, 11.987507531247699, 7.552741756852786, 11.369849561186562, 15.367613877102437, 7.4950992297961205, 5.6086907410269635, 7.589403641090613, 6.3692744736714415, 6.660112511415244, 12.271851476071241, 8.12961693757313, 14.276115403445162, 8.042450168489372, 3.9915446524921565, 3.5093363608601584, 3.083104825872556, 4.239740521866324, 12.830791023174884, 4.498662478098491, 1.603922098801005, 2.1677889154704717, 4.044307393155777, 3.1231045661545966, 1.5914256904851063, 2.8020753104540472, 16.300908997754707, 28.36365928352365, 20.410934335907044, 27.4904791857921, 16.952068063446657, 23.599392187789167, 16.19193575765431, 21.257726651526365, 16.75343958338314, 3.850290139631408, 4.571164528841943, 0.20722542516493153, 1.6773789104725216, 2.237132332036345, 2.6944712451042907, 2.431901008168412, 3.1424095756845216, 1.2470277838977917, 5.259032853538905, 2.9418534277745665, 3.822620805114794, 1.5863789806172468, 7.110179051511923, 10.016912552359274, 6.515051727371556, 8.822741452297953, 5.241262494959179, 7.134058158471747, 0.19302713738085836, 2.6197270011235085, 0.6574040275252558, 2.1259582693640855, 0.8646745827737804, 1.6870686654339566, 0.7070831363040546], [0.0, 0.0003245143223824182, 2.336544550327987, 4.800966600042034, 7.998761163472394, 7.075465857362639, 8.3104685446898, 9.533446773298854, 5.988624955937804, 2.099097127908879, 5.62763005494469, 1.0895788921977498, 1.359807521855427, 0.2986725897538114, 0.5441274434362681, 1.141281247554084, 0.3627588357866845, 2.1470066193815187, 1.7797508880698083, 1.4810597726833499, 2.355108436795944, 1.9812822816807623, 0.2990796072190314, 1.2330458338055312, 14.571789064984994, 3.420540018368119, 8.66133035405441, 13.909902323718311, 8.697811626484127, 19.088048803733695, 25.767818977370936, 7.240586189350382, 21.404625638273952, 18.524251782513478, 18.17067782227971, 11.243738761259365, 9.329655209428363, 38.98238995879365, 17.117325605516818, 14.069646785826322, 13.38151736521464, 9.400902756334244, 9.35085825432014, 30.79691114264536, 10.721424957627367, 26.42740168229406, 13.221194563102971, 7.769180732914848, 9.41623299027645, 3.9205903315806236, 7.6773759603484875, 3.595348366571079, 7.254351766997854, 21.302244129553173, 5.108261838903231, 18.32840653078827, 4.367575400348368, 15.168753563772588, 7.879413232798297, 2.927170085030228, 5.952870499161082, 2.4156030724473596, 4.624683617443889, 1.1770850348652115, 4.184373382724786, 1.0538669331077601, 3.073682768211174, 1.645055837446265, 3.180846003475195, 1.6713266059593972, 3.7749332975417564], [0.0, 0.0, 8.331778517210276, 5.610569051605867, 8.066180274041296, 8.39788671809065, 7.510249096503367, 4.634041486774559, 0.48249043342605497, 1.1100009281962027, 1.8648118680226569, 0.6951936052947467, 8.247692065647138, 6.867943791481243, 4.941318839954728, 3.325792728348221, 7.496687539211527, 1.690214157073017, 2.3568083111080016, 1.9557603745142007, 5.306661708402325, 3.017956729495468, 6.27712113562922, 7.243375114045753, 7.383283333703866, 7.936640427767083, 4.393470637504935, 9.649380291319922, 8.226315556987018, 12.84311083084072, 9.042475744354908, 10.00436740776907, 4.841707790958675, 9.57507746190946, 9.000953374102707, 30.043683801369678, 17.017942728691143, 9.668135531172586, 2.9291108401882537, 4.81670055673701, 1.0526477326956238, 23.950548608669752, 13.933550697265998, 19.77237161806152, 15.610214368306814, 5.034200952405721, 4.0742618489185585, 0.851996234766116, 1.6837380386537484, 18.27392894063007, 10.730773893926214, 18.458822721206545, 9.883052993248702, 16.809772572997105, 8.2107356241203, 13.20803068346114, 8.622852008026932, 1.375009455578075, 2.9049924280637147, 1.4438165650672672, 5.1923443174830135, 9.806493321419465, 1.4196301792555863, 7.75090011553781, 5.393404175168997, 6.7571693091860485, 4.064055830381397, 5.419285071631309, 4.071347728002916, 4.288852420742303, 3.602503161051451], [0.0, 0.0, 8.331778517210276, 6.87996705057674, 8.274413711492668, 9.136884579101574, 6.921746950387602, 4.0518207518605385, 0.296650304439146, 1.3256975597695082, 3.5302012120593154, 0.721676154441503, 7.228342469912449, 13.847992542028353, 20.277575499745893, 12.552461541591985, 16.217792971100796, 18.821201511235937, 17.73747799628005, 13.590147629153165, 19.72982047230277, 22.097947489067533, 9.329373465993802, 23.18911155589314, 4.867400713880449, 1.4169841374416656, 3.655233681629084, 20.213819985526897, 9.382361481146164, 28.378101760332214, 4.983240665140325, 32.88809616944038, 9.148942072862724, 40.038795620061805, 20.20652002990357, 19.604594185573934, 13.184824941613892, 39.53470355511886, 7.699300283989685, 33.55424929543548, 8.008471247315196, 28.706567278287224, 8.835848177526755, 13.111103183823268, 9.835426730570507, 11.220752896451922, 8.211974067530376, 8.550188750067909, 6.132267814397753, 24.435896637491563, 5.4419114682572625, 23.135695930499914, 5.082866886671705, 20.425123090556898, 5.341182204132134, 17.043990396647903, 5.353881298995613, 5.241833555417819, 6.440655653243406, 3.259347125776778, 5.184924435746456, 1.6917373437198353, 3.9661485269373236, 0.30863924939418413, 3.1705808586176616, 0.9232259987424041, 2.6802476731270457, 0.7456959370420835, 2.182769630406622, 0.8226513139016155, 2.7099355866582067], [0.0, 0.0, 8.331778517210276, 5.656763803982452, 7.910987460397373, 8.450042276070622, 7.468648417228084, 4.592664568770692, 0.9347057702385263, 1.7594323402933554, 1.348439363307011, 1.286564650205621, 0.5336178137534087, 0.39587451530147083, 1.4705964151748097, 0.12367250799410458, 8.081309629513422, 2.1768790027793834, 25.094390205428617, 7.180659077746532, 5.193030574167801, 15.745688881459042, 3.649067018614568, 11.065587711875681, 8.26499205758679, 14.879003576993359, 15.283353034784854, 16.444983561321386, 6.896812983022074, 31.95569913094834, 7.069729993154679, 33.51185517709897, 24.3515149514432, 20.939271092429724, 20.83668471466866, 12.538148964865924, 13.129526869048332, 39.50937905607801, 14.406879358398959, 33.198068915073705, 14.693643490145975, 27.998492783355516, 11.739716679523871, 6.640091859607349, 10.687831862477454, 4.3001799888408225, 8.483115018821382, 27.133038038430573, 10.224209020514435, 24.707922462111608, 10.410412536896988, 21.67278449669099, 9.135280256339433, 5.494500284534441, 11.013170201708697, 2.789145772839758, 8.26598921725361, 2.9978555318954716, 6.542286883580176, 14.099074691435407, 6.5793168936261335, 11.889903124052285, 5.922681444129491, 9.737771535321896, 5.810220620989445, 8.448039577323671, 5.499350909572354, 6.860074568492558, 5.5408817089466575, 6.004693342503537, 4.9411417574157985], [0.0, 0.0, 8.331778517210276, 5.530910859009916, 7.662100440902381, 8.420486322358343, 8.168056894724844, 11.566177064587555, 1.5865999054257627, 0.8346685855849011, 1.7833062470308407, 0.674402886598178, 0.8003187137848001, 6.102974738349925, 1.693726658097548, 4.617705708706797, 6.214858008588674, 2.42572286762792, 2.0288240651153613, 4.35564582783639, 0.447141508297395, 3.2851717614930322, 3.7813800764601018, 8.34531781397437, 10.851205457110101, 17.050985959945933, 8.62723899711319, 13.882355746501696, 9.662653289751574, 28.615052101996746, 17.28099382625592, 4.329796599541836, 12.937822752533057, 9.678613619480029, 8.052594516671073, 41.19223627070958, 15.62147499474749, 11.646893627787023, 9.275027618305806, 6.817394644578323, 11.716623116667778, 29.36324277758013, 13.546037682604554, 23.904612863101672, 9.923959733598952, 4.898233719612974, 7.520896815888718, 1.6472159731046625, 9.042300726428985, 