{"initial_violation": ["destination"], "initial_duration": 36.170013189315796, "subsequent_violation": [["destination"], ["destination"], ["destination"], ["destination"], ["destination"], ["destination"], ["destination"], ["destination"], ["destination"]], "subsequent_comparison": [[6.860558499462663, 0.07495508897740333, 1.4466646637665783, 0.6076856847372573, 2.801459832581257, 2.0683840906428244, 2.9980799077020595, 1.886093533301362, 0.9618005322421163, 0.029708392515875325, 0.5520981267645259, 0.08872120860098989, 0.4886879486540099, 0.12011687335498289, 0.39221052014778107, 0.12983455514183642, 0.4469288655939565, 0.40927089385811466, 1.008682415504941, 0.36829943123070596, 0.5777022697118703, 0.33777112500863377, 0.40964510921390335, 0.10016290549655718, 0.30560885562668366, 0.32455857829296164, 0.30475701669135735, 0.32439212010626817, 0.054073728352006425, 0.3240743784872698, 0.0267241650005837, 0.3243608261646235, 0.012828475468648631, 0.3241566318459677, 0.01468613837920909, 0.024828857328801336, 0.3047006331476717, 0.023194889790156246, 0.30447820265273, 0.32430097486576714, 0.00713049750203004, 0.32449377704219934, 0.0039574134758719424, 0.32424279579062537, 0.007791171586264253, 0.024531772380276668, 0.3044172499621268, 0.023161674583944917], [0.0, 0.07495508897740333, 0.17461402401446552, 0.36504417771766107, 0.5273474233507389, 0.06162080665662869, 0.13902388224402895, 0.25188854992640347, 3.240880558131131, 0.09714137700587654, 0.21112774769851775, 0.2646239607613564, 0.22745116135295115, 0.5105152673335419, 1.7326897274321005, 0.4226347875123218, 0.985523411581213, 0.21269263246901457, 0.7639846625118913, 0.020499767603060597, 0.035339879941323434, 0.08507644538800492, 0.08788026445277744, 0.13994252230437693, 0.08230872408170369, 0.1017409225946103, 0.06685717991917745, 0.0143449029691999, 0.03439768129306811, 0.013909399250525152, 0.028860008025081995, 0.029191706228546423, 0.03043816526682643, 0.029156933072123453, 0.014762395248432009, 0.014207000505388532, 0.029015653762643548, 0.009801659568564278, 0.006881548440558966, 0.00911096507224628, 0.004299241299632328, 0.008738213740350179, 0.02875495974085995, 0.02212148065003616, 0.02923559971025969, 0.021386456525653807, 0.02925564386330082, 0.021399767182074817], [6.860558499462663, 0.0, 0.4787826344910944, 0.24314080978643274, 0.525445504823257, 0.24723523956123894, 0.3346309110336107, 0.17988593130294472, 0.39462489289676883, 0.1524074071436076, 0.45960373691262696, 0.4892999549859313, 0.7365474628492038, 1.0126038419831545, 1.4259487622452154, 0.8328913848854047, 0.8651249936522918, 0.5086616855535164, 0.6846048143416568, 0.050525797588856766, 0.3215769352320449, 0.17231508621955605, 0.17929622997376707, 0.3468846835489205, 0.14581110788265056, 0.34241308997781916, 0.09452528958027664, 0.341599375296888, 0.05756645693887184, 0.025708944575897636, 0.3214592435767093, 0.03192483461001536, 0.025872341644438773, 0.34117125333310344, 0.021700082049182907, 0.014123356461675488, 0.32138865737509686, 0.008693171269021827, 0.32143149246777486, 0.3412650812842234, 0.014557582038244785, 0.341419033888324, 0.014229655279196615, 0.3411955376957679, 0.01639444688461407, 0.3412089221872246, 0.014263031094625296, 0.34123169765015865], [0.0, 0.07495508897740333, 0.1599506553177631, 0.26747789413696194, 0.1397212675297462, 0.18686972405072694, 0.7844329695215277, 0.5317991271640113, 0.6539809722975688, 0.9076684584148531, 0.4968073749526157, 0.2523561047581011, 0.15123433461747765, 0.09216467710694126, 0.06618449541398189, 0.07520806350343374, 0.05066490421056035, 0.13254713924815859, 0.14910003814041445, 0.19362304719075407, 0.17930169225788103, 0.11608973995390584, 0.211004393578019, 0.024797730840455667, 0.02430076963952916, 0.041466285598282075, 0.02958821044075459, 0.0518441901972369, 0.03218318864316126, 0.008732583655968485, 0.03001315360777051, 0.01625217559449674, 0.02330932102314562, 0.023234284345697333, 0.024961349177893364, 0.0037695447753524815, 0.0182650267859299, 0.01588812994111275, 0.021053840400849243, 0.015376720488166075, 0.010044956727152447, 0.0009639682096009404, 0.006580704814973236, 0.006287760269328257, 0.020935181151436548, 0.015055154993514864, 0.021877123399302596, 0.01489524115143415], [0.0, 0.07495508897740333, 0.16012744320690683, 0.21342115930387656, 0.6293604907089977, 1.0224599426959133, 2.722551261774146, 1.2636528686240402, 0.34797372257321546, 0.27456301068547706, 0.05499164720113178, 0.07401473232169063, 0.20097063264245257, 0.07749615946495664, 0.1541428653348772, 0.14696218799657107, 0.10037154061960459, 0.3107395008812166, 0.06674470351494148, 0.32613504343118177, 0.1199742852752109, 0.3225891655480224, 0.27891422988604875, 0.04785974573275917, 0.19309957085998322, 0.04235194145444159, 0.1355404971541984, 0.06001770291590492, 0.02355467805369656, 0.04235473980435424, 0.022921245040079162, 0.04417902769184068, 0.028397533600162138, 0.004444948649149483, 0.02724496956482862, 0.022898751078641606, 0.023595807333612252, 0.019728172501872972, 0.011075539496129853, 0.007090079687090588, 0.008090970472644262, 0.003226869798343688, 0.0068459462624797015, 0.00753664864432079, 0.0034230943356265645, 0.00830388098395101, 0.02442716300502263, 0.017363015216920647], [0.0, 0.07495508897740333, 0.2025108294622085, 0.6825375887630425, 0.12862360174955395, 0.10536714157149532, 0.10679960044225845, 0.17221213013255496, 3.3740879319427717, 1.1963139246916388, 2.233857427795206, 1.6198901978045976, 1.4889533017122136, 1.318969721718736, 1.2175505040982555, 0.916698178746472, 1.048235440090603, 0.47292327846348636, 0.9302169013928042, 0.2139572418631606, 0.076983574668793, 0.2197957764957304, 0.012137330357519792, 0.20593196214839646, 0.01311764374304813, 0.07158125520549644, 0.0972413715737802, 0.018486157644511843, 0.05234092386692227, 0.01890342099160075, 0.0030282383774943617, 0.023095082657524028, 0.007567937251465691, 0.020839232514563072, 0.01568352117685871, 0.015816858047297787, 0.005398151976956223, 0.011157863338597166, 0.009546679538822775, 0.012573686316700597, 0.012343390292792385, 0.018262890829242297, 0.01148580354261536, 0.018228677612784475, 0.013540463445237752, 0.012371982025224496, 0.007796140989840233, 0.009934054137888195], [0.0, 0.15903463723524552, 0.39219306997445497, 0.5394518350195294, 2.8925123504564287, 1.080872081019276, 2.5644992116009035, 1.6853953581730525, 2.091005497248035, 1.3502455306001186, 1.5152039009273996, 1.7789793769416538, 1.0057655598722106, 1.387602624737143, 0.7364220882400779, 0.9475216727667771, 0.6986696339594525, 0.5014413771080294, 0.6174424314151485, 0.2131482607519572, 0.5126746983837421, 0.032501567984668286, 0.042900193352507755, 0.19702796885637439, 0.0680992219697418, 0.1533745128821074, 0.09837086003472655, 0.017716107759660395, 0.059197323114357846, 0.01482555089565233, 0.045082851370346747, 0.02064581851909792, 0.01394433982856142, 0.03006787083662576, 0.01766069787057246, 0.014288819768121856, 0.017032333945178512, 0.022243672596182804, 0.008328846274088952, 0.023057048246543244, 0.007551410512137857, 0.021757356203902314, 0.006996389648080245, 0.02186420631538889, 0.010634633613887595, 0.02249095006629149, 0.007754854502572396, 0.013563171066088052], [0.0, 0.0, 0.05928820230026352, 0.3500069588914734, 0.3562634277828283, 0.6656591416792065, 0.8200824662584194, 0.5794600593236063, 0.6089584354905286, 0.6828921644372071, 0.7924188380053608, 0.45959029446769123, 0.26904724646626443, 0.15027667415427745, 0.19651639551987926, 0.2656526201174833, 1.1704446077819948, 0.07998704187123516, 0.7589897758404504, 0.15427105221851029, 0.4546376755284186, 0.090555413542005, 0.3004330852509592, 0.035077169604389336, 0.14219530217070908, 0.03759313150420386, 0.08771542639786856, 0.016422988855571623, 0.04152896768566254, 0.019555267656723534, 0.024158766469203462, 0.01596603711069596, 0.01854673845064666, 0.017989491863373532, 0.01948370686980375, 0.01846322009047802, 0.007255303887186343, 0.013938108264376414, 