{"initial_violation": ["destination"], "initial_duration": 35.959452629089355, "subsequent_violation": [["destination"], ["destination"], ["destination"], ["destination"], ["destination"], ["destination"], ["destination"], ["destination"], ["destination"]], "subsequent_comparison": [[0.0, 0.0, 0.3410184087550556, 0.16827682304506245, 0.3895706381786151, 0.43869286356395, 0.5950013406460185, 0.3329367875472312, 2.4094031981788215, 0.3806701015720318, 0.3699919131141489, 0.15265267334746357, 0.47826407426502704, 0.05513794532639095, 0.22941854471326292, 0.08955000851795031, 0.4150450145716848, 0.25712743538669414, 0.5496784766586771, 0.033107662495495654, 0.4408225091860109, 0.1482526394410945, 0.4180647045235819, 0.045283819727858055, 0.5073804270102857, 0.021534644843565112, 0.4008391172035664, 0.017776135860509544, 0.27725324009646735, 0.3882225537059496, 0.3858302381571941, 0.30674921490704266, 0.3314229107509678, 0.3073723905326316, 0.2712796871474391, 0.252786360605495, 0.11327157567618996, 0.014946675094837335, 0.08364312446687686, 0.011030056239891348, 10.32819265195783, 10.251899304187138, 0.8882914155409698, 0.23744732873217506, 1.069400634606701, 1.018127986887993, 0.8368477643327751, 0.8392736534447914, 0.9057758324928977, 0.9010319984084746, 0.7692112104756673, 0.7152716635233771, 0.9263768493535837, 0.7775417663548899, 0.42197706892009756, 1.4080907811667975, 0.28144771501051785, 0.19555929909273673, 0.5098409988150832, 0.13393496660887969, 0.9641570705930553, 0.08367366891954262, 0.3859781585435514, 34.01884150795827, 0.8722233558467203, 4.6470986899866835, 1.9117734191975593, 26.984398334264146, 5.804514594283455], [0.0, 0.0, 0.5295901054917367, 0.06934135028140248, 0.5819541347395337, 1.5965167865917838, 2.29480892533674, 1.5618631535482008, 2.145725965223814, 1.7512889661833606, 2.4247279978719685, 0.3250081119502142, 0.5034944523377265, 0.091808990378162, 0.12627540076889218, 0.1396141189324087, 0.1688189117742885, 0.09316117796332675, 0.13803518114537566, 0.1345436619056208, 0.12421341309255116, 0.11168694820916407, 1.1481085954202408, 0.50507755534888, 0.8059370089115563, 0.48683407285936653, 0.7006220724291421, 0.8028071858556324, 0.6416294742557428, 0.4025798030869869, 0.49891522609556194, 0.28727558834678896, 0.4437855284927022, 0.26700141355508766, 0.37650910631640533, 0.22914882682195634, 0.3154104599921644, 0.20078861262877826, 0.2582490408472503, 0.158767163967647, 0.24959715553186054, 0.15807702715154753, 0.3245869051374096, 0.1752941767551333, 0.4090779205888899, 0.12583523204516772, 1.047972500732704, 0.326601645112312, 0.5836827530019069, 0.5787968273630437, 0.7134127297347385, 0.40998245075603845, 0.719390443730616, 0.5977136217022652, 0.6096269056830056, 0.6005241593568702, 0.5314812460741186, 0.05639570742743088, 0.298825781435513, 0.0946679108685235, 0.37330954876320593, 0.045989532547591916, 35.3115721076724, 0.5287602769363514, 6.170264880525432, 2.884121336114597, 3.814654865009412, 8.847898596513938, 9.981618983648211], [0.0, 0.0, 0.5659433977051386, 1.0793232942598463, 1.9666620846447775, 1.9327600501273694, 1.8567232164207135, 2.021544432327594, 1.9115273382211377, 2.3216377518999995, 1.5591295826697948, 2.0795439406547085, 1.4724929648014016, 1.5094808709957803, 1.2643794113100564, 1.2001654947048923, 1.3159284160091258, 1.0518143000600102, 1.0361964546264633, 0.9452104448220393, 1.1433633843907167, 0.7988239019096632, 0.877881145369189, 0.6811556533740574, 0.7014128253467097, 0.13157986029912097, 0.319282713914221, 0.6395497918115415, 0.18662721984910446, 0.1372085298465198, 0.1490579831688517, 0.03870325925112841, 0.13503482688380222, 0.02332206836617443, 0.10750585367464686, 0.2740657914323191, 0.2602836117749967, 0.23704097795712112, 0.23100719822762358, 0.18838565694851772, 10.339584307813556, 0.1898132535917018, 0.958968610864062, 0.19179025912902523, 1.314481091144303, 0.10218949032405084, 1.1428793873103238, 0.9832948303298915, 0.5549854993651487, 0.8549718429858932, 0.7558810464265682, 0.7517542411287985, 0.7304826447264848, 1.2384727653497396, 0.6043137116777836, 0.20387183783007226, 0.6821777858285641, 0.06014200205728396, 0.9369390785012437, 0.1984957268387466, 1.0251397785272496, 0.23381193613675452, 0.6793959141012101, 0.15758220872656217, 0.5999390215201179, 11.780292812641603, 20.673796270550774, 9.579212306436762, 4.704033338077098], [0.0, 0.0, 0.569264830905396, 0.006723624395448114, 0.7796089167877737, 1.793303229264423, 2.0439122319414067, 1.8719196812402963, 1.7984513117269583, 2.327100714454861, 1.6780920467158205, 1.8757199897092036, 1.6163968522451888, 1.4297678645692207, 1.6493387986319095, 1.1506656589688833, 1.4071070817913045, 1.1282527713030446, 1.0950505402630881, 0.9258469825944269, 0.8505850005279747, 0.878626826879892, 0.6742884509677038, 0.6863886152655589, 0.5938663877514964, 0.12277593336369574, 0.27725991941885075, 0.8984686470528097, 0.3664595667145168, 0.4745310783391711, 0.3253798513584028, 0.3614814873467358, 0.2882950433376265, 0.3168105530203229, 0.2520994391477417, 0.2509434772211683, 0.016543490075832237, 0.10813610232028165, 0.020135937660816554, 0.08452338339625266, 0.022760217917752804, 0.08048695364850575, 0.13975969852890804, 0.10281039371475538, 0.529523956517408, 0.6818622193794492, 0.8435219339472433, 0.3331141690090683, 0.11923670789094204, 0.4268750015390794, 0.5815177037412081, 0.7368145926453935, 0.33427957414371445, 0.5402751384258713, 0.3395155786886807, 0.14262904968576562, 0.39287275134247285, 0.04054561292979407, 0.349516147885338, 0.10083587104030736, 0.94361676864249, 0.06954952218395777, 0.34317430269241694, 33.98566984431802, 0.7590225968376711, 12.171623535999357, 2.1345248175061595, 9.53227141414396, 5.24775006079511], [0.0, 0.0, 0.46996703050681893, 0.9814677410817967, 2.0816595687970083, 1.5415369430042332, 1.738989858828377, 1.7767133763116307, 1.3845522594265172, 0.3511545984226317, 0.6499141317366371, 0.24148956746263303, 0.46365039918324824, 0.2010298172843648, 0.4430386420966483, 0.056542879709120544, 0.48251763696338357, 0.045268452570807034, 0.5281742102365621, 0.3835979776737417, 0.07773003535030877, 0.2920038884898917, 0.9721754678840103, 0.6476155612117122, 0.6581509483676006, 0.6398457419059628, 0.9117662498193816, 0.9277762296947446, 0.48212903865655704, 0.4962856741817976, 0.3898002460930651, 0.16643208735068787, 0.008249072101593806, 0.1553388450205199, 0.01537454520643168, 0.09595970833908311, 0.013145115797836216, 0.0886591355280516, 0.026382042038726, 0.04070063407872218, 0.03465414811653495, 0.05910239461634195, 0.14104112499167093, 1.0549106824216923, 0.5101517841056007, 0.7781591697760453, 0.8409182931914895, 0.5871470317139771, 0.4823470443462378, 0.04505359381734399, 0.21756669525875355, 0.403714860533116, 0.2814245072014603, 0.23723523657455078, 0.1859807145748601, 0.749133194942681, 0.24055561680778575, 0.5749242400442056, 0.5344678469275328, 0.3633398998831329, 0.2985876316583072, 0.8035658027087063, 0.09582567940569355, 0.12964701662723815, 4.694800543308695, 7.832124532059265, 20.464280094588776, 0.9972417987836698, 5.210410476583876], [0.0, 0.0, 0.8651335966160287, 1.371616547202937, 1.9799203952970208, 2.1641718686261964, 1.6117201267764392, 2.694034684628138, 0.047220991498484965, 0.3779620322587675, 0.056136566788321414, 2.330370325678059, 0.13976507488080395, 0.5158313225318771, 0.3634729332348249, 0.030444280048035583, 0.3211481754451402, 0.03299578214405611, 0.35682348409683995, 0.2259275271011462, 0.3738850378796119, 0.2000723874975168, 1.0611422096659773, 0.95272420877994, 0.7601118849427824, 0.8609647477204855, 0.618969022669322, 1.1000787258819027, 0.6009617750705087, 0.6762047809980088, 0.46252360560100947, 0.5273096761705515, 0.40366658499636626, 0.44622613851583076, 0.3342287522620149, 0.08475430345099137, 0.06882522946121032, 0.2968555952946839, 0.2396829497020877, 10.342110491758925, 0.23408928673241228, 1.0831564460731522, 0.26028783549469237, 1.4051471822022314, 0.8934103414159489, 