{"initial_violation": ["destination"], "initial_duration": 35.66061544418335, "subsequent_violation": [["destination"], ["destination"], ["destination"], ["destination"], ["destination"], ["destination"], ["destination"], ["destination"], ["destination"]], "subsequent_comparison": [[0.0, 0.0, 0.04416489073858322, 0.1173548142907475, 7.722344186055349, 0.23889782758916964, 1.230353385113891, 0.35170390308098554, 2.230738828595376, 6.203991558008605, 6.586125237974634, 6.847941702177957, 5.5044400384259164, 6.68281477917854, 4.091871781528229, 4.293953551858943, 4.516814548618953, 4.578309728210158, 4.436818599269504, 4.112597386533679, 3.8168190945827756, 3.517837285923785, 2.49560710819561, 2.3569399893890615, 2.173488840899923, 1.8862342027843046, 1.7899751695121187, 1.4299026971949764, 0.819878217705145, 0.6491908665231897, 0.4578442816775224, 0.4458551322631834, 0.2254282360000174, 0.21523522587599683, 0.18629372580521067, 0.1544462765762693, 0.06987729726009807, 0.06300041157470324, 0.06295534646300972, 10.4496590293577, 0.6207107314715595, 0.6378150373205541, 1.0179720878052414, 1.1679736203283944, 1.1045148017358708, 1.155068389512802, 1.6483274266202572, 1.207665949963182, 1.0547530421379598, 1.6601918352468177, 2.131464297172481, 0.9337401376023998, 1.0961335251076003, 0.9565958078559038, 1.410058181125473, 0.787378137281504, 1.0333254172779014, 1.2793838258595602, 0.9204086361548962, 0.959792182912285, 30.706357354143694], [0.0, 0.0, 0.4432589200668889, 0.29082232428781823, 7.789110904720046, 0.3872294407739454, 1.5676284334684185, 0.8228215006368368, 2.4006523698604525, 0.597262726618943, 6.780963042368448, 3.106054606061495, 0.1413739159381215, 0.5433734993965581, 0.31812600425092014, 2.9714678704042288, 2.6844745651911444, 0.12319023715043508, 0.051928163435338306, 0.14072032190308956, 0.2881931903075988, 0.06470033622140069, 0.1328140846434323, 0.4139332884646784, 0.27949778392221564, 0.4796544149398089, 0.19851681638395585, 0.19037279388360306, 0.08024062112924572, 0.03527684435387819, 0.02443899039476477, 0.1364209238162371, 0.024554209420690046, 0.09533950926421342, 0.05750631461221083, 0.046027903954874445, 0.049639460550116116, 0.025265067665830233, 0.008901636685960092, 0.015052811863174163, 0.17493992697059624, 0.1807780175125576, 0.21381386402502964, 0.14386689799735966, 0.19889081160812674, 0.18676493231064598, 0.40384732829014724, 0.1058277581313473, 0.028091296245964632, 0.4711268470483082, 0.2475877390445798, 0.3951032761982201, 0.13874569170682347, 0.22064824476750797, 0.09380607228303563, 0.19277312351373993, 0.01185302716727659, 1.2248501116437072, 0.019189379367368486, 0.17586834683884278, 0.07314021984227799], [0.0, 9.200816976252524e-05, 0.3794858586854421, 0.31383455382918246, 0.19229318584008098, 1.0923684046965592, 0.5146702927563742, 1.623259223831711, 6.946040763499017, 1.5760761242056565, 3.2406169488357066, 5.075821260618434, 16.120847561642123, 2.8994518071613578, 7.938378717708059, 2.4425541902368977, 4.997027416179242, 2.464718897325593, 2.082713429732691, 1.548745409298051, 2.345579646136127, 2.1250060778321282, 1.2145381459906035, 1.314623688735606, 1.0848054106948575, 0.7408383937200643, 1.103056295289055, 0.8563685436584418, 0.7263685104253707, 0.574997542683719, 0.38424604248639527, 0.39985825637880157, 0.17752845331410944, 0.10506166041954021, 0.09292594771647493, 0.0645644739733092, 0.019035020303150293, 0.014115945873124449, 0.018451386519731543, 10.443462216877656, 10.757191082104749, 1.05007218820112, 1.5755249036154824, 1.8829274884684462, 1.13374308874352, 1.1769538652807072, 1.8485392087859291, 1.49845701915326, 1.3408696818475285, 1.609606124974403, 1.8893502915383362, 1.3193680990949717, 1.0198575680738242, 1.2326803143255989, 1.5114156351222274, 1.134943533314132, 1.2726959704368634, 1.4769351562226394, 0.8936435870177244, 0.9987573112649869, 30.961665052560313], [0.0, 0.0, 0.43320688592715223, 0.576117664734344, 1.1395312214610165, 1.1125249043805132, 1.1777050873515778, 1.1410672932147385, 8.600732804705489, 1.6346033611891368, 3.386160226892329, 4.179569587943244, 4.006918681429176, 3.239726114140004, 11.437977004038013, 2.884877402850723, 6.957593760619383, 2.2907513505882187, 5.428595784995299, 1.9829920668489665, 1.4217075568106665, 1.2918551637060558, 1.2629292558318028, 0.519382516806054, 0.4650993008135083, 0.5649227766238043, 0.5957932814811057, 0.3940146412819342, 0.4681563121012231, 0.10287597036252763, 0.19330723100405806, 0.07434562797382419, 0.04305145326287054, 0.04590486938125204, 0.013389876129249906, 0.014301022905636796, 0.011166553547562748, 0.006902237565234384, 0.021412294740789862, 0.05114296555325551, 0.09855608305807487, 0.1495930389878157, 0.28697347438571424, 0.4247656589884933, 0.06010156091842403, 0.04700513992912108, 0.1078532830426062, 0.07938192542301871, 0.050033145134904665, 0.12299481257592215, 0.043295582580173304, 0.23225611101885227, 0.04700055243747068, 0.16644147268974185, 0.011713894647665889, 0.06980067187299073, 0.038427865628058, 0.03217918829808042, 0.0403433709535318, 31.498349093619858, 0.12476859604368537], [0.0, 0.0, 0.4959294345189235, 0.2525601168145296, 1.4099327310803405, 0.9980065759691669, 3.8582303954582757, 2.0277760029260103, 6.956038509174963, 1.9444637433099905, 5.836326935318799, 3.9255487915955913, 4.535903638556624, 5.961166491550325, 5.922889576286642, 2.851693975500582, 3.0099860210454783, 2.903063237731662, 2.777135484696192, 2.720233948511087, 3.488192514619521, 3.071638798412074, 2.7266383755972488, 2.4479306999063812, 1.534791143504876, 1.3122710595248355, 1.2176397118749742, 1.148744063013586, 0.860250431456535, 0.6464078647905335, 0.45479677095642035, 0.6127163721617088, 0.5889326371653462, 0.3306426139356734, 0.25994523835891437, 0.2061054499638403, 0.09703187830378143, 0.09013752480970724, 0.07898318716809044, 10.448634434053302, 10.760980504135446, 10.972551709612187, 1.9058155787133715, 2.263375972992426, 2.2120107502025674, 2.4241622139007606, 2.557274378211782, 2.44909509970468, 2.412081769237526, 2.853361927887576, 2.0794431149337074, 2.2011640622706277, 1.6969662840783508, 2.1147051971873916, 1.493095799200766, 1.9274452820476526, 1.2929852270498432, 1.577724785991888, 1.1105578713216744, 1.4639344580682578, 31.189025887627302], [0.0, 0.0, 0.4512687586640968, 0.8623872172105889, 0.9611776549654926, 1.0617636670495922, 1.108326565382222, 1.3324869537389183, 8.91601377920792, 5.263094397048204, 3.296008943618678, 6.561265424862056, 4.169576836479135, 5.084652620402633, 2.5339313886004327, 3.9455085863773576, 5.33020631994361, 2.146290986064231, 2.149158291407203, 3.2657815739687885, 2.5796069789752973, 2.519071592215037, 2.39628009907095, 2.1449749584175977, 1.4907615951723945, 1.3860733760107817, 1.2734860744356011, 1.0319642691786013, 0.9389526495956656, 0.7787675749321946, 0.6396910338770596, 0.6109478411579801, 0.41811453777113494, 0.16114346703127835, 0.16664613648752255, 0.12689308887835477, 0.10628437127615709, 0.09348021132986199, 0.07793484158449293, 10.448821125906651, 10.760635603420287, 1.0747464989741486, 1.2968737204006722, 1.6564901060589505, 1.556075066248378, 1.2786280188466024, 2.1074506787138776, 1.616954099125578, 1.6959276996857606, 1.4745040446124336, 2.3193695799418705, 1.304792247601559, 1.2202982809016159, 1.2780870897557155, 1.1810971877245333, 1.3488706965408068, 1.4959863511873284, 1.1579641197046264, 0.9759407036382891, 0.9493536901787737, 31.150901933892374], [0.9305503871050471, 0.0, 0.5270707293498365, 0.1885269703518243, 0.9640185008080376, 1.2738989335779496, 3.227579523999156, 2.229387879423202, 1.9096379660287273, 2.2303564796962156, 2.387534758332857, 5.802916017787284, 4.595087395708733, 6.157123703583744, 9.996011757169867, 5.75997039787105, 7.252748148384403, 9.8055413354119, 6.6593783336668695, 7.48294048072217, 5.892304350148771, 7.09404479870085, 5.609141539590753, 4.6170838941263845, 4.126310332542808, 3.4766693563026423, 3.117033517712555, 2.5169625168045053, 