{"initial_violation": ["destination"], "initial_duration": 35.53988575935364, "subsequent_violation": [["destination"], ["destination"], ["destination"], ["destination"], ["destination"], ["destination"], ["destination"], ["destination"], ["destination"]], "subsequent_comparison": [[0.0, 0.0, 0.19831778067370212, 0.7506547889169856, 1.2201057274761296, 1.9198040164140453, 1.0921116134993678, 3.8343531427211865, 6.529548932070482, 3.655554345724552, 6.591276580543172, 3.510622257387408, 5.563284097563584, 3.8924152516076735, 6.196841829901832, 4.2859262445970705, 6.001544279121936, 4.950810928589146, 1.4813651186898111, 1.1372873561859305, 0.7658046392378983, 0.1008778730545713, 4.278953037213366, 4.642014758899635, 2.8669283427287406, 1.595237416034949, 2.270614445357646, 1.1626586543571211, 1.699898998121898, 1.8305293883867408, 2.9719955243322858, 0.6331692832533783, 2.576886531695178, 0.7991013297076747, 2.6458893271214126, 0.059943667894273474, 2.471589409791745, 0.230541251177181, 2.6992369702962224, 0.013997139358568424, 2.699236957092155, 0.013997125432756186, 2.6992369438880868, 0.23054176999151538, 2.4827160458851356, 0.23054194292962688, 2.482715846539587, 0.23054211622130166, 2.482715646839025, 0.23054228915941316, 2.4827154474934763, 0.230542462451088, 2.482715247792914, 0.23054263609632616, 2.482715048092352, 0.16608135253393302, 1.3899717695609266, 0.07321724736225761, 1.2908899054696286, 0.20646309961578924, 1.1541525424011458, 0.35165694461193536, 0.939629602131075, 0.4329884257161945, 0.7274712062351417, 0.3488838782625672, 0.5914047679637543], [0.0, 0.0, 0.021263667235364565, 0.06255441396186108, 0.2852703870345751, 1.3312754302083813, 6.45661647975189, 4.070114823604876, 5.388379229537419, 4.51329701979218, 4.665058074380849, 1.7856854724781, 1.1583125360413842, 0.7994050785674599, 1.4474612264354374, 0.36576236109524707, 0.4914384594033604, 0.04856417632770223, 0.2824417424875767, 2.402560887897338, 4.104897456766501, 2.4161809512742005, 3.450325783506125, 2.0751186494144633, 2.6688388684370694, 1.9667495723271504, 2.318066912706413, 1.5746921405918262, 1.70624306364523, 1.7342883024385636, 2.7432626807494316, 2.063972773582583, 2.4217824755628867, 1.9704898767520749, 2.4210289804898406, 0.08580649824518727, 2.3829162624946876, 1.8902834235403791, 2.446161654370314, 0.022563928943959425, 0.5784342728123198, 0.02256390465220812, 2.446161331072456, 1.8902829312119196, 2.4461611692460337, 1.890282766865752, 2.446161008129585, 1.8902826025195847, 2.4461608470131377, 1.8902824381734176, 2.4461606858966896, 1.890282273472229, 2.4461605244252547, 1.8902821087710406, 0.5784341206052745, 0.016015129169424137, 0.378411692742437, 0.01132414750777349, 0.5177382007688607, 0.023356323299558966, 0.3715653317082288, 0.18450744686389925, 0.32408939867175396, 0.2916340690986108, 0.3061750647504952, 0.2889908726440927, 0.15131085487853532], [0.0, 0.0, 0.6912344398270112, 0.5397284200167852, 1.622703003218957, 0.13832769101760956, 0.7930539025649735, 0.6138595494147043, 0.12343562506350193, 1.4345636465488723, 5.858472169278004, 4.2735375304054495, 4.121100855131893, 4.6157122742828465, 4.004762528980844, 0.7236081773317625, 1.6497056991946804, 0.38116744907894373, 1.0529616753533149, 0.10826781325066097, 0.8132233495491229, 0.010196906163513642, 0.5449951539419289, 0.2421300809129345, 3.557400664350981, 1.4459417664039715, 2.9596668145940392, 1.2544744498218907, 2.169723911197646, 1.0320258056388625, 0.6970161619289721, 1.2890625956435364, 1.1709411429962666, 0.7102986057372919, 1.2358652676555473, 0.7198792344417807, 1.2288888258099795, 1.2398289670347455, 3.251842220418561, 1.2398312908884388, 3.251839844102149, 1.2398336154520682, 3.2518374681406863, 1.2398359396607297, 3.251835091824275, 1.239838263869391, 3.251832716217761, 1.2398405880780525, 3.2518303406112468, 1.2398429119317453, 1.2288712544325961, 0.7831070460077553, 1.2288687440836668, 0.7831048569074097, 1.2288662340897782, 6.319549473538708, 0.6358450691157879, 0.7862058932719864, 0.6398997582326061, 1.0200442791345967, 0.5845544266186201, 1.1716792704514203, 0.5210203761814205, 1.2371661824275668, 1.4257416978091735, 0.3827780096873169, 0.19951393664763536], [0.0, 0.0, 0.04772100924722445, 0.3655840679571542, 1.3269688566175375, 1.9324546017186806, 8.619558189837113, 4.540486876138665, 6.424685551519304, 4.637882533567041, 6.219805902184294, 5.627388200266279, 5.592386117213699, 5.942564272650576, 1.0951883925665813, 2.016346293907588, 0.22107892762028702, 2.6658164013715524, 0.5201360999086948, 2.3996046299088465, 0.38123088588184834, 2.1168922257183214, 0.22327283427207273, 3.3531485783854595, 0.26273632119852935, 1.6454763046632066, 0.23004244877013394, 1.4526323339380423, 0.15744355878960542, 2.5273401446407586, 3.9558881298243307, 2.5300744290425468, 4.1896869914132635, 2.3939838477669477, 3.812237978092474, 1.2673517971606192, 3.734733461398818, 2.3088092249897127, 3.773402484796989, 1.3046786707460447, 0.15991269525204868, 1.304676328043397, 0.15991274561912522, 1.3046739856957246, 0.15991279492326366, 1.3046716437030264, 0.15991284529034017, 1.3046693013553536, 0.1599128949487913, 1.304666959007681, 0.15991294531586783, 1.304664617014983, 0.15991299532863168, 1.3046622750222847, 3.773375838669309, 1.2708341309336273, 2.0524583804735967, 1.1798919569235358, 1.8521084299497284, 1.0896624629121598, 1.901141809858839, 0.8899187365735719, 1.60491749100306, 0.8026953313312492, 0.011702591163265205, 0.7272599067632355, 1.2156000327372463], [0.0, 0.0, 0.6119162242173846, 0.5230067429043295, 1.5066117754619808, 4.019016657812119, 6.873271639493118, 4.811236587017506, 5.048936121621719, 4.954281931182679, 4.406266014349594, 1.5220960463357793, 0.8607893018993826, 0.4321621280515041, 0.4295314452367672, 0.6977138760751536, 0.6404463732642977, 3.962404832907722, 5.521900708527106, 3.0202401607059484, 4.339911974502381, 2.7105846586800975, 3.5630860654992618, 2.4109380656055226, 2.6318008265309154, 2.404658925253369, 2.221927503206526, 1.8324097748899293, 1.875947410473907, 1.9354374350452233, 3.125637145911334, 2.2969334124279883, 2.771520239475338, 2.307224680415445, 2.6414868135246534, 2.2190989226205917, 0.24962560192428349, 0.13897111994733757, 0.24962552369135171, 2.2190987068046755, 2.6709332163000066, 2.219098599606627, 2.670933047303686, 2.219098491698669, 2.670932878697431, 2.219098383790711, 2.6709327108011505, 2.2190982758827533, 2.6709325418048295, 0.20221248989519214, 0.24962108568474622, 0.20221250814217392, 0.2496210074518145, 0.2022125256412472, 0.24962092957432325, 5.8201470653414615, 0.2039868573605744, 0.34319583133141257, 0.21087184971340397, 0.5489787252312016, 1.3570899307507662, 0.8348061999973142, 1.2945429435838867, 0.6506146335057157, 0.1117175907619763, 0.48020627251170817, 0.9792416548937908], [0.0, 0.0, 0.856453152704817, 0.6603455318495193, 1.2816570017558686, 3.795555039141421, 6.335019367725824, 5.049204491177834, 4.561281762194985, 4.6356146702080805, 4.02628998339926, 5.713247565188222, 1.1718357311487093, 0.526657321982383, 1.4741523543649984, 0.4475381625495789, 0.23529462252432626, 0.3369508450718224, 0.7191117656862426, 0.06823706960500259, 0.582668207129622, 0.11631782869091267, 0.3427203520753032, 0.14068492206161143, 0.10925084466319006, 0.2658599306410512, 0.169429089812063, 0.03558306258085272, 0.045998305151884064, 0.3913614268133423, 0.16512999965186212, 0.474410633402858, 0.16937966755176848, 0.5066099563978796, 0.06633613971773872, 0.12079747344328547, 0.0265139471703737, 2.4952156327944204, 0.026513995397404337, 0.11135073427656303, 0.026514043975827385, 2.4952192956643544, 2.5800670650859545, 2.495219158472263, 2.5800668975446577, 2.4952190209252025, 2.580066730713338, 2.495218883378142, 2.58006656352703, 0.11134677110516994, 0.026518222953590548, 0.11134679006294067, 0.026518271532020424, 0.11134680937534285, 0.026518320110450366, 1.3993344478259764, 1.4544137027991588, 1.2597661828785158, 1.3659978969920266, 1.0929206643751415, 