{"initial_violation": ["destination"], "initial_duration": 35.72031807899475, "subsequent_violation": [["destination"], ["destination"], ["destination"], ["destination"], ["destination"], ["destination"], ["destination"], ["destination"], ["destination"]], "subsequent_comparison": [[0.0, 0.0, 0.04070954112958554, 0.37964851667671057, 2.178740880869047, 0.9158297304373109, 0.507193823713314, 0.717784200989108, 1.9562332808334633, 1.4813093883527713, 1.247279832850705, 4.8979082858677305, 1.4362445558228176, 3.2282310263597775, 2.059625759506061, 2.5164272193302972, 7.917247085239191, 1.8086370617815328, 6.227011721476009, 6.276320611970288, 3.1954912193628373, 2.4129745896466166, 2.1354600215718014, 2.0270578150787055, 1.9435066656463766, 1.7831219046588145, 1.584919343231759, 1.465798828471997, 1.2462154303125028, 0.7310770425085646, 0.6812901745371568, 0.554563820869164, 0.5075217975867685, 0.3712177988194944, 0.20513684796196366, 0.16277548173963688, 0.13483761669235328, 0.12171601896841501, 0.10361891288033288, 0.06859647618798934, 10.453280106169302, 10.762970652975646, 0.9666321576800396, 1.48288747232291, 1.888344003915169, 1.4710145502005205, 1.6067930627172669, 1.2677222862225608, 1.8188535977813352, 1.901682746025441, 1.169420734553411, 1.1484049920336077, 1.3014275886805873, 1.4789430808376118, 2.004535590200238, 1.985958903953493, 1.0518386510576003, 1.0717558683788988, 1.0525202200830963, 1.0116176781394863, 1.031911637447106, 1.2972842588979943, 1.1635269436494828, 1.026337609680042], [0.0, 0.0, 0.40884583130606894, 0.40866159849605244, 0.2271507028423358, 0.9129104541048053, 0.6810280943993187, 0.7540563734493338, 0.6581371537167239, 1.2061490024583397, 4.495721290357332, 0.8895393434328971, 1.63166033026921, 6.0601863092815975, 2.498334819089798, 5.023138390178198, 1.8327760465999925, 1.4423065128680366, 1.6189599635254281, 1.6993167468584724, 1.6879095464107814, 1.4968610655261512, 1.3274332258229473, 1.032449988687303, 0.8059801480889631, 0.7300254815592997, 0.5935702180663813, 0.5336878467757636, 0.3329840441571709, 0.38481914811917756, 0.32312158722511963, 0.22204490174173336, 0.10895471654402487, 0.07342985937170105, 0.05575994813803934, 0.03211699023296509, 0.03233920885098121, 0.03364243426763181, 0.01946131072196578, 0.01846871313847571, 10.446906344455313, 0.5811204977125098, 0.9539074134003952, 1.1020576393287929, 0.7319109322010936, 0.7910293739086361, 0.796230388027228, 1.3300845125471932, 1.1762522048201784, 1.104868229577415, 0.9882153351646735, 0.8999632368785527, 0.7368637873446953, 1.1157290539152778, 0.9120228548739089, 1.0964654035837464, 1.175495179881449, 1.0579144416266304, 0.7714790045622558, 0.7942584694084687, 0.5417858497018132, 0.5999932629246493, 0.671267925137252, 0.7340803937693756], [9.20084913454818e-05, 0.0, 0.8270791833681118, 0.7246394740920188, 6.9757245392079215, 4.167783715963051, 4.009555320642998, 3.8360343245008854, 1.9441984825102874, 4.641250294701913, 1.9868060534467291, 2.4065214867402185, 4.245219447476728, 5.310785770498707, 3.719268043508949, 0.4319006776281738, 10.038988723688375, 1.300737959778023, 1.008211764651585, 1.0487409411085606, 0.22370636978755531, 0.1537094869508315, 0.133723920975266, 0.9246108220485361, 0.688863298067969, 0.14248874591311003, 0.3588774908188009, 0.15352604938212472, 0.1936082569163676, 0.34633002168971905, 0.43547300546279566, 0.14182821602074655, 0.1404661107774366, 0.10424464979137099, 0.09622504437184672, 0.06938870055643556, 0.06256484451862417, 0.06391206677956127, 0.049335315187007886, 0.026002218257511134, 10.445759043597203, 0.5789110558453797, 0.6597407105927359, 1.0827385108250074, 0.6911180413054208, 0.793711088181583, 1.0381556424686391, 0.9046884008220657, 0.981559695272411, 1.4818259836390313, 0.9678494555014535, 0.971212025670355, 0.9903901217560015, 1.4665153502717116, 0.9967097649107194, 1.3913217647669764, 1.100385529696656, 1.0175179844822337, 0.9013204355898464, 1.0755612955904, 0.6525958174318558, 0.8518071727899338, 0.7652737097917516, 0.9703969254217506], [0.0, 0.0, 0.004623288434018199, 0.3843605885369834, 2.136056493723165, 0.980154857293065, 0.6932435891953991, 1.2740905781776644, 7.398450912140316, 8.459141004452768, 10.620308533236246, 6.05774986433362, 2.654768663257977, 2.838555583565768, 0.4160930713067255, 3.920927555959725, 0.6276607056026575, 0.5777781730793419, 0.9824305666939418, 1.055878573376016, 1.7771590165855309, 0.6884550681196367, 1.4338302843024755, 1.188713961923626, 1.0168026088781699, 1.1346872298632023, 0.7902321414200835, 0.8522907568920415, 0.5849052688535951, 0.5132598898531662, 0.4694333227162284, 0.48059676760205905, 0.2461590102909918, 0.19771387043219818, 0.1391063803455077, 0.10603196981177751, 0.062288485519179, 0.04753976237632875, 0.024135933509999777, 0.04825535360216385, 10.447671355552071, 10.757498750404446, 0.9412373280127275, 1.4238283327381411, 1.3988596432687403, 1.1509622255263545, 1.203483464803137, 1.1805651012370695, 1.556026650351573, 2.0568934773777636, 1.3431152849906391, 1.2887009290065363, 1.1983391669594718, 1.1706275780782867, 1.7435833413513377, 1.757060529710248, 0.9929512960399189, 1.0049078091356198, 0.9546308052962854, 0.961334417968875, 1.1303018290905675, 1.0862808229945202, 0.948038313107622, 1.0711133865248688], [9.20084913454818e-05, 0.0, 0.004440305864267126, 0.49349889481747183, 8.232182796090346, 0.9336028574440626, 1.6043269787917565, 0.8282360393945783, 2.904639497163431, 1.6745523709039667, 2.8109232332107545, 4.984687864855441, 2.3046493136542594, 1.9805215813861932, 1.4744326146782256, 4.927802419043656, 2.8031967758467573, 2.724872907277745, 3.1006447971040654, 2.1575863078380393, 2.157222148319545, 2.3754978392611514, 2.0918003543320722, 1.8896513361190366, 1.8295827525942232, 1.5690400549385033, 1.44038260800414, 0.8111594228978328, 0.7210860695716691, 0.659530638030987, 0.515541036591771, 0.5777780360435952, 0.1942963993255439, 0.18767344248334222, 0.18822068883583734, 0.1649035856506666, 0.13585296449833228, 0.11682188298533952, 0.1017765470474834, 0.0732024717804091, 10.455367906464524, 10.763423772424343, 0.9753220881134717, 1.356011982191189, 1.4350688667904787, 1.1077620101032009, 1.205588054152468, 1.6111892327126394, 2.0997800596645377, 1.9277627977160214, 1.3208960018624407, 1.1701496842978008, 1.0544642994696563, 1.0759177581759654, 1.2256481031140458, 2.1422762762356844, 1.0409504184974778, 1.1686501528849191, 0.9700518834715685, 1.04159351031072, 1.2722852440793557, 1.2926229411252317, 1.2004281483405836, 1.3538024199760421], [0.0, 0.0, 0.7707325964056648, 0.14946644682604726, 0.6426942466163377, 0.22854971543870972, 1.2640648303552973, 2.603675939818476, 7.698722808870564, 6.733181205830335, 0.7915600817011429, 6.74304317281868, 2.470718189177092, 2.8522268345543056, 2.2306152957358516, 3.2359814411991294, 0.40055097800419925, 2.6642306768233706, 0.23988179818234867, 0.4406420117092402, 0.49611298784067165, 0.15769823813148828, 0.21927974676082393, 0.928356113757826, 0.14857490897877842, 0.78911839452011, 0.38748639065329477, 0.23721661008713152, 0.24173473813997703, 0.34548809730434116, 0.46715586737352005, 0.15601032355159522, 0.1473839235849101, 0.12109015187901571, 0.10850338294418259, 0.10588393473793695, 0.09894522302437947, 0.033448304408434146, 0.07248976819204772, 0.02947931163834517, 10.446326273856533, 0.5875009011843311, 0.45272401244500077, 0.8826559876498133, 1.0752546980246083, 0.9363252078423446, 0.9762486528878166, 1.2040685703182052, 1.138732039124202, 1.1113559239314703, 1.0150262776111203, 0.9324702642681261, 1.0547298704351238, 1.0801659011207552, 0.9849484553213059, 0.9763153034032531, 1.1145182848720852, 1.068299987006072, 0.8941909782428963, 0.545363702287663, 0.6564777102428224, 0.873752357454652, 0.4647750811214281, 0.4795935521356697], [0.0, 0.0, 0.4245040250231052, 0.17930284283606931, 0.3957558165529814, 0.16100871208435166, 1.082271170291346, 2.725646845734634, 1.2723141632135913, 3.0584601301074885, 