{"initial_violation": ["destination"], "initial_duration": 36.1400146484375, "subsequent_violation": [["destination"], ["destination"], ["destination"], ["destination"], ["destination"], ["destination"], ["destination"], ["destination"], ["destination"]], "subsequent_comparison": [[9.613233893067048e-06, 0.07335408918327257, 0.029892731685019536, 0.06152406536964229, 0.1458769225807847, 0.14515533922885535, 0.043729002301429024, 1.5997294819259273, 2.4181355654950125, 1.8390355983677564, 1.2860920082295382, 1.8935031632973984, 0.8640430552036777, 1.7411837207792171, 0.3683251590060678, 2.872825100138554, 2.863657900308237, 0.8218008489128782, 2.7673169563579396, 0.25456049484928883, 0.18668412474239512, 0.03292075822753233, 0.12076925823848446, 0.04853155633525336, 0.8717835086885093, 0.0411277487257176, 0.2683650161141457, 0.01410671597483051, 0.25548121203307816, 0.026223716679619972, 0.284688870371778, 0.02655807282666318, 0.25884303746270754, 0.024824172143820537, 0.26328226796653875, 0.028354729160791074, 0.8769975105342394, 0.9009897168761122, 0.6216182773282057, 0.37184746024533244, 0.5003833921188742, 0.25115107415184396, 0.4232882611730521, 0.24966045008988497, 0.24463710937174624, 0.18439856412620376, 0.21965088436083038, 0.17555800146621542, 0.4267605955369636, 0.12802472038645304, 0.26075056868460034, 0.0354959042723406], [0.0, 0.0, 0.002643100559842602, 1.8405186510756055, 0.40075825138332494, 0.8712044228065158, 2.1322507173366443, 0.7704143691326935, 0.13348431091477603, 0.49265411368141054, 2.4834505161698877, 2.942149507333267, 2.3725455424029636, 1.2075926197616533, 0.5896906421342378, 0.8982793696275677, 0.5001762613543438, 0.6676488423744085, 0.2990240787476294, 0.5062777962077376, 2.20606795071549, 2.2281588839011235, 0.18892180378851853, 0.39636871121663086, 0.33120675512347086, 0.9854863459395555, 0.30311719281153576, 0.7293136960962162, 0.32223229822532, 0.4017525813505821, 0.34884413518500257, 0.40404516231668475, 0.8630384902750822, 0.30499498058371927, 0.3098391861867977, 0.8516841417075972, 0.8755884930748017, 1.0156133422267515, 0.2945362774547684, 0.37498483991851905, 0.24952283708678177, 0.19515461897795675, 0.22539333525925248, 0.20363285337240317, 0.2430998880637219, 0.16874422577188164, 0.19697988122107798, 0.1516662720351713, 0.29851943510785434, 0.16511792338228384, 0.17617879835196118, 0.11897758428644581], [0.0, 0.07887994189213669, 0.03147910563027595, 0.15089589128715436, 0.3330110621849132, 0.8410406958144327, 2.301007971049659, 0.7708150502854629, 0.3092188568155147, 0.40855982446400074, 0.5808170406651355, 0.9572398875434536, 0.506799721137393, 2.669344982598956, 2.6300829846758105, 0.4288435730213447, 0.3401674009398635, 2.527746357226624, 0.34051536545074684, 0.12285597707997752, 0.3462209102382768, 0.11640158525437914, 0.36727617974909793, 2.637821357874519, 0.819395586036732, 0.39889156547593924, 0.4584691013311713, 0.8397544141735643, 0.41769993964645374, 0.6941802688607815, 0.3617600137198758, 0.7652216937943789, 0.250145772222785, 0.7190820727010928, 0.26524358381006774, 0.7050851237002221, 1.0401885165328515, 0.6604491672746975, 0.9019214916266438, 0.6004065344371121, 0.24416462830596236, 0.5509940266784782, 0.23181245387494376, 0.6274300756029639, 0.7655983760538905, 0.7074461725872502, 0.6807331959496162, 0.6176199549783369, 0.5934695173964145, 0.4198465713353387, 0.45937780581895654, 0.2875349230587254], [0.0, 0.0, 0.025643148136493054, 0.04557992599514159, 0.043572336715189036, 0.2532684335120514, 2.021089505404397, 0.16673129841111928, 0.1798691450570811, 0.01993997925745633, 0.38105166677478935, 0.10668833206611002, 0.3717846572967312, 2.6725503765852405, 2.755270190593609, 0.3819969490781267, 0.4800060629013821, 0.3397567084529544, 0.46789105473601117, 0.4067418342849895, 0.49737194035240173, 0.29237280823314993, 0.42346916904652865, 0.5392719476940842, 0.8157306085198542, 0.4172563939774856, 0.3865819335453104, 0.3846045664809168, 0.39669307610462523, 0.3909204157645821, 0.3490627370020854, 0.38915357437782766, 0.6999620012096999, 0.36612401378734283, 0.2536745666435943, 0.3594376532183149, 0.23439502441811946, 0.32577371370822183, 0.24600907664598312, 0.29816451232180763, 0.2262427792361631, 0.2920617677608304, 0.23476060201605511, 0.29199494140552024, 0.4125228653582368, 0.467446354408565, 0.40221849999908427, 0.45409981532741517, 0.2452686388289761, 0.18982540563920353, 0.20050073137508095, 0.17801031721062308], [0.0, 0.0, 0.027400500050935608, 0.4552514850118131, 1.7031090401695808, 2.8337605574158773, 2.4370427287379366, 2.8962412273343365, 1.7002608743259673, 0.3001255537591741, 0.061130858795932545, 2.1381417562399134, 0.08320976416458252, 1.680763869596754, 0.7386191634803393, 2.8320141409636013, 2.8323914261769136, 0.8140059544697099, 0.33493590136104584, 0.49203876082013887, 2.0136736437272806, 0.31608475386377394, 0.19858485959130143, 0.7490685735194405, 0.07984182503809807, 0.6558106186838447, 0.7629843949571847, 0.4831654641361666, 0.46907555898449543, 0.5715338787539981, 0.5065376718566144, 0.6309124587021495, 0.8490223146070071, 0.5815561502041856, 0.47916272649887504, 0.5892012969163615, 0.8865673106812723, 0.5610724880856724, 1.1182791015913107, 1.2148713006828056, 0.055863844550871664, 0.062123959129799476, 0.03131312987478988, 0.053231117791569776, 0.043352934388986845, 0.10876815900543714, 0.031265428505960445, 0.2187138123650249, 0.24462077249286232, 0.1550231193218412, 0.15490583482915174, 0.14772569134042096], [0.0, 0.07335408918327257, 1.4434067971683895, 0.2847591625305219, 0.03616198369629459, 0.6154504044239152, 0.20959944498124272, 2.4563535496946045, 2.1004037729755063, 1.23629451921658, 1.8827172783412065, 2.6219457014423413, 1.4623953430750676, 2.720923711935399, 2.7116704352811873, 2.9681706581946368, 0.6651647889932866, 2.4993904929247734, 0.4218340826195817, 0.2778353223253243, 0.17424376045272788, 0.1807973787306668, 1.9940670115424195, 2.5852547976954217, 0.9456211733280763, 0.37118510399210536, 0.7170791818863609, 0.8297009437454436, 1.1535011889162368, 1.3102222834446788, 0.7284645111602783, 1.4232112526415168, 0.6277694648659659, 0.9794631298895674, 0.9642352283403215, 0.776226460289214, 1.2471195949938152, 1.3432208848156375, 0.10842072799213516, 1.2921273620891378, 0.10282580178887457, 0.8830636886161408, 0.10684995650501555, 0.8172561451824574, 0.9403158032574727, 0.8365560456213809, 0.809193996834, 0.6081563045524547, 0.738364274823739, 0.46110979820506437, 0.6050110577264379, 0.37314980834872047], [0.0, 0.07335408918327257, 0.0004982741697126459, 0.08427618949003805, 0.10252595707700964, 0.3359073014425682, 0.2814056323138625, 1.5769456084245705, 1.7449254204156075, 1.5807316472802544, 1.4293794815683898, 1.5496112022248798, 1.1099416548209389, 1.3498015657472853, 0.6659396473365363, 2.839128801728443, 2.8462195670063726, 0.8524252272968789, 0.2654561451553204, 0.43964836403913493, 2.154820653618493, 2.1512659953922255, 0.20125931686504273, 0.1262826978053694, 0.2411979513632393, 0.8659387466026939, 0.7411991331356661, 0.649420570946272, 0.7482061206908867, 0.7131397836311599, 0.48075871966252004, 0.7397097136542515, 0.43346323782737484, 0.669488821391621, 0.44818468549835627, 0.6630469111011698, 0.882901735109113, 0.6280787817309099, 0.3245712621269636, 0.3630712076008974, 0.024357152628439953, 0.17755789055909416, 0.05721219859481873, 0.1560955467680812, 0.06910593635507767, 0.012869775219613118, 0.08882517846645675, 0.5058443605475844, 0.3142832893074382, 0.20532148874405629, 0.1365751774046082, 0.0808702354980546], [0.0, 0.07335408918327257, 0.01993944249056116, 0.18051666118725887, 0.1280571931250721, 0.5381970784484441, 0.3481717245322059, 2.3234464784135427, 1.7799086507112793, 1.2458411162951897, 1.5888390128950842, 2.6249462429971033, 1.1600392515794777, 2.761759730631158, 2.7166510412267693, 0.823378612065226, 0.34221498902811004, 0.5089876341109589, 0.22006374335889442, 0.31591751435203724, 0.1684375054234523, 0.17447343922952752, 