{"initial_violation": [], "initial_duration": 35.18956470489502, "subsequent_violation": [[], [], [], [], [], [], [], [], []], "subsequent_comparison": [[3.3426796311991236e-05, 0.0, 7.591040444771299, 1.2363363245833208, 18.50182088530084, 4.861284592807041, 0.019425649628672173, 2.2935123570991616, 19.725785761168677, 28.771424668401295, 25.281318876465782, 13.608971587237988, 2.821437361850588, 0.7878640757789975, 1.7393861120699898, 1.6210005467233306, 1.10148171949782, 3.7394469315860785, 2.860249144303848, 4.744638035599578, 12.751091426730541, 12.421176223913966, 11.836833260030938, 11.351357531636625, 11.403786457242827, 10.13692724008404, 10.31971368729379, 8.368020205615961, 9.165163896534418, 7.415374026197046, 7.7740683895023235, 6.391339417218314, 6.483184581316661, 5.553165514417821, 8.554654337960567, 6.456280004981312, 8.893922511904956, 6.824974929428433, 8.364079028530309, 6.67206728108767, 7.3915239843585585, 4.923650369253591, 6.285515372998288, 3.8402702906112878, 0.8741811227930726, 0.490121936597963, 0.8253294002758249, 1.069687474521985, 0.0843877691120789, 1.3380732295511035, 0.10509302911661887, 1.32480248279209, 2.109709221487584, 1.3650977273269231, 1.874604418052757, 0.9224075895263459, 1.5014545446864422, 0.8013270823061522, 1.1566636568293156, 0.6274307171141491, 1.373954385092977, 0.5025019005016139, 0.035029380636751664], [0.0, 0.0, 4.882601617141031, 2.84754818502852, 14.477239844925933, 15.540845991617052, 6.611825968131993, 0.005152942088825867, 12.110190560520511, 20.001005491374162, 24.33646588524145, 1.5043189694666244, 5.2739733258908945, 2.6676597559278385, 13.60790021191847, 11.883668385300638, 15.905891835508033, 7.6647739906661, 16.910486611796614, 0.5189065254350196, 3.1210477056140222, 0.3636405469699122, 2.1208684520307495, 0.15119798417806862, 3.0421137293807017, 1.3723476831620347, 3.4943734573503145, 1.612506997045618, 3.668693763266307, 2.3765708640380696, 3.048686642424099, 0.8423996037895727, 2.317176021534004, 1.6906376695071346, 2.8134235180077987, 0.9571876711209386, 2.0352317573324403, 2.8351741531823147, 2.083884005256425, 2.9897767908862676, 0.7689290406139866, 3.120469892411334, 0.12884966318322338, 2.408307455689227, 0.32845384828181745, 1.8137480842105498, 0.7541819504949472, 1.199282913662274, 0.8582779984156216, 1.0221421500608543, 0.9144487299368687, 0.8738373800175753, 0.9627088571394087, 0.9407520719555468, 0.8338784045298402, 0.7294847678445159, 0.6684013278211317, 0.130994655200282, 0.9387759168805367, 0.20856113649175048, 0.3059061193960877, 0.23772028670720122, 0.3674430426804199], [3.3426796311991236e-05, 0.0, 5.04593650037875, 2.828164797843582, 7.805146822237634, 19.941857373990832, 20.97696204792646, 0.6544960208698517, 0.8842761113824598, 11.34539001758895, 29.16746149554581, 17.319697426641497, 0.7593917908790675, 1.5540546011107261, 0.979410243300891, 4.3502187622933155, 2.592864282327419, 14.091779121320698, 15.856602043116386, 12.814912281550198, 14.862927941704122, 12.513876507670867, 13.146527409251693, 12.083171148472388, 11.64415232878521, 10.658655670527327, 10.938494044445042, 8.784275543396495, 8.959177943298196, 7.796275245014035, 7.6750419234358995, 7.898233320580923, 6.68707406688366, 6.622040500605869, 8.848779573534452, 7.995258173633311, 9.065087266876448, 8.236680444944788, 8.297236123607236, 7.862113235697408, 7.06063426080689, 3.5829683655856734, 0.7492651823028005, 5.06807735619529, 4.540460378922889, 3.972985038262763, 4.450212073594959, 3.1895857441619153, 3.4074977866017337, 2.6404851159812233, 0.3714507369267018, 1.2957741887702752, 2.0473168984951315, 1.311550990207394, 1.6900682263714883, 0.9363970120417604, 1.1804727101080652, 0.9380736069076121, 0.15651309679203515, 0.6215822236298231, 0.025548828306114744, 0.3668244439882515, 0.8622468674044355], [3.3426796311991236e-05, 0.0, 4.904488388750165, 0.22822605717461206, 3.4359703086148974, 23.221851683812964, 24.49774846694525, 16.86800956890662, 5.154671462226574, 0.07151712572401156, 9.504322370124083, 14.206768897134845, 18.592839217663535, 12.78220614361982, 2.1211566932280275, 0.7876310682935764, 0.41767104899383906, 0.36981354831781443, 2.060963148134022, 2.0421507348336614, 1.4744623741124716, 1.597911870451725, 0.05222198568049193, 0.4780617211555776, 0.2483040905394921, 1.6644255502064165, 0.6958381572716567, 8.64977077789435, 6.483108041226666, 8.359841223085384, 5.626419302075823, 7.686009772938721, 4.843531799846194, 6.472063734958696, 6.424754237804106, 7.6330860430907554, 7.444107521933212, 8.070359215228807, 0.6773727307320064, 1.3869368965670115, 0.5614553694237279, 0.3830524234789337, 0.8919248599763381, 0.33589161460261335, 1.0066295369767306, 3.1180587470006498, 3.9175320044380064, 2.6241402087100814, 3.090068382565242, 2.1868178554345943, 2.516617120682017, 1.8957215963481184, 1.9491517721496654, 1.0014392833019108, 1.577478469416482, 0.8947105195282496, 1.0491616491108684, 0.7296569541598055, 1.1831065263168123, 0.3252045971478819, 0.48028191121907654, 0.5568152810838112, 0.4000883462219923], [3.3426796311991236e-05, 0.0, 0.00392222752245034, 0.16368281236799534, 7.627213888667842, 0.11452791572840736, 17.78339472006902, 13.433790221863944, 29.819739182725606, 11.095899670281014, 7.3860172766584125, 1.3225050818056059, 8.798539832127997, 1.5389205925817353, 11.065601427427762, 10.260401787763987, 13.377919438850187, 8.727358480495573, 13.992866650516458, 7.519688072604003, 13.295850542845496, 7.660472291376175, 11.690593072508271, 6.403671912576403, 11.38108893062339, 5.363396144281874, 11.057986831234109, 0.9588563509420945, 2.036218370343633, 0.3117205733623358, 8.62503483645075, 3.339812041578551, 7.74364637665377, 0.257673896476066, 7.728083018018026, 1.1899234881340381, 3.9778132121622525, 2.4910214206303882, 4.027965563580257, 1.9371007892817327, 2.9468327531253657, 2.14586667821393, 2.4791093152470856, 1.2424465262836288, 2.451068333248379, 0.7627515166753739, 1.947217907478912, 1.0471317040896453, 1.844955232625981, 0.93075192019854, 1.6735462315573395, 0.9714539253658279, 1.7383855328709426, 0.11848106797096675, 1.0356740831225957, 0.22433465865881672, 0.8845707396939595, 0.1263068945350216, 1.2430927849588107, 0.2987525914891365, 1.0284069967733205, 0.33639316576999845, 0.8490611594139915], [3.3426796311991236e-05, 0.0, 0.009575491726302201, 8.036472850244246, 0.30608745090648487, 0.433278580791839, 17.718449188777317, 13.349091733042581, 29.74722073082773, 9.956698326460144, 6.569024464959415, 2.1774386429383226, 7.1650112541615645, 0.10547777451879446, 6.504861530340173, 12.44837766115874, 11.667463341374734, 9.866263920704428, 12.363902609370014, 8.259679069290247, 11.631812580627436, 8.494320363971417, 8.885265121773337, 6.470338038524266, 8.961700041063402, 5.779539868847901, 8.058101627025502, 3.9906732831840257, 7.1170446131459935, 3.23717333886769, 5.946863345955509, 3.309968230920602, 5.345468178479304, 2.5571435767329316, 5.407565763447379, 2.8084609187056886, 3.8861647653958173, 3.006264537561835, 2.2359553552591627, 4.410761589457213, 1.15432005158338, 3.536183729395577, 1.5453716650402525, 2.5970292788335, 1.6089360682940033, 1.7489814992236035, 1.277890691203264, 1.8430271773050269, 1.4476265075196004, 1.36583518781033, 1.733279935070297, 0.93545783797848, 0.9715111415560915, 1.0862260877845338, 0.7564527255864645, 0.27264054852570574, 0.6947123625332334, 0.22618129557734426, 0.8472241811438973, 0.5300409820579465, 0.45148811384628174, 0.19347212289732768, 0.6019828844069901], [0.0, 0.0, 12.641010091110775, 7.625951017223451, 8.184893229563086, 0.23914984532575462, 0.237605195029873, 24.986224166582314, 19.242964930383938, 21.321548293029174, 25.14878226056579, 8.488397295950177, 0.7696162565040434, 2.8061922557478423, 2.2211076729237558, 1.6309829650187668, 2.099606362544943, 0.10631700804756078, 3.54205986515103, 0.06702028569437103, 2.2886441647644262, 1.647357856822013, 0.6425237336043015, 2.6237910137503495, 1.177888371114041, 1.896652315168369, 