{"initial_violation": [], "initial_duration": 35.938186168670654, "subsequent_violation": [[], [], [], [], [], [], [], [], []], "subsequent_comparison": [[1.1082151165204628e-06, 0.0, 5.039386356748157, 2.8079606344361054, 0.2116351024610738, 7.710442593993853, 0.7386413013394316, 0.22521891687565526, 10.719939958278376, 0.7197205330385867, 6.0276758410053946, 21.517634240917904, 28.10834923520701, 20.1542056481474, 25.458234423519414, 20.01970545499976, 34.267894439792585, 20.15068925168793, 1.8817250238590923, 4.710757352124913, 2.4221337151562694, 1.6356589120131675, 0.23023834409889155, 3.130604766002878, 1.1401098017790976, 2.4879952932269487, 1.2702952169043675, 1.2631912177075928, 2.650594090257473, 0.5026877874701294, 1.5314737455553948, 37.6857976999626, 1.5369390112333288, 3.146715444218809, 1.4108027404725552, 0.5152515426621279, 1.1641661321588959, 10.339454465282984, 12.226746705126201, 9.173993908100197, 11.144046307254635, 8.480831113047337, 8.724410558153775, 7.642029700247261, 8.28317078947656, 6.1680773636606885, 7.465890564254839, 5.292585745766935, 0.5802776757741068, 0.8494499663255762, 0.24034437497698818, 0.7321428342954017, 0.20809124590394304, 0.4077015477083765, 0.12166503190972186, 0.4722947012557401, 0.13303372875629946, 0.31182517535523147, 0.09491642896196185, 0.6562083270701832, 0.0822164047235226, 0.46736745629946996, 0.14844239061083395, 0.29667877108450225, 0.28932471816188116, 0.5618848731372242, 0.3351538458812693, 0.1520470435412077, 0.2792396278355005, 0.5023589039029261, 0.23938879278043562, 0.108929439350471, 0.13194559374805284, 0.10591407017249622, 0.14196910149751493, 1.3276167706793647, 1.0298349218533542], [1.1082151165204628e-06, 0.0, 5.014134444256267, 0.3258563695963761, 0.3574268143123568, 0.7698956441431835, 4.160331116352389, 4.777117920868796, 0.9609348139222749, 10.487773860215325, 0.895725662664495, 0.9364814816575757, 0.34389675322086277, 7.551986046206564, 1.3956456059677131, 8.513338345416031, 1.057983557003439, 2.565699232735592, 3.0632376120623412, 2.3590081747428315, 2.9784938261694127, 0.599162734930443, 14.607893022104644, 19.828804773536465, 16.009218365975336, 18.76777476174203, 17.18391611813152, 34.15305868073508, 2.9401781753910563, 2.998338743474582, 0.9972589916832814, 3.72184915197437, 0.6433450307243629, 1.0624161564693009, 1.0814659655271108, 1.7207959792358718, 2.525856326240309, 0.7804056637261005, 1.8550435567556323, 0.8928910016030369, 1.2733368538119632, 1.5394401940537419, 8.79904371794778, 7.0657912057934835, 1.1093085592318546, 0.2815552794039246, 0.5683421495066762, 0.6280184070561624, 0.4944472872757999, 0.9133389013014765, 0.43447844341388486, 0.6966760192083237, 6.04311605919443, 3.4682587733731065, 4.5900045315773665, 2.9369510304792996, 3.8616940293960993, 2.6974672890643143, 3.2770268831599845, 2.5683026410486063, 2.3638273942237475, 2.515356137585468, 2.162959901877907, 2.2899364361940155, 1.5300326912045163, 0.0963294492768276, 0.2418373021209621, 0.1122487806256974, 0.22331709385094212, 0.318800393502957, 0.24709538217079968, 0.07870271026316521, 0.261823868451201, 0.14244404105976205, 0.16559698268274498, 0.4057435677318943, 0.21370029436298865], [1.1082151165204628e-06, 0.0, 4.909757686113031, 0.0054718330041374505, 7.85743388918579, 0.6482021248874311, 12.400387538793655, 4.9574973104669775, 0.8477359001098486, 16.605584604870806, 5.103791535124799, 27.87806286587713, 18.679017026135664, 34.499670883812406, 2.469760185002057, 0.18360760222849964, 20.328576952267692, 28.400309526534624, 14.493105962860035, 22.342250073168078, 12.543600617460516, 1.4352542505532346, 1.491650830103909, 1.6375831868767872, 0.14943172081957795, 1.6548240601997581, 13.068376746853692, 35.351744497136636, 36.29139806432319, 37.54642048974703, 8.826817019034461, 15.306723913048316, 10.718284810228994, 14.353740298841618, 11.060534913549832, 12.47225858009274, 8.565830396770963, 11.662655108074064, 8.06188718515516, 10.360205768150207, 8.34307914057618, 8.973472339956515, 6.972089021173867, 7.729601134235724, 5.818444545870946, 6.859236315068256, 5.189820943864014, 6.659596330863436, 5.021463439731938, 6.367561958081639, 4.332675073060496, 6.1459194670707324, 2.876949709617833, 4.677468923657319, 2.338476607990906, 3.909289224711297, 2.1366263397319667, 3.2490864669690214, 1.8458820772147033, 2.789886654702529, 1.5127254807090484, 2.3229833857026443, 1.287689476402928, 2.1119696394113827, 0.9938719530243545, 1.9203707943705133, 0.6553295086915244, 1.6174072951952547, 0.5641899592578467, 1.3723220249171475, 0.7526116755592905, 1.1698112916225547, 0.515973464227057, 0.9554426023048546, 0.49036623768058485, 1.2874848074732606, 0.2563068377910578], [1.1082151165204628e-06, 0.0, 4.890644853928333, 0.12575994302634286, 8.006420618361442, 7.772811198851776, 12.602814658396492, 4.678379886724015, 1.023598827688053, 0.04430144626039031, 4.57898354820649, 30.23634750141659, 23.876891311110185, 27.40028657967892, 24.994306275622723, 28.509685633361187, 27.934629925631498, 27.260914523884956, 24.02717659430978, 19.67976228450656, 20.113006727318787, 21.13346942225488, 18.755993823633347, 20.65197208182881, 17.81704648523667, 21.822955640896872, 17.366769185651506, 35.93514001344778, 35.88586957279999, 36.18153158685984, 37.57659915374905, 15.844460820859965, 3.6994922534575037, 15.185691669100907, 12.39181745251215, 13.372964543598975, 11.089353847017554, 11.881405038068035, 2.831795434950685, 11.144024470662181, 10.170387153605223, 10.463723514651466, 8.19879976951492, 9.805221583159383, 7.452328663387329, 8.724455089617768, 6.1044581086671625, 7.84167511552222, 6.290102113838386, 6.88609140587983, 5.886444920348638, 6.195453358393452, 4.2698075173543995, 4.701661046016267, 3.8387765403026908, 1.0794252487317793, 0.6334540678115125, 0.7541299592764695, 0.5223715082934962, 0.6171402850657236, 0.5222082924785864, 0.49962244941049816, 0.8319623272311443, 0.4494547458971552, 0.8879899952320902, 0.54829550389379, 0.7241203566372715, 0.39264144437130816, 0.7572804592639805, 0.5083886347791914, 0.4553859417074312, 0.10792101698668327, 0.3945490219638438, 0.09411358174120403, 0.2544334011987996, 1.429111297102357, 0.9812363100891852], [1.1082151165204628e-06, 0.0, 5.023132212914076, 0.2908062757978651, 7.892053578095003, 0.31147771161153776, 8.314304583656398, 7.45051359419402, 18.366961923233674, 18.598048594498703, 24.901376913615703, 1.37575292003527, 6.179086886611203, 0.7073406836856939, 9.227609472729403, 2.311418184057585, 23.030788654618465, 18.193231957740704, 22.080962306405773, 9.538831211602751, 27.41303698244671, 4.301043617317528, 4.673447177458626, 3.2034640076728307, 6.793132353450301, 1.8169465029615033, 5.8394571555797885, 1.5323028720209195, 4.611659681735812, 1.133311971750865, 4.186927508387844, 0.393770400931698, 7.076431249412804, 2.709091117158326, 5.510179318765263, 0.7618505455310894, 4.503777076333523, 0.689861135630852, 3.700785981545688, 0.7523836974045635, 4.580771089610505, 1.4307411535085792, 2.8609845377635765, 2.0964575350662455, 3.1707351685303564, 0.4894462299783484, 2.541648885575867, 2.8647736575810816, 8.109620309084123, 2.812890055656989, 7.5940800977651275, 3.546387099209586, 5.952706123193217, 2.9062073943945617, 4.618563785947529, 1.5056140587083777, 1.6505882461084282, 0.8484054973988989, 0.8038495430153945, 0.14671170785451468, 3.3043066205362823, 1.7517878107171194, 2.385218953520144, 1.8757134883741349, 0.8862068670621049, 0.24368883411816045, 0.3237074836866321, 0.06716389416028422, 0.21427352726983748, 0.32930501044325505, 0.22606425015138382, 0.3824849333315397, 0.3841548816457245, 0.9633075619435294, 1.146326640201222, 1.3697478959076357, 0.6193599158679651], [1.1082151165204628e-06, 0.0, 5.02366195277941, 0.7785317143599744, 7.815077549599163, 5.007423397128028, 15.936054742199497, 7.375987386776991, 15.867102906462176, 18.449367614387537, 25.250969028016762, 0.6539143134974926, 5.518232222737312, 1.5619126598091773, 8.952376196198184, 