{"initial_violation": ["acceleration", "collision", "destination"], "initial_duration": 35.778348445892334, "subsequent_violation": [[], [], [], [], [], [], [], [], []], "subsequent_comparison": [[0.0, 0.0, 4.842267546209817, 18.266340157981542, 23.161682517493617, 18.323863178602238, 16.845203109670926, 11.512742059419658, 2.1418357496522544, 2.069809444227576, 17.063144826781006, 15.039767759386123, 15.321781807636587, 17.40950195083253, 4.902058181806939, 14.148255446023143, 25.19113621557027, 32.16543624274022, 23.93197077890876, 37.82221750795613, 23.091862283739296, 45.32572208317652, 24.989362165265536, 57.95509788002203, 21.075130353237174, 69.60515817533312, 20.395966583344414, 62.94027791111554, 17.354830471613248, 63.25920463491543, 13.36929446613317, 59.84039991465792, 11.279438552587814, 86.06747551744193, 12.043629410310574, 57.87992641747736, 10.601051947628353, 55.216176322488465, 6.8805547348475695, 74.04740429633145, 70.70718890076049, 68.26641484611157, 66.55647614988418, 64.55194859225348, 42.72604386636373, 64.78050645092449, 37.99589802492855, 65.09177432832264, 35.16809707262963, 65.73758335790247, 32.934439101615766, 66.21337362471468, 31.379497015898956, 66.38287753281371, 28.64007741592741], [3.3426796311991236e-05, 0.0, 7.464890622525553, 7.429012849473299, 7.838069573966423, 3.6665100238888844, 19.32788613442219, 27.867000627389903, 14.650725788697622, 30.864335757542346, 27.31376999864183, 20.066573100918774, 19.357356397986493, 25.128849978012322, 20.224854761861074, 5.1010479426296, 15.013596994779393, 14.605027554447762, 13.472337519401746, 23.177757069033312, 16.764576872752322, 36.5016446419746, 15.407069384185487, 47.38873201677472, 14.187175052629463, 63.168984027134385, 13.322425917399523, 59.94830496367775, 12.621786307554654, 60.11596142915574, 11.681582541015, 55.46433480419785, 8.330668152439705, 82.21082970751198, 7.7324975318910605, 54.932902716916225, 6.82551799766884, 52.13803618688675, 5.228139264185593, 72.27999851524471, 68.04398650100937, 66.54474469793354, 62.74081486080694, 62.15616143809074, 41.32842186416828, 62.566755233218686, 36.51282262081527, 63.99764960330785, 34.4282180782471, 64.85678214545612, 32.32730864124591, 65.39084710955846, 30.64640883737861, 65.38610869683527, 28.22266665030927], [3.3426796311991236e-05, 0.0, 0.6596209078226641, 7.501020706820434, 4.006525497966477, 23.27755394232338, 18.97163705778651, 29.354022445999725, 15.343298313113424, 18.113755711295518, 26.842625601573207, 17.056722038733508, 15.074945718580441, 21.2278138294682, 1.5276923566035816, 7.03100570158502, 16.306771153149516, 22.604539728814856, 16.92686108436582, 28.376704093380237, 17.022846211561923, 36.09407953804683, 17.264059149955184, 47.74200195527128, 17.92732867141995, 62.4039199870591, 16.962519853514074, 58.74549302117356, 12.824209765401223, 59.45471520696777, 10.703029090839511, 57.764418416490194, 8.122821315530434, 81.98075771071149, 7.587235206829214, 54.61961083075697, 7.7369250786325034, 52.083612991603786, 4.608704587953017, 71.58406085143497, 68.28068058381065, 66.56681483783194, 63.34892314602857, 62.35530639839514, 41.449563995173015, 62.40598054748452, 36.37221003511886, 63.67190245525671, 34.091502099389125, 64.42997210045912, 32.040573202392274, 64.98275413586894, 30.29964976913764, 65.51301690330061, 27.72770846393732], [0.0, 0.0, 4.905960389573551, 18.080565879351973, 19.020492983899302, 3.479910524948672, 1.1201861461241107, 29.890835697216605, 24.183926470168853, 17.47843581252105, 16.0637223763115, 3.4405359238409225, 2.521600115992769, 3.9870891595474798, 1.1928759057486937, 19.21176353387063, 22.977463212201982, 29.881202032609647, 25.05157297089252, 36.818824535811935, 26.184053806553422, 43.37914912640751, 24.28617312040903, 61.57208692453239, 23.664643200493995, 75.91296518298509, 22.289182148355433, 62.91960383021103, 18.556508522154374, 64.28319031192486, 14.581665442225463, 61.506643323527015, 12.411535287106679, 87.28361643384271, 11.76639532500542, 58.37044056876717, 10.445608761805824, 53.78757237220749, 7.0337600572532955, 75.23698197968574, 70.84753734243057, 68.72550983294974, 66.67458999089753, 64.0568969265116, 42.41210833415233, 64.1888707642424, 37.913280878816146, 64.79428816264624, 34.98286501500666, 65.32868300262004, 32.33674021615564, 65.81540803597521, 31.146288640154584, 66.25937814883747, 28.532556378992506], [0.0, 0.0, 0.4683423091080674, 1.3360437370674754, 23.176431635184052, 12.709379407635897, 5.8171959025145155, 10.96119369840157, 9.085683632833193, 22.257563559221047, 34.38803939499053, 3.03485282954276, 0.6435510032641867, 2.3398069930759355, 1.3944929752995565, 2.6639733328811954, 3.173382691419363, 4.839569005906188, 8.529870048439435, 14.981010717546251, 9.564846871170003, 22.860256750700238, 8.417784385616237, 40.97256993113574, 5.261862515464986, 51.55026333816275, 5.85718535420987, 54.62077020659716, 6.320766064392116, 55.353819666359485, 4.260196173898526, 52.45496747193473, 6.112153401319451, 76.20689550162962, 3.640466469037542, 49.98603920686319, 3.531071336331836, 50.24618613212609, 1.8874469376904368, 69.28504248625673, 66.95411203297053, 64.24600497526768, 63.102228945166566, 61.35280205187841, 40.7104887256841, 62.14137472075209, 36.733273896237, 63.42989854533545, 33.89135788897336, 64.50513633067567, 32.09239271472473, 65.0754029349447, 30.419835231394934, 65.11709952601254, 27.879879897283473], [0.0, 9.239300995422598, 5.334128931667333, 10.567318806669576, 18.80941591017975, 4.328490195297431, 0.6888235129439373, 0.2098888825158431, 3.191307355939402, 0.12212937926569085, 8.813048834036659, 19.049057842663295, 12.403613907471307, 23.71962390469403, 17.948104718534374, 5.403806884061919, 8.376209561504536, 19.446954159694673, 13.693974631113527, 24.477186016840506, 14.402495157589584, 31.616595790293793, 12.585501529957739, 47.52776093137642, 14.478554793851764, 60.9460696958959, 12.406345860580755, 59.963388304390755, 13.330033779131398, 57.725245525933865, 10.081731282212342, 55.93806667192528, 8.757503329652657, 80.40844291497709, 6.534687238046371, 53.298650172264935, 6.219056706009252, 52.0104806386426, 4.713732801300068, 70.11160494695831, 68.18064621916214, 65.23512558525594, 63.41973023685241, 61.475755171108545, 41.53258074895565, 62.656873666277974, 36.46006356923368, 63.43884558211538, 34.56575896472334, 64.58819169187305, 32.138947388170955, 64.7970678826993, 30.433516797394617, 65.33567686194826, 27.814711583383566], [3.3426796311991236e-05, 0.0, 4.773331010667477, 18.322271579997793, 23.330122575044324, 16.447259561696963, 6.419516498816788, 1.603118767986445, 9.611186985141632, 8.931989453906391, 25.621701737460445, 13.80673827580761, 17.999404141351192, 16.283575919147996, 6.233445841995085, 3.521135035431938, 5.087509807984215, 13.858337536813094, 7.95722371448415, 19.62776795133956, 7.755371612209815, 28.203923191827666, 12.777429849579017, 39.252701567336764, 9.626836077612666, 58.818365793364855, 10.668777820690341, 59.08439100388495, 7.154426487726693, 56.88395825560708, 9.363850574624815, 54.525254781599614, 8.049069827897586, 77.56395397274396, 4.457478719401267, 52.51809693383813, 4.850175511526188, 52.118061019968025, 2.605881101584717, 70.37604583749452, 65.60824542998704, 65.03490160558498, 61.63224308158763, 61.670770561704224, 41.10304702379403, 62.894841044651734, 36.72825562579717, 64.06589198189353, 34.3874305542461, 64.34722723964852, 32.074512234102336, 65.21914367185782, 30.509739526488687, 65.5571075091321, 28.121349738111487], [0.0, 0.0, 4.824381317300661, 25.693953753321896, 15.91740487494598, 12.74239600444148, 17.285247725501666, 11.293427318808831, 4.477534276891837, 4.547627804974501, 1.162178688832581, 10.182412783541418, 0.8677873366098636, 4.338519870559037, 0.12897376319905607, 17.13219690639517, 32.811028717195775, 31.338644413304507, 25.67120957227602, 38.00568001496358, 25.56512248183859, 44.974822551980054, 24.681594436435052, 61.8051001321374, 24.340170059254778, 72.17319930022, 