{"initial_violation": ["destination"], "initial_duration": 35.85026144981384, "subsequent_violation": [["destination"], ["destination"], ["destination"], ["destination"], ["destination"], ["destination"], ["destination"], ["destination"], ["destination"]], "subsequent_comparison": [[0.0, 0.0, 0.03428249864126153, 0.9413381175024961, 1.1967663842365754, 1.5179704162693324, 0.8492058265920075, 1.8709671995326247, 1.1529075951285257, 1.050324715544471, 0.9044826476980035, 1.1774694482024881, 2.032970327765109, 1.1876992818400494, 7.155742543581062, 0.8507648223510402, 4.48068460776984, 0.44932115155030405, 3.406221670527114, 1.0560862059771947, 2.3661665723838072, 3.1407845902747416, 3.5503260940563424, 8.49683921700141, 1.2944865562738053, 5.406308063591466, 6.17504451873718, 3.0324854845489133, 1.4789553445510928, 6.207530630678623, 10.360706455004328, 11.229075457491168, 7.844947783664078, 9.227570356523115, 18.423721212959602, 4.821069563595815, 20.94190280510813, 6.646209866330043, 24.04291269944887, 9.172881288349204, 20.761252751967763, 10.999113021765018, 16.27772915579249, 9.43788678830913, 10.092060399971263, 6.509516048417539, 17.199031820504793, 10.653828289530695, 9.540314865280799, 6.9277543773838275, 7.771683977611079, 7.186642651448369, 7.946594665701828, 7.910886690378979, 8.634537688139892, 9.07157838833366, 15.260564880499476, 2.581068573413074, 15.614296077234712, 2.2425478627457807, 14.217730288255833, 2.9553553779818422, 7.30763659362683, 7.097112602394885, 7.124355370734723, 6.8889898043901665, 5.693774003379727, 6.054396791037518, 4.777774787913243, 4.3834523647763195, 4.044281646943285, 3.777639188873598, 3.2497403361282995, 2.8489100477166645, 6.98810390208407], [0.0, 0.0, 8.455825083024497, 4.314338056467933, 10.208927768163313, 7.070772977459017, 9.282253765415225, 9.438337647658823, 8.95289884851237, 3.829759854733484, 6.094768935059675, 2.7158382492344577, 3.0969806602086156, 2.536918641906977, 6.271774588423425, 2.0179640082389674, 3.976539760480758, 3.0848322807972157, 2.2798866014466976, 1.3867619301747833, 0.9202251523701537, 5.098846285243923, 13.401111799975496, 4.593385530957475, 11.836838406043952, 9.023716968654929, 6.810941228106993, 6.056109519514123, 5.669709695486305, 15.918507667331362, 4.716622441177178, 8.067742960606514, 10.002761729994068, 23.229826005139625, 23.24607305254321, 17.076887069224775, 21.401677889026658, 14.668578514274026, 25.786096491088017, 14.334162545318264, 25.715524079038047, 12.278007297025152, 24.352992252135312, 6.885608777463225, 0.3029913807071412, 9.81366836231309, 2.064680007994318, 11.055312586091267, 19.762263816354192, 11.2100980188266, 20.607585471442405, 6.9035660671131565, 20.052496368599517, 4.902014060109648, 19.84867538155299, 7.658033960081077, 1.2026786636165565, 8.0674218545188, 2.1521697962595714, 6.837853105079243, 10.484131171511338, 8.13786011499146, 9.943932847729194, 5.710244845695323, 10.585304889551606, 4.269773236701164, 9.57531647696766, 3.0418014786521113, 0.8428930663324163, 2.447972026600377, 0.9639560564919607, 2.0970804516142874, 1.3539941053179443, 1.759258424002085, 1.1950551510158787], [0.0, 0.0, 2.9695160316099356, 5.035053279837067, 10.800045576610893, 6.27703744879837, 11.41446969327574, 8.103141394664764, 9.967969271995353, 11.505292239897766, 10.833665403660785, 14.40218264800598, 10.565822634485766, 3.0260192610205325, 4.132471068658844, 3.066738630134893, 4.297966119119797, 3.353461323320638, 5.642321791663339, 3.5530265038946, 2.03633884500936, 2.4691913956061917, 1.3693391495540619, 7.55462665146477, 5.599075288920144, 4.369082482072745, 0.8619799978316979, 2.048661256330391, 0.987702992521871, 4.730687729044315, 0.6424895211806133, 8.653185103375009, 1.0308168535794802, 6.300802698754547, 2.8012847471380113, 15.216292797038482, 2.5587719220137437, 16.164155828363306, 5.445875834956439, 18.59250328135581, 4.904888569624461, 16.172527295684898, 19.86222876113102, 11.605118532660283, 22.00585004416871, 8.386702506833235, 23.499855268689128, 6.814753829518059, 23.90577303760348, 5.941596995237031, 1.8562044537532953, 6.529835935022631, 2.156109288779995, 7.443929926468665, 2.6388175946218473, 8.084482709909292, 4.786599673994748, 8.489111181843949, 12.113519894625012, 5.649905262455346, 12.808041359120125, 5.217857605026378, 11.568335794403005, 3.0806963498291053, 12.298160167568481, 4.03553070863111, 2.183724805575219, 5.410700793280621, 2.8497602472363197, 4.1805841111906386, 3.169792464622053, 4.69124968535197, 3.0658106172106163, 1.9527268260104331, 2.4081399059987727], [0.0, 0.0, 8.455825083024497, 6.295812561266853, 8.910943251693512, 8.94158528683721, 9.143240702896428, 10.526299149684316, 2.796776953932402, 2.983784760762495, 5.993730835013958, 2.5065438647002853, 3.030330238304291, 2.223808957809412, 0.3672260146094016, 3.861726186186975, 4.6236533472647485, 4.873305530204391, 2.203253901096725, 3.9362314290025124, 1.1571556936574445, 7.634609610304818, 1.306198064837374, 9.397442002455424, 2.2596096878699945, 7.704497721320792, 20.85293025893929, 5.513697806876753, 18.065735842771677, 8.666547226458597, 23.367298541312767, 10.254621542392846, 6.203996782288197, 18.955926535658, 2.9027519876454244, 29.002654599892043, 3.8757559970578965, 17.205971714165912, 38.5535216375787, 15.230057768715602, 38.79770644912495, 13.13173306960291, 38.225445007966826, 9.887217658301418, 34.89203346139833, 18.025232626434846, 1.248229486543586, 18.95741305341999, 1.4018467004448985, 18.077202125375898, 1.8355527697902163, 19.549211955153844, 3.274831881149351, 21.58250099916388, 26.331998753840395, 7.575581173984694, 27.870548111966414, 4.454930991085657, 1.264454398733998, 15.848616942716735, 0.5839300071338756, 16.172713041541943, 0.6795754250230107, 16.55374383924927, 1.6079711141165824, 14.655389931490497, 1.9262875873682384, 14.22574828080512, 2.1318330761649498, 5.08097338805599, 14.395122862246541, 3.051410269977197, 13.886789168693776, 2.2555194229730398, 12.99363533214934], [0.0, 0.0, 2.354536194777727, 4.398488381078059, 9.91283446065724, 6.809565290879894, 9.456281755971526, 9.502643364634212, 7.179801349872458, 2.057567998668397, 5.795948214389482, 1.040477977658036, 2.6933050374219922, 1.218927006303616, 0.7688375096355812, 1.8307677031621892, 1.0668930755239059, 2.2660439854616206, 4.238777758845053, 5.665642509967159, 11.652765732203566, 14.76836325953575, 22.03018516769048, 11.014971222294658, 21.356131318474468, 18.374880389884957, 17.9471925252743, 15.052961415673733, 15.585890346259731, 14.270615424768396, 21.498666711052035, 18.323747347720314, 28.160670455415513, 20.82228433141544, 31.541417866485553, 14.33345772625831, 11.179891056509137, 26.82816220162211, 6.3797678353670895, 28.78799715963254, 2.9886069142020784, 21.304498760669926, 34.002898658850526, 18.92012187353694, 33.673641780057245, 14.752274962683218, 34.191537316743705, 13.520096043820466, 34.86431895644905, 16.16110805962791, 2.8763244307058713, 17.93042908023292, 2.1392340484374315, 18.971842548861826, 1.968250591553179, 18.689946711384618, 24.001184756306774, 9.735739715822568, 24.262139945025915, 8.256046780479064, 23.616177017966276, 7.019182704722638, 2.1162285470711777, 12.45975412787886, 1.1275831620042525, 13.583364249279182, 1.8343168112175485, 12.746948078788519, 13.436801101671987, 5.02186868303515, 12.99057836287155, 3.1354963845281527, 0.9482393330515165, 6.5426229529947255, 9.735579561835321], [0.0, 0.0, 2.306730760320223, 4.3482552459691135, 9.232343098026634, 6.879483660334226, 8.794033441199367, 9.805685212882507, 7.55944435323067, 2.442958910597021, 5.274264278727029, 1.5907444356741007, 10.483882894170954, 19.420757396748577, 18.846794122385266, 22.37815449377827, 13.438822126743455, 5.4175372348211495, 11.586201883210155, 6.365204858259789, 2.640482705388771, 0.8036250297225401, 4.613602032495802, 2.2943487464126546, 1.8686782547546232, 4.449081759538623, 11.429394108099427, 5.6159471106419945, 17.908046653077275, 8.562520521437731, 