{"initial_violation": ["destination"], "initial_duration": 36.070261001586914, "subsequent_violation": [["destination"], ["destination"], ["destination"], ["destination"], ["destination"], ["destination"], ["destination"], ["destination"], ["destination"]], "subsequent_comparison": [[0.0, 0.0, 0.03233941470900696, 0.41890667728663805, 0.560200270095337, 0.6725227722484254, 0.12122423538557581, 1.0919726116914652, 0.7011572018663443, 0.3476904881062461, 1.4242294115526328, 7.215663992643166, 3.7149067861990006, 1.0805572927745972, 3.8202581801793625, 5.947289104186661, 3.833586030859167, 9.676700645443464, 4.1128739470470626, 5.271857478222784, 3.983975438924215, 1.5165356312469307, 3.8918642549192204, 3.9328059597501803, 3.2251746760041264, 3.8194056903216516, 3.1687078823898984, 3.304338303764401, 2.7794391042170097, 3.6622692499955667, 2.7656092757564523, 3.3688373190132457, 3.195365745537391, 2.0958812814490666, 1.794412548633473, 1.227517881718398, 1.3952987579024496, 1.072087594737754, 1.0756329251386123, 1.050839811422859, 0.7801879852754322, 1.7033321244318487, 0.7319283940258678], [4.539178818130867e-05, 0.012187708162702322, 1.8134019143867097, 0.14953342592995172, 0.43555963178119667, 1.3562787056632175, 0.555658271282376, 1.1950110290519995, 6.5465503821875535, 8.650542527675784, 5.064671090969031, 6.0397670482574295, 3.8505144700082377, 5.595303099039572, 3.322769779955372, 5.10962202989404, 3.8141561045477044, 9.16227238262268, 4.543713250937867, 3.7281570420022017, 4.459177968562479, 3.937010482695327, 4.31129775883163, 3.4460229896302517, 3.7010409100229142, 2.8169220005308193, 3.661080816368643, 2.4239648462031176, 3.3566214840520794, 2.357029828174355, 3.174045059685068, 3.4738836342551567, 3.2622864775522133, 2.4817111417608264, 2.031874699255276, 1.3695012602594243, 1.6634370603672857, 1.1205588558875579, 1.359427516975023, 1.6762267326435227, 1.2154969565526246, 1.7000143968065655, 0.8557374177693491], [4.539178818130867e-05, 4.544532376992599, 2.5527783924572396, 5.584416605639398, 4.013989118990614, 6.321711693647576, 3.6554996381455145, 7.273432118722005, 3.8169284370605405, 6.311340945864474, 4.60881450707166, 6.421989733736769, 3.569799021165743, 4.802560551911111, 3.900870324882469, 5.011262329757114, 3.527580555315202, 5.196971009423032, 4.3010001944585, 4.218235250379556, 4.124393994965131, 4.7768883400955655, 4.016051640577273, 3.5221183290495657, 3.4415080444141495, 3.4664538139003125, 3.408311692026622, 3.0196742698889176, 3.059345188890537, 3.2568588867311545, 3.019097749411182, 3.7275666238752847, 3.515615050052842, 2.6801155062999085, 2.2209585932137523, 2.2396702406033913, 1.63806376078033, 1.6429756282475625, 1.1790612791574009, 1.2634694026303182, 12.226352321188552, 1.097052503406267, 0.9672940131013286], [0.0, 0.012187708162702322, 1.7767663954128015, 0.3281636971168889, 1.894669996155838, 0.028389063248625758, 0.5847431300534283, 0.5634796308912082, 0.6954842367801679, 3.164395938202168, 1.2293159933657543, 1.9165290689984742, 0.6178388882656901, 2.2842216320447237, 0.7876774373487502, 1.420422966575539, 0.9989805486148698, 10.49932155127031, 0.9162202710902196, 1.3795992667929997, 0.6299490206463754, 0.765274531289786, 1.044934477654334, 0.8945309558884453, 0.6988867804388422, 3.8705840815570003, 5.813835342223651, 0.9320631671113194, 0.7684958863052006, 1.1194469259755013, 0.8290561551532113, 0.6956471529691681, 0.546790614071658, 0.7667825401681653, 0.551303240321979, 1.5610324018347983, 0.4707180240780752, 0.6412178962310527, 0.4702405797541865, 0.6071090950406228, 0.33280689684700276, 0.43239422543828854, 0.6534904193030123], [0.0, 0.012187708162702322, 1.771483138772302, 0.09239651373029785, 1.1779578863222833, 0.18812936643888706, 2.0623728679493807, 1.007041497988171, 0.9591053853479219, 7.640711695046015, 3.8359325490754848, 6.864413992905019, 3.135247636223461, 5.515851613568147, 3.57071520425485, 5.462410843434405, 3.0056991493047196, 8.989589403789129, 3.3366464943178866, 4.614750753882756, 3.143527361049644, 2.3308873031613717, 3.1488169972470814, 3.369857796069123, 1.761475473128383, 2.0341310479454315, 2.543124853136762, 2.8000102667942532, 2.16559609017544, 3.0002031001958636, 1.7299946736642426, 1.255499801384838, 1.2521528406846485, 1.0793415469537986, 1.3010691390836675, 1.4195865009829698, 1.4236846454361372, 0.6778667349804139, 1.4237333622567419, 0.5279737884337901, 1.0361479879015758, 0.518156639914445, 0.6931053751052353], [0.0, 0.012187708162702322, 1.7636238966230966, 0.540975475482471, 0.41855118564951177, 0.049808635885754515, 2.295220619781223, 0.8731819257235264, 0.7085518366149413, 2.730494184292854, 1.1484492504110064, 0.7874419210605359, 0.5217093198041136, 0.9555600208603219, 0.1441569754708539, 0.5777161988620106, 0.28740339198860976, 1.868872018377047, 0.016890559044107915, 0.49140209294886794, 0.06267174393985717, 0.8286377575944656, 0.06438828818499237, 0.8194800210172044, 0.16388155780787467, 0.8729094749286432, 0.14487614304206636, 1.486675720111167, 0.1251354190281258, 1.0251484805789586, 0.5317119535392157, 0.6823677242955323, 0.8898105409837359, 1.0850211420388385, 1.031418787092841, 1.7281358874559305, 1.0316820343034176, 0.6083336809192597, 1.0317488055833617, 0.4914725944201939, 13.796867794715807, 0.49551961066474826, 1.4600578717262584], [0.36794860803674434, 4.488116488977495, 1.8913507184327656, 0.5259863831377221, 2.048085977700385, 0.3972212121071712, 1.1869078476146346, 2.699689924693705, 1.0308810938582604, 4.2636604823511774, 1.5063525990727744, 2.434491771631494, 0.7000193375310252, 2.3831038277508116, 0.3667246804411949, 2.8247686047664655, 0.6660794561864898, 3.109236383653067, 0.6799822506820907, 3.0528922696102385, 1.0639532578596298, 2.8981467299775203, 0.47856094273179267, 2.4361108365723054, 0.6109393592959178, 2.510349724568488, 0.4307481505626138, 1.7716566426384146, 1.9330890284029034, 1.8472849376169922, 2.072758938490246, 0.7242108797592788, 0.9180488021629843, 1.1146017567682474, 1.03360943386036, 1.3401358480448742, 1.026469573087766, 0.805628294664772, 1.017184072071797, 0.8107089269688735, 0.7245924514335448, 0.5861963434641009, 0.6903158738863701], [0.0, 4.489540335014555, 2.471487255151883, 5.6664221591057835, 2.940111917450513, 7.258177476071894, 3.1704443849140556, 7.182723376116631, 4.0492427930822155, 5.369366851152002, 3.8660170465330523, 5.192298620014823, 2.950573574281135, 4.195527457423907, 2.659108791959941, 4.381357280256941, 2.5831526305038937, 9.548675941407762, 2.9441414083515536, 3.220899668575842, 2.7551257723069855, 2.731292964143834, 2.806992927615109, 2.466302471850105, 2.462677357104942, 2.4324756417616658, 2.5476382833847833, 1.726648454627019, 2.210061890708953, 1.7873930491463708, 2.0375142574772207, 2.2480879467827943, 2.052471687237917, 1.4173368715510812, 1.094954963130426, 1.1644882097633331, 1.1839728875657112, 1.8821045167070327, 2.0480504617498587, 1.830186626204278, 1.5402237164120811, 1.3870546096984202, 1.5422507883271441], [0.0, 0.012187708162702322, 1.7837380094799937, 0.46581871472574504, 0.48911664786830794, 0.10173455171178653, 2.2863269517852687, 1.2803765145335066, 0.7659663404741667, 8.105283542733178, 4.884046118351365, 6.115978479667331, 0.9881213245268063, 0.3647943051120754, 0.49621089682051517, 2.3411982732385983, 1.3922266030884936, 6.680583078835082, 2.0070285943459396, 2.22093812908261, 1.919068025427728, 3.1438242492200392, 1.677143913512403, 2.821347761573672, 1.9034871626393988, 3.153694232577386, 1.9659968789284628, 2.5092702486303544, 2.0424009080486134, 2.5158910953737608, 2.0154732366602337, 1.5821522780880728, 1.311725740874932, 1.0714324095940224, 1.1016969293836167, 1.2613779216781216, 1.436583828689566, 1.2188658619480075, 1.0166475021722603, 1.126923803035343, 13.782455741430615, 0.8191331407844606, 1.5427252679579246]],