{"initial_violation": ["destination"], "initial_duration": 35.79950714111328, "subsequent_violation": [["destination"], ["destination"], ["destination"], ["destination"], ["destination"], ["destination"], ["destination"], ["destination"], ["destination"]], "subsequent_comparison": [[0.0, 0.0, 0.05032140243176771, 0.05853155102438154, 0.4572513276414074, 0.055448936573070484, 0.8927300926244134, 0.07384304345520679, 0.23087172719810797, 1.17510183248677, 0.0674712295355588, 6.600081389662637, 1.1179107259084826, 2.3940008668144825, 1.1055600827569254, 1.4936017105345603, 27.58064276806064, 15.252717064611291, 0.20725170911391086, 1.9101089492366086, 0.6293369559870122, 2.7121126787582335, 0.7314626147972074, 1.1247535563719295, 0.4562290304798661, 0.798417263153037, 0.610457729337001, 10.457620364496503, 17.72534083598318, 17.51397086050879, 9.532365982966523, 5.726595665190905, 4.339222617976703, 0.7447577234895764, 4.92331885696146, 1.4479623953258407, 5.460676943627698, 1.2642294673046033, 3.5634845090961424, 1.5192341890682102, 2.9816878203674833, 0.40141390291844675, 4.96986081490132, 20.05112999837761, 25.872358627246182, 19.459256123421884, 24.795158097198705, 19.70483531428681, 23.386802269763344, 19.278775915752963, 22.52237725535125, 19.601265789795935, 20.942898342136917, 19.709592894637463, 20.20699588907748, 18.01667627827775, 17.908606078578742, 17.5509001643998, 16.97207413584865, 15.383598143756787, 15.383130428243396, 17.669694334883854, 13.119519181523708, 14.852298163871096, 11.966963660247002, 15.275859854971156, 10.954070383317488, 15.015147206657339, 10.097603239016156, 13.93969492041762, 8.93509077240949, 12.335189948938764, 1.1752040261385073, 1.282309515701704, 0.29540296491142726, 1.9262643387831258, 0.37888915279926516, 1.655713580815386, 0.7017102612041746], [0.0, 0.0003245143223824182, 0.5404715234708792, 0.4215921150620726, 0.21360344155743133, 0.33641975510453564, 0.4265770222336684, 0.2141302131306885, 0.8123113350031492, 3.020753387354019, 1.0293493141289753, 11.619731546060082, 17.942700773321707, 12.667985184364479, 23.142201381849752, 12.002585257961858, 27.324884713817028, 16.229157463888793, 13.797044023872534, 7.955801836847051, 20.116180341346723, 4.189392611379318, 17.231783946668003, 2.66724615401615, 19.646864418644338, 10.36795020975809, 23.011583843536403, 7.268061672635254, 16.495556671716876, 8.6126717305643, 25.177351782456544, 14.95519789574972, 24.868091074376988, 18.590931326429043, 32.905623502233645, 19.927622229359716, 13.636673400612684, 14.292632348920678, 15.582241505008769, 10.141069666489912, 13.235519877945386, 8.760528889622679, 7.937601642766998, 5.748753305875019, 8.326260377977357, 5.637440476249084, 9.091536463030643, 5.837106647257685, 7.442351578426623, 6.702477091323745, 5.998379365542514, 6.025291951702783, 6.008980702278468, 6.514812553151817, 5.583263275195476, 6.214141172214237, 3.78665210846947, 5.734952446718565, 5.416070256224125, 3.4316108189789607, 2.645777035399185, 2.699029397281708, 3.39196514003895, 4.192013584605241, 19.400894271112403, 8.85347145006258, 17.5380840492349, 9.135232661986379, 16.373512146130285, 8.869508649384555, 15.209565184417883, 7.039123440686505, 14.293428541101292, 6.946780834591768, 12.161269979036607, 7.094151766676878, 10.293311447170058, 5.690873322526728, 9.990157527391613], [0.0, 0.0, 0.008933243006893016, 0.16593385841904612, 0.5441836947432911, 0.11752414962071149, 0.3036069135725893, 0.13048629669975445, 0.027836569557737157, 2.350287084154472, 0.7936015454068208, 6.8539168174245875, 7.447307844737145, 2.6302766867292426, 3.5706105438626046, 0.49720679178933264, 1.596987974429274, 13.569840438057167, 15.605693933688237, 4.69575373102631, 8.053830003532948, 2.3789752623652927, 17.5627839800705, 3.220997930335444, 18.99772756200147, 11.1684984064286, 21.005721460677414, 6.242968861543771, 14.912144497590544, 13.88372612623651, 23.861393018549837, 16.472645250980992, 25.418715634716875, 19.238538503014357, 28.613633515929784, 20.379690380218793, 28.973286360648306, 20.64538615033907, 30.579699305357316, 23.46424734634054, 9.928672241937862, 9.455949433707904, 7.186299937236474, 6.2762102314153845, 6.040607148240416, 5.164716189258137, 6.145852819973444, 5.124947138462427, 4.755328798994473, 5.669730372686082, 3.6886599878834287, 4.786778236907175, 4.543092095035569, 4.180728182614455, 2.5157119756566346, 9.145971689240445, 20.874389350785126, 9.892593016117123, 3.3659788251291816, 8.417499754383746, 1.7742550579837102, 2.8460515104729875, 3.6570299333916165, 2.0368579221093515, 2.843380473968313, 8.398311323514996, 15.829244548764867, 7.872656945303465, 14.479737779451211, 8.296516393124241, 12.511801046091696, 6.232877506437546, 10.988659014644618, 5.731666986773562, 10.183377966008623, 5.47152529731764, 9.427517304465082, 4.734005048493899, 7.958405775076926], [0.0, 0.0, 0.5220351326576822, 0.24875668704690104, 0.5367023492260686, 0.1914458295278994, 1.12690697046984, 2.003430286209146, 1.080474417369651, 1.416085724128387, 1.664319761286727, 1.1698676110348138, 2.596199401765947, 0.828297801166571, 3.010900091287895, 2.2133508133158855, 4.385387319482713, 0.30704009225640433, 2.834928611016065, 1.8539561352478322, 6.8094762854908, 1.6894908455969513, 4.266323484136338, 5.965566315032044, 11.510882484562954, 13.550596269299387, 6.878672803047016, 6.017729938625846, 8.25110431855117, 1.9760189359177107, 9.763190866206541, 8.138470962051173, 15.387397632346355, 7.116323944906161, 11.673755378028732, 3.127666765226417, 17.53064092010992, 1.464167384136098, 15.140265361814802, 4.162029583048932, 15.435972112243203, 3.7391443106038955, 10.71797482561361, 4.898339511174213, 11.10268482555018, 5.388341680895786, 11.538027644606396, 5.365426661967641, 8.19716105939767, 5.655021697746822, 8.46224835609687, 6.072720473491347, 5.776808099451309, 6.339183271927066, 11.90175004203605, 7.888922658410603, 10.01851551230793, 6.953724445114273, 8.706278664724591, 6.4431848819873645, 7.9050419278945165, 7.720896316511984, 8.12235460713921, 6.346573979280597, 7.425978823731128, 6.224857053449128, 8.02781344094439, 6.978125190593026, 7.037789318510606, 6.396781452923966, 5.57951794018858, 6.090278669849964, 5.020338666089675, 5.711768721346122, 4.271882203986123, 5.640780639404098, 4.081779438670175, 4.8927253744534385, 4.30922105553616], [0.0, 0.0, 0.09241143408843304, 0.1322364195178602, 0.8370035295861585, 0.45476680549422877, 0.04260199342654001, 0.38680503991103776, 0.35589124103647146, 0.648483863456801, 0.14506055273313842, 4.6054879693963535, 0.7589874653222438, 4.732142504221065, 0.1292854298536508, 1.6097282803824209, 1.5700538662602415, 3.5980884629140792, 4.121742668687577, 3.0666499272883416, 4.651025804862207, 1.70655947500856, 2.695755133875649, 5.447163016083988, 16.979902635798595, 6.472387009880625, 9.14275646344065, 7.184907596470516, 7.230405281897222, 2.253199853318191, 9.535276887269715, 7.785344140905154, 14.772841934065687, 3.3296474813318055, 11.133364562913266, 2.9135918095616566, 11.361105725788585, 2.179443896847879, 14.105314047930563, 7.213254759185789, 11.4722758650486, 7.9774801378907, 6.888930989514348, 8.379121439425099, 7.277863906152316, 8.29498995423018, 20.721662385672882, 8.200218438147877, 19.34637663682989, 7.990731289892991, 16.026842636323863, 9.138308746635357, 14.251195045807057, 9.904605648937222, 12.695830318417787, 1.801356831551413, 7.110123607781871, 1.3636184399324693, 8.015811387547425, 1.0180598823643616, 6.1317707332440206, 1.1190845173052182, 5.765591150473081, 2.0327257068328937, 5.640898041180123, 2.2014470697951873, 5.041086919997957, 3.8842199164088305, 4.3439647172621765, 3.4237765404354845, 3.704486332048335, 2.603262879503119, 3.318521868482034, 2.1017162862940975, 2.8216793590637277, 2.6723543120044955, 2.6394128515348636, 2.7100394640738346, 3.004075166512054], [0.0, 0.0, 0.2128972218209764, 1.043055243307259, 0.6627164610435604, 0.2641288225270382, 1.832674138691489, 0.4534375964767369, 