{"initial_violation": ["destination"], "initial_duration": 36.07063388824463, "subsequent_violation": [["destination"], ["destination"], ["destination"], ["destination"], ["destination"], ["destination"], ["destination"], ["destination"], ["destination"]], "subsequent_comparison": [[0.0003245143223824182, 0.0, 0.06723650583364023, 0.1362504075719258, 0.15792379568700246, 0.06667731799161447, 0.4113315170905763, 1.4854815174490605, 0.631279414274724, 0.3363177284806322, 1.8574897515186617, 0.3212578216451078, 2.442552570306441, 0.39746550696022975, 24.317267129351954, 9.611888538928007, 29.40622029249418, 8.914818970733718, 20.15305620783112, 12.539369321083921, 9.433328434212115, 7.302990570256662, 9.753677308862613, 9.592418995917356, 10.242127056899571, 14.791825278626266, 13.663394627052984, 10.597951593501435, 9.519114924927745, 9.97493512815384, 9.090635807132234, 6.79639143335553, 17.494793240116294, 18.20084296138261, 12.32923799636355, 24.593228937075587, 18.810546773548545, 3.949897867736578, 9.085272717145292, 5.011916146342162, 6.985660700207139, 2.612330022800315, 4.160269550395103, 3.0335053041278313, 2.4768389644072273, 2.600315819814888, 2.4607051051995685, 1.9704425191766903, 3.9301424267404483, 3.4821687775945707, 6.268256554713631, 2.8790925279416744, 2.9025587783971267, 1.1667477028668511, 2.6672820711195135, 2.7072618453532717, 1.6887739458281674, 2.1833350850340745, 3.422781007106607, 0.40106277293577003, 1.6503535868464105, 8.854310787992839, 12.942541727914488, 8.874496542090915, 12.80427329079752, 8.035496281459247, 10.46781123048736, 8.587936538110934, 8.198997147400467, 7.579467028479743, 6.5311656642712554, 6.853471049564133, 5.370194431420155, 6.340264365550687, 0.9231432148552925, 0.937386214916944, 0.17800230836824982], [0.0003245143223824182, 0.0, 2.5031084465205145, 5.323817815256973, 8.791875650250905, 7.1501538872265735, 11.332071109684778, 8.614758552982483, 10.294451272574616, 10.087185265443637, 10.688788047412448, 20.909267509212377, 10.063296734357401, 4.4347762874058265, 2.0725240259336943, 8.737752127049855, 3.8128043883988965, 3.4676937847599834, 10.621101100641544, 20.209356984790855, 12.176373684860824, 18.096484595130146, 10.76658924235281, 24.445436782194342, 9.637335391337368, 5.43114226919809, 4.348768932081989, 1.551677847778985, 7.119681284687545, 8.571991969329172, 16.639122349314597, 19.70267738311751, 8.920290861452086, 35.12871552472212, 5.8419694426839595, 37.27609627474862, 15.230583136087454, 45.73515621339495, 15.584049779656898, 41.6033448836577, 22.579276632277075, 14.85616511315993, 17.825634970194024, 10.457509018074584, 15.771416294588086, 6.484359433186992, 5.40394414219466, 32.728383514646346, 6.452586900020312, 26.80824200212684, 13.416824987182249, 8.193058281891998, 12.02520244412857, 6.412098078345295, 9.007820448503857, 3.8179792207323926, 6.649284320183767, 22.43626636250591, 7.6651854084075275, 19.406647354572137, 7.577130171546691, 16.539065418082416, 7.96247094377506, 3.368312116422279, 5.788159753840066, 3.7550389567151923, 5.258079324748719, 4.05227606952278, 5.109741066839864, 3.6561609120596663, 5.454793659480653, 5.034493396036235, 4.792219106863633, 5.656445082239457, 1.8898156389705476, 8.581206057931313, 0.9396966413809228], [0.0003245143223824182, 0.0, 2.5254032707184173, 5.347239069444575, 8.601528514322865, 7.368182174506423, 11.23798027485782, 8.974027939786003, 9.931354012146114, 9.868027002403199, 10.31007304413587, 19.452145381064813, 10.692651685259744, 5.0570594520736245, 5.045680826401019, 8.800373932355017, 6.157393571523862, 3.1214829755823748, 1.5177322537265137, 10.739872101740634, 12.144185533664063, 11.594990079596084, 9.405957289274005, 19.21256157637725, 6.944486626076469, 20.004051165962597, 2.507160562940001, 2.708749873537543, 5.684428491519401, 7.608731600693421, 5.8958655866934455, 5.854525109390598, 11.736833111464964, 1.8522385851767587, 20.95119674575447, 2.975284301122254, 15.143015098342687, 4.000635461575048, 14.149686197697052, 11.893808611238176, 27.405523056009603, 42.95568525368346, 25.542994072109384, 35.393815014944, 24.108381209437344, 31.254180783802344, 20.27556460313929, 29.882774826885637, 22.18437584984422, 4.062366705417952, 11.64004324573368, 6.364825349988575, 10.48002775296996, 6.416791847089649, 17.57745458657351, 25.260054448093598, 18.74340902419467, 21.650036826002907, 18.868662464480437, 1.864734219987147, 8.807640930710907, 3.321010270348669, 7.13074576057388, 3.552784775848849, 4.933558034981474, 4.322267248639959, 5.286762017033459, 3.9350565562260598, 4.99635918432561, 3.631932359685415, 5.398517264927296, 3.105673109650363, 4.508040163191197, 2.7254898061506037, 4.66813079543409, 1.3162536379919811, 4.924967009862793], [0.0003245143223824182, 0.0, 3.2109451119194654, 6.053589098286102, 8.70736237789788, 7.623119969147539, 10.208151634595005, 8.644999227658765, 9.507310278326441, 9.796634568880634, 7.897575950141846, 2.733134504732219, 2.971054784884283, 2.3056434709453333, 4.120906392660881, 0.9313275749593626, 5.798166649181191, 7.001923914062075, 23.18099900357466, 14.469118887958649, 15.150924266751629, 10.231164662795171, 13.026471379947953, 16.676799433371837, 11.645399596442926, 8.064411252958392, 3.443057513986836, 8.71305958649019, 11.60977869743818, 1.7807175610225605, 17.131975764159684, 1.3551093240933854, 18.961150776584077, 2.759122434359147, 27.30757735846738, 4.256717175349106, 21.58465272883801, 3.8810256510480747, 20.64170385078902, 5.124960254975872, 28.19533781219154, 45.198426737881206, 27.065081489807067, 38.15145546413614, 25.84435760616774, 33.32609113488802, 23.604462969748003, 30.7007516695139, 19.01171742261764, 6.263987069141695, 14.230946315454437, 8.033804163840635, 11.935167593831283, 29.597716918657376, 20.66096661893357, 25.420966587180363, 20.62109473588301, 24.153643540848435, 11.618253344727227, 5.23000039420512, 9.887750085884104, 8.483309191881798, 8.240643240199656, 8.660592507826788, 15.4196666569699, 15.935642570727186, 14.673716296678789, 14.315815808112491, 4.12485506823162, 7.044377421533496, 4.977844652995693, 6.626877944670207, 10.06753387308069, 10.168573214237504, 8.754960639642729, 8.899978886662195, 9.052984120875712], [0.0003245143223824182, 0.0, 0.8044486270356751, 2.0837063982311275, 8.595695277561473, 6.2200051307271504, 8.997877707059434, 7.753545720490429, 7.718222211637047, 10.14765097803325, 7.158675751713762, 2.0400117823203137, 3.726852619894692, 1.798132943779611, 1.88057210196861, 4.959798351916079, 5.59215648247846, 0.9674810047936152, 1.7837080598025803, 7.104421882901784, 14.053706551461957, 6.301785632597713, 14.00488676605592, 8.315399949219254, 12.846452487708618, 14.624784374307502, 13.99849594442601, 13.186583329190848, 1.6502320622826883, 3.917065480634988, 7.132698143184749, 2.8124113720910087, 4.512484091730037, 4.2413262339292475, 22.179554458558545, 22.47521152192417, 29.439607747038384, 31.5636658094745, 39.11907197578267, 24.509680556884387, 35.30956075577557, 24.67583878161521, 5.823302804813106, 9.77392850737427, 5.984315280398096, 12.018169534676563, 4.052689846523823, 9.991994733076856, 2.175892741328384, 12.496590008685548, 24.455664030891658, 17.693501003418216, 24.10539241333863, 15.69136648194156, 26.963238813546027, 13.168221012845235, 26.239288431309074, 9.999157569836346, 0.9346185490707075, 11.907833588789046, 2.2928576350220125, 11.681123679426815, 1.186469251114579, 13.528680933013334, 20.12132509389828, 9.722592783033447, 17.720605886895804, 9.069005858753485, 15.79900935825105, 8.130147929540259, 14.459692228189057, 7.394715079182513, 13.57745807874897, 5.79743895386391, 12.066695227408776, 4.867490920509341, 10.30671651648258], [0.0003245143223824182, 0.0, 2.44553853307154, 5.263605982299534, 8.349453620274517, 7.916440255669271, 8.97845319259122, 9.273768441739803, 8.278281654370629, 9.803533853247368, 6.729413534359091, 1.6616378104248923, 3.2172753248723347, 1.0693616628384055, 4.274507153823307, 4.134409809233405, 