{"initial_violation": ["destination"], "initial_duration": 35.44085144996643, "subsequent_violation": [["destination"], ["destination"], ["destination"], ["destination"], ["destination"], ["destination"], ["destination"], ["destination"], ["destination"]], "subsequent_comparison": [[0.0, 0.0, 0.011908137592433261, 0.2950381989141514, 0.18207272304645397, 0.5794059957503983, 0.19465420876473696, 1.6438001462811493, 0.04402586788099705, 0.12613093745995332, 0.2032649344501586, 0.28963603159073337, 0.14063578533739335, 0.01878018257298946, 0.3320283135849297, 0.11184908671219844, 0.1530110780606817, 0.03755697273000071, 0.10040071113778896, 0.2629187018341806, 0.1777006722691765, 0.10268370359467625, 0.0957208846612289, 0.04504119497756352, 0.08910164024314271, 0.03334990757481617, 0.0705279677264633, 0.03247530456878446, 0.06874847869173437, 0.010362242196922378, 0.05810924745968215, 0.01106594491368609, 0.02620596326486258, 0.01083966589207104, 0.01980387665682978, 0.010920105297664453, 0.013539488853538298, 0.010359962690055718, 0.0118776570440519, 0.011079479089047087, 0.32659534252183714, 0.3352055355805351, 0.3265834513645545, 0.3352220559137668, 0.3266067626144056, 0.3352430487719007, 0.3265952663099825, 0.010166380710418994, 0.0015278867011801018, 0.010134733374526531, 0.0015405182623294824, 0.01012835200382881, 0.001506555355783875, 0.0015191638549866794], [0.0, 0.14789248107760125, 0.007464156318209702, 0.08600569101561804, 0.3998949001296025, 0.586552162180286, 3.186822865477339, 1.9185018585156628, 3.573194349453522, 1.750007930008229, 2.3265828461231, 1.4620690351252075, 1.4474950211377058, 1.7087201642653043, 1.3388750347864875, 1.6090949156511047, 1.0550705276752728, 1.129772199185076, 0.734515438622764, 0.8167294835475275, 0.6698444084632313, 0.5705153705649018, 0.5522473062918445, 0.46909541037314084, 0.13377503101264207, 0.15985957690482452, 0.37620799235472335, 0.34134539662062263, 0.356083055371386, 0.32950459427382445, 0.34460112581370905, 0.3218270496820644, 0.3403513185568207, 0.31959220347794715, 0.3399361343216315, 0.3191613460413951, 0.3396826433323632, 0.3189470466732431, 0.33962511635184817, 0.31891712084316454, 0.3395988716412081, 0.31894460812348446, 0.3395763387457887, 0.3189482122946155, 0.33957800820209927, 0.3189577708550147, 0.33959242127968137, 0.31897178227659134, 0.3396045904749151, 0.31898283950460676, 0.33961728856039525, 0.31901291302838547, 0.3396124493293457, 0.017775272763720686], [0.0, 0.14789248107760125, 1.9404073981612127, 0.6664706051133426, 1.6097105159462108, 2.4129322114918, 2.815115944073975, 2.4608271033315448, 2.4471132802214766, 2.3745599377846602, 2.035629909768352, 1.7907631849124133, 1.4949971067077055, 1.797601607934384, 1.4781672079452797, 1.386938477888811, 1.2454905528728961, 1.009072190194804, 1.0300896637097143, 0.7684931943835167, 0.7860494576445499, 0.543451162804643, 0.15508331937316946, 0.13820670792093823, 0.09692922118316182, 0.05852580705727841, 0.02179129453088902, 0.03356256814051158, 0.015344046713172714, 0.03324974179835725, 0.018342404911248344, 0.03325537220487868, 0.00986707373531347, 0.03190935832781991, 0.011794448901626432, 0.03214534962397931, 0.010687931685404894, 0.03184854028690834, 0.009808686498585226, 0.03227615780386648, 0.36744161046222795, 0.3286714874185301, 0.36739869238072465, 0.32868808076266653, 0.36739315333351125, 0.3287066900532003, 0.36738705924174037, 0.3287251936752192, 0.3673993708596266, 0.3287436971664567, 0.3673941637232978, 0.03067967384812183, 0.008016090936332671, 0.008029217864945887], [0.0, 0.14789248107760125, 0.019394425494501336, 0.42586111061559434, 1.5654541197112366, 0.6489422513385867, 0.032791844834560276, 0.18317723372721398, 0.09603164575711737, 0.10406987080276126, 0.013592894480786396, 0.289147317979484, 0.2444308488389431, 0.05065708230392957, 0.21152700421992965, 0.07171568088899417, 0.652998642953267, 0.07538019403324338, 0.28444018773358465, 0.11700809792798153, 0.21754637708616326, 0.05834028859677398, 0.7313695969996421, 0.5219542229170576, 0.44691192913508326, 0.4902368854146504, 0.03451081771244037, 0.06902175398202184, 0.04215801165607507, 0.030239023753863253, 0.0405468062610021, 0.030663990662872804, 0.032196736953007545, 0.3474740213641333, 0.3384381038125705, 0.34647838818778165, 0.3382643436664016, 0.3458258544372051, 0.3382597305266011, 0.34556315222402983, 0.3382743238153466, 0.34553430100405713, 0.0089729538667361, 0.3455501687023811, 0.33831678443446056, 0.34554724725860914, 0.3383451166624385, 0.3455669107101468, 0.33836017630658594, 0.34558259897175453, 0.3383781286544365, 0.3455953304272142, 0.3384003183799173, 0.33839599411011656], [0.0, 0.16452793834592352, 0.049983045204025314, 0.3462643156810686, 0.006272223476656242, 0.5498629662565772, 0.3521135239773135, 0.20365971285742004, 1.9235739997195702, 0.30380030676988523, 1.8453024479574096, 1.385837027469418, 1.1946858265050682, 1.361953169416412, 1.0845235078792121, 1.506805217580586, 0.8186444857441707, 0.25967314598236685, 0.060834145070142516, 0.055008070835073905, 0.1340688095445401, 0.02295204397401208, 0.12330640797689264, 0.11157703159686136, 0.14351347868931089, 0.13977648933791867, 0.37731190364725864, 0.3879515738209618, 0.3440518854761717, 0.3772808938795372, 0.3336141027365675, 0.36722449815155356, 0.3318390347916858, 0.011609569690598133, 0.025916682745924683, 0.015241851281100886, 0.026410785626689387, 0.014164185395287467, 0.025861418198912297, 0.0092527922607816, 0.025599137722870955, 0.006027317410530036, 0.3318978156296954, 0.3623065447545545, 0.3319224070552405, 0.3623042665820093, 0.33194721342380057, 0.3623257742416819, 0.33196132893350644, 0.3623252036215799, 0.02573169417676637, 0.005140561889150211, 0.025603697504946916, 0.025607484483580027], [0.0, 0.14789248107760125, 0.00011413504492888868, 0.42245007049810823, 0.28088544179118025, 0.6664899718433529, 0.3064084484490482, 0.2267860806134917, 0.27474488311567236, 3.1322359305066567, 2.333254683218768, 1.6493458080333114, 1.376119367042457, 1.839170785934916, 1.2426103612433919, 1.7909918076299935, 0.5662717948017602, 0.4135780132912304, 0.08411061987126973, 0.23711350834913236, 0.1280137484734159, 0.08495687948645875, 0.11461058288973029, 0.07088290495859553, 0.5563273948031485, 0.38344038129788555, 0.4304501438638196, 0.3595529155251003, 0.3749519248802859, 0.35034809307937387, 0.35167327425760725, 0.33920546919352645, 0.343819591928848, 0.33545905009671595, 0.3425815429448729, 0.007504405595147341, 0.005590760135058355, 0.007251752885869275, 0.004396626190236833, 0.006509957671096587, 0.0038180685850587913, 0.005787015782057947, 0.0039250068613957256, 0.3332901520399084, 0.3424612140361312, 0.33330530832547195, 0.34248562213665357, 0.3332995424928119, 0.342500041969483, 0.33330856319851954, 0.34251515414026085, 0.33332104962313025, 0.34253065558259554, 0.0034763002039838306], [0.0, 0.0630828028307219, 1.92874633956412, 0.07981972107861363, 1.5632648500967428, 0.6041024508073868, 3.238358183952774, 1.8901926645820433, 3.958168172944549, 1.4994620738678786, 1.2371757619448087, 0.30052281171653694, 0.44892634843748735, 0.12974208676023258, 0.7206763211797025, 0.8052797227464578, 1.4718898954644868, 0.6762005449641638, 1.179297960169065, 0.5289200676107692, 0.04863114399595469, 0.37242339596739016, 0.6643422688951747, 0.332854893956175, 0.5033111206151989, 0.33018267576962385, 0.42334466094240314, 0.3266198904515707, 0.38069923110127474, 0.32438401407107886, 0.3521730049194222, 0.3236615512293742, 0.01618872601650626, 0.32325253194731374, 0.32938743520375774, 0.3232636994301023, 0.32773434763145615, 0.012938738765446786, 0.013698025208717317, 0.01362269917221682, 0.013760385926456448, 0.013431212702864593, 0.013594001865440491, 0.012106070521884373, 0.013442941152342338, 0.011173689127372767, 0.013419282055599023, 0.011105488996243059, 0.32596762298854964, 0.32331080578034255, 0.013557810665664784, 0.011004252353675893, 0.013504210098902363, 0.32597594528153134], [0.0, 