{"initial_violation": [], "initial_duration": 35.3111469745636, "subsequent_violation": [[], [], [], [], [], [], [], [], []], "subsequent_comparison": [[0.0, 0.0, 0.2186299019047061, 12.078166723284832, 0.44455202697652746, 0.8747455039466414, 10.954966074442043, 6.308093058054006, 8.803879796504294, 10.691194444388714, 9.000201917497485, 8.031927733437929, 1.7081415717901942, 5.144062574792837, 5.074519827379217, 1.9758411518358745, 4.795942988114742, 2.866161191134926, 2.8350090636609067, 3.3852637251490094, 2.9005101404680915, 6.296931505262515, 3.7216469290484984, 2.1305950452840934, 4.438799040676176, 5.110927571052641, 4.514994135440946, 1.877575464171536, 3.9220839329101853, 1.0822197177561792, 4.128622694995978, 3.789962578452286, 4.147311778867834, 2.971678358299411, 3.985899810143004, 2.2449038365507246, 3.5196256520013773, 4.101679061711822, 3.2076091522258436, 3.193431398652837, 3.2278692166102, 3.451813440393276, 3.036475889267016, 3.025952507527817, 3.2507992220440705, 2.416579990006921, 1.2862310847181393, 1.595821891201589, 0.6602411621480434, 1.2770021767770492, 1.9416899822571199, 1.0887983499936649, 1.6655754470601443, 1.1658312440962875, 1.3659769467337062, 1.2633069336270915, 1.0916144089806754, 0.8464198843993209, 0.7842649030241967, 0.8561963039157634, 0.9182556843463304, 0.7920238362704262, 0.8700523059196469, 0.8365323383633289, 0.5099917713971579, 0.6463586956821049, 0.5695402574635203, 0.9935677366315545], [1.876610313610317e-05, 0.0, 4.067087391845303, 7.9388319877913, 11.984749786331104, 10.576159231909205, 15.83416215638762, 9.966056780318262, 15.976960838655673, 9.722360650113286, 8.40801860306825, 8.065565811494958, 5.298233048891391, 5.120504042774484, 7.188622890185365, 6.867488867946661, 3.643160312221083, 4.659137382178273, 7.370095310416066, 7.8553912699114345, 4.300256417336732, 4.652527603131307, 37.460420831468326, 37.76791715958014, 1.0391006005807542, 1.8112986133315907, 1.5314574486459407, 2.9667441108407675, 0.4316596203240995, 1.6128284884556787, 0.8943970406761383, 1.5277031469198088, 0.8935589343447085, 2.8465843108764712, 0.7770802212617318, 2.9980804150415237, 0.8467443445182952, 1.7055191025223497, 2.8090660839512926, 2.100608580718102, 1.1124171611468414, 1.7275781410357391, 0.9632712526822041, 1.353611802868791, 0.8867581220637684, 0.8089430648180727, 0.20781702768078755, 0.5349816135314039, 1.100188121654789, 0.3966474337830982, 0.8810519147452424, 0.47973647303717964, 0.5939140811405912, 0.2612298136587566, 0.6321997489213664, 0.014011919017501855, 0.5104761363274096, 0.782338706299947, 0.49477056698281296, 0.12614187985483763, 0.9895792749791873, 0.15331229396276647, 0.7832279868169537, 0.25421164506639315, 0.7027366233576274, 0.16054854808972152, 0.4019815696254671, 1.0922650101443456], [1.876610313610317e-05, 0.0, 19.064948509092343, 15.927373258373356, 12.764280154767567, 8.358683496309498, 12.734958918920379, 17.182567906191444, 12.936813312109201, 17.190869720414614, 7.398959833102219, 16.46849665602589, 13.189227042934668, 18.059682328508266, 23.28390378033379, 23.76190897031239, 14.377469787907074, 14.07209504297956, 13.463323989103726, 14.726297232769898, 15.107181281822992, 11.881162792911782, 17.91022984384989, 10.662597505089716, 35.679757802960914, 35.350990443414204, 9.75453015807905, 10.17714460182047, 11.478672063790896, 12.2459936306895, 11.21191793543345, 10.21234939356052, 9.491872301928693, 7.167468075521545, 7.619178321863455, 6.616247819106448, 7.327728420025493, 6.742164718193314, 7.097097751104214, 6.68857634368503, 6.510213895494345, 4.178235058481089, 5.7183004073519115, 4.098219029021465, 6.083577389714585, 4.069491905698325, 5.816138299673212, 2.8524162473061985, 3.8975057426362, 2.351554962858493, 3.2110040271092237, 1.708976768614778, 2.632911004798235, 1.3778203126556552, 1.9627524505513518, 2.657760804114045, 1.1566736330232388, 1.48613437301642, 1.6427728568517, 1.2110658886619674, 1.1784683478107514, 1.5655268807450886, 0.8410295246157681, 1.1741556490555127, 1.031749028399559, 1.2006315932188458, 1.3235009999358054, 0.9426668789905385], [1.876610313610317e-05, 0.0, 0.3156175407904305, 12.308813562222669, 5.778087685130168, 11.512811796655823, 10.625330986768603, 0.831963763476996, 15.588108682182634, 1.5171967762139815, 2.890100062729708, 1.944141598223304, 1.8641860688968794, 0.3032024570086704, 8.87199549847378, 2.077803360964339, 2.4535914216754215, 2.5868391128591743, 1.8341357113727508, 1.7929096575154024, 2.709579429868499, 2.866632267466259, 1.5838846601063112, 35.96436441984313, 0.3077685973258235, 3.566614778922988, 0.581866002798608, 0.5881481160875667, 1.4939016245180228, 0.5053696862960284, 0.5860278648837292, 0.7766223847818439, 0.2205301555380369, 0.8563479093446844, 0.6339680711320855, 0.6035214981453664, 0.8969165825971664, 0.9466274674131535, 0.13571476299948163, 0.8648044966654279, 0.14535366716219683, 0.9594601854753834, 0.14151109239098822, 1.2066628058914703, 0.4617287836904374, 1.4600421227681235, 0.405183648990738, 1.2895878169994317, 0.5740279827000108, 1.290180582662576, 0.6731075885692148, 1.4172538330191726, 0.6884530222774642, 1.0897710638450344, 0.5592430277782191, 0.9158451337128694, 0.09101532916067155, 0.912544687203933, 0.06311386557137669, 1.0318411935511256, 0.11924166634453663, 0.36767085893247536, 0.07335243137336944, 0.38167145620721793, 0.2884264900664537, 0.4249672971829853, 0.07019768018628784, 1.0306458492243598], [1.876610313610317e-05, 0.0, 4.446410735639655, 12.174725496854244, 6.790883228769214, 0.9196037737310483, 11.082642497973898, 9.936866701208968, 5.697580020482461, 9.426864240800185, 9.083290874213173, 3.369112468137778, 4.201482247870134, 3.4370413823187334, 1.495018400418952, 4.707316009342159, 1.2808778823109066, 3.1968038005380413, 3.0417772894218085, 3.9387908315874283, 4.22004103351995, 4.552429206618229, 1.7503170503147027, 37.68661171755119, 0.9707379067900536, 1.9706763216814582, 0.126157276967059, 3.591702199786832, 0.17129273359080718, 1.9985869524125743, 0.3780870447933027, 1.9129847050933373, 1.1022792001607542, 2.472110986843572, 0.8845614446675234, 1.6097432441254698, 1.5204726092527943, 1.0108774997238936, 1.7788293238209876, 2.2178862896400724, 0.869214353951387, 3.253608048922013, 0.7444451989063213, 3.1393134908773876, 0.7126129799759072, 2.345737838889609, 0.6251422206419542, 0.7655977743959268, 0.7003331558523154, 1.4947909156346444, 0.3482392349021456, 1.2295498090080674, 0.11671541222710904, 0.8641019370973826, 0.03568385460530083, 0.5535310323273153, 0.010539666659978039, 0.7183399578345449, 0.07619633381635894, 0.2529806475228368, 0.031156501481251903, 0.18888585594783683, 0.027061748087857378, 0.026456592229969714, 0.08373476786714468, 0.0587114061544022, 0.9896238059789794, 0.09036988334388825], [1.876610313610317e-05, 0.0, 0.009635369013118069, 7.839776352034726, 1.1661011764696094, 5.997946456206344, 5.189837063479139, 11.9295801338933, 0.24239642264518058, 10.33007291023713, 1.1285312404671413, 10.466716509705622, 6.840302230266802, 12.561248138939133, 17.264988966909332, 12.249980614360458, 13.52401333557515, 12.709913095887263, 10.78681184985181, 10.701591494107936, 12.04535758387777, 7.279005227281545, 13.287065072422143, 5.474031140249048, 34.81382329420758, 36.21767725129545, 8.088349763770989, 5.84883779717617, 8.45040845519828, 8.013154878646333, 8.427808490665647, 4.879296802109738, 8.064480620064511, 3.414922857441935, 7.254619647738173, 5.209953485174528, 6.758087168139505, 6.046714038980488, 5.957009095964425, 3.1177935713338742, 5.456814020534076, 2.8220004254545605, 6.693358222829041, 3.3121551981597475, 3.024623672829297, 4.184022435840848, 2.8384171474538626, 3.83858494332697, 2.5270746792742678, 3.7837510522899622, 2.805509135577648, 1.5944225204535765, 2.2653392292140295, 3.006161582005576, 1.5263709171311945, 2.2943002761685443, 1.1475812300411632, 1.8476548037177305, 0.8843992318767347, 1.6243967774923873, 1.217295231879484, 1.6883488118933025, 