{"initial_violation": ["destination"], "initial_duration": 35.83039474487305, "subsequent_violation": [["destination"], ["destination"], ["destination"], ["destination"], ["destination"], ["destination"], ["destination"], ["destination"], ["destination"]], "subsequent_comparison": [[0.0, 0.0, 1.8662795822463695e-09, 1.6973043957754028e-06, 4.769224583344235e-07, 0.7049423144943097, 0.42967126716097565, 0.3099181769667961, 0.778022781569586, 0.5848069840133885, 0.5701131133374355, 3.1355643312309867, 1.7033607382384888, 1.4629027762174354, 1.2542929549803599, 1.9208743580876857, 1.7391680693674365, 4.926108035498347, 2.287978094250176, 4.777673693330885, 0.6734454604126566, 5.98169787458718, 30.580867552222983, 6.348941005848032, 5.799017728819268, 5.367277070727862, 12.026352098891758, 9.05316199118841, 15.755010985575463, 16.395852931970985, 15.068057880252262, 16.89119319443335, 16.277340951452405, 15.417739385254889, 16.51287356203471, 15.654732881464454, 16.518250498841933, 16.182165321413706, 16.51835171631705, 15.750330087459579, 16.511157930559744, 15.687093178433887, 15.948746908733142, 15.564366730314829, 16.076506242047962, 15.244449922003279, 15.1058926845027, 13.71101602665785, 14.454042822220993, 13.847221312701684, 13.779963413625213, 14.682166918656105, 14.928606870478214, 14.429458492501142, 13.161140425423062, 10.640275729742633, 10.19098453497894, 9.867075060198118, 10.172880481019854, 10.727259448720389, 8.686157011570167, 8.970872414730737, 8.67268907908935], [0.0, 0.0, 1.1641532182693481e-09, 2.033604480612298e-06, 1.5088413949068035e-06, 0.7846161108768867, 0.021329626273370112, 1.1685639154060876, 1.2735525986231175, 2.3281586149060383, 2.801993719098224, 0.5030436684355647, 1.1901414462289153, 0.49438069880662167, 2.5941550263398367, 5.093566062962446, 2.8818849951263625, 5.165028773811079, 5.594353345897623, 6.825884523963909, 6.444063890946629, 33.34665384245332, 35.42098619260087, 34.518988243831615, 13.734104858043024, 30.420618350846077, 23.963966555711792, 20.231607798869454, 26.838843803379405, 26.93373624844104, 27.753642205800602, 36.594412869602856, 38.24979473808408, 32.39531814731034, 41.92270374334539, 42.09295408030325, 42.63079494853979, 42.295604587107725, 43.41221637437925, 39.275740973681216, 40.51871059163874, 41.798903025265496, 40.44964629122707, 39.06215151993898, 40.30831154809952, 39.03502378842436, 38.671230237767936, 37.40886000106312, 37.15611084701941, 37.29601829595893, 36.36296985687496, 36.4506835201733, 36.218993239637925, 36.04375733433808, 34.41095835340366, 36.1861125218887, 28.31779629802524, 27.09688543865705, 26.527019318588486, 26.839013776344363, 24.372547149374356, 25.097595813188608, 23.925124766886086], [0.0, 0.0, 1.5178700921131878e-09, 1.7915114803506103e-06, 2.9244812534661443e-07, 1.1368116307250828, 0.14972813447612277, 1.1713999303187597, 0.021573231271854686, 3.8039156163629, 2.6210767867788776, 2.2748546930086873, 0.9627476646372126, 2.628129518736123, 1.09861795104967, 1.0977193619254626, 1.8882765637749803, 2.2012733839888408, 2.7881292373916224, 2.8755375785245607, 1.9723085086141288, 27.849848146666865, 4.36297431841581, 2.1395834796209328, 2.336374304275328, 2.036768046691852, 9.92353339822645, 18.588126884673436, 11.79431461635605, 2.6402956259087116, 8.621009344497807, 2.9240026339323264, 2.813104677428204, 2.6521783535273515, 2.4330911517692733, 2.279105791126899, 2.5779424032274125, 2.4827567895741662, 2.781610409264093, 2.2220361292276425, 2.669221267940541, 7.261825367145324, 2.446830847837283, 2.0761944065798055, 2.5491360799731844, 2.0857534805749007, 1.9228144520841322, 1.3181672579948898, 1.6641909744648873, 1.9497206567446252, 1.961914052014236, 1.985084691323568, 2.5550045558296297, 1.6554990555954663, 1.7138505129496828, 2.2942470613251653, 1.5280822330504213, 1.466607622880507, 1.8837962760462403, 2.4624226761966788, 1.6005668689771169, 1.1540647039813505, 0.9416186056298661], [0.0, 0.0, 1.862645149230957e-09, 40.470384752951766, 1.9275436950741255e-06, 11.349395267923372, 1.7513847621049994, 5.924865134272369, 1.6619929168177543, 8.698918815340301, 4.136604765214799, 4.6232269296926445, 3.9911490851120788, 3.671735005889776, 7.22513770380227, 5.954741801192588, 4.504625508547152, 5.779952307734171, 3.840109170097418, 7.413887609587075, 4.963741760221539, 29.01980882028293, 37.029938124161085, 31.65443070316478, 9.553028758567596, 10.258729065342335, 25.869422241927918, 11.271425264958856, 30.39712918944182, 21.22080197323683, 22.996257070601683, 40.24453138808027, 27.84148328848256, 25.108383118171314, 32.94003763711992, 33.52630710003803, 34.30639601388418, 32.81291000725156, 34.790900380118075, 35.368440964677404, 35.044059110404255, 34.92217114297042, 32.18535683439484, 32.288077494714315, 32.79706009015774, 31.51810603401475, 31.933380860429537, 29.2747127824279, 29.745673233129867, 29.89168127416159, 29.020764193407175, 29.11361380869806, 28.87801127376917, 28.00451549178296, 27.906262216103496, 24.66637159403169, 24.03154099087231, 22.750775973629434, 23.161098457663627, 21.694977857270352, 21.451785359932973, 20.59588258384395, 20.965529815836433], [0.0, 0.0, 1.765525770385645e-09, 6.257061689464448e-07, 0.009881756186820643, 0.4140485023993743, 0.5166444532692186, 0.06637493926870434, 0.9258572887042165, 9.910974373890802, 3.058174336436687, 5.546744235121162, 0.9505967310126938, 4.15260358458192, 7.235154649162485, 3.6349773213400884, 6.3679717571814, 3.4320964196649872, 8.511300434006454, 6.267595760876187, 9.27527593767541, 33.1732153991049, 36.863389466161905, 34.03801997985044, 14.601856814335905, 10.413636861400873, 21.297626557971114, 14.454761884103169, 23.342408171551927, 25.340699672909963, 23.182232848544977, 32.0045776066851, 34.21406531555017, 29.918483154516608, 36.99440797150894, 37.99280837679504, 38.76650009150292, 38.03894374544974, 39.77792610184481, 39.40880366885489, 36.991136209087976, 37.58872801531539, 36.93779425243598, 36.289673449265244, 35.420878123531, 34.88308047587063, 35.913110768288796, 33.943119362104824, 34.41427428902812, 32.469538846324504, 33.64209472025403, 33.0120961562018, 32.149272686418584, 31.266551834527693, 31.732782995283227, 27.69423968048465, 25.575630328085996, 26.181904414986054, 24.418619496804524, 24.974281674814584, 22.424701757222792, 23.54908750144817, 21.683816178024177], [0.0, 0.0, 1.4881480783941019e-06, 40.470384752134606, 1.42635721987299, 11.349394126833985, 1.6557537448291724, 5.43928289715893, 1.4852964736664662, 5.99300453875276, 4.661243415960322, 4.075067991541878, 3.0205028382076864, 2.7746642418714016, 3.4639802096993875, 3.5790114121208907, 2.7378772246424665, 4.854518497511034, 2.9245502381113355, 6.043409255126055, 5.978310277023553, 32.53169469637064, 35.33966069970505, 33.79654135401606, 13.046677175046462, 13.624593344899408, 20.99667664636615, 22.493224682969526, 26.924022335880075, 27.0708939809072, 27.224642090257934, 37.03823413072454, 39.41518682435784, 32.61912189223999, 41.67901451302007, 42.69219332350319, 43.2608825768276, 42.58610784782563, 43.831388709663536, 43.43357359787724, 40.97687494494412, 43.02742075764395, 40.92457755478046, 40.258809210523665, 40.769218108912874, 40.244180643143984, 39.87572011904326, 37.8635492330041, 38.335226683891804, 37.76389324285975, 37.53268851436438, 36.90164705104175, 37.400699881590846, 36.494645089973005, 35.57781518935107, 36.39405338157599, 28.54573506248096, 28.26076739948797, 27.137994285096486, 26.850194514439842, 24.7489520076291, 25.02124948152502, 23.713051455794012], [3.8555447003511227e-08, 0.0, 1.8296103977483827e-09, 40.47038475347671, 1.4263568411782215, 11.34939308165444, 3.0844073795634497, 6.024547616364555, 1.5889747568094412, 9.784092718328248, 3.2875819816494403, 8.029723176170673, 1.7306342538280708, 6.9452680446213515, 6.114433608084968, 3.0308123220147074, 3.45263719181229, 2.157776908239506, 1.3817430683405278, 8.132380065648867, 1.7901673352113523, 26.475179436803327, 5.089311021866768, 