{"initial_violation": ["destination"], "initial_duration": 35.8807418346405, "subsequent_violation": [["destination"], ["collision", "destination"], ["collision", "destination"], ["destination"], ["destination"], ["collision", "destination"], ["destination"], ["destination"], ["destination"]], "subsequent_comparison": [[3.8555447003511227e-08, 0.0, 1.9270164609475583e-09, 1.6698403192960902e-06, 2.7409937462303853e-07, 0.59154714450798, 0.23552819422256008, 0.42037298994204864, 0.08212120250236007, 2.8364184615976633, 0.7572872618469186, 1.317521665248934, 1.7045757890241628, 0.9563824745876007, 4.182553431128932, 7.041441971385186, 4.360364061942905, 7.737713681964638, 6.188761506990734, 11.131994427958578, 6.816043314063156, 20.224944823850127, 11.409736781404327, 15.377109111710778, 8.58344176168882, 13.725155415654182, 6.768942762952049, 82.137769736187, 19.903128058597286, 73.55612559451437, 15.141167948382197, 40.865891517455715, 36.80200073037257, 48.72945362552548, 39.7983460221039, 55.497959190282394, 77.78944455491842, 52.28350499065226, 47.35786687094226, 44.21337407181222, 35.501275116001544, 70.83564861856867, 84.05075271608901, 34.213308455924725, 36.8027203277463, 30.39443097038636, 84.4670633713255, 82.81081661438182, 37.99196670486257, 36.01533792095162, 31.330278845349863, 29.95508241000574, 53.953087535454195, 17.661721722257948, 17.380793564257214, 15.05804527834117, 15.141520074298422, 13.319168523455533, 14.192281743362813, 12.42130616169634, 13.249756372945697, 11.772395548867292, 12.674406230555766, 18.413175061623292, 11.651700991573632, 11.056979574523037, 10.934064138175058], [0.0, 0.0, 1.1757371176921387e-09, 7.094565957843757e-08, 1.8893127869517676e-06, 8.271566315704252, 1.8652509810577385, 5.6645937699567845, 2.098030274519476, 2.897405728925248, 4.473607356009264, 1.9637281430638884, 2.100863809472913, 2.1952399270256824, 4.950956956017142, 6.975275875833529, 3.601711880980109, 6.567203114200848, 5.071986013835803, 9.388918814947006, 7.0654447015787545, 13.622175723288969, 8.694071482807773, 17.495617689822915, 7.858567162647245, 11.419534177423186, 8.337285820545905, 24.047771901031414, 88.5986388198378, 30.89954635884692, 21.011817507526516, 39.66531614516525, 17.082318396098895, 14.479091159486238, 15.89341877377998, 15.561958160908578, 20.553608315792868, 18.937473593844373, 19.765018819745578, 21.23323609566563, 15.851466506382806, 16.673321206798786, 15.707356161124311, 15.980025813136704, 21.75548608924481, 23.706809780351033, 15.284206912160537, 16.51974307627814, 14.630457599156987, 14.305302881957958, 14.140308904226396, 16.7540575617643, 12.959605981767638, 13.143598313141764, 11.827864986869244, 12.470467989497008, 11.421231501057925, 11.995062809760734, 12.042119770505352, 11.516250350315946, 11.81059633869079, 11.246829107300691, 11.737409519710416, 11.784339085953745, 10.8527837306145, 10.996157263124454, 10.785765599904646], [0.0, 0.0, 1.0795912816533474e-09, 2.5228347176039977e-07, 1.842314913956668e-06, 8.271566269297503, 1.790647150525315, 6.299427470987576, 5.005364403735387, 2.904695546603049, 5.9490039860638735, 2.900442399634614, 3.729288137881888, 1.0624910608207927, 5.262319588874023, 5.667508431572927, 4.211288454137249, 5.488788200711148, 4.844977806023038, 10.966372105030269, 6.268169162345658, 17.008341485979017, 10.077583364095412, 15.223092452126023, 10.337477179412609, 14.932867859571397, 54.66102835545319, 20.850336917710706, 88.55651842104542, 12.003472619914406, 5.211969269393608, 14.999563407537499, 12.567127938293979, 13.010891416831477, 14.494132500934747, 14.002630414821454, 18.79122612543596, 17.119450499675622, 17.978443664310102, 19.193293643329014, 20.032651276970082, 17.86341252190791, 17.4449992981778, 15.259657162608766, 15.766909911180363, 14.945642504399062, 14.944677631114478, 18.75795284893661, 15.619853488979413, 15.041374846537424, 14.76906958974196, 22.500786121950803, 27.08382854645028, 12.936022304359122, 12.103058075204633, 11.89865434585767, 11.988016979471796, 11.73563169118168, 11.97624151900062, 11.754096868949821, 12.332908624442204, 11.51633451220369, 19.427399899691387, 19.2443793952793, 11.06762124080428, 11.68897557929718, 10.94228810806752], [0.0, 0.0, 1.280568540096283e-09, 40.47038652181501, 1.0550078213170853e-06, 8.27156392163433, 2.145484239024231, 5.708637874985183, 5.127891665522514, 5.1793401377406845, 3.576478810351758, 4.2038995537254635, 4.244416813567798, 2.5564720910224144, 5.9685118763392735, 0.8856755931429627, 4.596719059122678, 0.8440344395461011, 7.229680701677338, 0.8006728109345433, 4.191235010599437, 3.118755082203186, 11.671749662948182, 19.628989297054616, 8.129658327186354, 19.706470922593542, 74.25001125918969, 29.569526374736387, 26.16879480160075, 47.38518825470837, 11.320641479142097, 95.41289116721612, 73.41764336342644, 35.384832155259666, 72.74945307249641, 17.636686693974955, 15.952974024375857, 33.54039713133221, 20.584995161481263, 15.690129585557289, 23.475632188738853, 24.226377910969163, 21.69855096450549, 17.015559356509733, 24.885188307401194, 29.893335517709023, 22.35839350525095, 27.067933168443513, 26.7852936251384, 23.843418815756557, 11.416823315654089, 15.27253825326755, 9.854027163418337, 12.359656450355326, 8.587901041033716, 11.115387160817356, 7.7779381578979025, 10.153079699476988, 6.983727942690459, 9.261223614374327, 6.048298862791157, 8.600578916874824, 5.3754917140890495, 11.276945273545971, 7.974975763562566, 5.3770867953667665, 6.959243574530238], [0.0, 0.0, 2.4224459247995183e-09, 7.027610284479112e-08, 6.95818429808786e-07, 8.271565136424865, 1.6676770007991366, 5.956721282427434, 5.270055633148042, 2.865814419620903, 7.839942797148188, 2.152790492289028, 3.0250369781071025, 3.7225959892024956, 2.996533361043189, 1.7548274402034518, 2.692079160641649, 2.83584477817718, 1.145159316280901, 5.329288522309078, 4.217062631219318, 8.376089124152811, 15.426917282337858, 4.766038543256191, 22.793005559291885, 71.16773008509558, 70.49799921068671, 4.361888239491904, 28.886419562508163, 33.86745596238186, 17.06876186921112, 72.71647243749801, 77.66009138000318, 66.44130923373854, 7.854537834175008, 8.293521766608416, 20.409351370654615, 18.500853267057128, 16.97054079920714, 9.93034512769009, 16.121829022022276, 11.917148104518406, 8.964081341048713, 5.746196493313616, 8.580958073595895, 6.186571224135768, 6.980980352437856, 9.27511570749256, 7.825496794515157, 9.163095302633675, 6.914088333411989, 8.699227109062601, 6.707776622764985, 6.538738354298533, 5.786288845646164, 5.832051267493404, 5.329223926336285, 5.367861808896169, 4.9921440938943915, 4.843921811461536, 5.46945941605661, 3.140124672728466, 4.962792174785026, 15.45985184757339, 4.70405639827457, 3.76033721279011, 4.330412367278857], [0.0, 0.0, 6.788121413957911e-10, 3.725309579699694e-07, 1.0265963290442555e-06, 2.7842219489283955, 1.1011357318097101, 6.282145258971029, 5.012663349538, 4.325783438396673, 3.662618242623432, 4.168585522199621, 4.195717358703665, 7.507188628388636, 4.516058185321625, 8.54952306264611, 5.883300724301726, 6.026245017223452, 13.381800372292416, 7.115219176539822, 13.379132456527001, 61.67073463660038, 10.742961062406824, 33.96398809305654, 11.177950866338623, 36.948544089837256, 53.58061181529688, 88.36235189374844, 83.67546533358214, 33.264536276957486, 36.456500422549944, 118.12569545911096, 9.727821934755546, 43.38554027237933, 11.513693439303992, 11.863262816376203, 11.09730008390856, 13.229521555241865, 14.814368908061333, 15.855442823723228, 16.937121556597642, 17.040086399285567, 16.387762811574664, 15.587310133229133, 15.44393310975119, 14.161246795373046, 14.252658300681233, 19.22898516132958, 22.510601389099445, 23.032166185337537, 27.866951482173633, 30.21439175893432, 29.68724226945536, 14.196037647756436, 15.51108734001982, 14.517927651880957, 15.146625183084037, 15.20374293065495, 15.48868998778202, 16.11906174839956, 15.972336475209309, 16.426975598369292, 16.16820263188055, 22.991351937132162, 