{"initial_violation": [], "initial_duration": 35.60992980003357, "subsequent_violation": [[], [], [], [], [], [], [], [], []], "subsequent_comparison": [[0.0, 0.0, 7.54512812126701, 8.005364977582548, 8.366137488069672, 0.5192825758249849, 1.9114112739549791, 4.882432896129539, 5.331796371466737, 0.7727327993872165, 20.171686347160048, 17.112657962945192, 18.80850561843516, 12.041838048938203, 13.389475791984037, 12.687091002161353, 12.259987107928705, 8.608209693364813, 1.8922126633875371, 1.7410062166064066, 0.5927034057758732, 0.5436657617270236, 0.0974941856515146, 0.7375592355772164, 0.07204882202420884, 1.6949495567957864, 0.30140230933095646, 3.1295326661379206, 0.03880007912186316, 2.8535137867490885, 0.21426044715076903, 2.8803571926900036, 1.1840377377034725, 3.365240945032213, 3.450926017583166, 3.662561403083552, 3.552198786547838, 2.4323687763789885, 4.468383494448136, 1.5819187535790273, 0.3548546728936666, 2.278496035992422, 0.7801601523840385, 1.9877164258872464, 0.7590597221855697, 0.8516072231510676, 1.8427020270154983, 0.5965878508557018, 0.2436044652799, 0.9121681916972201, 0.8950063251305548, 0.8689925019519493, 1.2182175536284277, 0.30042615262478334, 0.77489034521638, 0.3268464526348969, 0.43251879267566634, 0.46691583869624775, 0.5173316146816905, 0.14499847218962214, 0.16380006309749773], [3.4826747682321006e-05, 0.0, 0.025386254471173167, 7.945002478940493, 7.627039681431492, 7.840017945916663, 6.368233244177372, 8.183395733594605, 11.664447025151041, 18.025195596759087, 28.242639558162917, 12.042785542632657, 21.720640132146837, 12.404915820749306, 10.473451340275355, 13.397994700173003, 8.030769854456125, 12.82936176770841, 6.184405731657743, 1.906494637284864, 2.569756536566998, 1.4941845819678492, 1.3838669065124123, 0.5395176309814977, 0.443660749263916, 0.5329913308612807, 1.5131903834747504, 1.0333416722522073, 2.1400664988177303, 0.8236684493068398, 2.4669932149399054, 0.5132169461005033, 1.5762502928012443, 5.701903231310286, 2.831675089930905, 4.613272404660349, 1.53595755532763, 3.138447558900674, 2.7659238419474357, 0.34635534432163273, 0.33622215703092834, 1.6053836365669025, 1.4229817745428197, 0.7287967397141664, 1.749875961860239, 0.43198192528204543, 0.17409237124789675, 0.49154991914945423, 0.8635017613825475, 0.10857717081282049, 0.9401621456988357, 0.4962164441097913, 0.08127661451063779, 0.5852752422507801, 0.07476840102962277, 0.6960579623120164, 0.05714143064239261, 0.6905702307258673, 0.09082928583398538, 0.3741384945162898, 0.08359702620827943], [3.3426796311991236e-05, 0.0, 4.78589756692586, 7.590488912409023, 18.69695372136519, 22.94127625281105, 17.67287379207988, 17.005267539452547, 13.741438680717964, 28.418363699052993, 33.525016893191584, 17.953307577095536, 20.0336926178753, 9.927939986230552, 0.41756131601805935, 13.131858737390736, 2.1730643456563774, 5.093785939452809, 2.1485931039852733, 6.084394473115466, 3.1578649975918087, 3.97163104143548, 5.2789207066911175, 9.52565571365076, 13.88009648538551, 8.08158710816813, 4.5762952297571395, 4.873768982756384, 4.209394149167103, 3.9437509127857795, 4.6176627395157395, 3.2947111223628087, 4.5001262117223915, 3.4573352345754333, 3.354755741847953, 3.2403048948980087, 2.1238950795148663, 5.406852022293202, 3.846488287442366, 3.3791479493155707, 1.854688393612545, 3.0575486869864767, 0.9896181094646079, 3.149239915602755, 2.492444206863192, 1.0982204987800945, 0.9082277701776703, 2.2142172930433914, 0.3609320318001585, 2.2534879084767616, 1.8085681341515238, 0.4827153578407236, 1.4877852807364282, 0.11271993840921724, 0.1701176971708405, 0.9455921674141583, 0.4224631384725991, 1.1512364316565256, 1.1474190914871063, 0.1384496100879384, 0.07186291873374642], [0.0, 0.0, 0.07658107639171856, 7.574619122306693, 3.283372869666526, 15.772611988154408, 14.267506850305217, 15.708907144158362, 19.277599147043702, 19.730629484256617, 31.90174363385672, 20.192749243897907, 17.75965525566897, 15.766950367833049, 9.018922601487876, 18.263573472029286, 8.22379507249588, 16.308810012192527, 10.13143710703167, 13.271635888569218, 8.165463419871497, 3.788303501148098, 1.8612829482055957, 2.8576825796012284, 2.031126742542536, 4.202892870440076, 2.372761031626461, 10.178572210701404, 6.122518583094557, 8.982864271300665, 4.899933296815814, 8.095323331143183, 4.899110045472965, 6.6132458477785585, 4.651401784355615, 6.082029553435998, 3.8290743956432824, 4.311238411303935, 3.4170140022677735, 2.412566499060051, 2.682181119141739, 2.8764801721515894, 2.3015560426689876, 1.7205164201652876, 1.1766342593527124, 1.3707279611371825, 1.5193542663722748, 1.0449845253877634, 0.6435624588002316, 0.8669377768963616, 0.1914509672382042, 0.5187227921982881, 1.209073524435505, 0.15478892327452012, 0.8339504287866534, 0.3991905677962389, 0.5423142226906772, 0.3104009152296801, 0.71728062190791, 0.2919376295118083, 0.3320080511357292], [0.0, 0.0, 12.489431146490999, 0.12173016791401736, 7.559570460970682, 15.692263846704462, 14.385511900957553, 21.02890394033891, 13.362664289575019, 28.461016526952783, 17.582658831580382, 26.994948247391267, 11.871925525499144, 18.71364363176287, 9.545899864907723, 19.758643411681092, 8.103869409929832, 16.158596337829433, 8.553795646630189, 13.79134804167757, 9.893994512220567, 12.829478153221798, 8.126002624963196, 13.509420805688308, 7.279366614953393, 10.178656251883346, 8.025376676005605, 8.510320343578591, 7.5160264764077915, 7.338510503304456, 6.777239927880185, 6.536543302075116, 5.164303743537121, 1.7973764161686605, 4.028479909415595, 2.3544490469540813, 2.390509346959744, 5.475344634416975, 4.153170100502809, 1.2798463563138516, 2.164882614396568, 2.4437976540490847, 1.1956604726933167, 2.3188920648480966, 2.1292525221909795, 1.6567788425178087, 2.358050472311531, 1.412361786298461, 0.5804010921311893, 1.644783163923814, 1.2918678248967164, 0.7508508566763065, 1.218227130881964, 0.7994940261921599, 1.0835536119868237, 0.12770372833394655, 0.6608274637679769, 1.269796361270199, 0.2700332525923907, 1.1493142408446275, 0.2003548120485545], [3.3426796311991236e-05, 0.0, 12.435437801928039, 0.2804541613188373, 0.3116383903925589, 3.158840027031599, 10.724813939406571, 20.891200711347906, 13.733470343050792, 19.075212121433236, 17.43635192010916, 18.906771345650704, 11.2634961316201, 15.061782107012315, 7.351265553831953, 18.476733438653124, 3.5647409080969648, 16.032696803383452, 5.039577457807194, 14.121796494385869, 0.3479625893686058, 1.471352988631898, 1.2452812804430073, 2.849494618862959, 2.298980969832043, 2.0353508444376884, 1.906780460345782, 0.7111792808195295, 1.3199954308096855, 7.272612223628568, 1.5277796962413512, 7.027604727072306, 1.6958956493483663, 5.235892344713493, 2.7468118093770606, 4.065303965969209, 2.4597115287072735, 2.2635977217848673, 1.476995990091661, 1.1754339853285622, 1.7958645629231296, 1.5426049680784386, 2.0225809986555485, 0.7562284327212005, 2.086987249406424, 0.6711909094701157, 0.1388759974198778, 0.8268175790557875, 0.8731546897323207, 0.44053460024598573, 0.5866501507642493, 0.5998889277905576, 0.2519561954849506, 0.37940828440216123, 0.3361951400814908, 0.4357024092369231, 0.28589817130759, 0.7086483540258659, 0.23064024121022, 0.38837114811017776, 0.24604539996635447], [3.3426796311991236e-05, 0.0, 12.44094318647797, 0.3807203783072519, 8.033831953346695, 19.45288048978527, 17.729961763986452, 16.250170312291782, 13.38283484939814, 20.186216904796993, 17.703741364641896, 20.657818608301103, 19.04323772101418, 14.3293175117478, 8.058146701134888, 16.937709518789003, 7.2808945733654316, 14.301859413711052, 7.089814938832631, 12.819836533056359, 8.231240079393274, 10.000758413612239, 7.415941686181163, 10.059667888674806, 6.989944243388542, 7.147973740947231, 3.181576581370988, 1.6385512427788853, 2.501485117349875, 1.0166775134022525, 2.682972105173053, 1.698794440415244, 2.1418251671547788, 0.9072533326262412, 1.1808594670072445, 0.1052333919714, 0.6446225855688893, 3.6880031589545386, 