{"initial_violation": ["destination"], "initial_duration": 35.879401445388794, "subsequent_violation": [["destination"], ["destination"], ["destination"], ["destination"], ["destination"], ["destination"], ["destination"], ["destination"], ["destination"]], "subsequent_comparison": [[0.0, 0.0, 0.051637361909825104, 0.286326719455509, 0.32971180407403267, 1.2778373253352848, 0.15466440029767192, 1.0089054475699286, 0.6382942275808824, 0.5903998923982718, 0.1686687284129908, 1.744305527397985, 10.453509000482226, 19.00724240047433, 6.750490413255209, 22.40990562359623, 13.681664266048362, 22.76035708213946, 15.290401456945913, 8.182916473017436, 5.066230093396154, 3.1297599410785244, 4.280557869657782, 16.19472658280239, 4.519267315474378, 11.142890288943471, 6.574356120791741, 8.06927806689437, 15.936529197541365, 0.4922157224763853, 7.9603029667123835, 1.3783226446148311, 18.057878009408878, 4.136197630472704, 14.445012337812265, 3.092437142789087, 18.59695863801574, 4.20769851750521, 16.891187165037977, 2.2364598860365206, 10.896930112394644, 0.7105832424301272, 10.200273923322026, 0.7142152857230496, 10.144399663849645, 0.2508847088224627, 11.198469666636786, 1.0388360834286667, 11.829730522931838, 2.318930395242414, 10.489391076142747, 2.5179246017869326, 11.628275422730649, 3.6510653587415796, 17.074629219419617, 7.09984209758299, 17.70154278056296, 8.237597790972233, 17.602907356711132, 6.426289217246486, 5.639559289260426, 1.5897931883466982, 5.854200677700064, 1.8688005926442919, 5.287235120144108, 0.9346274122949685, 6.517943861026394, 5.243257538406776, 6.928988942166383, 4.243422449495325, 4.24032633407448], [0.0, 0.0, 1.5998847635154487, 0.05718674850774156, 1.978072521368404, 1.484090375008186, 3.602112620925991, 7.82438140306869, 9.217177948855445, 10.0569028334017, 9.08689018886737, 12.721254846310417, 9.633326117241966, 22.39029210595269, 8.63630234607486, 25.29335091935396, 7.768445437834197, 1.247150183877215, 0.8887525496475134, 2.8048703834491495, 1.211915552433967, 2.491527596980531, 4.093104309349572, 11.111855239673362, 4.70870504803152, 9.2331221112143, 2.8312726520531704, 16.494042826213896, 1.0888554127603045, 18.934855626925422, 6.7482901724342454, 19.28319513524565, 9.043880179310147, 37.45303076607571, 7.346100682501904, 35.5120586362782, 11.623231817972956, 32.71561128592764, 8.955625358526191, 29.369361299841025, 7.4668524612744775, 25.738132330389668, 8.46281255069289, 21.557842624799413, 8.557397389776462, 18.93628341486272, 9.206351762205923, 18.510497004241085, 10.929830657457098, 13.945670035401202, 1.7157398292953263, 11.440457851737156, 2.5490777276295637, 10.099047187511848, 12.331061769689365, 1.6460133027040773, 21.13009750884628, 2.582292437941609, 21.402105431643356, 2.544664761412554, 13.611440381398857, 2.256635060064842, 13.732254052293863, 2.7880289881706823, 12.540099300215159, 1.036439311385554, 12.702634214984814, 2.5680099698412, 11.609849150810332, 1.1430183125234032, 9.612818543425444], [0.0, 0.0, 1.592431045855948, 0.7771363905094371, 1.9103982087382745, 1.5877397727046385, 3.4739772127711217, 7.697294414246209, 9.2397589087632, 9.271226807374788, 9.638155725113027, 12.862609726213497, 10.22484257314356, 16.13243605970963, 17.26251966587253, 22.58636819332809, 12.246944366995244, 22.36595653918599, 8.202672930265534, 16.02763708826743, 3.0795922968488645, 3.797461247590279, 2.2473989829429746, 4.835426152659642, 2.451801941315405, 1.267066130056526, 0.3460303468996258, 13.741716514726, 0.5636525686125186, 7.623973684475449, 15.323145519990158, 7.721225015521091, 13.437001667484713, 12.695193454372252, 13.417763263603774, 15.458475403075006, 7.336002233601537, 16.309036098721716, 7.348553395304056, 17.484374075292966, 6.408374454986545, 15.57284179416531, 7.7360343308635775, 11.711751926990793, 9.30962786217279, 7.953213615869526, 9.446414873097785, 11.544808309635997, 13.267591574249835, 9.18489779008014, 13.784320347746531, 8.924253595134049, 8.98383106360362, 6.1927332622029105, 7.717725129838031, 6.05357040188805, 10.114532682413154, 7.159413293655203, 7.041274775646311, 5.510284684376546, 6.96019322445065, 7.725453516383604, 7.713657619948056, 5.76345937039975, 7.914637060812627, 3.6345014161773, 5.40517912687118, 2.5146147140827164, 5.02023301389458, 4.573652123966776, 3.8915701645006116], [0.0, 0.0, 2.3301162422767567, 1.200758295328065, 3.4199270122198167, 6.9399756780251325, 9.199266238558545, 10.798591712292067, 6.705505311140803, 11.04656616538822, 7.503150843393403, 1.5240267933869336, 0.45725048514773425, 0.36020765127591453, 0.47442419218721815, 10.214030685456553, 1.591871835854239, 6.855044743190503, 1.6608169292849306, 6.2312065149973, 12.856559594984253, 6.022033867722562, 12.859732283310043, 5.29730134746699, 11.511315054926296, 9.788743462987922, 11.928271125674272, 18.558139303017345, 7.04702730969869, 4.345632896884626, 5.7757543957987245, 8.667883369579638, 22.242584618717235, 29.13104054513439, 21.74293885363591, 31.021312357113057, 28.950755774198633, 28.731093728660397, 30.23964189995918, 25.907545890515244, 28.73787560321294, 21.325586680429492, 2.803254163206, 0.7984602719713527, 0.25162382841667763, 0.9065276162158098, 0.9619053331198709, 1.3105543133923194, 17.717659407927634, 21.586025962133025, 18.61541592152382, 19.79022791076451, 21.42928629533051, 1.4042158633431507, 1.067600604198687, 3.517626717311617, 1.4451857045680627, 3.5337593305344086, 17.043358196096204, 16.768256269910577, 16.941756844368307, 14.295692322093684, 1.752801684971386, 0.39930438147390834, 1.7230287556665698, 1.6129778381457045, 0.0632831276418432, 1.9185500732027028, 0.6818639596709983, 1.4003780763088471, 0.32596527654639396], [0.0, 0.0, 1.6668469740359055, 0.4495278696636519, 2.118046974153443, 1.547408748401595, 12.088085717537634, 7.232387034807687, 10.668214737633923, 7.812987560625875, 10.630226657186547, 11.976641265306196, 10.16451729526942, 21.685221747244803, 3.9052960918999475, 4.726440857713393, 1.6159273829313525, 3.09049953277349, 0.38186087731513774, 5.212395113180967, 4.145835880635389, 6.0186138264794184, 11.81313043595816, 5.261402837798167, 9.918527056739467, 7.502620605140091, 6.322247348237317, 15.978354715307876, 3.5636714086827013, 1.5289557290945452, 6.8365750618305965, 3.6037061047156285, 13.6423873124622, 30.71135438732593, 7.705806810721511, 28.762465306598283, 16.29302386410047, 25.284847289381524, 15.327745314735084, 21.081237238389928, 15.17252205876411, 16.75693097999386, 2.3932538902777627, 10.993075716677641, 3.879636172434137, 7.755379111037655, 5.904371726103178, 18.398815449284704, 10.417041950750994, 15.803175838161176, 10.391029746006197, 12.80063490443628, 13.061395723503477, 9.388160697101176, 4.360668763178859, 4.554358465593511, 5.355713132239438, 12.457672209159414, 8.04311585660255, 11.12500822597952, 8.622268945124617, 9.713916816127398, 2.913233412295701, 6.768982900831613, 2.755255849990518, 4.090261060252224, 3.8356642435682935, 4.430415648878474, 3.565403873408955, 3.3864896842854337, 2.6727076575298034], [0.0, 0.0, 2.320199996231963, 1.0766302204948783, 3.4341472978157275, 6.954111772128078, 10.850735178703673, 8.88712182593413, 9.210542255872415, 11.044467584882021, 8.043051892581449, 2.4240283944011676, 2.9596005503540677, 2.031227391292742, 1.7379274820100472, 0.4487200860750361, 1.9389407567652535, 2.1104056457526945, 8.801720475809331, 16.010415029813934, 16.810968229827193, 17.621434299068124, 8.016583216713988, 16.107724194935148, 4.964114797458557, 6.0086577114905255, 9.891888470244988, 6.291259372989972, 17.50465619785509, 9.93410996659716, 17.617401753697425, 27.38950092479823, 19.178928733211826, 14.852675111943094, 22.47532093973269, 12.69211641401153, 14.892164668162891, 8.317815024472553, 13.647666176834397, 41.970512445010385, 14.255990134644746, 35.86806531317953, 16.049343278915597, 9.754641593938432, 12.927297853225193, 7.840454071499758, 10.1040643259423, 33.72524897992998, 12.307977656569731, 30.92301228419246, 