{"initial_violation": ["destination"], "initial_duration": 36.011557817459106, "subsequent_violation": [["destination"], ["destination"], ["destination"], ["destination"], ["destination"], ["destination"], ["destination"], ["destination"], ["destination"]], "subsequent_comparison": [[1.1686550503180499e-05, 0.10755823174163244, 0.19747161719606646, 0.7789052427803241, 0.580147354621834, 0.6048443476491588, 3.6505156671131873, 2.1611769179972726, 1.2213174668939313, 0.5392290503844881, 0.7992483200530525, 0.6033378311064993, 3.551985949333209, 1.6131462971129995, 2.3178120921584977, 1.5838504367842487, 2.0440297502813305, 1.5100807046594091, 1.9931175947441526, 1.3179758562062653, 1.5890916929596945, 0.9332096151032301, 1.5552880436903431, 0.9803909937795766, 1.568302272476778, 1.0657766755323956, 2.130824114600359, 0.8296205112590763, 1.3622543212309657, 0.8572219962847915, 1.046845973994932, 0.9585128003354528, 0.9379212655007154, 2.3860130356139324, 1.6511275097713989, 0.6800548308356897, 1.4269618714217442, 1.1100327393567238, 1.309675350846023, 0.7914758001483954, 1.309649824820625, 0.8472680495998239, 1.2468161589228266, 0.6825915146973446, 1.1273506330971472, 0.6820822914847604, 0.8922519681453055, 0.5717246656036109], [0.0, 0.0, 0.25332243549303524, 1.1056389179933062, 0.7754405242462551, 1.1105651577256757, 0.8563982799358619, 1.7333558194706276, 1.258061994134256, 0.9674418359805836, 0.2619688765873538, 0.7733720582177651, 0.08120435248219181, 0.9174193344793424, 0.13718708920828213, 1.0105630160209975, 0.20906899150414013, 0.953815841354248, 0.18129000194026906, 0.8253350658289353, 0.14975293837965123, 0.6013899244310698, 0.18363607203074883, 0.6206712773177709, 1.7615587291697383, 2.6606625581608903, 1.5030478890057404, 2.333484844453784, 1.6367862580193147, 2.158723082431494, 2.417736567606111, 2.321911958454585, 2.1732671870353726, 2.055441970102081, 1.8669550688297336, 1.2637579664060619, 1.6140172971418065, 1.5265033624151494, 1.229439411853128, 1.4011006638280052, 1.2062865873639808, 1.2788574844335314, 1.0744286510264767, 1.0656399745391771, 0.897286304962217, 0.888174087869673, 0.6858403547324946, 0.6910676541094748], [0.0, 0.6909341508448809, 0.23844609568694491, 0.32666668205444077, 0.2169709510843869, 0.20562001875575994, 0.12197734412500795, 0.2831643631888555, 0.18023911269084003, 0.2199329714438353, 0.2730948658103247, 1.2523326336673268, 5.381322407379077, 3.093599527054902, 2.2704945625014203, 2.8497863498593947, 2.9842544471055183, 2.7798488242715678, 3.052703998477365, 2.6812193739645434, 2.741151840874432, 2.4429751472188324, 2.7632414344954666, 2.5091594612462664, 2.759326010020207, 2.5290017347108926, 0.032190077143433055, 0.3510942437559078, 0.3891568754726576, 0.23270385647913397, 0.23406612288543227, 0.42748429188824244, 0.8384485211510638, 0.20399003157837925, 0.11119644233764218, 1.245527823697505, 0.1560082361065448, 0.2511238182758675, 0.08959494392323948, 0.12360792501445704, 0.2200537967893582, 0.200848228779748, 0.24556389824722002, 0.06736449953358868, 0.21403151850001031, 0.059723044718381385, 0.07643832377428714, 0.0742643134144123], [0.0, 0.6909341508448809, 0.2255523807172947, 0.3562560723991871, 0.05647529765116249, 0.2981722454348136, 0.2056374343756647, 0.2327450576174664, 0.7269232668219896, 2.7537750920015602, 1.6410824130898876, 2.3365995850682766, 1.4537246836810591, 2.298521237046873, 1.5385231019590755, 2.0847903177279843, 1.5693039162846258, 2.107273537689436, 1.4974992371945597, 2.0315502780729213, 1.1552524528411692, 1.7394979637197228, 1.1476495784166643, 1.7782124309759062, 1.1365229553901761, 1.845411083714127, 1.7186203460805582, 1.4585168248590243, 1.0572743243697391, 1.490467240647701, 1.7355517105857463, 1.6577865958787839, 1.5691129784054638, 2.2378908644283593, 1.3515689779507996, 0.9820427371473791, 1.8858099819665444, 1.2987013248359733, 1.039659566443061, 1.128428631870554, 1.091958143193316, 1.050678493495054, 0.9987789449315314, 0.8914411385673062, 0.8569979241149139, 0.7442073385156408, 0.8235493700968549, 0.5848615708200698], [1.1686550503180499e-05, 0.0, 0.2327872734319422, 0.11398944649086983, 0.04990347954227263, 0.11661563516794272, 0.01338216368869094, 0.27882565299730383, 0.718885001551617, 0.7435227523553744, 1.7079951633785242, 2.4807154573379377, 5.314101474487558, 2.9102829137329955, 2.1869338215646597, 2.703038022355057, 2.9894493140387848, 2.6224756227258976, 2.977645732879482, 2.456013562783483, 2.7157257874714116, 2.2266609538655247, 2.7163632816468475, 2.2842626831135657, 2.7164688057330033, 0.19037903892018268, 0.14770512062045427, 0.33318440437198565, 0.4541323060142333, 0.18821284521380902, 0.30694281243898147, 0.25611924807330605, 0.32586558384987974, 0.292939177986453, 0.28752615513566965, 1.3119505200783335, 0.5094331982246101, 0.1974491757475224, 0.23260581300954558, 0.0653556750513606, 0.2628763790396604, 0.17750732712447218, 0.30935554890839023, 0.0468337836726063, 0.2054059637252976, 0.036346711985583764, 0.07267473458508782, 0.09731114771407728], [0.0, 0.0, 0.24896527320462086, 0.13347834795001162, 0.20731353635449432, 0.13371482794358489, 1.1191179685287436, 0.14509684304637052, 0.9710491764649516, 0.6483309980291821, 1.4576543040309424, 1.0353874021684883, 0.5948507215886272, 0.5171895738176223, 0.6050975170122607, 0.3549733627795313, 0.5333266648266222, 0.3722486475178676, 0.6209487303432669, 0.22168444993611827, 0.4908110729423865, 0.061960851857490715, 0.48080996907034235, 0.26727623746776186, 0.4561853985143405, 0.302902594921481, 3.0332363322920752, 1.6617505770559036, 2.0956189433625796, 1.7206355098827355, 2.1097339901353465, 2.309319274634794, 1.8937638860686905, 1.7707648410932841, 1.6246295730181075, 1.0945785946007502, 1.8296071489004395, 1.1049635612813236, 1.2660432982638374, 0.956796371566853, 1.2946848184510977, 0.9067400529978158, 1.274092128336643, 0.780007550463825, 1.083675232484802, 0.739560978457398, 0.6803995436097281, 0.6356137504310613], [1.1686550503180499e-05, 0.0, 0.23503137953390027, 0.07101270490548445, 0.08090335424595112, 0.24638565621366837, 1.104089290583632, 3.575055441290145, 1.9812684523911392, 2.7159327842728067, 2.084942548123551, 2.2910041809920476, 1.807717379881753, 2.570203078317466, 0.824424771775468, 0.7257383359029993, 0.5220135691523127, 1.0598162908100277, 0.3557296298403343, 2.3943835155545767, 1.2418787054413674, 1.8191139185586664, 1.1758399949945628, 1.9446974938208452, 1.1270267246513834, 1.9352380750408489, 0.9044788530780334, 1.8127977357133942, 0.5106811358705305, 1.2473879350320696, 1.7772266460291468, 1.3528571750605054, 2.1289070200918214, 1.7751342588157557, 1.7220716619504874, 1.0129925775358808, 1.9094673204392796, 1.0588800698246656, 1.4206011261698381, 1.009201575564389, 1.5374682954459835, 1.0241702262178205, 1.4104219520813692, 0.7702063546218484, 1.23068032179635, 0.6779318513990813, 0.9162210269255576, 0.5701154434277353], [0.23915554094110006, 0.0, 0.4263685000895609, 0.6902264515395923, 0.3125790988948471, 0.055188152573792074, 0.4769416381679926, 0.16663900292889985, 0.5330497494400926, 0.26758404855547935, 0.9026531031523989, 0.2013856452350463, 0.3623646867608414, 0.3580863613450087, 0.4687760098577063, 0.5545955655681514, 0.4228106708732971, 0.5842431070844266, 2.3918348201536923, 2.590196208374819, 2.052907092741709, 2.3303197098876205, 1.99857487556113, 0.331911586951882, 0.331277487639837, 0.40294266204066254, 0.3343925466151484, 0.31127544328085305, 0.33455700033462454, 0.36598445636860744, 0.8481016997419129, 0.4244903849875115, 0.7731062448999092, 1.2022697042174608, 1.579991040068497, 0.31590593732518507, 1.7603774356836457, 0.7915296269984629, 0.6421468007490102, 0.8029863677919358, 0.920630268952594, 0.5919247104660621, 1.0614057222015556, 0.5794325850284365, 0.9186036778148873, 0.5892551389675811, 0.6827923481165391, 0.43567039328070695], [0.0, 0.0, 0.2302085629992826, 1.0716607135466318, 1.3045869031938275, 2.202450287115444, 2.961754721480002, 2.842886525329824, 