{"initial_violation": ["destination"], "initial_duration": 35.379785776138306, "subsequent_violation": [["destination"], ["destination"], ["acceleration", "destination"], ["acceleration", "destination"], ["destination"], ["collision", "destination"], ["destination"], ["destination"], ["destination"]], "subsequent_comparison": [[0.0, 0.0, 4.941740999469169, 0.15582357659130644, 7.332498485355188, 0.29945771510242886, 8.238627707826739, 8.404035884747323, 6.018746119211596, 1.7082767173387388, 1.8757870551570068, 26.42895226480256, 3.6134662250585983, 3.2269306350476836, 10.313871549486324, 36.865264096139406, 49.14632901916869, 48.38279815436754, 44.51390156631952, 60.128524876326885, 61.935317619149785, 64.45881297099598, 41.38034555585443, 74.6976664525477, 37.229508347690086, 42.40092317948683, 45.09738930781237, 40.400947870406114, 60.43771146354648, 63.98906498609539, 66.09742323550999, 68.37516970549414, 64.49970282699405, 70.50100736176908, 71.24157770252326, 71.59135195052633, 63.00449344099522, 70.07729341050874, 59.43204046335476, 67.43530743752116, 67.31552426429074, 67.31552426429074, 67.43530389615094, 53.91155721330481, 43.863386633123795, 33.33062158985071, 40.190821567032714, 40.09354092595569, 40.19081868973774, 25.806553775182604, 25.87372688070855, 33.246273417645945, 33.47567861031953, 22.52180269981001, 28.057312758571506, 18.103149595227578, 23.422966138042476, 16.392197068625908], [0.0, 0.0, 0.12524160202411944, 7.6073258654759455, 11.0217603296193, 3.669023270099992, 12.27953863467404, 20.17611082761863, 12.371789984520372, 10.041334904415024, 6.693966818815582, 20.755769739310576, 8.090547523278982, 10.419032334171305, 11.487690822658084, 17.418647823057785, 22.83080332419242, 31.694466794133024, 26.412767091810082, 25.964421006506498, 36.03309173087931, 30.424774194993276, 24.64836796960798, 23.473606507261852, 40.299038926041526, 10.339352780611353, 10.791662300256016, 21.819498145396246, 26.564020023930286, 30.34471003961989, 11.172324804884738, 11.69535058150817, 15.909997444823523, 14.956179737377845, 13.948008541825171, 11.418369978025732, 10.568272405004299, 8.725683679106291, 8.618281162816716, 5.92843786092158, 5.8124395090228, 5.8124395090228, 5.9284344290678135, 7.192241595083492, 6.954123473670696, 6.472874830118242, 7.213550092292622, 7.15695936975655, 7.2135483965949385, 6.377888743810685, 6.394649734216738, 4.2233751815924006, 2.7710854188757543, 4.009183089175856, 2.757250586475349, 3.989625181988703, 3.0022336695139424, 3.126080577120115], [0.0, 0.0, 0.0892899981447863, 0.07217074460871636, 11.392195614997652, 3.837027107395697, 12.11274508362311, 9.770841987221218, 9.20956438132697, 10.008812436761067, 15.191755428858954, 22.322028910551403, 16.789942991392763, 20.54104478741887, 27.692925247941847, 28.10927668504469, 62.27698407970622, 34.150776758256, 35.95406546187582, 41.118004713460294, 35.48895130929827, 26.339417525235497, 29.70247026021416, 36.015592867274435, 39.132254902600366, 37.31510301080772, 35.2111470905393, 39.73431613532629, 23.23634769616155, 14.517702128219163, 7.605088819370465, 6.173068452397275, 11.30967409166784, 6.756817293483149, 5.896500880338843, 5.9156223120731175, 5.470256667901629, 5.787576454927517, 5.1585918093676595, 5.213075743413402, 5.785695372093507, 5.785695372093507, 5.6677852665578055, 6.173941135063718, 5.908024574890254, 5.977213080939397, 6.112779779120885, 5.974919712355507, 6.11277985495105, 6.232788962399058, 9.095319486944758, 3.5320524393856134, 3.5694555107571495, 3.1792697100110034, 3.4225964457428337, 2.7220404747569247, 2.935174901560444, 2.328018767194325], [0.0, 0.0, 5.046868255669082, 7.942811382513174, 4.791190139710292, 0.13720638341834454, 3.499455224560953, 11.793374493126544, 0.07379269069257115, 9.246197704705363, 4.646799860679312, 36.3994876516933, 5.662307141043705, 12.321217882606392, 10.588355291083905, 9.41026961377418, 10.050645066350045, 6.709568047320471, 21.967128535511833, 9.260097471469757, 8.016026466528748, 2.478512817942352, 11.417696471263048, 8.061236597208026, 10.506436062712194, 10.889200001633467, 11.114708782889272, 15.120797430923771, 9.564846662673759, 9.36402318331345, 9.991960547375422, 10.226114963169387, 10.884816244081026, 8.871734524312926, 8.765157467144505, 8.565251794253443, 8.272451715888261, 7.825136791703994, 8.007070375654743, 7.948894570836778, 8.068904066035694, 8.068900759652644, 7.948894812549139, 8.068904114078633, 7.9488950531581, 8.068900855738523, 7.948895294476499, 8.068904210519223, 7.948895535440176, 9.714975021753057, 9.59551032719635, 4.442548102889619, 4.569308407002733, 4.050012134898567, 4.167875880220696, 3.4446194183241805, 3.6802701322012017, 3.056401309250072], [0.0, 0.0, 0.08769526980816512, 0.4168677178572674, 10.756828001926195, 0.09267250760615593, 10.980733170204964, 12.397681418369523, 33.52556726044381, 20.15519700587584, 12.920805872726964, 11.994451767627872, 14.777425348261861, 11.36016309542521, 8.423614740598685, 8.886473449455153, 36.940643848491895, 40.96059317205819, 35.73924055557761, 50.11322430767334, 54.17052950287622, 57.90044472749012, 26.232549301661294, 78.39480740527316, 36.969490182264664, 39.87071285370833, 47.08643821580351, 44.694177685276586, 47.64479943287517, 49.28413869017432, 47.33306567810423, 49.96912833319156, 60.02008160291418, 58.7444826700215, 58.21483020593802, 55.52975350358097, 53.52555904391501, 50.09961628991863, 48.24891758571333, 44.725829569162705, 44.60734020333922, 44.60734020333922, 43.31111187020652, 39.74134122728929, 27.60782725973033, 26.84023522745172, 24.950462442725758, 24.852516079122353, 24.64913214533967, 24.548096558593674, 19.046792715608714, 19.715601402222656, 19.392267846763616, 16.93196497171708, 17.53793497466581, 14.767458757879044, 11.706548033175006, 12.423091620955127], [0.0, 0.0, 12.391620910099565, 0.018114767724375484, 11.204173692589901, 0.28931491830256034, 11.241783364441972, 0.5882820105460176, 33.884666653664254, 27.92428650379008, 14.315095976436886, 12.565283520235338, 15.280450501341948, 24.975549268928003, 18.564768704573265, 18.637411429159787, 17.9615501611346, 13.563422601534612, 17.00207124231136, 33.29435272316113, 36.700093092601186, 14.689145663807741, 14.079690789920727, 24.696032550843945, 19.614807141848082, 23.395288721122405, 30.12213878235148, 26.084054574233885, 31.577966996907566, 30.78088084158982, 27.502949245589626, 26.490816450024187, 38.542089270023126, 36.36927599148126, 36.484401815124606, 33.013659293761336, 32.571062539848946, 27.582523107074735, 28.177470250311956, 22.744289074218216, 22.62674760061313, 24.86922508854449, 24.98802745683415, 19.124998754162387, 15.458898134948702, 14.134724550689205, 14.23719665023969, 17.76735247198566, 17.87572430519241, 10.714036587259661, 10.738303172436225, 13.40408887966316, 9.364717290915808, 12.763679945222023, 8.604414900992555, 12.19980919287614, 7.979717848893154, 11.758897497948123], [0.0, 0.0, 12.513981766342988, 0.2253850539426077, 18.115952711929182, 0.2615545927303929, 0.19124125852059803, 0.02000023243743497, 0.19294464092187152, 9.860393409797442, 2.9350580476709003, 26.743685122965204, 3.237508634408887, 1.4897015096624555, 6.686358416787303, 6.415749886031975, 8.37489510062904, 12.59899171417902, 5.919741739332742, 19.966684961225784, 13.729901853830455, 20.944267442964257, 7.454344046276596, 19.5520688008188, 40.4016427733599, 13.83756404825498, 18.635509034075447, 7.651119983304503, 8.941398389145833, 16.816620635793235, 9.330046431239024, 12.656188834382872, 17.39436976807801, 16.474353247348777, 16.039509413382916, 13.091805775674704, 13.403106030912971, 11.202942230741781, 9.690788257210052, 9.627479769772114, 9.50877062424227, 9.50877062424227, 9.627476259670964, 8.432228672344944, 8.348418429111073, 7.685116176881791, 8.000573590554607, 7.9282940372165545, 7.677801559241276, 7.610363204899752, 7.677799546885698, 5.275632254345839, 4.956404573075536, 5.087804182041738, 4.816745916004407, 5.051021345096084, 4.6255068310932455, 