{"initial_violation": [], "initial_duration": 35.38089895248413, "subsequent_violation": [[], [], [], [], [], [], [], [], []], "subsequent_comparison": [[0.0, 0.0, 5.419530467097624, 4.6793971447645495, 6.777588132105003, 2.404557212664557, 16.01149788685425, 11.767143752850918, 11.153934257764739, 10.813791942819844, 7.117102347301108, 8.906563317575374, 6.472390277075912, 11.884534665157076, 18.07634909092729, 7.476219157695803, 8.525495517271697, 8.953278754199795, 4.3338331433537745, 11.026738585307138, 9.734830020827701, 8.970323802597639, 7.296547578326893, 8.370745712745354, 9.262591424990498, 6.496744723015663, 34.55622755873242, 5.767708825811775, 4.094871474504084, 7.2656703359986485, 4.431345042818448, 8.072294438077167, 2.2763544443919392, 5.67349430726248, 2.5885157225628985, 6.406920128017547, 2.1937838911376497, 6.2549826202271195, 3.6257058419298147, 6.556752984795513, 2.685230072905703, 3.624318609792587, 2.769755776039649, 3.946185275792191, 2.17594460500955, 3.048660962866099, 1.652963437531781, 2.463178304552113, 1.1480039368723647, 2.563253090130815, 0.21524996957338888, 2.4133611939696795, 0.3913188094521824, 1.9550964297837905, 0.24166383793742485, 1.7286770802947957, 0.7054427380366801, 1.5099035891568118, 0.33615270436805267, 1.3225819721362397, 0.6414548022685528, 1.605053481902161, 0.39160495093382514, 1.0924395176645159, 0.39067240438545703, 1.1130276278744011], [0.0, 0.0, 0.040002442684757875, 0.7443411776634199, 1.2080420162330836, 0.6487687706202621, 15.508454739399859, 22.479809232599706, 6.902674786914238, 9.83722507188594, 2.160501735387813, 4.247316225347834, 15.048356793411047, 5.463217688990562, 14.808833226325172, 4.122479322101174, 5.960375271475191, 5.623283590955927, 9.566358028391255, 7.975897671984343, 8.293316542569768, 7.552635992983168, 5.180014626077614, 6.5509979593899175, 6.185454174184616, 5.829629708745601, 34.80496986158509, 35.534153326290536, 2.6520973782408, 4.509752093868548, 4.373570885392675, 4.8642300867952954, 2.0473553650495457, 3.70676394291613, 1.5479324338207712, 4.239229687854463, 2.1414620798046617, 3.0814960756434115, 1.1895829465286902, 4.032282959702525, 1.5453516417935276, 2.5125276078771575, 0.9431700115482511, 2.755146117912144, 0.8966203806063914, 2.201639286391572, 0.7994378151066874, 2.3264321832997026, 0.573281773706242, 1.6651606485230954, 0.9557625219961361, 1.8484754448424492, 0.5984714616616432, 1.915570427489705, 0.48033312223771757, 0.7313475121801951, 0.7523516892707388, 0.8095674105850389, 0.6710769986635099, 1.071902057059822, 0.4187191887538817, 1.2806439127568812, 0.30344497213071464, 0.9759879923131946, 0.19994304466967083, 1.0939112884286941], [0.0, 0.0, 5.419530467097624, 2.7798327937415874, 3.144305860486847, 7.741380815901575, 11.182453756918276, 22.204406174868044, 2.857052603322936, 11.360528795304676, 21.643298038264273, 8.897532272117742, 17.883739259612444, 0.16045915328794816, 12.855817651204495, 13.9323972168884, 15.457548973637824, 12.049487051245166, 15.82722617933512, 12.935354423093377, 8.208134983975068, 13.678410170645234, 11.163035932213164, 13.775614979706756, 13.153306163638081, 13.79696104272031, 34.89279463003638, 35.046298235863524, 37.13198424801372, 8.364281953322584, 7.4893989761609765, 8.440551506585095, 7.557354709790525, 7.611625581781325, 5.63423376417128, 7.062676950435291, 3.435669944756552, 6.36861977082469, 4.407772512450898, 5.427522665538343, 2.8915449697880318, 5.552039776812701, 1.9739076937547462, 4.5018275931409475, 2.3465990932728467, 4.431382406574463, 2.2330630028114062, 3.0314590142540156, 1.2093833492956538, 2.819798866227405, 0.9059801751951089, 2.104868862659518, 1.1960624042196413, 1.9172278986841047, 0.8038706674368159, 1.6692161952261526, 1.0702885239056044, 1.654930677014898, 1.134399783922709, 1.6461635174268467, 1.112372616077787, 1.1371747832595411, 0.8963917882716907, 1.0629178370092223, 1.1800414789879003, 1.1437434141519376], [0.0, 0.0, 1.131943861349059, 2.009481987142906, 0.09711783352941222, 6.8569208119829375, 15.946731928001341, 22.642929966278686, 10.645234867590291, 7.5983468325295975, 8.320837342929506, 9.35228598443618, 4.974883561434205, 6.279227567320519, 7.369228756018766, 8.002575434093677, 4.68543767499202, 5.419565313253646, 0.776038451538787, 7.501137546841875, 6.700324555828606, 5.945666028658372, 5.22302680525735, 5.07145504039379, 5.645442284022043, 4.987051046269336, 35.65790417962106, 5.211367588646319, 2.5979989678599504, 2.398308421580552, 3.1817665322458595, 2.2844348708414097, 2.1593443870073354, 2.045165945902838, 2.0901764950188073, 2.0658822034611455, 0.7124742757064906, 4.185401251098579, 1.2856080568534758, 2.337197526246328, 0.88456144480312, 3.049960316696536, 0.5171206612666257, 2.93154907343036, 0.6515477666930222, 2.452781042066925, 0.4433420082200421, 2.271981239841139, 0.41259269655247843, 1.9453477382608855, 0.47144719886694253, 1.7847658794089218, 0.16709158425188353, 1.1190516935485968, 0.07515129839529473, 1.1732685449024034, 0.36201670210794035, 1.1130533018423965, 0.10369193128099936, 1.1051279338641835, 0.2344040211745008, 1.2338966801056963, 0.12432447368592923, 0.9975753032884018, 0.18040815073788616, 1.1203222967932274], [0.0, 0.0, 1.5159550136128745, 2.2493491392140026, 1.0167267086939984, 9.919125960219798, 11.243032168372473, 12.223438318560607, 0.8215000418953619, 2.4651127254477223, 0.937272141989226, 6.609544095846351, 10.540007365743257, 2.6748195629066935, 11.13156076643919, 2.492434217145389, 6.447321446856109, 5.261201214426301, 1.0777228350386698, 7.233287489372816, 4.593266375117521, 5.976129773403455, 2.5269171078790587, 6.560121643222083, 5.260729933934159, 5.2535610146541405, 34.83813342894091, 5.77392007579609, 3.3167933296956056, 5.0851666668302755, 3.9247519266026516, 3.6729302888867803, 1.7789849974475898, 2.2365446719793383, 2.750586500288868, 3.586902533338501, 1.7803101182944883, 3.764050530178426, 3.0445707813104534, 3.229850504074711, 1.617052683109105, 3.791285498064323, 1.7996627500074889, 2.6245285726968537, 0.5935608378073423, 2.228747676869867, 0.6545431867540771, 2.2742520778918354, 1.0530135402222953, 2.601892245889268, 0.45416587151133686, 1.748032391840545, 0.6518145340066669, 1.8047961357556843, 0.9005279817496472, 1.3597450185773408, 0.3704540666547027, 1.3711632164585623, 0.44388871786968837, 1.209282952098443, 0.6510191801486359, 1.4761782323286647, 0.3840990047282399, 0.9757211921728373, 0.4228256046643963, 1.1063233310457863], [0.0, 0.0, 1.7210872607077516, 2.09472465435392, 7.15258472010654, 2.1973898539416172, 14.920647116488693, 9.722781941191338, 4.006644161565537, 0.8269922738961936, 1.6146831652010998, 6.637640584979147, 9.984420737250954, 6.142771257933003, 9.380705566688272, 5.060946286187088, 5.072171641347406, 3.878046049416465, 4.009186240856054, 6.256138824483794, 3.8110195637463264, 5.361852388581408, 2.1065114055654637, 6.326125603128052, 4.273412189708247, 5.983840091034377, 36.34782947736003, 5.432516722163714, 2.5637284002168093, 5.248794790533932, 3.5687257392818283, 5.724582685509179, 1.8177948827420831, 4.861875611732947, 0.9698150884722766, 5.267348988796545, 1.861975486901542, 5.749807890149223, 1.732067299187053, 1.8067760957047423, 2.464417284149383, 4.136165919342822, 0.9525402102650319, 4.676850056934381, 1.0278730587546085, 4.070148625679778, 0.5864198876482812, 3.791112192961654, 1.1758078441994089, 2.765673045848048, 0.8065147430048847, 0.7014379262145715, 0.8664701332722127, 1.0267425662579397, 0.892658080584779, 1.9052494364355321, 0.7543929081047467, 1.8215906177099812, 0.2640604271310944, 0.5271646006474172, 0.7401807802454146, 0.4258335445750441, 0.8839388719279326, 0.9981117575582478, 0.6770739514980832, 1.120678648582859], [0.0, 0.0, 5.419530467097624, 2.4748794642408627, 2.261384123874452, 5.4172756512200735, 0.2779678916349535, 7.486529025251542, 12.795508622901073, 3.0192590688311998, 11.282095342148724, 1.3964402416699957, 7.698592773427583, 13.093797191144828, 13.694791091048467, 