{"initial_violation": [], "initial_duration": 35.908446311950684, "subsequent_violation": [[], [], [], [], [], [], [], [], []], "subsequent_comparison": [[3.3426796311991236e-05, 0.0, 0.06656824344018909, 7.964718114049187, 7.678295987074092, 3.3114158527432394, 3.8413931167591078, 15.84179103730438, 2.0011128942350127, 1.2760610166807713, 5.12413733480601, 0.8689701782899687, 3.5291411401004034, 0.2470082985103567, 0.575992516440345, 8.110998550328526, 19.066099196094715, 7.112582811055051, 0.11968344980845219, 9.020244288662417, 16.916406316505896, 7.7269840976701145, 15.052724754595172, 3.5803682984600314, 9.697006052045442, 4.865532384838342, 16.027915906371526, 13.215324190032735, 15.579706238109463, 11.086685859909881, 14.628452796827963, 11.177221279365167, 11.381651785195896, 9.965535914131888, 10.93578141451325, 9.41624054359134, 9.124513586700424, 3.5282639313978756, 8.937868002994199, 2.864083844986604, 7.841302828826048, 2.437211264467842, 7.555393846460919, 2.670008460967049, 6.819423041951508, 2.7533377614856294, 4.887171378087811, 1.656612168864639, 4.098101826057517, 1.9135026121721366, 3.59329451998364, 1.7849932370194939, 2.0528056922954065, 1.482590037201056, 2.5214909881723955, 1.2399309241006284, 2.0088888785128454, 1.0018836146240542, 1.3784486294800145, 0.8014991954085525, 1.095300344384156, 0.4939040753168303, 0.8340770694381466, 0.5973506430716249, 1.041593074086233, 0.8826126350435275], [0.0, 0.0, 3.4830537446231262, 5.998360940612237, 22.64292342562998, 15.356903222225235, 25.40736719864404, 7.181569670509733, 19.346376391316937, 7.462194937707414, 5.930610938263797, 11.520034652621675, 3.0356810930466103, 3.121538610261543, 18.793991657635758, 12.762147387338572, 19.1040933105018, 13.064935804335276, 18.583670162991183, 13.94472894382033, 14.603168870286796, 13.589885689005511, 1.942887594497833, 6.736985683554573, 1.465634536002902, 6.680603465006823, 1.267428397398076, 7.179772087046407, 0.04795122613517635, 8.999409628727378, 10.607148407649348, 6.484601982297164, 8.881902555649575, 5.013605060310628, 7.6625360263626074, 4.655906411106511, 7.001186408026168, 4.473970427499889, 6.979481205952051, 5.316421932475303, 6.2213841867053485, 4.887371172658275, 2.097328553441241, 0.27851335803771793, 5.63376487053182, 0.7660313925696061, 1.4422455399059066, 0.6489907790456347, 0.9176590515731924, 1.217504020141447, 2.3980109207748836, 1.8422430083865393, 2.3562685746658745, 1.2352024162313102, 0.8449116999711819, 0.8378410637249801, 0.31870364753645536, 0.7288604038356382, 0.22752684653564373, 0.7702532147295682, 0.8316562139678867, 0.6706770343690316, 1.0183776908372402, 0.2800654784218179, 0.6663312899824595, 0.28242879929133263], [3.3426796311991236e-05, 0.0, 2.806193106097593, 7.696229705702459, 23.37416865997017, 11.93726677843829, 25.324291217729545, 6.174968499597603, 19.29631730844001, 7.4124369797869045, 4.348363736622273, 4.412868247948668, 7.463177197918428, 18.843683504493963, 14.841139622348312, 15.192471315012531, 14.690358608100377, 14.214100331572498, 14.15836218015256, 5.306990654692135, 1.078883348739136, 2.7537381087431383, 0.8876465064947254, 2.460701497599574, 0.7850011030037419, 2.3279234381990577, 0.9685172296779889, 3.188959207377645, 1.1749850096917587, 3.3929307971324785, 0.3453676576961989, 7.261194075035166, 2.8553151544851, 4.120455141136565, 0.41500582471253344, 3.5682403643587857, 1.435084032532752, 3.204620718358163, 0.516096135578621, 7.231696150333971, 1.1597267953314738, 7.208374601977627, 0.5543608698116868, 5.791349169832551, 0.4537911476222423, 4.029675520678616, 0.6010574770760485, 3.583914752613158, 0.3618152618340956, 2.5605370711427358, 1.2718133818326705, 1.3170720678854033, 0.8761418994019537, 0.8855638106849198, 0.7635657084817667, 1.301941815179697, 0.16134533571829252, 0.8833394943223344, 0.9205750949221935, 0.7873319853982372, 0.6211102274818299, 0.32764901222158205, 0.2107261555515508, 0.22981405074204375, 0.17203738556435322, 0.311080731323754], [0.0, 0.0, 3.064769118915079, 5.856133794659552, 22.25187237665299, 15.761444114341074, 10.143734472721867, 12.198104555569941, 0.4785758131429835, 0.3096236904353356, 25.676690168765138, 18.38185400457274, 29.200369801992263, 26.10816599928552, 12.425157902516757, 7.754743665273434, 3.1319740898676383, 5.703296215238494, 2.721795432181723, 4.032400760497539, 0.5539909528987026, 4.48904100487779, 11.477657407019972, 12.585248705459799, 11.578021196237755, 10.752606110900295, 10.539521213807495, 9.856678176133657, 10.01752896088825, 8.688698163818023, 11.084370726441994, 6.296942392316524, 9.874306954241243, 4.841012861567533, 9.021275821232475, 4.068738431337008, 7.251844614581642, 4.007269923119893, 6.930135812170787, 5.277023675825929, 6.48061087028921, 0.46250066411314783, 1.683647036397527, 0.9800249547070742, 0.9372942105733316, 1.3155309939220052, 0.9921174511758096, 0.7738422528775267, 0.9695177027304689, 2.777164470347678, 2.464154349081158, 1.7483801185019423, 2.24431740057857, 1.2064859551375593, 1.6815294221671884, 0.9731685555420959, 0.30931782503598393, 0.7385747128998351, 0.2277360878409085, 0.728734873042909, 0.7928038119112673, 0.6159487524105279, 0.9287605277136439, 0.2441095943749127, 0.8170166037880573, 0.26453796101820165], [3.3426796311991236e-05, 0.0, 7.730741532589585, 0.8395990143439171, 3.6162773556067, 8.060173172645896, 13.922975217101996, 5.270097600877249, 17.73061303797546, 28.810973566393677, 4.484282217502694, 4.424984580121276, 3.3330878385528777, 0.9091243820485543, 18.09722594155833, 11.856259181659565, 15.563307229272162, 9.588314053793457, 15.86503274931968, 11.816476493802277, 13.366606540357594, 11.498869587490663, 12.685641659655273, 8.047597058212697, 12.447722131176649, 7.8114505804687875, 12.070992555529394, 6.941204009260187, 11.57918681627064, 5.522525921323457, 1.557990632133804, 2.6027866718322485, 2.5244132448738674, 2.4830582611382197, 0.797777376663375, 2.131842594520671, 1.690742210324902, 1.6181628691554097, 1.0080230319244827, 1.0866828650303149, 0.15855182768794326, 1.0822837589755492, 4.177088325691001, 5.606334935877323, 2.8947409448808816, 1.7815992763145978, 0.8169450903232087, 3.1328191198689233, 2.365065667859613, 1.852947164139888, 0.638723375501866, 0.12656321991996422, 0.11610063510502021, 0.5454156561667062, 0.02402489260995668, 0.8254118191963954, 0.8052613361154393, 0.8944128866142009, 0.7572935148923907, 0.8516115797572409, 0.06855675092583584, 0.26491137119000696, 0.028604347986417887, 0.5386215162988386, 0.034740617266486334, 0.1636621965508526], [0.0, 0.0, 9.385012043315514, 6.023169243265874, 22.454342303167248, 15.889590770616477, 13.596565380189908, 7.590630658326721, 18.650720952687994, 6.705848952600872, 5.276372786252756, 4.658795302684112, 7.698035690440117, 19.07936152667275, 19.17729324718066, 14.920983703815667, 18.522481318778617, 11.368136579554976, 17.799742116406925, 14.118332717955916, 14.56579641013379, 13.620947758727157, 12.395043264632278, 10.254857231589522, 11.443290896445085, 9.584270559069255, 10.879977142215347, 7.984328332723342, 10.611452871740493, 8.060703808100289, 10.645148642001635, 4.996387939608685, 8.783117606380006, 3.606154777296442, 8.13294964349324, 1.8537887821793613, 7.3601997502521135, 0.916565726056183, 1.648983090312958, 7.618991800776547, 0.8630057370554471, 5.401940958938144, 0.9444126992960439, 4.847605331673484, 1.198266405563473, 2.913590162690051, 0.8182902461869482, 3.82855859976317, 0.9479766220338571, 2.449049311860568, 1.1720302746803406, 1.5688690299880734, 0.6052081037090654, 1.8647899989612955, 0.09957023811933564, 1.127032004315713, 0.16848463228232854, 0.9656967413569869, 0.3721641693308236, 0.83628019368328, 0.4190549713918454, 0.7007728589046888, 0.040431112748996044, 0.31411506253914057, 0.03952287136981034, 0.32281661941430595], [3.3426796311991236e-05, 0.0, 3.225335496289004, 5.9150070311887735, 22.68781877101627, 8.324227833023611, 13.619034302354832, 6.996692139757465, 19.44212607923824, 