{"initial_violation": [], "initial_duration": 35.52082371711731, "subsequent_violation": [[], [], [], [], [], [], [], [], []], "subsequent_comparison": [[1.105199763790866e-06, 0.0, 0.8697301154923519, 0.44725947435843366, 0.5701126139146375, 0.09296872390985397, 0.3910422326611506, 0.6288504001360715, 0.7777659075996824, 0.8242476384930234, 4.78629632771625, 9.354084869194164, 5.072226994572848, 1.0301767762862069, 1.431195598477972, 1.7150107795567509, 43.52682102593498, 2.420708447768029, 5.304721595281141, 0.7216498801385968, 1.2233020424604943, 0.05954344934310353, 2.3048278759809873, 1.1143814688928773, 2.441326673930717, 2.016935521649474, 1.139846512593568, 1.6110785835101316, 1.0666578187924967, 2.872864566239219, 1.0258058993619072, 2.687268243688492, 1.3599325732881467, 0.6904894350064491, 2.8293011584966052, 0.23939592801623866, 1.8224289339469937, 0.1878985584849763, 1.0981372982547872, 0.63913600080755, 1.0819479880741225, 0.2396072898435553, 1.5552115814206708, 1.4614488637014833, 1.0897884741718975, 0.8751467715411806, 0.21126513806180827, 1.9290324801823424, 0.32106389946430064, 0.7787979033872545, 0.9051056803729098, 0.7225468792722359, 0.5222127488781408, 0.7089521004491799, 0.12296108751191895, 0.3367048724534606, 0.09303213784535323, 0.05869647487366951, 0.123966765159195, 0.06428338459498788, 0.16412023672167825, 0.08363075722335817, 0.05792108891583755, 0.17869526649530587, 0.25923064194254186, 0.35698806558795715, 0.9442604340859091, 0.867331459662339, 0.12385802316307606, 0.27430310400236296, 0.18172020842267195, 1.0443937864860482, 0.1526280534405266, 0.2701324079588075, 0.12003107575524104, 0.10225213712249763, 0.06521277808585808, 0.08022090947087324, 0.9872427623520074, 0.30050401185900555], [1.876650365533616e-05, 0.0, 0.8664815027509076, 0.18180854639526756, 0.3556923269971108, 7.363516979626934, 0.44141606722153903, 0.5957713638640807, 6.241128231023528, 1.4582770089930586, 4.586808340220635, 9.846749971216452, 13.566487851754236, 18.718034781423018, 29.11947877648377, 18.525026630686177, 31.16026568766089, 18.893905664202588, 19.76107700394607, 19.994736142763564, 15.211011705934594, 21.551402097892108, 17.90141212323814, 18.724176112700942, 16.303446331863842, 20.438476317143895, 16.804138652972345, 19.699649910206773, 15.351868846479343, 18.784673925055706, 15.473170791169856, 36.66227696475947, 36.48839689178609, 35.45443294716431, 36.79108320537646, 12.839610063977515, 9.307623607143489, 13.653394782376429, 13.62753995847595, 12.60449472809439, 12.034787266572991, 10.487611626351613, 9.999344864752054, 8.567026195346733, 8.151867022138115, 7.268171735001269, 8.738879437097934, 6.783395122226294, 7.877557536162051, 5.74459912429399, 5.254864534991056, 5.6964321740388115, 5.307767800931658, 5.386693924031356, 4.987103720095778, 5.195313942758035, 3.7092658033079853, 2.0130740950461843, 3.0829268086755173, 1.8223804423508625, 2.6929480104079717, 1.3348096127797293, 2.4504634716944156, 0.9885363096734606, 1.7678150581045635, 1.9352844269755065, 1.4057503329379424, 1.587048808572413, 0.9905856710283312, 1.1350680314713575, 0.8874117323572634, 1.4892278032936361, 0.8616371118060409, 1.018570592109116, 1.0518508237947242, 0.8929270418280424, 0.706960188725505, 0.3077560666768255, 1.032043731470051, 1.0186964940913752], [1.978157890670699e-05, 0.0, 0.025755755887859867, 0.07522108674372802, 0.027286427507507763, 0.09007473455241748, 7.883601331463561, 7.93392491813648, 10.974813570362492, 1.650067183625232, 10.465196656622908, 9.58591941957248, 10.89653611339408, 27.5713315967285, 30.19728028160752, 19.989740073873186, 28.571635885221273, 21.029911720674757, 21.87033885589096, 20.59112669113402, 17.54601706769492, 17.939101629329144, 13.406793012742849, 15.65939195626594, 13.85056305083625, 17.43365601266699, 13.898781412677831, 17.8424590171843, 13.370445946015737, 17.50858012991147, 13.19531838497964, 36.18770120185717, 36.425582365619, 36.08477568617939, 9.250335586233641, 11.49015435051254, 11.522463573487162, 13.79619472195871, 8.843081835896097, 11.500983630588243, 8.084789939851388, 9.318166448152379, 7.475631790699827, 7.47534729188761, 7.50129954873486, 6.171229157806958, 6.23486407298649, 6.109308154744518, 5.597252464682129, 5.6234718419959355, 5.154202917417072, 4.853090156747603, 4.716920815567777, 4.267878906801442, 4.0029974237315695, 3.713047138897857, 2.7666383866358335, 3.042815920208277, 2.349777255085656, 2.4616324280824315, 1.8527373434362793, 1.7286513128856074, 2.7548720854969218, 1.465346685522532, 1.9096084044418324, 0.8125134696298388, 1.422472298708552, 0.3939545775310258, 1.0605912936317559, 0.8895202951407909, 0.7564682310383645, 0.9387888224557406, 0.738770974590127, 0.8213328052444328, 1.0549547405981818, 0.5939236250519347, 1.3882885210824523, 0.31318432675317104, 0.9948206793274559, 1.049953075649048], [1.876650365533616e-05, 0.0, 0.8777528758324559, 0.005935131098983016, 0.2643414764086006, 0.11611789361916564, 8.044894949395315, 7.990745688056315, 11.13712649877537, 1.4788083747428369, 10.779749402924905, 10.250151079770637, 50.98891131006838, 9.259311391976563, 11.903467040749002, 9.382078833913399, 43.512193491845366, 2.2687563066765937, 2.0962508548998158, 3.532799325031267, 2.082763526868634, 0.03277685782123176, 4.097794983090845, 1.0860953568580773, 3.883950324803497, 2.225207012598686, 2.9114386005534474, 3.3422985914188854, 2.5973167342326424, 3.370268476615871, 2.349801972085082, 2.7188963548522875, 4.559372018282893, 1.6975957354255713, 4.863277109259203, 1.1356887739891757, 3.7029341891562435, 1.443196897426842, 3.7958531120729364, 0.5182754010742008, 3.651668961222085, 1.3518696466423026, 3.094964935165094, 0.3590018784237466, 1.119248715113662, 1.6847565533299953, 1.080381248575253, 3.299692052877725, 0.3241256798928242, 2.8520162063191465, 0.6943414409440103, 3.6167599015905774, 1.760833349286297, 0.277735252981535, 1.7826336454250056, 0.47176593088262153, 1.6538696514532774, 0.5585217810808744, 1.1825483259749516, 0.3907750732803918, 0.8643122962989919, 0.549153810459257, 0.7914238691096949, 0.2837125179605834, 0.9989883299775524, 0.5519838996393704, 0.3447317803264298, 0.8956602974221836, 0.10752487145192259, 1.0037819779913841, 0.04629306627096753, 0.7359717194933014, 0.013982034844243221, 0.9490110726262221, 0.0361585172536409, 0.6382837890531833, 0.02230728477504202, 0.9011144439333675, 0.08995939476690978, 0.407225278146028], [1.876650365533616e-05, 0.0, 0.07973859993078342, 0.35335038461630724, 0.25552786782365444, 7.465456175526148, 0.365007059477542, 5.038595058146644, 0.26650665187036765, 7.091101378066266, 0.16569546797403295, 9.656905337639165, 2.38016726073559, 29.48952179074688, 29.07984913047896, 31.749962024042585, 27.869222849831385, 22.816158343934102, 26.366135086536392, 28.1242615897224, 21.439514879284907, 24.61820414294879, 15.06663544321037, 21.536654272502716, 14.929945984016634, 23.41303362451363, 16.21647603499263, 23.256555979205878, 13.959751925217319, 21.28308186259539, 12.664958268281964, 36.015287260878196, 36.89777847657623, 35.22578980644508, 35.259687662198054, 13.06437823497216, 12.994137222080676, 12.391016089479642, 10.651224652375012, 9.162235959373652, 9.44145124164366, 8.976294273955544, 9.369034548632358, 11.206115186576303, 7.426919943420843, 9.68587015818779, 8.103997698665397, 5.834037583763627, 7.574382352124401, 5.885775470045624, 6.4202473998831575, 5.288336331924262, 6.8991390245092195, 5.335367257387218, 6.01017578424061, 4.547087609479243, 4.503974380488921, 3.4465584626547945, 3.6141048292230455, 2.654065084217942, 2.783898066648056, 1.7642037303269549, 2.790541047605871, 2.4326151308214405, 2.234139976030575, 2.0307301525334984, 1.9175855240028554, 1.4605003700441672, 1.372328373181815, 1.3328805798795678, 1.769083626199805, 1.1386979529653827, 1.5560137644356813, 0.9934938900026187, 1.2884033384429134, 0.7528584775539786, 1.0858296894976227, 0.7705141463001554, 1.0544163910856155, 1.0747291784918738], 