{"initial_violation": [], "initial_duration": 35.42956590652466, "subsequent_violation": [[], [], [], [], [], [], [], [], []], "subsequent_comparison": [[0.0, 0.0, 0.7178990589460865, 12.791997067749564, 4.766389104066416, 0.9591353727224824, 16.86340937574731, 1.761018235202006, 11.029493793936203, 9.135392254186268, 10.238935156245264, 8.617661793719131, 4.30627148069175, 4.624721828672071, 5.185759930185415, 3.936018026349168, 1.783272340344564, 10.204814569941187, 10.486327369699076, 10.33746950508501, 6.000489012645491, 9.179558074734814, 35.61646529765664, 37.180002793682284, 5.416525949486369, 3.6770127162096196, 6.0209200051333776, 4.99271071898439, 4.361117653535468, 3.7425851344370376, 3.990612157279744, 3.3133049266988523, 3.5701577543842977, 2.7834582624698028, 4.209431511730164, 1.7613990254819194, 1.0719490913307732, 2.58994168504986, 1.7781676724091877, 2.684697896674548, 1.1293385984667212, 2.9831850575825, 0.8370180226412889, 0.4320799099672902, 0.4153534914051948, 0.31842077621259807, 0.7026769851551372, 0.5370470154887115, 0.6214137727615083, 0.5327835639180374, 0.2681119156664622, 0.6785653790433119, 0.1687955603752449, 0.09626968141327145, 0.12477228108416522, 0.1962181121948792, 0.04269223342910825, 0.36678569445457243, 0.6149028143004863, 0.3117121698080877, 0.9036653160388257, 0.47441551206083843, 0.47927502624639695, 0.4431740835546249], [0.0, 0.7178990589460865, 0.0, 3.52339592626899, 8.626366589622688, 12.02414166071032, 5.8988100332266855, 7.995555740461068, 7.467166948114014, 9.427239625574176, 6.811302627317157, 11.078038357350819, 3.538461669625308, 4.083922288384406, 0.47710973636951626, 1.110083136985415, 0.6441084330015641, 1.2291633659063832, 2.073714386387087, 5.127342199885354, 4.1922876395991775, 4.896553167926343, 2.8398530216837137, 4.21020645819132, 4.605297453804163, 2.109039424123891, 2.613263292192329, 1.7055140233661277, 3.1868017439795704, 1.438295768546741, 2.6370479131551567, 0.903731322135558, 2.7357221106761394, 1.310666272523395, 3.1986028077723923, 0.707576376759593, 2.7624828986355863, 0.475128910341234, 2.801483555223028, 0.5358388053633, 2.6053004952307024, 0.7325808999413711, 2.8128417820451572, 0.8858463048865072, 2.253152753863996, 0.7516682800364236, 1.6575355212991267, 0.6218693249303054, 1.2751630188557421, 0.8610489788338079, 1.2290274934790681, 0.8148054265216663, 0.7541458959022508, 0.8442323680388694, 0.9708222069839586, 0.6095309480877316, 0.859501267375995, 0.42816003733965563, 0.5259338212444384, 0.6985685983796273, 0.347286060121377, 0.014055974834750821, 1.2564934492139794, 0.09735177184868075], [1.4880218187650183e-05, 0.0, 8.932539032308064, 15.451415053643299, 9.276556534413317, 7.215310570690217, 5.535830114492232, 19.93555588465519, 19.420323351048385, 11.8181632683626, 17.340914625197218, 20.240004688785817, 12.368145019972303, 13.262808620263662, 9.249969603030468, 9.301470524499384, 7.82828059724298, 12.49024480153276, 10.350576439831325, 8.2443246368575, 6.129790788413349, 37.63055868471403, 7.52284780189826, 7.363250468072725, 7.764618282714206, 6.895903940449709, 6.183143029190996, 5.552359082032269, 5.620215608283053, 3.7517084630794573, 4.958877546410501, 3.9462788891089393, 4.552329060960381, 5.337561414522374, 4.920695925854606, 3.5810262376581017, 3.51969040979783, 2.642503144168185, 3.6982672666125986, 1.976500116731131, 4.028479609880519, 2.382637692217216, 4.466560209155386, 1.8181135769672558, 1.790253311105478, 1.454880034909901, 1.6097917950295848, 1.437728365864083, 2.4016281564671447, 0.9523073783783841, 1.1667629533199626, 0.9464948044741233, 1.0030628301339648, 0.818145303513081, 1.8429137675183231, 0.6359205387534687, 1.1841970291652968, 0.22813954370917114, 1.1407063396079087, 0.9274057750985374, 1.0472772394779843, 0.19854359795438187, 0.5802259508540251, 0.41178801615454314], [0.0, 0.0, 7.194412350671869, 15.696646557425538, 9.77892538220897, 7.590599099673997, 17.85014190269631, 16.608508850727542, 21.742366352215882, 8.73590521667759, 18.558356830787616, 22.258321244657168, 14.355468417194482, 15.180011278851048, 14.961935216636707, 17.668236013559348, 17.128072540650287, 12.055682549645557, 11.197610653765686, 11.209002422991283, 35.02147523206554, 36.086739901414816, 5.600001205647942, 6.848533804273007, 6.9966962408785385, 7.642979158103538, 5.057228860782326, 6.230798675461212, 5.385168079008669, 5.570215622039901, 4.703746361068168, 6.723500557090435, 4.718239399615627, 6.462958066696377, 4.940077745392039, 3.6104218000682264, 4.707862705891297, 3.2207277573914204, 4.596739475877305, 2.475862126799857, 4.44227949110359, 3.1771033863924174, 5.200787045528649, 2.006223318116492, 2.5088042367252124, 2.2066289674723687, 2.339931469124031, 2.231925162281732, 2.0089424554141937, 1.8556435797874038, 2.141690847925167, 0.9199897916803496, 2.2773376568634527, 1.2375177539501476, 2.4119275290459843, 1.1057227341366014, 1.8858930086719468, 1.0827627207842345, 1.2801791539426812, 0.8359645131578576, 1.2002623308405362, 1.0271095234056813, 1.5443629519088227, 0.9371055428134062], [0.0, 0.0, 5.863076175402577, 7.904830120128743, 9.963962164530052, 8.120462839843706, 18.26677703053807, 7.780991539117908, 9.912817421758644, 2.8375733818882467, 9.812630236323614, 8.420809705108653, 7.1917869802424566, 9.820283982401365, 10.59560825327116, 5.611946833628044, 4.421177143275203, 4.357174026733538, 8.62634713081583, 8.519907648516117, 35.37538487415385, 8.346263332307164, 3.969170170506019, 4.3511529270685525, 3.125805190855173, 3.7239686321685275, 2.605683369032068, 2.8898651987010906, 3.727175096463074, 2.4541347698481624, 3.280789511804519, 3.1618050122054324, 2.7270890854231578, 2.5826362015741395, 3.4774579082936716, 2.083787772580831, 1.3921621492227836, 1.7891606192728624, 1.6576625681038435, 1.102772871328963, 1.3262556535985748, 1.215984559281781, 2.0201825893147363, 1.0501757020136369, 1.6015119294873075, 1.0891894608232562, 1.0922241342153647, 0.28201745859130894, 1.027257233238638, 0.44199286801080173, 1.0627256443890678, 0.27218200151461025, 1.0408389680117032, 0.4711044496716012, 1.1468797740434373, 0.3581159601289942, 0.7596055678141488, 0.2625776441567102, 1.1393128707940168, 0.07323255149972098, 0.9110008153813105, 0.10490054717231015, 1.1329742777353626, 0.1936956038888088], [0.0, 0.0, 0.7178990589460865, 3.5109174920179336, 14.065488339654477, 6.148076382007139, 5.4978829847683635, 6.70248100936868, 9.020179167607191, 3.6801289148981944, 9.430944342138277, 6.327140565584276, 7.864493829586851, 4.118166897149598, 2.280595021773748, 1.279385415073284, 1.5510282207344024, 1.1925910996053104, 1.2073565727012165, 0.913579751059239, 2.144234469183431, 4.724041539671616, 35.74747188689118, 0.685481499229502, 2.5594687461678114, 0.7828264243159113, 3.230782753806486, 1.6316578534016453, 1.5875338271872623, 3.3837281805298693, 0.9636091996504956, 1.6894949478689556, 0.5228572104805109, 1.6280326018407707, 1.2526167481210062, 0.9489175076243869, 0.8919385255137751, 1.5386776870454393, 0.7835896490346281, 1.888104054650346, 1.0909602478874796, 1.9682643220353697, 1.0027558729996975, 2.547333330038673, 0.8407518586797809, 1.8114240412981137, 0.6488752541512092, 0.575286317391065, 0.342530225995492, 0.1240890900499832, 0.5690621436621939, 0.033895379651823064, 0.552755886302119, 0.02443811680026344, 0.7464739005344599, 0.11626801001972621, 0.6397049306371383, 0.9111770777175405, 0.6488557405057901, 0.40510000803001517, 0.8619830616651757, 0.6298788481386841, 0.6832627006003207, 0.44148074186164393], [0.0, 0.0, 0.7178990589460865, 12.908520827649765, 4.670254162204486, 1.1742866001032135, 12.18271277443597, 1.2768237807454874, 7.363029787548462, 9.118966796246426, 7.855602183351761, 2.7795512745863906, 7.16183670791107, 2.17076710206176, 4.268201762706144, 1.4640696985222847, 1.01175779469123, 9.47000082504378, 8.648405116780093, 6.044027728883981, 3.2724837673204066, 6.388706107706162, 36.62025033511464, 2.9107539482183933, 2.7422460276085223, 