{"initial_violation": ["destination"], "initial_duration": 35.799537897109985, "subsequent_violation": [["destination"], ["destination"], ["destination"], ["destination"], ["destination"], ["collision", "destination"], ["destination"], ["acceleration", "destination"], ["collision", "destination"]], "subsequent_comparison": [[0.0, 0.0, 0.06701248119433782, 2.841034894100364, 7.702598469388323, 3.3244192827552954, 3.73684217386686, 3.92360681438783, 54.63231296593577, 15.429498740503751, 30.671474983928945, 12.657352911484718, 11.978968401490349, 19.185896606154074, 18.25212925377619, 23.69070378197762, 26.869613033434938, 39.979717239625614, 41.709718112508504, 37.49103084850142, 39.59213224836544, 40.07889035946682, 44.38232617541142, 36.56618494500749, 35.257432528132014, 30.8976376120582, 35.3958432090018, 36.84855479961879, 21.45348480093323, 35.89548596911291, 36.12091597813789, 17.067377844832848, 12.835891959005675, 15.977724234462197, 10.424392437143311, 15.279219066504432, 8.23023622245665, 14.794214264549145, 9.088993641708518, 7.55023014405621, 7.630043619809516, 6.548256653732332, 3.1492198090915107, 19.811996346411384, 5.241762843739254, 6.3306114985838144, 4.7995506503829, 6.332684045080334, 4.835182008198474, 6.585643736053156], [0.0, 0.0, 5.371722756219796, 12.103731887605479, 21.77548723166683, 15.071463345437786, 9.237774581507336, 9.492728787712442, 65.77797215367914, 68.6867367355071, 31.714567582017068, 19.190438527915354, 23.798550785853823, 25.807827695421388, 28.7515269721761, 32.38255906691499, 30.271645832878605, 28.686538147742283, 27.39306657570158, 20.395793127230007, 19.940839420649272, 22.488760460430008, 15.65834474976189, 15.422783032187919, 15.960490584726294, 15.375410486183288, 14.30800950604912, 18.69376610174311, 31.472387641027915, 7.258898735933091, 72.78786257648578, 6.62434855967682, 6.7387134074077, 4.812846458647214, 6.742601518927215, 3.475443567983289, 7.589109114681777, 2.810273220694345, 9.196450999875328, 3.798407035398904, 10.763752036489745, 2.8922937069807353, 12.775130361526951, 12.669601379124321, 6.405413218441511, 2.5454312974988706, 5.960789316058485, 2.2258626896577085, 5.248129672217366, 2.1571705849660043], [0.0, 0.0, 5.07139769444702, 8.203736913635732, 4.63692221667052, 19.118866217045994, 7.463761907260003, 15.549805352318332, 71.8184942672834, 17.50378090478538, 20.70549102424218, 19.538094186397526, 24.344437175981994, 26.486912718339013, 29.2904688156079, 31.505208416300487, 32.63753509622061, 21.194354791269156, 23.750300251876354, 20.21987206529446, 19.172005699831903, 20.684327385116873, 15.327060566914433, 13.236068116232808, 11.105543276471101, 42.62392971333564, 19.83915354708175, 12.133155467738359, 16.74171143415044, 16.905713515499354, 26.861703134723676, 43.363427458654094, 8.173267934101181, 1.536468361418097, 8.104802094359862, 1.0970127187204115, 9.581180538293701, 1.1333080057831724, 6.300094257400096, 4.3659021820352315, 7.670327166652358, 4.775365395603344, 8.873428866792812, 12.567316479412508, 8.07198459018267, 1.4521379889988968, 7.489239023700339, 1.5987247689629613, 6.185744277516792, 1.9274622350064976], [0.0, 0.0, 0.10619896881180559, 0.27842383206910976, 12.551971117760198, 0.44385529391838346, 8.856453969936942, 7.926072906279153, 65.22134327654577, 68.11043878958232, 53.2462104846731, 19.461085349593244, 24.647442294798964, 26.59631093810397, 31.97477566649997, 34.293000983568085, 36.83750581030619, 40.089280816715615, 39.1459341180295, 37.43552649297511, 35.23458985137856, 34.83662185493875, 40.36153819538281, 32.02498886971689, 29.848059283799355, 25.7690606345277, 31.359627069686322, 26.88103790087531, 15.853207439776057, 77.80578480673049, 52.3064945853546, 22.824513961039184, 8.837520553956827, 5.618983312762979, 6.585478977987819, 4.998732320857312, 6.841820310283642, 2.9494226670957433, 6.7098021425989325, 2.925270639627384, 9.34550605987618, 2.368218958872426, 11.122327645085598, 13.675643892405914, 7.690951019014679, 2.606646876853234, 6.566987889288106, 1.5874176288917028, 4.830052317283814, 1.659132309483113], [0.0, 0.0, 5.017377225638315, 7.7127900547674715, 4.649821145643711, 7.796979340889367, 10.6292802339476, 0.42355635459437635, 59.11889028888396, 1.8337571438707254, 12.226129266073002, 10.644304405903936, 1.5325831558361571, 1.743855363504106, 1.8501147556191888, 2.0232133239675534, 2.047653265353414, 2.045484989662948, 1.9445722465916955, 6.314971429768781, 11.00344330006935, 2.4712333801405073, 9.305611951066346, 1.840684584333147, 7.286747591850434, 17.997530862281877, 11.082215362361804, 5.767569217953465, 5.503901217987211, 1.1024838179804335, 0.7997020188138138, 59.56288295921523, 0.5777080161753992, 8.12100047383435, 0.16288347368017875, 9.055102524671067, 0.6352177737302962, 11.393027724576896, 0.22035839429767212, 15.348937482549879, 0.642469493767187, 7.512458629283554, 11.452140219576412, 9.034868645665018, 7.353531830357271, 5.81278030430331, 7.093553577257712, 5.813384502524714, 6.796644621599919, 12.661124349959938], [0.0, 0.0, 4.981247975619301, 15.28026866646053, 4.4336237357556, 27.310542851654972, 21.828625203826068, 17.247038400106838, 72.87584665625644, 32.25508395511188, 20.78921080737209, 19.97130453344876, 32.16742384701516, 30.491076454757817, 34.172046303186946, 36.54045336222439, 38.90514399340155, 26.654664313056134, 25.515112612388695, 35.14634791067227, 32.905913443621984, 26.278638383315627, 20.206372068430916, 17.82571856622496, 16.43790166483566, 20.42839887622126, 24.444675928615695, 17.744461568390815, 21.93917873342645, 53.50167109584346, 58.71868369709518, 24.16790705766711, 6.298554258442824, 4.8020195432607276, 6.650755208846015, 3.6416651082574867, 9.005761670271863, 3.9620403480120463, 9.878131279370375, 5.439131341201114, 11.28719323286945, 5.452240055832675, 12.90701892812997, 4.580521632697289, 10.175995855932472, 3.5120859927144674, 8.484652361939167, 2.3435592700471717, 6.769040472722073, 2.2035986065093547], [0.0, 0.0, 0.05453251490138335, 7.894647996067238, 18.830812744377354, 8.143766888406082, 4.425974825107668, 3.848049917613808, 2.8597035983899417, 55.70498854450187, 42.607805158175545, 7.28005996342737, 12.911252133631512, 22.05239266028679, 22.104940181976342, 30.451246607254745, 28.575507897078943, 58.627066388386076, 27.789169001681937, 55.7696126391103, 65.34772847874056, 50.30712601956438, 67.68216760211892, 65.66405142108185, 31.578588337779895, 42.272074888224374, 43.8975394188117, 56.66682707461592, 56.88269549311121, 44.716208646337165, 44.60465156686994, 50.3226558126067, 46.78653168177994, 47.5528542615503, 37.82668662019179, 41.29448582043033, 31.002174234835422, 36.23717623074293, 24.43046592268489, 28.471834016367737, 22.20618890840179, 28.44871194192084, 15.682455146446461, 26.81248777967104, 9.193518745086633, 16.814076516700784, 8.611492362417357, 16.10761850647729, 8.431868943046357, 15.559175342524954], [0.0, 0.0, 4.9980942711799, 4.7644823694103255, 23.547054233766264, 3.493733765893348, 15.028696037007192, 0.17249499439154253, 32.44456583251323, 11.101465150869512, 20.37893730650034, 15.42218446035062, 7.884875806969262, 16.896728256162202, 22.974765260715838, 28.699854031144294, 34.9839540404657, 69.33521777170948, 79.50992534738003, 78.26158643840796, 82.91445211398829, 88.29300952730118, 62.411602945166436, 63.39102060115768, 52.19004885401545, 53.44703972871192, 51.086490931515776, 74.51555577269238, 67.41119657196481, 63.34723940348982, 48.40187512469191, 61.97519079368298, 54.57754208746664, 53.488996375240994, 45.85055696737761, 44.80114486681908, 38.245887721615816, 40.2752662175365, 31.444651638296136, 34.123269302367575, 26.148931537656257, 30.908247081394244, 22.87405779388357, 25.98610546567916, 12.169078781764208, 18.034177721470286, 11.966076878013798, 17.904573700359652, 10.493929259741353, 17.114296253127343], [0.0, 0.0, 7.416330256802488, 8.056699241771277, 3.53042227610393, 7.900645469104167, 7.122426486293575, 8.052614520179196, 76.25455994618048, 