{"initial_violation": [], "initial_duration": 35.970595359802246, "subsequent_violation": [[], [], [], [], [], [], [], [], []], "subsequent_comparison": [[0.0, 0.0, 5.017544014633189, 2.833660161608599, 7.980138321475175, 0.2393358905294897, 1.1610931208737105, 0.13784008205226125, 5.803209898243362, 17.040242990599104, 4.78582657481262, 5.084712178118713, 4.384359310403231, 11.492514450064695, 1.5083598845176989, 9.587709148519458, 0.2888763544256494, 5.64575052682336, 0.11618921805059429, 5.794136004010038, 0.4503700363562396, 1.977666014750481, 1.9558742082747347, 3.0710860836347824, 9.134903782555812, 22.384282569160945, 9.153499885679052, 19.176191391998753, 9.66741844408682, 36.08526972900279, 34.803810149015156, 37.08041121637852, 8.806590734464898, 15.331864321429004, 8.377957737174006, 15.197781555146967, 7.48174808510874, 14.250412784379366, 5.699962428619992, 12.882287031152824, 5.2773720317753225, 11.509929520612786, 4.333802092616985, 10.300986225822461, 3.7772598198874343, 9.464251083980905, 2.6891204404061972, 8.522501903214012, 2.511781830167587, 8.662353664658282, 2.1417480172607077, 7.389223116062654, 1.830557129077713, 6.139587409532811, 2.1816508635246783, 4.318509751185494, 1.6424875579081493, 3.74287767430145, 1.5323867842928944, 3.4840176211409353, 1.2138237593964096, 2.92530618871757, 1.2800271673054475, 2.519059799497439, 1.2601844438796808, 2.048752054369221, 0.9513385845293015, 1.7577192786866283, 1.0290681699144124, 1.459287812904373, 0.823826256848697, 1.3616736182795186, 1.0940346880400813, 1.1877539960874435, 0.9388960808894216, 0.9580903271351408, 0.94721496867199], [0.0, 0.0, 5.014048186078574, 2.841535246834567, 3.1769272834103126, 0.33759449167785044, 3.8732374577497706, 0.6619485989914412, 12.140177954407317, 31.45011329735138, 19.189770177066933, 17.979093168525765, 23.94938987195637, 30.131499495587423, 19.1537744832346, 21.80736764863725, 25.176201444097956, 19.432414372952334, 25.29670621880259, 5.397989180835684, 0.264016213712034, 2.2644401595468007, 2.3907349390233037, 2.3835963398445608, 1.8089416788036874, 3.957371860041631, 2.3514965180682537, 1.8025836887583497, 12.270659838434927, 36.880059876789815, 34.49735010855966, 37.239206195761994, 9.374299707425289, 14.605233257334943, 11.497967352342354, 13.680127655305666, 9.324420811373686, 11.547812906467767, 8.19226239681764, 10.413137109154201, 7.532528561990904, 9.221011883703975, 6.793662172684784, 8.422326978022515, 5.654921878577992, 6.736664678501155, 5.091504965462665, 6.046495503938371, 4.931743491329304, 5.586113310076507, 4.126176861271758, 5.013235082106837, 3.1124587401631576, 4.973892235850236, 1.3419244839979776, 0.5313390157721588, 1.062872554798302, 0.5998400467310384, 0.9264392446668032, 0.9768315771378122, 0.7931621356014674, 0.927849823561697, 0.672635741447402, 0.9994439947688429, 0.4865608669801967, 1.4825684319034813, 1.6440995430428706, 1.233715773716512, 1.4113210278020771, 1.0622595705537736, 1.2067392342252667, 1.069376221998258, 1.1027043618110932, 0.9232699234010766, 1.3424750298639727, 0.7136044750034455, 1.0244521892238163], [0.0, 0.0, 5.019122099498735, 2.895784305545632, 3.4925478791699582, 19.329780643206455, 10.324618811114131, 19.621425964145757, 12.608532073332519, 29.439628380415748, 14.525086963932337, 16.485379234292278, 24.443100397905617, 29.525513856820442, 19.796127732066623, 11.767863621016373, 3.1325303991412317, 8.812205496622644, 2.833940761710627, 8.877434404290065, 2.4731473463106477, 6.669845923730872, 1.7387168189617075, 24.162713841955004, 8.648184129801708, 23.76344988739905, 9.407931050411664, 21.74069608203341, 9.253295106032457, 37.693871469660756, 35.126195310974396, 36.53114704208947, 7.194516348369776, 16.506981937414878, 4.328440458300573, 15.231685181514546, 6.619477412998618, 13.928539011521647, 5.529302996900121, 13.399692364061197, 4.060541400969158, 12.327056594667663, 3.027886383274547, 10.790852634634765, 1.9835036105657053, 4.183808981681655, 1.7891777330748972, 3.690093554499404, 1.6720116133004883, 3.4628848715400773, 1.900449526826933, 3.0731309690332878, 1.5828868149458901, 2.7810958536316206, 1.2861114063804724, 2.31911930981039, 1.4773467149323238, 4.147223277667931, 1.7766488298651975, 4.089029148444347, 1.3306946987424937, 3.6208065785372328, 1.2730094445982778, 3.0968435541870583, 1.2539912721438107, 2.7441383407279902, 0.8325853068114165, 0.9179827215152537, 0.783276105706921, 0.7700819976398222, 0.23415361812090207, 0.8788023866766759, 0.18327038987305494, 0.8711146043038791, 0.1406840389148708, 0.665328873921942, 0.1441823041028894], [0.0, 0.0, 4.887170527575615, 7.740840839229976, 10.34802720015539, 18.93644025334261, 17.599774210813283, 24.797338927314744, 13.848009859288549, 28.83983427957796, 16.36482177452269, 15.4568594139206, 21.26888576589062, 27.789041314908975, 1.655050324302907, 8.226692241596874, 0.253210336459641, 4.008247919623239, 0.9762440953476687, 3.359854838232174, 1.4188932588062888, 1.5651232508523554, 1.114692010597283, 1.1562090059708756, 11.323199229253918, 22.15765884809821, 11.2964507138707, 18.763061615560922, 12.128196713853361, 36.90079555024646, 35.31203911070315, 35.87234608010034, 9.360714577237927, 5.04135320470036, 2.7188035803785877, 6.302264865671484, 2.199700710803605, 11.398474529376825, 7.666325698112469, 11.134758388541671, 6.049746378100302, 10.60587700101397, 4.376987007534733, 9.72008299273463, 2.9677169535948114, 9.05914393940259, 0.9256060713688287, 3.6814360625028875, 0.8473872900231749, 3.9570293014413522, 1.1816331477292283, 5.722887038803951, 2.879349729149815, 5.785809707435765, 1.3978292628395064, 4.980837014041559, 0.31179360206802975, 1.7319638839717193, 0.5185477632586913, 1.85462714569742, 0.5817232868724592, 1.66553937840354, 0.49705564482071585, 1.5900490805354752, 0.5337540625921919, 1.4150362696723722, 0.59964102993458, 2.2945977622935514, 1.1715080751549338, 1.9324631994175197, 0.8915506712906605, 1.922424263614844, 1.1426312057408723, 1.7061453975049223, 0.9584593185634775, 1.5994668542529062, 0.9595101578491877], [0.0, 0.0, 5.020516046872733, 2.860706850950783, 7.881503087618147, 0.01516074368986754, 3.893438957013013, 0.05299274352278468, 5.748592455759448, 16.6695407004615, 4.6070556544548875, 5.593429457505927, 1.6439463288867486, 9.743009105899176, 1.382098769885517, 7.862155467613067, 1.6603560080886708, 4.152354958242376, 1.099186532069878, 4.551992215813675, 1.2298989739734767, 2.1332262614488147, 0.34956875939385856, 22.30808144759617, 11.185027005157862, 23.64680865503667, 11.247730660544148, 20.489986792253642, 9.692791150905164, 36.13687109059513, 34.76251710349503, 37.07325755188404, 9.39832285573576, 15.092602677653694, 7.588328039086842, 14.18340447354183, 7.311609837868907, 12.518359767987524, 6.222669912407536, 11.668818554397962, 5.71509868724535, 11.140868447651444, 4.8570206035318595, 10.139860045491782, 4.871047860889804, 9.0655328684248, 3.6715195124071838, 8.317729399533384, 0.12457809985738537, 1.7589025705366221, 0.3617283227372187, 1.1759507951279937, 0.3412687876928312, 1.199396355553862, 0.023781410109240786, 0.5089013685636823, 0.15021687914251694, 0.5731078032397322, 0.2977697723528469, 0.8748626048185397, 0.14760179175436433, 0.8347335119560619, 0.4235075426400941, 0.766196808822762, 0.38126697073593496, 0.7980485855020429, 0.3175777709454312, 0.7004651848686804, 0.2872954058624712, 0.6473099233653634, 0.5338536978019911, 0.7810641037771615, 0.4275876236409437, 0.8841823573293249, 0.38130115043206453, 0.5741388936840534, 1.0337306712026098], [0.0, 0.0, 5.004057018374296, 2.8309140912159414, 4.982684049968981, 4.897741459949463, 0.4590828722487496, 7.769786274477953, 6.1872910987416665, 11.354246856269283, 0.39944609844781837, 4.463295194003713, 0.3956783012608645, 9.86619842338818, 1.7260972249955204, 0.640617076370276, 16.528370282290467, 0.5417208553592678, 16.347201958279495, 26.537559674965188, 15.400847946607099, 20.841704597212505, 14.124141050180452, 24.21412525945247, 