{"initial_violation": ["destination"], "initial_duration": 35.789857625961304, "subsequent_violation": [["destination"], ["destination"], ["destination"], ["destination"], ["destination"], ["destination"], ["destination"], ["destination"], ["destination"]], "subsequent_comparison": [[0.0, 8.231806349783991e-10, 0.041709397028197634, 0.35264264724121663, 0.17660077307822292, 0.8196395754602676, 0.7657486473986416, 0.07929100978599593, 0.4216417892411643, 0.06137531039915663, 0.37214399330758136, 0.2889577578269112, 0.6020893495126467, 0.26023988608712073, 0.036897245586908274, 0.03171085976097459, 0.08898613163765529, 0.06619171419072113, 0.1899296001920769, 0.15449638879194325, 0.09668945000445874, 0.143048645234858, 0.07230581331511483, 0.14589689781786552, 0.11076218082396126, 0.0988037823234296, 0.0577724670150083, 0.06810174539018628, 0.13319919342237238, 0.10761697900813477, 0.11305995533334877, 0.059762460343230565, 0.021216173766587593, 0.10937841378300693, 0.10711898410207189, 0.11352522272672859, 0.08994622490770594, 0.0937154280802046, 0.08291410394992182, 0.10551887764998621, 0.1360679434145763, 0.10737908500650518, 0.0843983055142798, 0.07036251277792718, 0.06626360769568294, 0.07683720325047753, 0.02842921053562636, 0.06215507999967063, 0.036462841564939785], [0.0, 8.231806349783991e-10, 0.06133768505678247, 17.327932532409193, 1.4133803376581937, 0.5794915391786392, 0.5922412186487668, 0.0879746798665, 0.3463987111142423, 0.14149873140815608, 0.10062420408954231, 0.07377315622157554, 0.39557980716811575, 0.13860572783334313, 0.40295510797301237, 0.3992212202251534, 0.42809707001696984, 0.32045706549311936, 0.3101938008867878, 0.2649249587810902, 1.018699044829765, 0.18692802560044086, 0.16151786218741698, 0.14856907753974166, 0.196778485675577, 0.14723433156886645, 0.22943406574537187, 0.11030293421830235, 0.08382961144476536, 0.1043043646752806, 0.07315034427372333, 0.09915440821138174, 0.23372299734385182, 0.09205762075526687, 0.22689399315359626, 0.0944119532162899, 0.19139090282584637, 0.08152568536257555, 0.17624701617599997, 0.06760586853039476, 0.04058750834504274, 0.021787367441982373, 0.0399710357986826, 0.03926033090613079, 0.009872038919398963, 0.05348822279662726, 0.015178587178338534, 0.006913171363073219, 0.023951406734061147], [0.0, 8.149072527885437e-10, 0.16866961177169554, 0.07935615182683203, 0.40583446781926985, 0.45795149651035744, 0.15148411489904695, 0.2111890032554404, 0.2253925552274753, 1.138637105324013, 0.6507394345973679, 0.7222904363339688, 0.054351763340699515, 0.2638239094929861, 0.16426236537176236, 0.14568482976011135, 0.35373779651779325, 0.2704808576092295, 0.344135248400815, 0.2214538124828852, 0.3950609954922135, 0.27412222277366183, 0.38311301643619444, 0.09110685562284504, 0.23590453307114587, 0.10961367894140303, 0.25812095895626547, 0.05917881879544698, 0.2893822984813223, 0.039987190685218846, 0.25931762552364457, 0.047622116723060735, 0.25780364624956353, 0.0550860521335441, 0.258374802179147, 0.09671809252552373, 0.16363454970305205, 0.09777269922770551, 0.1669719227068071, 0.10004378621133825, 0.11654298451532874, 0.05422873029709939, 0.06545448592911618, 0.05062280367904761, 0.07625522021148452, 0.03872358373966576, 0.06148123222002362, 0.03597800622927728, 0.05119158178356248], [0.0, 26.864970698572005, 0.15857797563788723, 1.5411060506721637, 0.10606472837914159, 2.2067957573810424, 0.2494594621796087, 2.2280258370803856, 0.24982085029696127, 1.1993583227293936, 1.3211287850496296, 0.618490036225299, 1.453970705374798, 0.236893686369759, 0.5897537370635946, 0.6777690597233346, 0.3403921091540033, 0.6923676173309639, 0.265567259350556, 0.5512874905306783, 1.0687464552259063, 0.5190417863526109, 0.16999223060678598, 0.5145218480680694, 0.11038828576615257, 0.38001250992429186, 0.09367003818747303, 0.3580074456497974, 0.06746754387432172, 0.3174626706202843, 0.4460982224230484, 0.2248493391232479, 0.44572878543924377, 0.1883781054242631, 0.06553898592699932, 0.2705884142550384, 0.04153433021926393, 0.2501506967374771, 0.031813713448189646, 0.2276833680542103, 0.18655044406183405, 0.12860468146507475, 0.1214586351272683, 0.10704816690377957, 0.10902553477039219, 0.07446173263268624, 0.08917970847121294, 0.06906586538902916, 0.06882611059573264], [0.0, 0.0, 0.11646273061642774, 0.2674489279652621, 0.10213223469510226, 0.4356416822439371, 0.2575263855927699, 0.6066446236519312, 0.38542011851697283, 0.05743326995711281, 0.03805136154561104, 0.6413524114278899, 0.49795800648511745, 0.45333237951881883, 0.063377561329339, 0.23141164258549063, 0.20071229971350257, 0.45340774783057924, 0.2503496146604381, 0.369099198628591, 0.14434240150512434, 0.39461932814011175, 0.1936186441197879, 0.26338961447108933, 0.18041351842392725, 0.2426917665196341, 0.09771397396990623, 0.20544937799500934, 0.34422061219419303, 0.16604691165372584, 0.3282293417450679, 0.08834398719122645, 0.32890081258871545, 0.08210802134398905, 0.33163905250192305, 0.16593231686912321, 0.04834675211500895, 0.16319002364699586, 0.057223950093909064, 0.15272352459658078, 0.1508412397045363, 0.08811441237601583, 0.09051631152830411, 0.07446079140107852, 0.0851084410915709, 0.049227289417605964, 0.07380061366683412, 0.047241579919870935, 0.05628431962304873], [0.0, 0.0, 0.04364908920942026, 0.45854698698347196, 0.23097210120149525, 0.6744133333764617, 0.9973279866719197, 0.724864102403759, 0.1197506592522641, 0.41757417609103614, 0.35423913000186014, 0.12348681700575073, 0.35570823327068013, 0.21273396490701668, 0.6463991032432577, 0.3975023003755983, 0.035327445947718125, 0.4427943390441151, 0.15097917568615246, 0.18939331640893967, 0.05523523203903999, 0.12461186137748573, 0.03542088324327941, 0.14261704334474173, 0.08437096236074226, 0.06384419526126839, 0.012041299889426677, 0.15970194627348816, 0.15508550913954913, 0.15570636944237234, 0.12611977334956748, 0.15200838090137597, 0.12593901596264429, 0.1422957385992452, 0.02131540150904656, 0.03654920821706764, 0.019709970185712147, 0.02671506591302992, 0.0155761013311487, 0.012459935341072592, 0.0022634291309687545, 0.009626517068268899, 0.006645829960407255, 0.004193998956783974, 0.014060668352592622, 0.012618177895429173, 0.00726535542792599, 0.00213665349941348, 0.0022505365711130154], [0.0, 0.0, 0.060690215785395414, 0.6428606082739989, 0.2905005049957493, 0.7241457801406729, 0.9448428834856529, 1.025177289693362, 0.756222930112322, 0.5957252631661547, 0.6389386449832385, 0.8753172600504411, 0.20298040247487706, 0.23213117906007577, 0.5351484914936621, 0.07413961816048736, 0.1433932351179902, 0.15622723557917192, 0.2517816663112045, 0.2574191234825598, 0.16755910651908842, 0.3783241684766848, 0.16013568435609624, 0.27520242573303727, 0.14871361667222693, 0.24924839078072425, 0.10682133364598698, 0.21199601626187634, 0.09466472359719307, 0.1822459355281919, 0.08568347879146276, 0.18222217936768698, 0.08234183378375717, 0.17697355411029284, 0.08335767404071799, 0.18402551244637153, 0.07022372231070154, 0.15659135385697706, 0.05844453088840969, 0.13767205847836192, 0.1325292359127997, 0.086337308495845, 0.08432364203982506, 0.07091722243001264, 0.07709333911698421, 0.05315124904294533, 0.06431797031985144, 0.0465555937508126, 0.0461832431715851], [0.0, 8.149072527885437e-10, 0.11021448055105157, 0.24402553826122889, 0.09404137602350876, 0.4757338425149746, 0.12492380557984493, 0.6404885505659818, 0.7154193587234129, 1.0596886325569048, 0.8646085606276744, 0.9598052953728413, 0.40083950648254535, 0.47876158293862126, 0.3338544275623428, 0.07489654105312633, 0.11124638856563425, 0.30248940212478964, 0.04454469793991283, 0.20746051945673127, 1.0441398127549706, 0.17268877475021666, 0.45087037158790766, 0.34947554924863117, 0.3993162467917809, 0.32005164441439204, 0.2975364740490945, 0.28297728048429455, 0.28312862334356464, 0.24840721597739399, 0.23692947306814932, 0.24737109680879937, 0.37337437832293635, 0.06544120175552827, 0.3651741867148672, 0.23614628555306663, 