{"initial_violation": ["collision", "destination"], "initial_duration": 35.74987721443176, "subsequent_violation": [["destination"], ["destination"], ["collision", "destination"], ["destination"], ["collision", "destination"], ["destination"], ["destination"], ["destination"], ["destination"]], "subsequent_comparison": [[1.9756335239481576e-09, 0.0, 2.146592470186969e-09, 5.979229759944157e-07, 1.5456404496450661e-06, 0.31151584367585416, 0.6302938353594322, 0.35685857055206377, 1.0780801133043518, 3.476533627830772, 3.465335805738747, 2.248087176870507, 1.4417879887643372, 1.9886423410065346, 1.957555089345175, 1.9080659364937842, 0.7066999032806215, 1.6893009062933806, 1.2125003053872967, 1.878947896121945, 2.0979044871211627, 1.2096153637339326, 8.14720225144741, 1.4121700437314932, 9.478120701514847, 6.732812649729867, 3.5714899551562613, 4.884157983372738, 6.213592525481532, 7.718576605114301, 9.32209868691791, 13.899019862492317, 10.756433292743244, 11.168260878524961, 11.260650516192337, 6.858794970531404, 10.751705694107098, 11.699043810845419, 13.183696285771848, 8.751352907747126, 6.931583227423056, 7.276788762932995, 7.983408470675777, 6.310180829976082, 7.441928344326005, 5.7864851269366016, 6.1541227693459915, 6.214370450005135, 5.876461920652583, 5.87645990594605, 5.829572454727943, 5.843054447465995, 5.765651619796279, 5.832614797516632, 5.691010613922286, 5.6942883151685315, 5.23091719517305, 4.613883983489967, 3.9964538847860904, 4.495397337426733, 4.3897223484013255, 4.324504905343836], [0.0, 0.0, 1.8480359421097143e-09, 2.2359016564533113e-08, 9.578717480645823e-08, 0.038240123231920484, 1.000402511996839, 1.579948043198262, 5.852839625799917, 2.109268098999445, 9.305360256950305, 1.9431712026637582, 7.1843467426479455, 3.387586373138252, 4.86584999356372, 3.4645903604150234, 6.419474867563356, 3.4283912673383754, 8.02346666108788, 6.10880454978581, 8.896919808595309, 15.830046680652364, 11.420117902261294, 8.440956287839796, 7.018008539866338, 19.243921551510127, 5.34206171690343, 10.171952124120429, 12.347827141502796, 16.868968187802594, 23.452510383945775, 19.87818984569329, 26.979761653993577, 30.366664226074832, 37.22809531451575, 79.98783888745812, 46.57503790454191, 27.705092503066624, 30.659325595957707, 42.26869114736914, 45.86809101333352, 44.58310604983173, 46.740212162498736, 52.649904063832764, 49.737199344542645, 55.611273931270915, 78.3603149630834, 78.3603149630834, 81.38217787546002, 75.75542500599829, 79.63784553468867, 77.68069012847555, 76.57267570039922, 76.57267570039922, 72.28004653240643, 74.14965844258654, 44.60842444235985, 52.19438825985702, 41.93599231903711, 48.572889974455, 41.32908603582664, 47.63981587992629], [0.0, 0.0, 4.799926683327254e-10, 1.2191524753944348e-07, 9.289340307794032e-07, 1.7263969293868064, 0.787242901329445, 1.0355609678765507, 1.0524026170940532, 5.219213930596003, 5.289918525669953, 1.0432201830637453, 1.2646841937246323, 5.1548793078513, 2.303689331458819, 1.5154268977857022, 1.9832975151302406, 2.06622486960608, 5.8464109565568405, 1.5668718715666168, 4.901050579593255, 1.6775305767316897, 13.956147182731167, 0.5839542744583817, 10.532509239827839, 5.246835228510185, 1.5688113229006708, 9.881431473374473, 7.985889236670778, 4.730811269913382, 6.854994284841458, 6.059859123925448, 11.921295064545985, 13.797912703168793, 13.580770142951783, 13.117951489734345, 12.252840857619795, 10.470538899941943, 60.351490230197, 9.203827852781304, 7.99497885989205, 8.269277892818053, 7.070851623665839, 7.335089144818827, 6.46307114637958, 7.381418228018109, 7.3816086543988995, 7.3816086543988995, 7.381624012956883, 7.3814489448422025, 7.381814440437385, 7.381639372471144, 7.3820048693774405, 7.381829818883729, 7.382195316125429, 7.38202030641853, 5.5635375845266895, 5.674335472345284, 5.249842105283665, 4.824295201584466, 3.9556636457713616, 5.205440921828189], [0.0, 0.0, 2.162318632589503e-09, 1.605745445515125e-07, 8.820873975832553e-07, 1.7621992327549119, 0.480831589108271, 3.6268360947707254, 0.745767998954555, 4.812399587709155, 7.004210966325187, 3.9091155377005182, 3.570614457440588, 4.734797045493405, 3.9895813224503476, 1.4458575138691274, 2.4937503660167564, 1.3083230981401783, 3.1242056698482568, 1.9470763875952146, 2.891363972074085, 14.578784697501133, 5.945635610319253, 4.956141224744337, 6.447416319277358, 4.283072331516208, 7.03261059885762, 8.053832365514973, 8.525586925968632, 9.13983913352627, 9.86945060803846, 12.82087947714403, 10.267450367229392, 10.478889774638251, 10.623307673733818, 11.64323114145441, 10.772349118520049, 14.013079624749196, 15.096461847026097, 12.534883115063774, 10.668601479488466, 12.31468409688356, 9.52182206711651, 11.76609218394861, 8.675542455393202, 7.7695257729128615, 8.22173856503309, 5.705183276209106, 6.509548060077895, 6.1671008659748585, 6.4552094233611, 6.7737163968382745, 6.518877137829676, 6.266254061082004, 5.2930023551188174, 6.2001774877883875, 4.4322968137427665, 5.009059588872071, 4.337033486319135, 6.057480445623484, 6.006845686615631, 1.8076010701989953], [0.0, 0.0, 1.0920725203639431e-09, 5.3649530891506746e-08, 4.951362338893331e-07, 1.7264298003941947, 0.49464670044767783, 5.8717655176350645, 0.7013607088202801, 3.0017274680261887, 6.137969063843403, 2.502156513051609, 1.8075854214926748, 1.8101184810977249, 2.2770053326044817, 1.9535238785146953, 2.6678504170216706, 1.9008236158100686, 1.5431537967633795, 2.3870421416541947, 39.771871052770415, 2.319906298077693, 2.851196579419232, 0.6365534664111927, 9.078837701320627, 5.776554957636312, 1.440796728931307, 9.945968976458834, 7.190269047114916, 8.11310804055896, 9.291761570621889, 52.532003193928894, 16.879464157120523, 19.03681478667909, 20.843931572235554, 19.894377928788483, 19.124115584327708, 17.16438748979899, 11.405933947993445, 18.257669655055043, 18.3523556886622, 20.359027358098494, 14.990216847653187, 24.067933992212833, 26.142064566490735, 31.203123071046512, 102.44136959060621, 112.59683677269965, 95.32668405756404, 73.35215992175803, 78.39878990540623, 77.76250061079227, 73.28087849900093, 76.58411038280822, 74.02597807952085, 72.92284678270731, 45.22530981258512, 42.13843152461255, 42.46286087553301, 44.5447503434827, 40.42253540705899, 45.25484301284569], [0.0, 0.0, 1.7846130901896268e-09, 2.5297362836312816e-07, 3.3455450499096367e-07, 0.9891443170325933, 0.1984027964191432, 0.9622227287593077, 0.6866575381526602, 4.665869543188891, 5.38868065578137, 4.2201102659622975, 1.4398937488877506, 1.6976138982892157, 0.9236111707284399, 2.757659294150292, 0.7071555379496577, 1.7605092590493925, 2.3382000333513737, 1.9747559742585648, 1.4347675558103474, 4.323779919240473, 7.870524020090352, 0.6449115483170984, 7.477408108057893, 9.20876493683268, 2.8203115444247553, 3.3553798561260595, 6.959348237378025, 7.117337834923058, 8.060611674401194, 12.352305404649904, 9.040900212585628, 9.342270502521657, 9.434444034572623, 46.36440547192157, 51.83642826391352, 10.342535141483811, 18.610918313038958, 7.898353058754494, 6.447427156371896, 4.779990811880707, 3.9113020278268, 2.22655954849966, 2.5408930690164926, 0.9220887495709242, 0.19723946388329308, 0.1941445798625637, 0.19415227253412443, 0.19415227253412443, 0.19415996267831492, 0.19415996267831492, 0.19416764879799545, 0.19416764879799545, 0.19417533244941612, 0.19430556048851128, 1.631055194620532, 3.0250993882154766, 0.24403448735981598, 1.2066988241178296, 2.313868627620155, 2.8411780486128424], [0.0, 0.0, 1.6586630196281483e-09, 6.16681529862644e-08, 9.075345377811498e-07, 0.7401708196246352, 0.20484072436934547, 0.5174551082701005, 0.8833622293164389, 3.5287652529799227, 5.393887871038604, 3.922944513752252, 1.511770538236848, 3.287010175456604, 2.6377263370399042, 2.786723780079447, 3.0803267976172033, 2.303595235417542, 3.8207665309600003, 2.973222890069404, 49.36060932546308, 10.593002079526173, 7.574762447415795, 3.142987519388733, 8.182079221027509, 9.049900995040142, 3.0267064556660435, 