{"initial_violation": ["destination"], "initial_duration": 35.77877640724182, "subsequent_violation": [["destination"], ["destination"], ["destination"], ["destination"], ["destination"], ["destination"], ["destination"], ["destination"], ["destination"]], "subsequent_comparison": [[0.0, 0.0, 15.746998904705851, 0.1252666051996508, 1.6952932177967273, 0.5561076904296007, 2.9259132723810604, 2.2525639276002094, 1.948755505551707, 2.155286287877382, 1.412440027957754, 1.3744177361060825, 1.4846537781135165, 0.8978959572683443, 1.3120337580388601, 0.17699635594712018, 0.4418612561371086, 0.059750518707701705, 0.3064169287154775, 0.10851311198963977, 0.5357476143968749, 0.29828343487125053, 0.28166054970371596, 0.15513052857063275, 0.15642574376657628, 0.08486286618414504, 0.09437488394773834, 0.05689785681671735, 0.047514754821792, 0.04867203975338539, 0.007474075513270048, 0.02048773790197263, 0.0020613979864090516, 0.04286590158009541, 0.03726566696597189, 0.017308868389284776, 0.03320583967570368, 0.025180560623518623, 0.0036949328840729656, 0.028328193550355447, 0.004077921786840816, 0.025905524420650528, 0.025464459476783618, 0.026667482854456165, 0.02577204472318859, 0.03339954584195246, 0.0030389443425293725, 0.012706219247537858], [0.0, 8.149072527885437e-10, 0.019266970740722228, 0.11379334667724417, 0.2907618296671726, 0.7124504629821989, 2.7009118677807713, 1.3488854845317302, 1.9323783808181416, 0.7188355980243787, 1.5078313275417023, 0.6139275488282614, 1.1001892942552929, 0.7377380163027643, 0.7024297581150204, 0.6463498887283586, 0.6021184806742098, 0.4078679311095396, 0.42412856190975035, 0.23198579703244596, 0.32295764823512685, 0.1423731186215727, 0.2188018955441689, 0.05404689822594782, 0.12286900259477154, 0.04516102281588875, 0.08111405956332296, 0.020099138024480146, 0.06782322989026476, 0.059000987674822494, 0.010491659691811487, 0.025443937761710833, 0.011701466308586537, 0.05284832251936531, 0.03887269506197407, 0.02552692332725741, 0.009127141519836327, 0.028467981377784637, 0.03169798866979582, 0.02787222390511258, 0.005656598717316964, 0.03170634204538621, 0.012459963415672543, 0.011095066478656343, 0.034788914674283355, 0.029490570866337364, 0.026575406719266705, 0.004137095636960996], [0.0, 8.149072527885437e-10, 2.1304112547295864, 0.21570994546292743, 1.4381605261311126, 1.2213824292894453, 2.9196769756312198, 1.6438617069561743, 1.4952244565120982, 1.6513577725186117, 1.310131059831606, 1.1451367885021049, 1.0940959000752444, 0.9286834685536665, 0.7743603872583722, 0.893878940757481, 0.5297446470591821, 0.3506717844307864, 0.5171107511103576, 0.18270519875112717, 0.40267498137585733, 0.11902449622406516, 0.3537398783017884, 0.048402980366429725, 0.26580318521338786, 0.06715847438318263, 0.048652887853602375, 0.05447708604857667, 0.018728371808144705, 0.07187926341410832, 0.04768348266212691, 0.022731299325816693, 0.022117065669569176, 0.05039006579783378, 0.009344067075243972, 0.025919554391706116, 0.00808763036792028, 0.02897832373549188, 0.006052225603952065, 0.022998444404864704, 0.031482789917405815, 0.008254265258362448, 0.025267957302123258, 0.02909698930294648, 0.03106140954211551, 0.008705860340592323, 0.026772197845568207, 0.008781099423813112], [0.0, 8.149072527885437e-10, 0.0868889142669691, 0.1880760882550901, 0.2360485279772238, 0.432072604366454, 0.22553928097724152, 0.5114306480857549, 0.389463377860537, 0.4329306054751992, 0.4084358205656356, 0.06127487597713226, 0.5147723686971348, 0.17011065757729762, 0.3102525028103381, 0.1738098826460382, 0.06831386634036077, 0.4411115031964316, 0.14656438886874837, 0.4469657622703342, 0.13968396950478823, 0.2961230684664381, 0.06402822754651004, 0.24973592197926547, 0.0432787017800462, 0.10902532781221483, 0.11352491840681726, 0.042063353988350795, 0.07093539043643249, 0.05029692964451145, 0.05521256799257053, 0.05972240932216718, 0.03723941517666423, 0.0631391103614439, 0.03792170403732905, 0.016560723830465744, 0.009520278270041361, 0.024704987499985783, 0.03520891988841641, 0.028863338445413316, 0.04300299530024615, 0.011903898600027232, 0.012499122022931875, 0.02784075570769952, 0.00612594611632664, 0.01386863401322706, 0.027652796235615007, 0.011703934208064903], [0.0, 8.149072527885437e-10, 0.09264252287322279, 0.2650161373285577, 0.27512032530539576, 0.4974920328175252, 0.3622412137828551, 0.8524768621015254, 2.748752279728246, 0.8023870282553375, 1.969394247473778, 0.7157870619261337, 1.546302209702655, 0.5817266918814648, 1.37440928258677, 0.47598814011598584, 1.107119780162719, 0.24968573739089822, 0.8752160444042221, 0.11030379832808869, 0.6236317206389482, 0.0423259260096385, 0.047659622943928184, 0.03824189076862034, 0.01355323281978461, 0.03709224984688154, 0.010631385045190126, 0.06464119453455161, 0.020252419846298955, 0.016901805041508174, 0.019068553682679477, 0.052020376178389255, 0.008507801344702096, 0.030395962587867822, 0.038674026064839676, 0.018714729715562217, 0.03740361574176767, 0.02219505135232471, 0.01237763654770613, 0.026511736536398513, 0.03270366521683842, 0.03531452385669041, 0.01889767015491709, 0.028808555858545543, 0.0401172189374907, 0.010765565801510306, 0.02377733079502431, 0.010463015825874895], [0.0, 8.149072527885437e-10, 15.749262604285969, 0.11411847096522312, 2.2059872210570277, 2.0313961950964723, 3.291180096692497, 2.5578808718557315, 2.274101219371773, 2.273894290150251, 1.743353742538766, 2.0464649177119982, 1.2064943383983107, 1.9066157769723664, 0.8803480021558636, 1.3762436804162097, 0.7166196473103302, 0.8476957650801759, 0.6315975389789732, 0.5311950519302642, 0.43578132927829305, 0.33550378513102347, 0.3124987231922922, 0.1762395777485959, 0.23066764422124522, 0.08167852572154725, 0.1397108406555482, 0.05315814613898744, 0.008733875686449552, 0.04493113508403051, 0.0069108979090478995, 0.03689568446579086, 0.014097599657015162, 0.020583859084277067, 0.009541093003595218, 0.0465586354081266, 0.036324197118747494, 0.026092157879427764, 0.007426925370613894, 0.022417496325382643, 0.04347217917258331, 0.04383084634384029, 0.02048638853770249, 0.027968004903008697, 0.041389216174103634, 0.007369269554092016, 0.023353923969432817, 0.006143708230209326], [0.0, 0.0, 15.139396401410698, 0.06246795595391781, 1.0667153583747537, 0.8294856352760119, 2.5233950893437536, 2.2983446822834717, 1.8618929361821244, 2.243978560035853, 1.4311924622309653, 2.2253374000892516, 0.8656708679062128, 1.760647187818901, 0.6323038153448836, 1.4502060220932556, 0.42543143756652196, 0.8746529618903276, 0.3971411680366543, 0.563378940879045, 0.2986326938339947, 0.3860777246998677, 0.18829503965613165, 0.20276263068229314, 0.13773204221898439, 0.10656954470659255, 0.07926353674786224, 0.06549488505446112, 0.021640167268488657, 0.029797358953911262, 0.041104089961364325, 0.04402540492150081, 0.012609687492013907, 0.05158121908670005, 0.0372525115226273, 0.014791850517653091, 0.0027181583540863167, 0.029604547246695534, 0.011980869353536639, 0.026902356770349026, 0.024565304734547704, 0.0037963163554987182, 0.024533330259616647, 0.03148250291146099, 0.004662086851639445, 0.03565995821267341, 0.02973184188361981, 0.01684915383772804], [0.0, 0.0, 15.198446616572324, 1.052641276461106, 0.6910025822538001, 0.006159186495768888, 0.9132238437466853, 0.12496034731976927, 1.3959736342149671, 0.06846221457450652, 1.239394278313138, 0.2251661882086026, 1.2834466998625054, 0.9902995803811414, 1.1685425918329626, 0.9284247515162668, 0.7181748068902847, 0.6592926201881164, 0.5200299672534119, 0.5155894787160198, 0.2690765481158756, 0.3442155550538653, 0.13952743407516288, 0.22291852274269153, 0.01502963267551879, 0.026951913285278146, 0.04059367680239688, 0.043736804590175454, 0.03136912572091706, 0.046424765716732555, 0.04788962429783992, 0.05104967061351844, 0.03534198774790532, 0.05749132110076632, 0.036352713376943575, 0.06038543637218128, 0.007380893632903101, 0.04665019963859488, 0.008037909791007587, 0.03538538035157868, 0.025941661514764895, 