{"initial_violation": ["destination"], "initial_duration": 35.919121742248535, "subsequent_violation": [["destination"], ["destination"], ["destination"], ["destination"], ["destination"], ["destination"], ["destination"], ["destination"], ["destination"]], "subsequent_comparison": [[1.5863190035758455e-05, 0.0, 0.9278365006852485, 2.693065269773341, 1.0169749344378665, 2.1014237695789935, 1.0393962071653835, 1.1370222613144332, 1.1706017217134006, 1.4246078840284389, 36.87303669132031, 1.818888348318014, 1.4176859133058284, 0.5780672034482094, 18.281505477365048, 1.8741804924158876, 0.22456116041345836, 1.0296753929696922, 4.078070747544646, 0.9774001098274558, 0.658178451366374, 2.6297158189434104, 1.5798189765351982, 0.2314796783444751, 0.5281289380433297, 0.7746212907614142, 1.072344005920617, 2.829803003126836, 3.815403407566393, 3.7778086874439545, 4.238081762830989, 3.7735844086783636, 5.299907136981217, 3.385644876895501, 3.775074801639223, 2.0454391095179703, 1.752893975278473, 33.77262497839036, 1.9551750893082323, 1.1152882108381235, 4.1670579623959165, 2.6378147922444266, 5.020481096408644, 2.3373663813085805, 5.994841082336545, 1.4778051578539444, 3.4744154192783814, 1.2945211334320244, 7.558917796745713], [1.5863190035758455e-05, 0.0, 4.18607294009834, 3.1659193337028344, 2.5838387326478256, 3.741957428323368, 2.7654448092384216, 3.921974701520726, 0.14189390851302552, 16.008422540821613, 1.9227140000105465, 1.697247829441779, 1.0580324898645832, 1.342735054263399, 2.348602444407424, 1.2009037092611927, 2.1950236876429963, 2.088124610716228, 5.992648070207946, 9.595419562473829, 1.2421887789284733, 4.288717863938255, 2.6949351156240127, 2.4267550804761875, 2.12115125958912, 8.017424701804677, 2.321939452020075, 6.515715403203538, 3.800859003393586, 4.440676527574586, 4.842851040725388, 6.656711017170057, 5.292388326347887, 4.685734297615649, 4.09415792397091, 3.9710754937689114, 0.45416074403618234, 2.9986122956927312, 5.009859655046006, 1.880009680515152, 0.722511806559379, 5.016280837958387, 9.524742570330671, 4.504453358488621, 10.035985031213524, 4.563638955406488, 10.409335518851135, 5.284609327849461, 2.0657433612056533], [1.5863190035758455e-05, 0.0, 0.17410519006367386, 0.06734604670992544, 6.899520233540902, 1.7145772188977704, 1.1570994358359712, 1.2839721097783234, 1.388239418006869, 15.402944361298031, 1.3022585853206219, 1.650108717773857, 2.4897168479937632, 8.312256532352245, 0.46899820119928776, 17.20513369266297, 2.7235114329321, 5.54798057340325, 0.39582285627856584, 8.815548473972928, 0.9182167325833102, 5.804950011692539, 1.4348880966218163, 1.1675238864992237, 1.5513019360288822, 1.7731922965310403, 1.762707887879537, 2.446852759328615, 2.299060269088824, 2.4370309330676245, 2.73573845504003, 4.2231281838288, 2.264379567925876, 2.4829260992764244, 1.8584516054923679, 3.3614149262057866, 1.9462819149941166, 3.3320679993064135, 0.925458785884484, 3.7001929711541566, 4.3033320949186065, 3.3426365800115887, 3.481986623593782, 1.8790996177927535, 4.24626822416537, 1.4547163880318252, 5.111726555031991, 0.8773690261956918, 5.689507089288618], [1.5863190035758455e-05, 0.0, 0.25431211169784107, 0.5140707791548672, 1.9627204244121008, 1.7147302612946167, 1.3398384996775667, 0.34993014351269575, 0.4548944555444218, 3.5658736533547426, 35.6953424668565, 2.149546168357346, 1.2920060821401838, 1.4331585095593151, 0.6393485900262108, 1.6418720537884341, 3.4847602541612086, 3.9624487995644233, 2.1634308764182837, 5.086985609073464, 1.6871728779090664, 1.978559517793952, 2.1288326026156645, 2.7179312604525707, 1.741485008478584, 3.151849611846423, 1.6363070276292655, 2.6900424720753873, 3.527872739942144, 0.8800433855449327, 3.480438291555741, 0.8361456079709703, 3.1322481168926433, 1.729662388586074, 2.76118629240967, 2.6922459293211336, 3.684515728089395, 3.236836669698204, 1.8156876660950283, 2.3805935626753936, 4.878866093349227, 2.4642276771180587, 4.900799890150927, 0.9597281380400964, 5.088149649009787, 0.5735732635389295, 5.979615926363091, 0.26913840037044606, 6.542840544561521], [1.5863190035758455e-05, 0.0, 0.4469291589852087, 9.829269963194685, 1.4641248656999357, 1.8789650598541539, 2.4303307852932705, 1.972843860414866, 5.516278414374075, 15.06978900667381, 34.57411088513222, 1.6736466285352516, 0.9397099436257726, 2.825239715067238, 1.2371649333887884, 1.2242864993619058, 1.853574975277329, 4.322666932055704, 4.95774467161619, 0.6936037660229898, 1.5975305831338984, 4.990304991091154, 2.063373835404045, 1.453214138644822, 2.856389025829129, 9.701864308505673, 3.2124481568029437, 2.9091722531330513, 1.531643312856012, 1.0961862763847117, 0.7348572552746058, 3.0046163008598095, 1.0439428514081526, 2.147450220093417, 1.2997587262329091, 4.592528290992649, 3.344474920977124, 4.835430229434102, 1.6857175451636468, 0.6274052957420297, 3.835518198748947, 0.3647623999287098, 2.51975129387954, 2.771192533992887, 5.49313980344636, 1.1113055336113875, 2.70630342007634, 2.6155209747402823, 5.180870275563976], [1.5863190035758455e-05, 0.0, 4.136028176665633, 10.754463135496346, 4.899389404734425, 3.1267337208191024, 7.198933368091888, 3.193410522106066, 1.1238079012241882, 14.84997637253957, 1.3456801362403035, 3.7858806762246022, 3.0490187548696754, 7.886206136600476, 20.19062491477321, 17.479157852364306, 2.6313662207753494, 3.9510791897149313, 3.1626224732589483, 4.785087696439087, 1.384281780414073, 3.102287059213405, 2.9802347539137153, 1.8593345342417167, 0.5773046141527033, 2.308267063934773, 1.6417131148410293, 1.4857882495223038, 1.3540332333088358, 2.2148420453194877, 1.9804808476992817, 1.2156142755567894, 0.9444413363093435, 1.0436995542041405, 4.346913011907834, 4.146747752668359, 7.625478924566587, 4.365210660820219, 1.3036355016557177, 5.81171136201813, 2.9409138034634066, 1.55460749263455, 4.153552814956578, 4.328309558415657, 1.0346440853690428, 1.3891518261262674, 1.0262128009353273, 1.7258187399211746, 1.2049816966949702], [1.5863190035758455e-05, 0.0, 4.1358568512427665, 10.693625943479322, 2.977384211105109, 2.622108495865775, 7.269640800219902, 2.7285462047294358, 1.3136361904961467, 15.038664087964566, 35.71677499298078, 4.812237831850991, 3.7329591406906153, 6.212180163119446, 3.374983679280443, 3.5812656752781393, 2.2761299940964994, 4.453911812165287, 5.931641527930871, 10.50966171148616, 2.8650053001006093, 2.2297174521561915, 1.5730264833052932, 2.2153823330664424, 2.024040812164911, 3.154454176127378, 2.205878371795716, 5.159829398517883, 6.806538073846484, 2.712908567114087, 5.46529787194325, 4.403651082333277, 5.8938244777191136, 3.721754391190653, 4.993524680104601, 0.8944999936393034, 0.9355784534923397, 0.5263036102442437, 3.369527235123839, 1.6056480597006009, 2.100279991371927, 5.546891200072142, 1.6444092944722184, 6.8499895228918755, 2.4735576048353316, 5.5292842717341735, 2.0669776192788767, 8.062828004218447, 2.377164649179023], [1.5863190035758455e-05, 0.0, 0.012273088873267068, 0.41682147957621896, 0.5357020876666477, 1.201010496222381, 2.164111039837395, 0.5253021367308889, 2.52138435235232, 3.3902024820002077, 36.787139680127694, 1.6281170311628574, 0.8971964656920619, 5.164821020556374, 2.1870065496223927, 0.586731622609863, 3.2373086715748465, 1.39819580887682, 2.2726007641620702, 9.03288219686523, 1.7740674028097214, 2.1104162029647155, 2.8771656887247468, 1.5509816470403066, 2.351987201804974, 7.9987173879549704, 1.5153700601263496, 1.0244948143536532, 1.8123316141040757, 1.0231465719427986, 1.549242276611602, 0.888300454418176, 1.325495206161131, 2.627226363121514, 1.1126471085137175, 1.211203396600799, 0.8235412862185723, 1.3115396180797934, 0.6663438603649335, 7.618122724432559, 4.531160999532946, 7.932341424779085, 4.565162187792373, 6.488082259850399, 5.064060912637651, 6.717291418572966, 5.400382135404567, 6.505701056021003, 5.429326997145227], [1.5863190035758455e-05, 0.0, 0.647594655092491, 0.7668107276711051, 1.4014569227996976, 1.1455603465156325, 0.6227809810203112, 