{"initial_violation": ["destination"], "initial_duration": 35.61976146697998, "subsequent_violation": [["destination"], [], ["destination"], ["destination"], ["destination"], ["destination"], ["destination"], ["destination"], ["destination"]], "subsequent_comparison": [[0.0, 0.0, 1.5142350102141067, 0.4756128813957681, 0.7968508307430466, 0.8854338143722658, 0.04472367440545954, 0.23469944536101453, 0.8419603516138051, 0.511978083277982, 2.3986743581265673, 1.262033377681465, 3.7616998886225628, 1.994330083365624, 2.402699279009839, 3.6121570767130136, 11.067111652982627, 4.175181853777221, 24.207349150685932, 1.4610988028683545, 3.771628792533194, 9.48180773982919, 2.9675595979311216, 11.267692379947352, 2.9833560160018853, 10.951991689319488, 3.1908961088661867, 4.011370132010864, 9.790836560042033, 4.041478643849192, 10.776056755279512, 3.903516408812465, 4.620182657565926, 3.8270615742227494, 4.542651325010035, 54.542065739804904, 30.11724133075278, 47.196466979052296, 32.561750460295826, 42.891733253037714, 29.556839776344624, 39.26494505078055, 27.554578002424577, 35.06621009725005, 27.14931373922666, 33.88527407327193, 25.960165016776113, 31.24963125426192, 23.60230000231697, 31.02327465058767, 22.461626115179584, 29.41494905035629, 22.69620988137969, 27.234087536421956, 20.46691188434639, 27.252199423262525, 20.33733138969369, 25.302105094000026, 16.944012570343556, 25.334518650375635, 16.189385552790288, 21.37045969721314, 15.133546857900502, 18.374050579859706, 13.405558072648251, 17.52293953330309, 11.689367727001102, 15.274233561771286, 10.709689851289196, 13.597610222877877, 9.227860165052642, 11.302325036312977, 8.266776221369069, 10.123735055965728, 8.303529643142324], [0.0003245143223824182, 0.0, 1.6117974092288718, 0.3906586281239804, 1.8793664653757545, 1.2794026542710408, 2.9385916915522263, 6.2001250618885, 12.268561677661097, 7.466526227735861, 12.310757305777662, 14.07389557415214, 17.206727126210563, 19.16213938180573, 17.082073824658927, 5.54675865240396, 2.10988200612066, 1.903595105286898, 2.2992826455961635, 2.2652763584374207, 1.9127336219753701, 3.007143285174611, 1.235178597605093, 3.24087338130136, 0.26644493020299287, 1.2549019559903638, 3.3653612018370342, 0.6616081612523073, 10.123915431991557, 1.348270037476247, 13.035614359716867, 46.18998422725223, 27.401090705414735, 1.8373397396093607, 9.636881276952806, 61.73747803810958, 8.170622184305483, 55.78728031830956, 33.97004844341508, 49.769531347318065, 30.89729482646702, 45.51958273081724, 29.04172446390481, 40.34867639912339, 29.423839184890955, 39.65858255950335, 11.712861565379246, 2.8333326256655345, 9.549928595244419, 2.6535181087759216, 10.87257091313488, 1.89518083733408, 7.948304142949142, 0.3034413326754944, 8.221938813740563, 0.6710965074635824, 5.7076621731066, 31.13673280029233, 19.484508808652343, 30.130360129847528, 17.416903150565002, 26.259095936836438, 17.15154171843738, 23.58582133793082, 16.9260675227489, 21.13064391980249, 15.769276466250545, 2.142897527809578, 4.772418270108996, 1.9949847027940995, 4.57379635013742, 1.565601987513077, 4.250964158694123, 0.9067654375148629, 3.20703106119635], [0.0003245143223824182, 0.0, 2.762629446946898, 1.2316761642578755, 3.319314528878677, 5.551418092215408, 11.384940195237853, 7.8226237948211415, 11.532728751053575, 7.319659725393194, 10.820202591722197, 13.528624408322598, 16.313754273404836, 18.665093432047264, 11.61538834786181, 0.1699902367844945, 0.9927129564794762, 2.5881205300351557, 2.4501709928315494, 2.3458860881053236, 10.413466469786938, 20.1230462113509, 7.494297119875217, 22.26621169624403, 10.195668255760653, 22.915351327829097, 20.264631937518885, 19.10349393104771, 14.891920177153342, 23.04482106363006, 18.45830790745253, 31.26770483687693, 22.53666176585787, 33.671568028035544, 31.983919234356755, 38.078184014872726, 35.50452155327204, 15.043824876649975, 1.2474483603174467, 11.259357455817414, 0.24679661689062649, 9.555353440719285, 1.524427622707037, 32.27085718091985, 19.48324831363724, 29.09204223030379, 22.571734288453474, 25.890289670280566, 1.0661665223652852, 10.709417509040172, 0.12967011695740105, 8.860559004229977, 3.034219407573999, 5.706224591249793, 2.619006082281726, 4.370789741064032, 16.098507848387097, 21.739435976679797, 16.674553336517725, 18.749159939110328, 16.742300979983625, 5.424088657955472, 2.3339609055018644, 3.8347148855338506, 2.365665968248024, 16.099966661698144, 10.802727015279572, 13.142219669853226, 10.48524351301897, 11.3024971036801, 0.44630428433375546, 3.1403602232465486, 0.5566239192911419, 2.0209846895465367, 1.0407993696252529], [0.0003245143223824182, 0.0, 1.5979185857218554, 0.060340466752294056, 1.6234660593095818, 1.1300071469428985, 3.0401867374223643, 2.5145530569207355, 2.6195706314620235, 4.29054219000669, 12.125170479866629, 8.504916764352448, 17.739838724600585, 14.608735813236434, 18.314860264105697, 21.009907799452087, 11.383725489337182, 21.941353541392182, 20.639393961945036, 11.51366845106656, 24.293957285276132, 14.731066433800915, 16.924722170456327, 12.604218185689389, 16.87145870338669, 16.689729730698676, 13.015665170652472, 15.10801049479496, 11.67774778904456, 19.80951586100651, 15.403507993500241, 27.660977615116426, 1.876137153945314, 23.94035920545647, 2.877842695649131, 23.479052653801762, 3.0715006027336607, 15.956710682334883, 5.719899904264188, 9.595885658242354, 17.17839642551982, 31.434970100700518, 18.839371191642527, 26.181178253648973, 20.69179715595027, 24.517486770483934, 3.7419573107191773, 13.544993515685745, 2.5353673637798173, 11.813073400198643, 3.3972733022549297, 8.831387729504316, 15.19742475567264, 26.45405438472851, 12.984595403187672, 25.109558415327445, 14.521779109061562, 20.124575335381536, 14.384157912631286, 19.24218503810294, 12.634974900674274, 8.672160303212515, 2.3603916907225773, 7.331834554343462, 2.678701862844482, 15.630705781282014, 7.795151591003065, 12.592641812104057, 7.337266880444614, 10.55882298270695, 7.053218245585096, 5.659780535761926, 1.601086014556525, 4.6604763145974974, 2.038959239552925], [0.0003245143223824182, 0.0, 2.138322879369822, 0.480254356963495, 2.546685353867088, 1.634957740477139, 11.89962194181906, 6.954186829243933, 11.0174678563635, 11.266833970134263, 12.042314562626334, 13.77516424753629, 15.502480885463468, 7.98482558112923, 2.402456763204403, 2.082941427670533, 1.2348715207598602, 2.2205557766840536, 5.1081414969016, 3.5136804180364782, 18.649392244411583, 15.617061927735286, 18.75682904771527, 12.407274742713035, 22.197707475619776, 17.007949898161876, 20.032190961954964, 13.907126105773278, 17.075482358178647, 8.990392959374624, 26.09337547671886, 19.192775857113876, 36.60004603884159, 15.376142716848202, 39.96472049844669, 14.059062326014558, 39.73165858497022, 9.544302066935368, 12.65262687402905, 1.8870646769009551, 11.499417749831707, 2.166379028470981, 12.254287535864272, 0.7576242561562854, 13.302596864686567, 22.057759944460308, 26.2056128853215, 18.690013420190404, 25.36342699994366, 16.2032636191984, 25.328871820333795, 13.829144069752996, 10.297771370333592, 4.824078276766371, 8.41037869226425, 4.052864332768005, 11.140079687104139, 3.7669887354637117, 9.821449118540112, 5.00485609286135, 10.14629472671835, 12.432013179227855, 14.760552214329493, 9.77776468267886, 13.769579002747603, 8.430526711370478, 14.005682272524767, 3.1651825397311537, 6.951487860078615, 2.177585208570931, 6.284349423346662, 1.5580406202047743, 6.172356516451672, 0.9428116205446013, 5.82799820082686], [0.0003245143223824182, 0.0, 2.0404552593438514, 0.7566620550566707, 3.3165040755205686, 1.4197091690142978, 12.126734010065228, 9.203976903655388, 8.944944573012231, 15.859629971956402, 0.5347358375117273, 4.033045768556084, 3.2998107138380313, 0.7307899803542444, 5.281207622700124, 9.139444050166706, 14.990182920636164, 5.872460985139998, 6.227727147261822, 2.39243464867834, 1.54270497099571, 5.4461746446231905, 1.359946671661593, 2.6687433772334628, 9.929061592221766, 