{"initial_violation": ["destination"], "initial_duration": 36.07046413421631, "subsequent_violation": [["destination"], ["destination"], ["destination"], ["destination"], ["destination"], ["destination"], ["destination"], ["destination"], ["destination"]], "subsequent_comparison": [[0.0, 0.0, 1.1465345530431195, 0.501178287555959, 0.7079211041888357, 0.9572730289765286, 0.43050060030351933, 3.5854769150197523, 3.7821606749339254, 3.1604730032216035, 9.090433243020343, 9.896889082416168, 10.721223146187748, 11.708074520024953, 15.13060539914734, 18.473082534351754, 15.51152173297887, 13.820385655117368, 8.111273825321277, 16.644285016412386, 12.256589175758485, 9.94424697335935, 19.775764870560963, 9.005209595625713, 19.136601951134438, 8.343348411032048, 22.101185935047866, 7.486844802443255, 16.383641720869043, 8.51315102589163, 14.156623149973676, 21.362708214010027, 29.799695571748376, 9.521270793529423, 4.620468214032207, 5.212684285936282, 1.0401566819420989, 2.842374149380877, 0.9234337356769486, 1.9773619269392104, 1.1206682633373621, 18.5848044165909, 1.2201156421951485, 4.267196146328114, 2.7659604819836385, 3.2368948394221437, 1.3597330454689818, 3.076049511300623, 2.999759146208525, 4.389748594511327, 3.004824535055933, 4.708581534488244, 3.786242257269835, 5.333696152289539, 3.6563194846079217, 5.7766717783976125, 4.677186545694543, 8.54211123888434, 21.19786467687446, 13.921882162278477, 20.470610801366245, 11.025157457911513, 18.75740841658401, 8.511152568864063, 18.021951808088872, 8.62703253212056, 16.086743935479166, 6.799902264715126, 14.55815325825275, 6.558344482638267, 1.7451398141448662, 1.2146058375066815, 2.119663771225906], [0.0, 0.0, 2.1364860030348685, 4.789305906449818, 8.27939325730941, 8.316616503828902, 7.470104797072692, 3.175678969554843, 0.3074693971406272, 1.0216640100238426, 2.2352141169152295, 2.9560317795085496, 11.789878174733662, 11.819947691371482, 16.470402700032093, 20.100603378424875, 16.98705867524064, 15.837709159429503, 9.109732940486625, 6.308474341566868, 4.205783266059918, 4.040164652307525, 11.192264571268026, 3.150215081555353, 9.988626423627895, 3.2875772303915025, 8.059399500366377, 1.017481203643073, 5.82878358170854, 8.019501323172994, 5.221594739257706, 20.665956967373518, 13.565640842802054, 14.002570626448703, 3.6750711298672436, 14.45338721369758, 4.721807752496354, 14.419485060043456, 7.894966658722931, 9.42355485947282, 11.346670063668764, 23.123179273055214, 15.30726116856181, 16.590087027877967, 1.8145094155028818, 9.322859781882935, 3.710730683694045, 7.359753747155745, 5.433529546552231, 5.659047131834935, 10.313179906303121, 18.4966898635439, 12.329757149980686, 15.789171391942041, 1.0036922064725153, 8.225574013935951, 1.9524916677349402, 6.22672711655206, 9.408617032425479, 15.069171458688341, 9.805439171242199, 12.671290032297895, 0.8975165479903615, 5.496496460569876, 1.419869234093344, 4.735576592605665, 0.6547565564092165, 2.7554776883460326, 4.803583991356174, 9.113366277014501, 4.652581661136588, 7.446242985931523, 4.654786910460687], [0.0, 0.0, 2.191895731536378, 4.848580543170193, 8.730467333183524, 7.277876617816744, 8.314736285102677, 10.914816971106069, 1.4369245906205992, 2.969709946518687, 0.22218869582613363, 1.0431142757025607, 2.2219920175249963, 6.583681725336761, 20.406982216019912, 15.834900544239938, 21.38036075998985, 12.57496178098168, 14.577954970698034, 18.335656968938675, 14.51859974040641, 13.677274873479224, 15.521736136748174, 12.69681866137449, 10.079607508691447, 3.190948137656029, 6.606038291801142, 1.4222244090771023, 4.820387672871874, 7.420725209468659, 11.160235680589032, 5.176699346723418, 8.499333878589828, 13.811360815734309, 34.19947014368189, 22.83849832679648, 35.603680090388956, 17.90632165887937, 5.995797060745217, 3.6040803337077856, 9.639803147353327, 9.414680982932103, 12.001484210070988, 14.279140108246123, 29.658684728249145, 11.132638044306166, 30.8994538842357, 8.55183553456057, 9.188241512083142, 6.44535858858182, 8.287478117765254, 8.034570591604885, 11.20028434418322, 11.444579673757765, 23.983801062868075, 10.831204510504746, 25.686297413981418, 9.853362818579845, 5.316828879130073, 6.312469348623865, 5.971553556260692, 9.194545779764972, 18.56706770251863, 9.01830140361686, 2.2987840934911627, 3.2959041907749973, 1.4979862637937102, 3.9071681566177796, 2.4624317094320145, 4.181986467082084, 3.2527201551245843, 6.352962484729319, 9.749551403787695], [0.0, 0.0, 2.2437980278308363, 4.903432273776797, 8.03912551047206, 8.199893384372583, 7.263885680519498, 2.966476542497501, 1.3230834331544694, 0.9329087161301243, 11.312713872813536, 10.489715384035579, 10.404924142431245, 14.842246258458605, 8.234646963293864, 22.64445412777704, 1.4076133596446077, 6.111911401760714, 7.110362511081193, 0.7223524361290984, 2.631475307959852, 0.7259709301199296, 6.381433851020545, 17.205024601594104, 22.20078378341562, 16.43682073326669, 23.527904398606104, 16.97274276278205, 17.409585664421144, 15.19634275020535, 16.524346733305133, 26.077812254416372, 26.955749415612868, 0.8611986169134469, 5.679863052795797, 3.928071242200808, 4.181660682646584, 39.45517083791855, 33.37191952170487, 31.113607411489397, 39.63511815632596, 4.386375475895951, 4.7954390163895795, 7.796808617592355, 0.9264442734984847, 26.467636428747912, 26.540050109251283, 24.392741666274134, 28.566067440158843, 20.182940236875535, 28.326410346971567, 3.5516756292832388, 2.0453377732569, 5.250945753199216, 0.6906412052136646, 22.20145285338401, 23.200529924150768, 17.826355700436977, 2.254316457373985, 4.2420148526452355, 0.3854798745135751, 6.897369844078933, 19.383625684689918, 13.614016805981542, 17.8067412693797, 12.966408105241458, 16.6116110933816, 2.1067427569155495, 1.5580228256170923, 2.768825756955104, 0.5702425809003183, 3.496612418237446, 0.5082909599853216], [0.0, 0.0, 2.1529248483798793, 4.806929401798384, 7.802047489148997, 8.11260437561035, 7.860582329888581, 3.5719675859799533, 0.5112369319623766, 1.2255415126348268, 1.7748776766504724, 5.523188180726483, 12.265586648229245, 14.946023751105695, 15.169801251311112, 21.719222717656407, 2.3377680177401556, 3.790154048062054, 1.3504487370665836, 2.795676769561186, 1.288877722591426, 1.784042351227157, 2.324736317832332, 0.21852191138129656, 8.009956654135218, 18.221269233047874, 21.90742034107236, 13.458638699039792, 17.958572998553215, 15.623681856379351, 15.884564519999968, 6.483077662720695, 4.155726150060897, 16.797545520897177, 1.315846373802471, 9.086833922764171, 39.28709395908774, 36.74550634407616, 36.9116964953693, 29.934124226694117, 42.7965632901132, 24.909293839743444, 3.0392877479940026, 12.837733501393366, 0.8447139314403748, 12.474000015125295, 1.502573986174993, 23.93589490640288, 29.504006179927103, 21.649696250043807, 27.52431883955768, 19.47664458567474, 28.282195659444096, 5.180450384277959, 1.393748175029907, 6.755031641184265, 1.629804999018223, 6.6282996677438755, 20.811941558099452, 16.198803849044147, 20.654902090187875, 5.283506312627448, 0.800754198726519, 5.754682577374623, 0.4877524194348504, 13.953418953391225, 0.6396231858324745, 10.71450798316093, 13.966339562385535, 8.900173739335697, 13.543517097862928, 2.189783081957667, 0.45657453088834077], [0.0, 0.0, 2.025425873219136, 4.669754310972597, 8.985970268848872, 6.815097634265021, 7.690129304552952, 3.399052924385634, 0.7787369877189366, 0.5962338101319061, 1.0222004693046773, 4.695153739930983, 11.924255603573885, 15.453508366922202, 14.961940774941697, 5.5395421588163, 2.5082955841882364, 3.040584806194718, 1.56646277537252, 0.6242015096543289, 1.8200965862882648, 3.1173348416561155, 1.4798125563806999, 3.4812456317469715, 20.410746404752516, 13.105776533163274, 19.08830238235392, 15.01127543178314, 14.015630428931333, 14.488200154342927, 12.08048153343698, 26.734390128206666, 28.754970320268434, 17.276303769529683, 35.72542079282164, 29.717116266861094, 4.845635074614726, 3.706676294029255, 2.870309028754284, 0.7180845199827635, 