{"initial_violation": ["destination"], "initial_duration": 35.90965938568115, "subsequent_violation": [["destination"], ["destination"], ["destination"], ["destination"], ["destination"], ["destination"], ["destination"], ["destination"], ["destination"]], "subsequent_comparison": [[0.0, 0.0, 0.049212210445051786, 2.8312259151436523, 7.966807011154506, 4.910953286111932, 2.156737739532509, 4.202956437670272, 9.775083121370384, 13.052190314049058, 8.292457818908836, 9.410991858890107, 8.667561126007046, 8.129980171477659, 7.05074068703171, 8.387209074422787, 7.967161314997489, 7.393298668645033, 6.799300598765391, 5.317136072525928, 11.980544093346964, 36.55407898763767, 2.688353792550045, 7.396526926400404, 2.504670528632463, 4.391633362218475, 3.462985050964092, 13.274204192380198, 2.956971336503715, 4.984906284707801, 5.102232523736821, 4.368768977700204, 2.1559928675431035, 6.489168591977797, 2.351802494113663, 7.664350249067876, 1.9871516185652742, 6.102906627231565, 1.4859263762593773, 4.710704201204602, 1.2770745824045855, 4.4633718383116285, 1.0652760728433228, 4.193640769286052, 0.8479578268871224, 6.64006908124066, 0.6092440835533706, 7.222833543439481, 2.013945574106618, 1.3681808408622098, 0.19979014385958077, 0.2137264858546165, 0.22574650670143673, 0.2004340267840276], [0.0, 0.0, 4.903331244711192, 8.552032087940336, 10.413073450859105, 15.72686545330796, 13.89125841655938, 4.964941265745679, 0.8750881275912804, 0.5070178281219517, 2.79743800566589, 3.8305082002042488, 7.26986789902244, 12.522632319913043, 7.866737191562883, 8.182656835028801, 7.779570271131769, 6.941257304273032, 6.531967788404783, 6.253199961473124, 5.690633482305656, 5.775343181582774, 4.878671668812541, 5.318991551562174, 3.555736347254569, 5.260550376241718, 2.9129658553712594, 1.2644319899235206, 0.9513014855987378, 1.6864414709388027, 0.6497754390602213, 1.8145731615017107, 1.317672627719723, 0.7039198745813035, 1.3688335281543442, 1.1088743385578563, 4.347126985398085, 1.66032397081867, 1.8963587321330873, 34.9942260049077, 1.8130888603887731, 1.1143492821008072, 1.2229978842205838, 1.6833010496258582, 1.4775953646221687, 4.296242793436268, 3.4495171162957177, 1.7313247360812247, 1.727028726090606, 2.027309010690089, 1.6936027689965298, 1.8186210644330136, 1.9079280521445485, 1.443888189816437], [0.0, 0.0, 4.915603659265318, 8.432186624580856, 14.400482476605589, 15.268202612009404, 0.6128544585569653, 3.6845331026353003, 1.1808651623125845, 0.11025064250206823, 6.604457585077909, 9.13745709107043, 7.416892312418162, 7.474811738831785, 7.624787568245212, 21.664305802395774, 2.120371171873847, 4.004247035777531, 0.8864376304755301, 2.986191809949522, 10.516358060353403, 1.6720422024307042, 2.45148927655694, 5.918845522395132, 0.6215227481946497, 1.5035660775399429, 2.037329733475102, 1.6946328377246627, 0.8373452566881654, 1.717177638860467, 4.873260666235375, 1.530069822135019, 1.597015341057447, 3.4919279403143695, 0.9389809259586435, 4.7972480223275555, 1.4857502122642727, 6.0662622293114215, 1.9752043840924782, 4.727613260444923, 0.6039668101353504, 6.250322223533007, 0.810431614284902, 6.69848067264976, 3.0242739231640225, 6.804563709968055, 4.124974345406423, 9.299031114868772, 4.190426247933568, 5.754397409081005, 5.313609628555365, 5.233676194851752, 5.2442378128306775, 5.421355339159732], [0.0, 0.0, 4.931381740393675, 8.322204279132476, 14.641472384483066, 15.680393102655904, 17.95539721727669, 4.2581899748129155, 0.24315944841609002, 0.6655623566117765, 2.457444073102601, 9.804103701211465, 7.0322885419600185, 6.618318024031731, 8.175196450146053, 4.328149581035391, 1.6563733446511115, 0.6165552636833587, 6.656488491196134, 0.9180991066808568, 3.2889611960673815, 5.111543241598186, 3.630190458903529, 7.791864683470415, 3.298514055749144, 2.2041437496530385, 3.51313407458361, 12.366900140490234, 1.4257399688536179, 6.240480690654416, 3.346524357099501, 1.4116892528131395, 1.4794168075681675, 36.1249584960377, 2.8751458250978703, 1.4766340534301816, 2.6805237986363224, 2.910347741504829, 2.1527825887772982, 1.5298586398712124, 5.474506362598895, 3.149660195824381, 5.061469623966811, 3.6163110947532697, 4.902372902287903, 6.952077786487167, 9.482601580538086, 4.368498866772473, 0.8407197878372081, 7.166542446956903, 0.9347989449363291, 0.9910122867954377, 1.0026285008853886, 1.0297084762651991], [2.1060211809489424e-05, 0.0, 5.046399396808853, 15.211873841185614, 22.18744169545247, 23.02333281391549, 13.9610780546838, 10.86441451327833, 11.76369428070036, 6.501486187216658, 1.9380961949172266, 1.675469209609848, 11.776587350181305, 8.551607772651497, 10.299946390856933, 21.05433422936716, 1.8058249889973854, 4.147758694424368, 1.0151990650311649, 2.1232015846619556, 10.409576307187502, 2.450838603250416, 0.8237480191502258, 7.056257259851759, 4.186951198290292, 1.4580135475408955, 2.9027108030175848, 1.3007400439428267, 0.6961208492024772, 1.2723635545081884, 3.2040895123401176, 1.4349957446520265, 2.113044972356075, 4.36293602730636, 0.5975017903309704, 1.0148002356027546, 0.5457098066197481, 3.262712111790614, 0.4309778038706586, 36.20087368500893, 1.4985819071939974, 1.6463101362570154, 1.6130131805829062, 1.9157527950626838, 1.303576143866195, 5.196900551359704, 2.7961985415171378, 5.39523830852477, 2.7156724952365634, 1.4480667357891026, 2.509227553447551, 2.487966362789404, 2.467860578035301, 2.4307376585633955], [2.1060211809489424e-05, 0.0, 5.029345693659007, 2.8333461619184437, 3.164910494294051, 5.064924198333251, 1.4298256242557823, 0.505310987837793, 1.6551166898546343, 0.35250371656693213, 1.274709407484197, 1.1393323417509122, 1.0281509850900419, 14.606754369148916, 1.8191782705359207, 12.981942146801265, 5.3609033401589645, 7.82384313085751, 3.4219473605437307, 7.71042918111308, 12.010193761418995, 36.870523324309296, 35.46780469129053, 0.5192807710912465, 4.780464325296772, 1.9937151615267064, 4.666650981732097, 8.789793085710597, 4.598813491936812, 4.389511052642479, 4.899785898184231, 2.6392604988486794, 4.178569867378618, 2.211348928800917, 2.796380956420179, 2.7885857541059904, 3.650093541131281, 2.0293535578294892, 2.886431039283301, 36.69879249224352, 1.9918103259371833, 1.9626063146190857, 1.7269113877231566, 2.10910237542846, 1.4468770018273929, 5.880885276923857, 2.438796560422857, 6.921210565600473, 1.8545247580924802, 3.1852270529942834, 3.0695707693836587, 2.1721161200854895, 2.344298815868728, 2.469539165912829], [2.1060211809489424e-05, 0.0, 0.005938785281397335, 2.8261810594351946, 7.842570180543401, 3.165067677049528, 17.988822423410387, 10.157202082304913, 11.07791098000581, 12.988562236540979, 13.043080023936225, 6.098374216273491, 10.831034929804376, 13.275582730746308, 8.858241059112958, 9.771843567184082, 7.083852271054515, 7.904687901353917, 6.445591519067033, 7.487903720363192, 5.6033757750259285, 5.6806924239069, 4.548474622041122, 8.127831326909178, 3.8314049638607193, 4.294720349426519, 3.9882555698672655, 15.055932775460374, 4.026055398712323, 6.1676709446234526, 5.170356901086858, 5.139246752035768, 2.318519739767389, 31.272852716475835, 2.4414117417993575, 7.394517869015937, 1.8404973226873096, 5.114472988411706, 1.6132939520009657, 5.110462553289658, 1.0772541795328954, 4.491414441725202, 5.0784163746984685, 3.8635828285497076, 4.250200547269001, 11.099573627737161, 1.192715976262798, 11.171396704038049, 1.8654533276229373, 0.8044865345592283, 0.9328938082515394, 0.9515620224956077, 0.9422355824275008, 1.2044228983012921], [0.0, 0.0, 5.022322817032741, 0.682312978323545, 3.033294491625174, 4.9059615113224355, 2.4989893037982505, 8.549886373789855, 5.934821586917208, 1.7831630195135688, 3.36387550379197, 1.6427167157420175, 2.5453787191035517, 1.289717541315491, 2.5122662657613386, 7.2319561835413735, 3.7344025477564973, 0.3996504621416133, 3.6910225834172876, 1.7021469511638732, 0.5840809751033289, 1.9637669926061767, 2.1304546694514843, 5.427846942014021, 0.4835136548289738, 1.2950529040451308, 