{"initial_violation": ["destination"], "initial_duration": 35.31929135322571, "subsequent_violation": [["destination"], ["destination"], ["destination"], ["destination"], ["destination"], ["destination"], ["destination"], ["destination"], ["destination"]], "subsequent_comparison": [[0.0, 0.0, 0.636266713017462, 13.102441410885163, 2.4344931340461176, 8.194087985246274, 2.6216395902880154, 9.368711732604421, 2.9570564498260965, 5.55470540894329, 10.844483011297184, 9.254922716804327, 9.941848766047356, 7.768305785619951, 8.049662061918228, 9.415266923720791, 7.96734202341409, 9.353627909192218, 7.193213274102506, 7.0162951163570995, 6.5565268105176875, 5.9116375537977, 4.905394587186068, 4.459594658509684, 4.017353279945257, 3.356810913174877, 3.0386548248146235, 2.5899404532881647, 2.1796811551662096, 1.8259168501746752, 1.4891707717022233, 1.127764450003992, 0.8728300001123468, 0.7229911380172886, 0.566355477630689, 0.46943510634725216, 0.3657347018208819, 0.3218541678928343, 0.2638080022597895, 0.22147361289591472, 10.470414201227074, 10.464471744230906, 10.802212353698708, 11.003365766950006, 11.43086128512344, 2.4395238369411523, 2.9232151086164393, 2.6462512907184235, 2.7810111405079443, 2.670423284698187, 2.673698438808797, 2.812980198789941, 2.6395135510235814, 2.6574052728237656, 2.876007584069913, 2.582619671004629, 2.2743918612665643, 2.0587771383023665, 2.1772040912108674, 2.5325808069055893, 1.8409698144977482, 2.265132053801488, 1.4537055067975704], [9.200816976252524e-05, 0.0, 0.6305277072183033, 0.16757692129399812, 5.681121154062382, 2.2051678152133403, 6.438730995037882, 3.1742030360710576, 6.711773515918525, 2.782830726710139, 8.3218750647007, 1.9291851220875558, 5.950082245862461, 11.54109739673048, 2.348124074911862, 2.906238723948659, 3.5033891885509574, 5.912273281822209, 2.3470778745467573, 1.1795648401721888, 1.1294073089271686, 1.0266981099839014, 1.350601923111962, 1.201264077877655, 1.0817138937988107, 0.8794162007511855, 1.0149858511032281, 0.6941631985591558, 0.5835443913960094, 0.47259670118568003, 0.7265686735023356, 0.5484075643053374, 0.3713320734797617, 0.2619668393564028, 0.17286077584729953, 0.12262322269616316, 0.09710686809394843, 0.07696498331507148, 0.07321443583265157, 0.057172563794269715, 0.058139146494750486, 0.04424448386726848, 0.02807061106809138, 10.4276914978739, 10.682373550750894, 0.4692796276896782, 0.6420654233554521, 0.9353578040825459, 1.0263468883544096, 0.9728369238544653, 1.0582614538857822, 0.8598851997902476, 1.0514163066557414, 1.2828770506179579, 0.3443376198191599, 1.2621428092617173, 0.35799850875869327, 0.9772226494860238, 0.36636400504002953, 1.3740372981824123, 0.4188350863295199, 1.2075634730053568, 1.009870120315434], [0.00022877223849673064, 0.0, 1.4008636345580445, 0.0773646542684745, 5.1549658600648804, 1.8783246311038906, 5.900389994718524, 2.6769390507835453, 5.757309264606932, 2.9534954624468943, 7.738729376344625, 1.2737403736164317, 7.655639347947025, 11.075568001153457, 2.2349690007348095, 4.857630403137938, 3.1345860524157882, 5.514602316371006, 3.7042014595109483, 2.5129772757195266, 2.495725296229526, 2.2176179819579875, 2.6186658879450238, 2.5078013306509406, 2.511628601410704, 2.1217602248202687, 1.3942416217965856, 1.209236399128473, 1.0630430123816215, 0.9772716738118994, 0.7774315532190833, 0.5942420212216929, 0.5765017966803004, 0.4947671297349068, 0.252881581858331, 0.2078146931603306, 0.1778045755066915, 0.17053024359696278, 0.168234438857659, 0.1085657429424619, 0.10232931306218042, 0.09246211756407878, 10.451599588895638, 10.44778210945315, 10.773707879245201, 1.2429203129195066, 1.7635241509744477, 2.1537263862654603, 2.09303691268409, 1.5806300086972407, 1.8077391329306554, 1.558781037105956, 1.7929918663248312, 2.0371273854930774, 1.5697070269961417, 1.3568320692093006, 1.4009464227820863, 1.2642788979448716, 2.1328758410456308, 1.4296395454254112, 1.1165000923829056, 1.293389911616847, 1.005789829336919], [9.200816976252524e-05, 0.0, 0.7622937670709442, 11.794252276399506, 2.343051064522926, 8.331579176043155, 3.3443553001764026, 8.653210078434865, 2.867169502766506, 9.136843789586566, 8.282824524884742, 9.431249821745661, 4.1934094557418256, 7.011532599462633, 3.698659277317426, 3.7350096331030183, 3.275280464308754, 3.6187616411722114, 1.8798636578383685, 1.79324253494089, 1.3023629405209542, 1.7210645688705617, 0.817876553081589, 0.54390005557513, 0.6007639369535593, 0.5252929983285924, 0.6043725306208265, 0.46409869119849795, 0.46359154681934583, 0.47601813824172423, 0.3836038931552507, 0.257931548861081, 0.28866935042363584, 0.13326705006398343, 0.041118541804386996, 0.052070944389485806, 0.02788435280624606, 0.02814493160123408, 0.02804464537779154, 0.04406718921149829, 0.04152815053319145, 0.036751919380780464, 0.03312938179234974, 0.03392732298876834, 10.435065636701086, 0.6274931510340679, 0.30052310533454657, 0.3454370379958123, 0.4404137435185411, 0.25416191105888397, 0.48229648532980574, 0.17899888742840592, 0.9323633646655372, 0.05476410494820597, 0.4444129622609798, 0.0984971437093541, 0.35254123840948726, 0.217374096368027, 0.17655250528095326, 0.2710965506673087, 0.07593367147465648, 0.3761424796580578, 0.14205869567772916], [9.200816976252524e-05, 0.0, 0.5870491125481573, 0.5139422655499233, 1.2924625650839467, 8.686670177995303, 1.1955664969076363, 9.146429713214774, 2.298312555098239, 11.933198422178556, 14.81138635055853, 9.71423402209055, 7.929605253305719, 15.004894763227492, 7.220237618553928, 8.576577408047179, 7.049247220378989, 7.943236573594571, 6.148013426966026, 5.643672497251639, 5.204142341342022, 4.466099902059175, 4.351934039688654, 3.8300723405825052, 3.2630344124094552, 2.783569440353975, 2.502927096692594, 2.117498967926042, 1.779272328341546, 1.5035620896793562, 1.1814385394315372, 0.9307894453988781, 0.7220397786456739, 0.5986351715699075, 0.4475982309168608, 0.3709922395471851, 0.3293429441043106, 0.2426697699797227, 0.2088870207390733, 0.18318636682377323, 0.15900960713099538, 0.13293501783149836, 10.466398195339053, 10.654523737175692, 10.831867720064563, 1.6154126808097782, 1.9442272844824235, 1.8276671650662117, 1.7668405762829125, 1.7566049556667853, 1.5334817655614488, 1.3539388099267442, 1.5956654478208465, 1.8739234020754536, 1.569108008069694, 1.1314692242460196, 1.4098571408775766, 1.052542330999753, 1.8941743664335635, 1.407150393645363, 0.937541286863718, 1.265431311678113, 1.0221667934001988], [0.0, 2.361031864332167, 2.333521518840787, 10.4353530926745, 5.719278694022945, 5.002254919240433, 4.543830921904305, 8.611774464168915, 3.743931025858034, 10.264040444047197, 13.53038800961664, 9.952363687126065, 10.580288239958865, 13.854517895717878, 8.695600221125424, 10.199195244771504, 8.17134323091877, 9.808327512268592, 7.513290191439806, 7.27847894044518, 6.576623578778417, 5.969157684876961, 5.8120228236105405, 4.556361432230966, 3.9714518386864537, 3.342550560474033, 3.0777346672754478, 2.572877817628458, 2.188342808668309, 1.8072820024365164, 1.4963176647067298, 1.137705839502661, 0.9009083024564878, 0.7482530711402591, 0.5712686152728209, 0.46343389350473424, 0.4131565726919942, 0.3264375560254938, 0.2684384290063468, 0.23047946004826386, 0.19731488199832323, 10.480906155130437, 10.720122491648349, 10.893357044479618, 11.321879659597101, 2.191473822888995, 1.870042375489924, 2.3899644461466942, 1.8799500457108036, 2.287780209712034, 1.7356509134764262, 1.7630695460345698, 1.2656576790576384, 2.021658429783175, 1.3710630288233843, 1.3522492482099593, 1.2579383227771148, 1.3074424129082372, 1.3912173205089193, 1.3319816130742135, 1.0992036766658788, 1.1782016909920892, 1.0635710448323739], [0.0, 3.732637017102659, 3.1512205044558086, 10.713278499288629, 6.019643013034269, 3.7637678934266465, 4.510932276473618, 8.923611682920782, 3.03532756201832, 6.249108417734996, 8.680605558412816, 5.4185680489406325, 9.593010685876703, 6.193660429618433, 5.751467012737545, 6.154742725259817, 4.802809234403453, 