{"initial_violation": ["destination"], "initial_duration": 35.94081401824951, "subsequent_violation": [["destination"], ["destination"], ["destination"], ["destination"], ["destination"], ["destination"], ["destination"], ["destination"], ["destination"]], "subsequent_comparison": [[9.200816976252524e-05, 9.200816976252524e-05, 0.03474220113237331, 0.27301240614786837, 7.9611971407113975, 0.23494723405911055, 2.3164907821892213, 0.715243828557203, 6.112420645940915, 4.521858188678806, 9.602446714895311, 0.7524291662558169, 1.4765604862197486, 1.5249342275807944, 1.991742856368505, 4.042106290998153, 1.036846442853755, 0.9433586187200728, 0.7397079768466464, 0.7432952756247868, 0.38817751285025553, 1.0340591830241346, 0.890191231895371, 0.8558801208133321, 0.658644409209124, 0.6084282123663937, 0.6485128200783155, 0.5881639938311948, 0.8144543818450182, 0.5471230194449075, 0.4109709254527926, 0.40629109398624735, 0.45399521690763817, 0.3929331712626201, 0.24542515216306626, 0.18075279819127565, 0.1633201056673304, 0.1366807517806099, 0.1141988489605053, 0.09645836562741744, 0.08008691953622457, 0.041138314577402, 0.027001072314927436, 10.43338207990454, 10.708190006397366, 0.8292030040875171, 1.4237890109381799, 1.5924411798116698, 1.2094423350767434, 1.3734867772436596, 1.0425689195386265, 1.7146389419430907, 1.4982612692207942, 1.1540492720322983, 1.3426967638761709, 1.0083027856303348, 1.219251015899505, 1.7594928886488423, 0.9502384533475706, 0.9955061675982255, 0.9219760437862266, 0.9610146550366696, 0.9284816641419851, 1.1090820475907608, 0.5683165583065802, 0.9814633415171607, 0.5392013046803497, 1.0261559113779721], [9.200816976252524e-05, 9.200816976252524e-05, 0.008340895299075935, 8.691371885603989, 0.16737628692970494, 1.3697333898200978, 1.0945604164174207, 2.293341956443815, 7.036502184581786, 3.8532396674757456, 5.848965463690698, 15.950104445406652, 0.30838234819955046, 6.372139789605768, 6.990464828219323, 6.8358524116281805, 10.579176247462044, 8.208226723300056, 7.987880340574088, 7.026766073502921, 6.323403845908908, 6.201311879883919, 5.831563278598881, 5.190335517142718, 4.6648286025292265, 3.2748293720501747, 2.922700173624061, 2.3216215995432488, 2.6780555416601057, 2.280272732113207, 1.4000185385913182, 1.6849471329529608, 1.351855354593659, 0.7025032607906765, 0.8435177811288075, 0.42745208575479055, 0.2997788860385702, 0.2107540172250624, 0.2906054410556603, 0.19026283328132476, 0.1493765619349868, 0.13457037833447857, 0.1103052460920732, 0.08223244915444224, 0.06282589399942246, 10.453996074046875, 0.5776826197426402, 0.4162951528365167, 1.0856349890489616, 1.168682600540369, 1.33732504025905, 0.8193673598033206, 0.9791312070661267, 1.103383134824068, 1.3675660969648535, 1.0396556323888495, 1.3038247832732066, 0.9201867676519029, 0.981087683470894, 1.1126909552046742, 1.3639453255091247, 1.9212028085998651, 0.9417745495575611, 1.0953347946380658, 0.9843239951365891, 1.0199114335611683, 0.9947551528606259, 0.9731058271983232], [9.200816976252524e-05, 9.200816976252524e-05, 0.03522995891952928, 8.758821150058845, 0.014408850735084995, 1.202829475955347, 0.3102346776718814, 2.3593408615589717, 0.390694361850203, 4.8645277491491274, 6.629905855900308, 2.5004537751183933, 8.267525162129827, 4.722479799319962, 5.462476041916825, 5.522955018936625, 3.9941532363634917, 6.726352382273514, 3.4195578380149976, 5.346319550929287, 2.898138971543966, 2.623766095108957, 2.3821272333966093, 1.3299902111087163, 0.9965083334645466, 0.9682300038768623, 0.7686902983351229, 0.6320963006418142, 0.6746822487781496, 0.7832505064187039, 0.24106684941131962, 0.5252735635777248, 0.3945465322446263, 0.1406561028755643, 0.22523923605800547, 0.12894912411393922, 0.11036132938091836, 0.11216953377608284, 0.08754702070606235, 0.07692303106477813, 0.06836848534583952, 0.06414799422469616, 0.0538048306327379, 0.03741207708551449, 0.030826088338863713, 0.03166372810656124, 0.13109798937722222, 0.1606234951617361, 0.15274077977814862, 0.1271415562844913, 0.2637950403301487, 0.07175673827224066, 0.074305430139253, 0.09152570955831404, 0.04965176255709446, 0.07751479900972824, 1.402995966107271, 0.13463776727802015, 0.3140962652422249, 0.11538594723897383, 0.10357966516536142, 0.19072335135367846, 0.2525106819862519, 0.11704801623635697, 0.4380583013885128, 0.08883960344404858, 0.4327237619216241, 0.5796496045010332], [0.0, 9.200816976252524e-05, 0.027336295353166278, 8.787916967723291, 0.38668577265596416, 1.3385535171310365, 1.0480133181569742, 2.357371011325723, 6.946067227115714, 3.9535294121413598, 5.817860340946174, 9.505088687228847, 0.6091076496762892, 2.900431112354898, 3.2876492052981017, 7.988083286198152, 1.8639654228676616, 2.0137970865915333, 1.4668096531640749, 1.8341322321638185, 1.5520593456401117, 1.8096502005797408, 1.461366624198404, 1.3858640108386384, 1.1666598542447248, 1.4066516395158672, 1.288052674779197, 1.1888723206450498, 1.0497218348201196, 0.8501520952702676, 0.71534445267052, 0.593843659317571, 0.6622759417838644, 0.49638983822270727, 0.3505048134014551, 0.28362238043207966, 0.24817447639773874, 0.19656034122896424, 0.15999825611599172, 0.14039012534074766, 0.11348285610475725, 0.07582127166725837, 10.44625044168017, 10.83007241650951, 10.826957731690968, 1.411961576700753, 2.1902196307785444, 1.8647633463218802, 2.0827844896988217, 1.5952872245126988, 1.9266159258833424, 1.9527802398116563, 1.8348735718670868, 1.805587499743164, 1.8258281804636798, 1.70122907309618, 1.7851868101600894, 1.395443442385709, 1.1849516871471746, 1.3159035090078295, 1.1088223245649211, 1.1347907293565866, 1.3743980256307688, 1.463870945423521, 1.0801147271629048, 1.0219385062937314, 30.986568795285898, 30.833275531606805], [0.00022877223849673064, 9.200816976252524e-05, 0.004649394021503651, 0.13627317995165958, 8.182526363153197, 0.3765895776098151, 2.4857558694889983, 2.1674568156531278, 3.347196970867678, 3.6967922508020177, 12.849024042583519, 5.68025008664034, 2.006458950828992, 1.3024843654615, 1.9991572783126856, 3.977394602166689, 0.6612837709163476, 0.9392952438414702, 0.42423790786175664, 0.5608381819501685, 0.7001207893621074, 0.5355093898824441, 0.48652602694227015, 0.6635954977225615, 0.47267389497414947, 0.5874807706659791, 0.4654056642472709, 0.594851695937154, 0.7574542302029215, 0.5101854919480263, 0.3917470840442323, 0.40240021805462595, 0.32985460160291086, 0.30753235452666755, 0.1424047936260082, 0.11330092789593565, 0.08897134189819506, 0.08461130593714906, 0.08294543124619624, 0.07546574655026562, 0.06622886274247979, 0.045516871077280946, 0.00895297176855755, 0.007455355658643235, 0.013196753159230409, 0.017806235634651963, 0.14099371500790442, 0.014971330908790314, 0.2134543962389246, 0.5172103636335688, 0.2832481831013588, 0.3804733169640092, 0.22931097635641126, 0.5571037961098204, 0.06660922134419968, 0.48216369497002326, 0.13614502530607983, 0.30259841125228365, 0.4318085048160622, 0.3640139162480185, 0.04526764920104655, 0.7648800622900387, 0.04432815171004236, 0.4396147693000938, 0.09188333606521461, 0.3247906282520559, 0.12021145431098632, 0.11936015844171342], [9.200816976252524e-05, 9.200816976252524e-05, 1.2690516262982812, 0.5168427264956648, 8.839160907473861, 0.7481267037041853, 3.4243839539007896, 1.541212532734874, 3.5697612804275645, 6.531841666274011, 12.372446441898752, 1.5686564357624249, 3.5949652389571085, 2.3551114345438204, 5.730765840687084, 4.095853952069409, 3.843469553975627, 3.403230812720043, 3.288190636843058, 2.909272535694245, 3.8528763456196096, 2.4463144695864347, 2.0042436422159575, 1.7124098155177472, 1.5143131312640254, 1.3572942690971732, 1.04404089863035, 0.8396398043930388, 1.146898639749103, 0.8781075207018687, 0.9295852008253225, 0.5770046856280905, 0.4886328446627233, 0.37407313337260617, 0.44878036364778334, 0.20099076141440328, 0.12039282197353482, 0.10098987663679108, 0.09586272651113154, 0.08356225627565124, 0.06802220510333944, 0.06490978997683165, 0.05140564249877588, 