{"initial_violation": ["destination"], "initial_duration": 36.32877707481384, "subsequent_violation": [["destination"], ["destination"], ["destination"], ["destination"], ["destination"], ["destination"], ["destination"], ["destination"], ["destination"]], "subsequent_comparison": [[0.0, 0.0, 4.048313977700196, 2.8514150200804438e-08, 0.499237931227779, 0.6515040783561026, 1.2368174852594456, 1.2530742017396574, 1.1397857915507978, 0.806517967656112, 1.2893328107700968, 0.9351252161767084, 1.3680976304057766, 1.263482620178954, 0.9626702002588952, 0.7542371857907715, 0.9010319796388756, 0.7635799002068812, 0.7626796443183942, 0.6066033400937593, 0.47321250826219174, 0.3217776018568822, 0.2154517088282354, 0.33210250630511295, 0.020895951277561768, 0.269856860648766, 0.022878588164053262, 0.16029170043059088, 0.02556872634767976, 0.12228147041679784, 0.02415044288513548, 0.09864779922499844, 0.021584539471807933, 0.0919672295218742, 0.026135255071690205, 0.05802389521086928, 0.020647977138641402, 0.054739334866157285, 0.017584648752319004, 0.048882393479760436, 0.01567418428220324, 0.0437380574339433, 0.01107366236481067, 0.03322926131295661, 0.012679174675257908, 0.010709424762975197], [0.0, 4.799926683327254e-10, 4.047319573308358, 0.12973272570699915, 0.6978360576251615, 0.33035865446078555, 1.2318500080412782, 0.4185385283991735, 1.186744623408846, 0.3693644561286065, 0.8448296149734622, 0.02764555842029746, 0.6957185817530392, 0.27051184962310987, 0.21022134497689512, 1.3844674393958964, 0.3224796624290302, 0.8680438767724644, 0.35393113894809225, 0.6181243461889687, 0.32162523208419547, 0.245120256090764, 0.3652649905689887, 0.20112594255073807, 0.20251627108758966, 0.04228528785446925, 0.13003433000390044, 0.0028488224415638857, 0.0758142231234369, 0.007701574974881405, 0.04336269164519978, 0.00391693592907508, 0.02834613172349028, 0.00437353947836423, 0.022688174929748763, 0.0037321375378098725, 0.013250674123795292, 0.002568817702486109, 0.00842453836053524, 0.05677726529728328, 0.03896782256340709, 0.048095992090087615, 0.035535901034301876, 0.03607723763837171, 0.014079531278572456, 0.012663046901953063], [0.0, 0.0, 4.047348492682327, 17.234011345790627, 15.547992568100828, 2.303779786524275, 0.8578178229362533, 2.565435373274374, 0.3649080255845573, 2.730740205765225, 2.461422719856487, 1.1915700711886195, 2.726737775433103, 0.5843416779141619, 3.25559560870768, 1.630684892012007, 0.13268110332385377, 1.2659887827021752, 0.28328922300413506, 1.1093334175043303, 0.2934592600021627, 0.23200593752016999, 0.6416290880413565, 0.1195836672601305, 0.5480996420464365, 0.04159120339411851, 0.5490602623865036, 0.02859662434083298, 0.351986094584668, 0.18889744101079856, 0.06780739631207808, 0.17159606917327466, 0.07446022364964797, 0.15395533935387182, 0.06827736038298968, 0.13649983887923925, 0.06910184502144165, 0.12451378512128146, 0.0664160055153204, 0.010953136065445042, 0.1453875169778101, 0.00867835961121402, 0.127790269705112, 0.009076228064894007, 0.05778356343212041, 0.051292557174827884], [0.0, 0.0, 4.048186180637493, 0.12973272779925235, 0.4996021522883557, 0.6743158862869074, 1.0581826023796614, 0.522766072458813, 0.6753720887884572, 0.3007472919056832, 0.1148996224846471, 2.025860563972848, 0.2578735584830589, 1.264577739436905, 0.7608441033393563, 0.6144986107904493, 0.6226730626255971, 0.4331461998193823, 0.4335049924559455, 0.3049724113088866, 0.08914382243113514, 0.05769902599057542, 0.026619129346181908, 0.06796033313224308, 0.052751296010600975, 0.2609875433727355, 0.04885504265116691, 0.12125421982936573, 0.056888368187714776, 0.07136677260863454, 0.06250297773448603, 0.06755679227698325, 0.07386680037754166, 0.06530379517304971, 0.06631263454672995, 0.05787766932172603, 0.07012548550504147, 0.010198700469340499, 0.008535056438518297, 0.009875265539852242, 0.005286191834819205, 0.009245782021138509, 0.005469281418342312, 0.012478986781917677, 0.010666143922757684, 0.009925041570902429], [0.0, 0.0, 4.048167544548888, 1.255882319295027e-07, 0.45292972720157265, 0.18743544806911439, 0.6808537920276305, 0.3104141558103617, 0.7812922389608776, 0.4123200617989538, 0.5729684724348754, 0.14119274516697355, 0.17503099697944408, 1.5470646597730362, 0.632645761181517, 0.5884336058175754, 0.44760412723503595, 0.37042665133620445, 0.1492699044605938, 0.1731832169650098, 0.01837539770281684, 0.0433249802371619, 0.056327341114509766, 0.08334976533626381, 0.11279867577107222, 0.12176886499077544, 0.033035095856533185, 0.06926817666246203, 0.024119321515196673, 0.03497184037501882, 0.012209212397534176, 0.023911551418681763, 0.010447599363335731, 0.027163205942698786, 0.011907207528777526, 0.024616474861941205, 0.010460853670108235, 0.053419578315471804, 0.023913712014259004, 0.044000964532375, 0.023437585394630766, 0.03721529193636437, 0.025066696008101453, 0.0273627607127174, 0.005718601718964152, 0.005742387005024704], [0.0, 0.0, 0.00014379331288472865, 0.10961112329333222, 0.40561735658720727, 0.6109934650725048, 0.7997593121281162, 0.6491174335389449, 0.7645951758769596, 0.5902290945115686, 1.059960791578907, 0.24101961472761615, 0.7116634464214882, 0.2723444990551659, 0.19804441836534734, 1.0919656229268655, 0.26342085912281493, 0.7008492718899659, 0.3319234271108786, 0.4704510004776969, 0.36916633240082314, 0.2548216095481816, 0.28671309545619883, 0.20701769251247246, 0.18411711837489536, 0.08961642052829757, 0.07432097789585473, 0.04054154573747566, 0.05350994734956644, 0.041666902387312126, 0.035710708575550316, 0.03908000178406958, 0.034980478625823444, 0.03872803729829571, 0.03395944566005652, 0.038584729425125565, 0.03254136434024846, 0.062180383535069855, 0.06348484363992728, 0.0522219978646818, 0.06254709300136692, 0.04447072285675703, 0.05925869602035111, 0.03547681230625487, 0.03816176295335633, 0.03808460129637173], [0.0, 5.074426233233737e-10, 0.00016647105822746008, 0.10961116725383725, 0.32286842933132176, 0.6023230066444566, 0.43307121400836435, 0.9500084484090476, 1.085660391752398, 0.4165904833410802, 0.2767259543295301, 0.03585898579303769, 0.13018155810496632, 1.346432457960318, 0.5937993523174527, 0.6280383340052821, 0.6082201204121974, 0.5015284651414867, 0.4413215823402923, 0.4106420137021194, 0.4919155637752808, 0.11170207930509457, 0.21484270288097226, 0.1300130257041963, 0.11703454465828178, 0.0468424668553464, 0.017659320055831998, 0.0448479211340344, 0.012097124241607058, 0.07559210176807973, 0.07785442566270294, 0.054404111515899044, 0.08649541490316713, 0.050429938303068675, 0.08197814219640952, 0.044115089191622894, 0.08564328037713803, 0.039602390712107645, 0.07860641176695073, 0.019302898704037893, 0.012207964308475672, 0.017992890337011343, 0.012319644212841336, 0.02027421092216779, 0.006195512740432223, 0.005074864673538607], [0.0, 0.0, 0.00011675700066893083, 0.10961111949234086, 1.1914971955293903, 0.4427587625855987, 0.6540734190803575, 0.6582114423052849, 0.4685597428964697, 0.2958939124734577, 0.6552477287026165, 0.16421689179505133, 0.7830246297539395, 0.061210459612890664, 0.21314760050055512, 0.533538377127768, 0.14679656427412796, 0.5689088347820389, 0.18319605314546905, 0.5050716638650555, 0.1416619384108942, 0.2457935686553565, 0.014639235639788186, 0.08151136108287559, 0.08056283655359293, 0.10411200120166156, 0.351890987668027, 0.05013358980227716, 0.19113526450731677, 0.07546524898299319, 0.11950770710796044, 0.09046802015413022, 0.09957241319412255, 0.08851111076135502, 0.08797211072013128, 0.08229124799900579, 0.07614045669855289, 0.07588940772451147, 0.06320892863439467, 0.06588228476779177, 0.05499181151800769, 0.055276478386733344, 0.045150073662461335, 0.041017794820077454, 0.012552581361436159, 0.010234506723904083], [0.0, 0.0, 4.048269728370383, 0.10961114524928081, 0.8313743375185526, 0.4439422886211107, 1.2597458651485094, 0.9842751449050672, 1.5961574103115002, 1.004732529138751, 1.4794952807088042, 1.184681428059563, 1.2001234200658222, 1.0573786596988526, 1.0972248273117335, 