{"initial_violation": ["destination"], "initial_duration": 35.35350203514099, "subsequent_violation": [["destination"], ["destination"], ["destination"], ["destination"], ["destination"], ["destination"], ["destination"], ["destination"], ["destination"]], "subsequent_comparison": [[0.0, 0.026193912692510413, 0.469833104112449, 15.821636471736467, 3.0064081189533285, 2.611958533667541, 3.07285933488192, 3.0091705368878765, 2.2930667059473135, 3.483300185593033, 1.2671506236559336, 5.34701904502613, 0.7749369931042103, 2.72328835311784, 0.5559595538533251, 3.0607569906303214, 0.6292994911718908, 3.285002451562877, 0.7600282337442943, 3.217826957720433, 0.9891217789976042, 3.0378593793344306, 1.1401273078667633, 2.702185705521617, 0.9692904021525004, 2.5914477781367715, 2.9128099637382925, 3.008121943293151, 2.5937964739067207, 2.2778936847284528, 1.7421965134130601, 1.8470835875640503, 1.836420112551523, 1.1831426675614172, 1.8156554478016824, 1.0710897485356259, 1.8878987664877798, 0.8722285152819077, 1.3426215268449233, 0.7071942308054078, 0.823992069329826, 0.623442755289032, 0.5588425349529232, 0.4238943399835884], [0.0, 0.026193912692510413, 0.2549415692656404, 2.065185938722554, 17.634104994871716, 2.630409652822619, 3.7129275894924967, 3.4458729656798477, 2.614216753570703, 0.9376984534263845, 0.3204344950863849, 8.365574937112843, 0.4918551902402171, 1.417416892674908, 0.5880591523285296, 3.1731386322059625, 1.3992671219398056, 2.3089977394146177, 0.6211247623573428, 3.5279907236002055, 0.4962241023107252, 3.5834938263790113, 0.8803935307852887, 3.0412140288058707, 0.2466988630844714, 2.9594096744820533, 3.563700552042545, 3.6032193284194096, 3.17399964168693, 2.355894110303006, 2.6563333716697373, 1.9360959804405031, 2.3773389552027737, 1.706560991438867, 2.0025498063410847, 1.4372129092680752, 1.7533311947232395, 1.3861234176550705, 1.0764003042794934, 0.906643924679717, 0.7521062427009949, 0.8483772422368322, 0.4352992782388774, 0.610874167617354], [0.0, 0.026193912692510413, 0.7197638244438557, 16.217891273042625, 2.724984116120281, 2.936285161719219, 2.388206087099645, 3.531044386955772, 1.4054721066380618, 0.8145909636110262, 0.26049457862141046, 2.343886566698439, 0.18528790147950858, 1.6494116966326127, 3.327465987480532, 4.058609426931413, 3.2367551382531725, 4.152377938081546, 3.4053861118250293, 0.8180714777419316, 0.33270522252259477, 0.6688276001805239, 0.04751016774638429, 0.6288684103120016, 2.7107220991319863, 0.6546600260801253, 1.161280523275759, 1.2423183839971907, 1.0576143130443496, 0.7566379585519094, 0.954252887898343, 0.36089172023176974, 1.0481241370525907, 0.8659184468665909, 0.6310941165380898, 0.5886765482644888, 0.720182658199, 0.333787693246182, 0.546641727292375, 0.17102758043113014, 0.28082180172371873, 0.18623014213996958, 0.1576058018613866, 0.07521587866358573], [0.0, 0.0, 0.22957982496620435, 2.0281957743361847, 1.1181058034728575, 2.5654096337102232, 4.138999808454543, 3.125864079262379, 3.577186372161258, 3.5040788944114256, 2.492241521083527, 5.684132951505305, 0.48411953468046703, 1.5047466042170121, 0.4522711179471375, 3.585381875481305, 2.6545413276354926, 3.78362752914094, 2.1664577703258816, 3.6790773642279224, 2.1786177940440914, 3.6185751969312325, 0.6320348787663643, 3.0271198461777638, 0.2038668529718569, 3.17095230760905, 3.892889056135935, 3.9766367303311068, 3.7817151832660567, 2.7378578210488715, 2.928559253939055, 2.0861196069953762, 2.617121664739302, 1.8703281336930584, 2.0453374378241316, 1.5684328342472418, 1.8089207762069144, 1.5851262163931048, 1.0933331522523924, 0.9117895469569514, 0.9223557767267537, 0.7392898977471062, 0.5971458483277364, 0.5423949815491673], [0.0, 0.026193912692510413, 0.4939077453469028, 2.128724267144843, 17.63210252185104, 2.4933297844930924, 4.10690998450614, 3.115164665954299, 3.4217135224243003, 3.525648549126026, 2.549428782418294, 5.074995475700902, 2.3773802026087596, 1.5237943052388372, 0.8139340169980497, 1.6892853832435901, 0.864902683479855, 2.081170072404903, 1.0660922847694623, 2.1443380486362225, 1.146933231915609, 2.0762195506581635, 1.2114314074559376, 1.835376486958201, 1.2302421442092906, 1.7825274141776035, 2.1814449178254582, 1.9549839914964517, 1.4404052435078083, 1.6730670718977203, 1.840776500189095, 1.0552033941771344, 1.6515542111187698, 0.9048034041611953, 1.353180826945811, 0.894602997112865, 1.2831869420730049, 1.0517775641963467, 0.8008636461909929, 0.7514706726291076, 0.6755426151760571, 0.6441716279822596, 0.4022278632302118, 0.46698390903420817], [0.0, 0.026193912692510413, 0.2558422544813552, 15.821926487477489, 2.999662916037343, 2.8048760852073626, 2.572515416622147, 4.337473321882227, 1.5827930271039647, 0.706030770739756, 0.12714195063365405, 1.3481746630190532, 0.5053505926404155, 1.3175807226435783, 3.4978817368635, 4.38029124996896, 4.032447312152542, 4.416637698070356, 3.9074277940509083, 4.3550027322530145, 3.9223372059988737, 4.261975832228389, 3.960253366142197, 3.5428971441979416, 0.30764159126124724, 3.6638250182683425, 4.436002450802, 4.096643251780536, 4.09404159221025, 3.1061941247005214, 3.1503450716612242, 2.3580105619408918, 2.8095374002368265, 2.094871791289486, 2.2175027855086453, 1.742707083093516, 1.939295160166849, 1.7140540288934172, 1.2079824259530922, 0.9684615591634944, 1.0433220046248053, 0.7209931392499725, 0.6942649076047769, 0.48619399064793695], [0.0, 0.026193912692510413, 0.8948371914838534, 16.220688402652055, 2.951735413808634, 3.289504142211386, 2.6507314325972917, 4.311500224033348, 1.6890176360195115, 0.6572242400917545, 0.1923589789963961, 1.9520259892413383, 1.0116301406288688, 4.640956270372111, 3.0231444070611473, 4.837565532845036, 3.683001257921573, 4.873936998442899, 3.484360928325015, 4.724494256762566, 3.4566775618749226, 0.640032054668537, 1.4387712939872095, 0.5979853914993035, 0.6801320065318291, 0.4348030068995629, 0.12265759316893289, 0.429801014629811, 1.4230919253586942, 0.1945958592065977, 0.3859688039900918, 0.5180314292616321, 0.3648735623062963, 0.6592865966272987, 0.05984229907455478, 0.7714364187937122, 0.15589641061082093, 0.47055420523901037, 0.6656077794990194, 0.13857119189441863, 0.3570750377515903, 0.10571919684785326, 0.15491874869845157, 0.12241448917108697], [0.0, 0.026193912692510413, 0.21970424919820117, 0.019274344670838512, 0.788235275356695, 2.2599116421886998, 4.240006653567791, 3.184673950475156, 3.6394228366031056, 3.1443320122554685, 2.937898030485765, 4.608213456935066, 2.7168070392454107, 1.217401366176574, 1.255259657709748, 1.4513892752496673, 3.0676773382560456, 2.898603513445333, 2.4353272108205495, 2.857080178057429, 1.3025691385444276, 1.6449727686117976, 1.2814316726831652, 1.5012774945797138, 1.0388726877700216, 1.4669838175625165, 1.740393978352787, 1.8151786650095, 1.5314941814699212, 1.015393260460223, 1.2085334649019155, 0.8222332825514372, 1.3191742648145286, 1.098035871579266, 0.9813586203038012, 0.6687748969995042, 1.0521965421909123, 0.6483529505161902, 0.7841017827649518, 0.430704609503334, 0.4445853204180147, 0.48757213586440507, 0.12996570832119733, 0.39142100103718624], [0.0, 0.026193912692510413, 0.7191184850980942, 16.21782047408004, 2.92793512758212, 2.8373893267485273, 2.752032928079306, 3.4355109974187386, 2.1713841267387726, 3.605279509098148, 1.6603485945948822, 4.834535897414537, 1.2709924472947791, 2.2448389890884832, 1.0296809634797424, 2.6140420853924597, 1.0475595479182933, 2.927983392031994, 1.4007526173143776, 2.781956112464584, 1.1886086521213532, 2.7583004176174466, 0.9105084865885308, 2.4984080550295347, 0.7788865725025386, 2.588875291702183, 3.228942798175897, 3.3046137378278537, 2.3008303335237033, 1.9640039276893562, 1.787175047128013, 1.6473002499778866, 1.6033711209748482, 1.5169131075468794, 1.332455756308716, 0.8825039782874723, 1.3536226678830108, 0.7051338491362199, 0.8065695223360788, 0.7124930993822017, 0.44222505116785954, 0.3207984841787693, 0.21113632704935367, 0.30005135878611106]],