{"initial_violation": ["destination"], "initial_duration": 35.34155201911926, "subsequent_violation": [["destination"], ["destination"], ["destination"], ["destination"], ["destination"], ["destination"], ["destination"], ["destination"], ["destination"]], "subsequent_comparison": [[0.0, 0.0, 0.10082976540461742, 0.14266205095275808, 4.647253306136982, 0.4735426199509578, 1.5703189566950355, 1.2560881398241421, 10.209999836914644, 0.5332871804471342, 4.733266677525004, 8.55628838263939, 9.72925733499756, 6.944142907559126, 10.756507533537455, 8.577960721135748, 9.600964303699644, 25.74747892635868, 10.784464731792472, 5.710038719134869, 6.72666176376764, 4.301792526299965, 4.978313990977012, 3.9752397653225735, 3.845180275943523, 3.85506650278613, 2.766809197274742, 2.0338326657810497, 2.406289889670599, 2.3957748368312166, 1.6453639961440614, 0.9870193371293388, 0.4249355392413272, 4.57117803179367, 0.4899223334120001, 0.7335617391150041, 0.4973381994620557, 4.842966376618237, 34.573388527777304, 2.1112009034977652, 4.820876880169982, 3.654045319872604, 6.966433235319796, 3.5687759960456096, 5.5405699629638185, 2.426739739996938, 4.954535769529144, 8.346825314020881, 1.0104175842308054, 6.686669798277709, 5.727959443902383, 3.826172793117957, 2.297640887757708, 6.818003735536263, 2.4971346337239244, 6.505012658660958, 6.4810744693058755, 6.61763025578478, 6.83004682769304, 7.7946271298557335], [0.0, 0.0, 0.08515704894615911, 8.048270708594371, 4.7014058099540605, 0.536528460737806, 6.0646506239894595, 4.960803019287293, 10.217607756181357, 1.1649609776125227, 0.94338370013916, 1.660314882362609, 1.9988142667652402, 0.27770988848905775, 2.144174609124912, 8.180016850039426, 2.1661710215594328, 23.668117303552744, 2.3340828774658195, 4.073484604461193, 2.8774509538371427, 4.0008500031052066, 1.5958141715034768, 3.289032023783676, 1.8094149801621544, 2.397716973212442, 4.532214306917188, 1.8707858403709268, 1.895048061987664, 2.0329292337690905, 2.043705835163238, 4.196130388257197, 1.3145062435265826, 5.375077747784348, 1.3099713843297784, 2.9346244784897464, 1.9624420074259934, 2.574173859830604, 1.9311757889083145, 3.4139985547779284, 1.8590537589350005, 2.698347112322597, 1.9929923754929733, 2.217466401778828, 1.7314807832794463, 5.4679905348561935, 2.1171068465595253, 5.126110707319699, 0.9118170652711942, 4.592789777831276, 3.4880388820585164, 2.2865809760211655, 3.3828938888865383, 6.236066037604154, 4.680727232691212, 1.8477820040999153, 2.825124347485793, 9.397515611603023, 3.9583171632359817, 4.452941595122193], [0.0, 0.0, 0.05875154749694083, 1.0144773888021246, 3.4069260259711993, 19.196278763046188, 24.355613291492286, 5.417021276335446, 18.09694844911926, 8.299127013775504, 12.05286198536356, 7.587463810220398, 9.3993988121897, 7.968905369133517, 9.33693749270152, 8.50409577439824, 8.381862940378513, 27.71916274771317, 10.410620722481033, 4.7744790565099855, 6.2646453016953005, 3.4323565902649293, 4.078452778267524, 3.1738413617157555, 3.849040062293855, 2.3017501939957246, 2.6663963377609217, 1.2178824760907065, 2.2288448594752066, 2.0845753257814224, 2.0714779599681306, 3.4043318260347117, 1.2335105573870122, 4.607748974165044, 1.508066787146509, 1.2487071976587951, 2.128155911609602, 4.785912286111371, 2.808876549367768, 3.0740608606378212, 2.819312739444546, 2.188568686017996, 2.946137733540565, 2.1881774738706246, 3.845463582473729, 7.584487808788945, 1.6747885333747043, 6.18120207025743, 5.737283404757609, 2.554112924681602, 4.92638169189768, 1.6048566936658926, 0.7376330942177697, 7.40611880051418, 0.7090906640384547, 2.0503151121541707, 8.354013351072263, 3.1820145726955533, 3.4620119839820274, 4.270206136391885], [0.0, 0.0, 7.831408827066385, 7.694217347734287, 3.738833470059525, 19.457524561379884, 20.386733666492358, 4.933914054742086, 13.53071565994315, 0.8617530222306496, 1.2251038964084209, 1.1508885022391386, 1.9167729467278025, 1.079311065792038, 1.2068641967802345, 1.7038119994615755, 2.8561323812758133, 1.6525959755232693, 1.3815888700477224, 1.8686678496676319, 1.237038303143528, 3.3829861720810204, 0.37984712864750314, 2.65462448561976, 1.257611063498268, 2.0419102505685798, 1.0478440388219883, 4.282974229874191, 1.252449524634449, 1.3549533311900994, 0.9172559961146762, 3.1960171467206053, 1.0104899907173694, 1.536733265586475, 1.4990222183475448, 1.5792062614871918, 0.3825473184586501, 1.583167195878224, 0.24432559341941995, 1.6244351885940649, 0.6390973145233811, 2.306325871388121, 0.6181402250711187, 3.4945176816169763, 1.7529840060418318, 3.9931230379735574, 1.1522297452878998, 4.562197639743333, 2.224154931579069, 4.202391496072721, 3.0616695242766503, 4.896145655668839, 3.381177090873929, 5.560376135201073, 3.3405764009832697, 6.077902840111249, 6.889309387413312, 8.970750631555877, 9.616191937677334, 10.305378635850637], [0.0, 0.0, 4.947022619424851, 2.834686756482125, 8.319489330793507, 23.453792943885734, 16.124245198972726, 17.580885129860526, 17.455731435851686, 8.174468043323394, 12.417184516002232, 8.011916930963498, 9.917587963328256, 8.032518142434713, 10.655244480120226, 6.3211966525640015, 8.293496311227148, 25.930952184840113, 10.3845756534301, 6.555809034724343, 6.5466009872083495, 4.132299349474138, 4.719876283429607, 4.512869923135005, 4.583283578790029, 3.818714126994358, 4.442147647478165, 2.993283940637596, 4.488257542952607, 2.1565722506352487, 1.7697324733132695, 1.2522855685006502, 0.7177273873048824, 6.201965348101962, 1.789679947719175, 4.595160554681353, 1.6240688641362262, 4.481505248114576, 33.39391685044374, 6.6357129425972445, 0.9854964009816993, 5.8488109041482454, 1.8587265534900976, 5.47429849557417, 0.7185372259562732, 4.044158383897198, 3.2841140900989174, 6.630484422983273, 2.5899268979480183, 4.3926026406337515, 3.47944516717672, 5.739839508243373, 1.3943429080450112, 4.275083778629476, 2.8270296216015556, 6.742273975689092, 4.9886596044650044, 10.027341510653136, 6.312658743819061, 7.263846957310479], [0.0, 0.0, 5.015761313117703, 0.8145495852345466, 8.29557600221153, 4.751882638944751, 8.673193016189698, 3.288444848783097, 16.249272383307027, 9.186876792070123, 10.74537295756665, 9.79809287412806, 9.421755200373136, 6.991018388615335, 9.207338579001796, 6.477289328819029, 8.664355685191806, 25.03023129558646, 9.112479066796077, 2.9295397006480357, 1.9763145936045037, 3.3386462219448796, 2.55651985100384, 3.061850842491109, 11.407483304678362, 7.0914220364535385, 5.876405522756778, 1.5024131665402205, 1.487778637974793, 1.461950483286883, 0.7346352244445308, 3.490342901102454, 1.1774404949914123, 5.630691922073272, 1.423914963365095, 2.3135480601460463, 0.6301796187757028, 4.7705318763585804, 0.19636545020489884, 1.215892425800285, 2.3830359346567715, 1.8917163011370826, 1.3555172027522124, 0.9211869669887376, 0.567653689632585, 4.278094516627679, 4.631909229496442, 2.01563954676796, 2.0111241267753917, 3.395955757978767, 4.574800268816306, 4.956897668829577, 5.231844526366328, 4.903855356289965, 3.2958755511578244, 2.9658087843284915, 3.25112916452936, 3.12652083512668, 3.193017384142022, 3.2739481258969625], [0.0, 0.0, 5.040276600967077, 2.853143383431449, 7.830719186983375, 4.745606962798386, 9.247948036615568, 11.819153575622016, 17.8254610958398, 7.356784930213465, 13.675886459889396, 7.588726821121008, 0.9289651842457043, 1.6312309181281044, 1.8699570306802595, 0.24179038584645013, 0.1389941804610939, 22.6153176909369, 13.261046881276812, 4.9237325373378695, 8.532706152061158, 3.4158989686944308, 7.1288765164124674, 2.422532051267878, 4.893744109481497, 2.3824152176812703, 3.6353397569957258, 1.0255338731223753, 2.8208653495787575, 1.2223036953251927, 1.1564378150408252, 3.476451786229218, 0.6920116660026192, 4.086313212700857, 0.46784499457525297, 1.8802590485171589, 0.6907455375549868, 4.787651724295963, 2.232155066942186, 1.6077722382951969, 0.7955271091174727, 1.5365040804788739, 0.9673375085771588, 1.2370807632648908, 3.5360619675477865, 3.786882705761525, 