{"initial_violation": ["destination"], "initial_duration": 35.57964849472046, "subsequent_violation": [["destination"], ["destination"], ["destination"], ["destination"], ["destination"], ["destination"], ["destination"], ["destination"], ["destination"]], "subsequent_comparison": [[0.0, 0.38486494535126975, 0.03771448234928496, 0.03944554361386932, 0.03869879729101976, 0.053143871415742124, 2.728469077802169, 0.8136226042032247, 0.04664078964538609, 0.17661331159839533, 1.2803621783854313, 1.269117478821353, 1.4774952568353412, 0.40589297531174845, 0.3094559886211853, 0.29857376056309004, 0.47431404070697586, 0.8170733785834262, 0.12286961247775711, 0.6640295293081261, 0.875672757283909, 0.570633897231308, 0.2707200908147819, 0.9858318600898004, 0.3995215618009568, 0.8896236223570511, 2.0682344735228315, 1.8853316135525044, 0.8303279474480241, 1.9445856220028725, 0.9393627258374098, 2.1640666557457116, 1.5577181463582739, 2.6839886708415692, 0.8050786184271438, 2.8288665669408655, 5.949943399106598, 1.7490061676604438, 4.094167376376619, 1.9156693993985776, 10.340531674020713, 5.2598164980785365, 2.3957826109361684, 6.116358900781257, 1.547895524081581, 0.8625583619871007, 1.257346889396105, 1.4156320124183612, 1.0723070612892303, 1.0518270509027006, 1.3897559399212471, 1.4150257203099212, 1.1649098906605813, 1.4797157909759087, 1.1645554838733274, 0.9854633922266826, 1.4768820459749343, 1.1864972388281065, 1.336505008832808, 1.3859680444578208, 1.4127574944486292, 1.3982463257222562, 1.3978119151557957, 1.3973737951516034, 1.3969460619639154, 1.3964951507084356, 1.3960459837939598, 1.4107837654789002, 1.4100976031144268, 1.409412907342941, 1.408729557118068, 1.408047821101258, 1.4066600517254206], [0.0, 0.0, 0.0027068526312408244, 4.52758087575992, 0.017013168370536912, 0.0378569373354863, 2.7096967444138573, 0.07013239979843847, 0.031889933668309556, 0.0285791878890327, 0.054649380424592976, 2.976485127432487, 3.5024995420563356, 1.9027080084706096, 0.15823244067278272, 1.6765348111987002, 0.7582371147994716, 0.46963601786159376, 2.1853588270500275, 1.1631784881089726, 0.28321167520636825, 1.409579239065682, 0.368530744957687, 0.0802817169724556, 0.9729136972395587, 0.9392413648541121, 0.5725184641209238, 1.302833354620496, 1.395719006390596, 4.536998937409727, 1.6349539571244827, 6.095175180003337, 3.6138050586815615, 2.1850247657723383, 2.718338015127289, 0.7640582884379827, 1.3042127978465543, 1.242896542719532, 0.8240821318554611, 1.4793401526996115, 9.333795454545143, 4.06076317788377, 3.7306718260812866, 5.959542994058247, 2.07268929671672, 3.4332576172939553, 3.2526562267304007, 3.3328353515068274, 3.3765057023984215, 3.3434966611519106, 3.3278935692540177, 3.3480823484043123, 3.1080228257502958, 2.9335697375732095, 2.8384671129460584, 2.2670157194668548, 2.5347564110449277, 2.2633829128191296, 3.0320456561316, 3.3020272674180235, 3.3589315191046047, 3.340392215311608, 3.3417389093392216, 3.3410047208126468, 3.3400955916622608, 3.3391879155491373, 3.3236342496812656, 3.3227039171777117, 3.33637607536633, 3.33544868651303, 3.3345233161908805, 3.333600030454285, 3.3319229557576575], [0.0, 0.0, 0.0038543836332992215, 4.5266345684884906, 0.015784786779083463, 0.03955497313379417, 0.015791934268097607, 0.05903069564258979, 0.0071018783152488685, 0.028031926639531145, 0.06338508119194852, 0.040449941568195695, 0.5786648613933918, 0.16805563727693762, 1.30178186398181, 0.47533002110050443, 0.7513398585277705, 0.45464497801541287, 0.3909837040584726, 0.6316622166396403, 0.8453637125863058, 1.954196160747195, 0.35840945569320076, 1.2092620552750437, 2.0944740408147875, 1.3224773238246441, 2.5195053673908543, 2.449686077377595, 1.2867822838015912, 1.5260778232609646, 1.9547818161380308, 20.574661006145742, 1.4994560588219552, 2.4100950345230756, 0.5686320547734797, 1.4916911447239294, 2.306900564570359, 2.032114620815255, 2.551732424450598, 1.1831993279922375, 8.360077873581952, 3.418039198478089, 3.6002589074907227, 5.870621149623966, 2.2197576439619526, 2.524362928135514, 3.737766352891502, 3.4158771948840245, 3.949905418990456, 3.565806236008759, 3.926569321444126, 3.589482849708518, 3.3721246818975414, 2.7961966262585274, 3.51519743340478, 3.213206438643029, 3.2089916033586428, 3.2206655653461684, 3.5567545551383035, 3.9971196500737296, 3.996914016894687, 3.978557315487933, 3.9631982105960573, 4.067409844645057, 4.052073613000008, 4.036731636839426, 4.021403207802303, 4.006069060326237, 3.8897307542407704, 3.8936903159541467, 3.8976490847477097, 3.920894066096891, 3.92405958716812], [0.0, 0.0, 0.000830969644156703, 4.529132578488767, 0.018009356957431798, 0.039499265945480144, 2.706446162970674, 0.05354202668828539, 0.6510009021160942, 0.1825191618060623, 2.21680316889409, 9.270006156459688, 4.211323991950103, 0.4295944322935289, 0.15078445763037562, 2.6273143480668266, 0.5556136348328697, 0.6244069439540985, 2.5026452551993814, 0.7304537031747312, 1.8824213841338613, 1.6056195777603972, 0.730356443709937, 2.6383219896673213, 1.603006771638502, 1.339902023052135, 5.9418517666502195, 2.5623914614895327, 1.2229280128997932, 2.198941680931295, 5.439769019013884, 15.596102740469911, 2.940891058519586, 2.9046161556668553, 2.8904950064195147, 1.4862803557488593, 2.4205383302148253, 4.691362742906499, 2.123669019069233, 10.530823019009441, 3.30127298552059, 0.5914406733341765, 18.649809850540887, 32.00598260190436, 4.386279628728432, 3.634048118056141, 3.480911471253068, 2.7789748222456248, 1.6853221769707103, 1.8397139451744648, 1.8241669617473772, 1.9044871292839456, 1.8420014352477705, 2.910590298338936, 2.068544955666901, 1.4585819363403933, 1.6267098192905314, 2.8657121547088833, 3.5380307534258892, 2.2016772944936163, 1.9817925653520931, 1.9632388349290835, 1.9703287376728569, 1.9547617291129873, 1.968403831423263, 1.9760450160578558, 1.9604963377912767, 1.9782872480662925, 1.97940240676417, 1.9802014064627718, 1.9810415034286635, 1.9981639916158593, 1.9982070575631865], [0.0, 0.0, 0.005165869891213832, 4.525556813188817, 0.015347078659952383, 0.04164350196512574, 0.034657964902650426, 0.8762491212894997, 0.12243060507494828, 14.010770351705128, 0.14367818636994786, 7.548372716876713, 4.216672256542432, 0.211444250626415, 1.4780110070426495, 1.4611220920654755, 0.5493752920899395, 3.382731086624301, 2.2313683219273894, 0.39374412390946945, 1.4840065026054328, 1.551306173139842, 2.7770847565129655, 2.5197232432788192, 1.3132277593517327, 3.0618527361311045, 1.9455077653865496, 1.2642826141901586, 2.1363921253423603, 1.2251126735974556, 5.747007164705519, 19.547920509365223, 0.808414330603882, 4.104355963530567, 1.250969320406228, 2.5007601345173684, 1.4549451940811269, 2.78272369447982, 0.850835558765226, 4.908130386428373, 1.0689816373351042, 10.641578536646922, 8.304724621191303, 26.527846035407517, 1.2971169343452433, 2.789270175490342, 1.9413282554900322, 2.029411516285174, 2.274737830529838, 2.254743810225759, 2.122569219575934, 2.14813825433306, 1.8837091012733038, 1.5041997692335893, 2.279725777509161, 2.0907346630469386, 2.1336677906407564, 1.5254377732950493, 2.115531575658771, 2.125257902777614, 2.124987352851118, 2.23704189948083, 2.22144865549642, 2.2058575175351627, 2.190278284939069, 2.1746913752854455, 2.042339016582734, 2.1731336872086153, 2.171855644957905, 2.1705796190926407, 2.183604862675977, 2.1823313610601924, 2.1803328885163786], [0.0007754646964994287, 0.0, 0.0019136062022420868, 4.528243180912889, 0.01687062209462489, 0.04484382634640273, 2.715037134935695, 0.8583594125862546, 0.6560281222396861, 0.06706014772553641, 0.4644412455676926, 0.09518160296611801, 0.6449321615771826, 0.38345200949225466, 0.12014697641192759, 2.538145967017139, 0.4561363210294412, 3.4970152356654163, 2.17400628879801, 1.173563024376591, 0.8469274700592692, 0.5540397036397878, 0.8433975698528108, 1.6094830527337605, 0.23768511925303573, 1.3524764428648517, 5.128402032520146, 1.6614566977164473, 1.2852770322414997, 1.5646015093986272, 