{"initial_violation": [], "initial_duration": 35.84903931617737, "subsequent_violation": [[], [], [], [], [], [], [], [], []], "subsequent_comparison": [[0.0, 0.0, 0.021067942465983747, 2.8053852730622837, 0.6296709815042403, 19.343056614939616, 7.353465392919271, 4.739227379551287, 7.436028074229286, 15.27549547677859, 8.878113157412395, 17.47536964451556, 14.46466349620386, 23.831039257675165, 12.289470855802213, 25.361674485148242, 12.599817711402943, 24.62489523043148, 19.135559514888605, 21.18373386755277, 13.172325833507141, 14.772848713836526, 11.968013630082734, 15.386551642041653, 13.448331042507554, 14.978164322975053, 13.737726559118185, 16.47663830704166, 12.458477193196215, 34.289587281065, 36.94328361543425, 35.88212448541079, 4.793760707452521, 1.199511784383761, 2.4849011917414257, 2.1516158068996227, 2.4784484369804787, 0.2109670536164368, 5.723870456507174, 0.2738549533787372, 2.6755301911431166, 10.25879022585016, 2.3540706312268886, 8.20802613832495, 3.9800160895941463, 6.818834551396439, 4.187352183350542, 6.173320502275398, 3.7090923219708762, 5.042792228868519, 2.39181174092379, 4.436223461882906, 1.629118447203279, 3.632339181573009, 1.2932003633946152, 3.130596654081746, 1.1240494121835787, 2.5561234135489816, 0.7044197835057955, 2.2487244751291553, 0.5973264280964292, 0.18859177869528002, 0.6853739478718445, 0.35126410756044424], [0.0, 0.0, 5.0045758583614175, 0.28640102818196533, 3.3447228319074713, 5.079689544626014, 3.872553586112693, 13.900403701858009, 8.115320383418641, 13.534742628440174, 8.847649039127244, 25.322112274934746, 6.944910241554866, 9.451613643376964, 5.839863674951988, 2.86283470573698, 6.3727930003754585, 4.446998048977064, 15.026370899544489, 21.583599793699108, 12.746967526508822, 15.63031198560863, 10.521853272584071, 18.548690781993724, 10.628059954191603, 19.171358743640162, 10.478510806585346, 18.81381747580973, 9.77237091205187, 36.06991063158225, 37.65457947851946, 35.76236240190796, 4.2777306055925415, 4.698764037029333, 1.9200346115112932, 2.1346934393422377, 5.959369380576963, 10.271518196710534, 6.1287065637916545, 8.428246440542084, 6.233623601820104, 7.068219846533558, 5.516058352171058, 1.9033105625608588, 1.2931057953117822, 1.7844557077638679, 1.0418269529940627, 0.9742715818797716, 0.5335348947765581, 4.928323750658326, 1.3170145386088048, 3.758091379483826, 1.3028069100442257, 2.401028997277949, 0.5576822532918334, 0.7570913232075878, 0.03449663494851851, 1.9915425764139507, 1.015454484728763, 1.7004799985045236, 1.1662792164405806, 0.9236865390656775, 0.7299129457421367, 0.6292585707502821], [0.0, 0.0, 0.05816599210965703, 0.1294626832044532, 5.023424677058729, 4.990257612003218, 4.004871785256564, 8.427052962352896, 13.355240066045907, 6.028879719324854, 19.135318501365354, 15.98885700595175, 11.948709628371127, 21.85862146070739, 19.64567113333359, 21.503000302576307, 20.529219749664808, 18.186787723118012, 32.50808157025069, 16.607808725795888, 25.41343674172249, 12.672136924872133, 18.913689566520713, 13.913270675387318, 18.569909681339137, 14.190038356246353, 20.661960950451395, 3.969878058503003, 3.1192881818503486, 2.8814387737015954, 4.249357029284996, 4.596792277198381, 37.788459065524606, 13.379198108026134, 11.13541178385962, 10.25255459879548, 10.512758610776478, 9.189553037114097, 9.723394073982508, 7.663961723917055, 8.812334751755639, 0.810160865019794, 1.5220784500316509, 1.2627171081682844, 0.7834697937870784, 5.598584699395418, 4.676200184967664, 0.5358012647403179, 1.4743650974925842, 0.697783019532224, 2.6938387453258326, 3.9879547413678047, 2.5028311010333057, 0.48479819609682845, 0.36496736552769615, 0.8430460707595387, 1.7330118880406467, 1.7690579505954014, 0.3532567983804982, 0.34761713841164726, 0.8471478311621885, 0.4271224150072485, 0.6774717943455945, 0.9419852679124417], [0.0, 0.0, 7.697317453540844, 0.29429951165682733, 3.7128819249427756, 2.8561121887555756, 23.640134574018063, 8.469779127767332, 7.765611522407972, 14.067140486357214, 9.941426202147277, 18.942962144005087, 14.622579112171369, 10.64842701727211, 0.4692875606752784, 7.918927922004599, 1.499259660854046, 3.7366833665562043, 1.3342959967933983, 3.159586661060967, 3.5014356200090324, 3.4106203424161086, 4.986852472697136, 2.571891994179376, 3.5012424408659486, 2.323561991504603, 1.2122984075392298, 17.077679402808894, 10.078918979635567, 34.28432417591818, 37.43705063875614, 36.8416635989161, 3.0034108204648127, 4.225182264500658, 1.5188033550779783, 2.373594013449897, 0.9094770187534185, 0.12625727212498583, 6.171520115844434, 9.485130500863722, 5.708247178013329, 8.761116927455326, 4.5911071921964615, 6.567425590185342, 4.407724098595845, 1.9755043565596522, 2.5275139562444164, 0.9368493387436919, 1.3933232028099796, 5.12262429094811, 1.2298337669240977, 3.972536613122109, 1.190168576848321, 2.801820231964807, 1.7804212001580704, 1.041868462534458, 0.590673097605532, 0.6327563799970614, 0.7904313615060083, 1.9099618095449757, 1.0645382999432786, 0.6541177731432724, 0.7916665777853249, 0.6991519463141469], [0.0, 0.0, 0.03481958866622426, 2.7851870353439527, 5.097298307118641, 7.818795262864277, 4.0642808705125, 0.041192090996402184, 11.152552403548723, 5.932398719978292, 20.85579542164415, 14.998366037161528, 20.58452687239972, 19.59404927929239, 22.012794556915225, 19.857257866880012, 20.622456649198206, 21.29502734546769, 4.283795092959062, 14.768234881994495, 18.71743037044168, 10.809125049810302, 13.552888290372323, 11.338511074253635, 15.175851894709304, 1.8297440168361063, 1.2928083188623634, 2.374667984511899, 0.22795235238773956, 1.994299944922165, 2.8351034982438783, 1.2915952836395177, 8.314599011673769, 11.192787785591284, 9.647071597619943, 7.8893799914109, 7.64216586794731, 7.260387210069683, 6.877449433650627, 6.429641971670527, 6.066802608426451, 2.538041480037271, 0.35773710076754184, 1.7666079606533613, 1.326913908317698, 1.0104716849147766, 0.7968790644658738, 3.708197277396339, 2.308976193932831, 3.1852532812941114, 1.8211573035788862, 2.547834624618532, 1.3405898247208994, 1.4278685933247208, 0.430823108731615, 2.1255570225679086, 0.6186353831269089, 1.3637227457386758, 0.11481928504395496, 0.9494921311413634, 0.11464404652721827, 0.23438009887777586, 0.14070753197408647, 0.05407635051804657], [0.0, 0.0, 0.05748609348259439, 7.858681684344664, 7.754468787427579, 3.3315644379645764, 23.219834455228575, 13.83360345333438, 7.878228594408106, 13.031746334600776, 9.26002223202974, 15.588793839173029, 10.26252878261131, 20.460049326246285, 16.471300038823756, 18.814452169301976, 20.015736389570524, 1.367157727942581, 1.7950377526751955, 5.251498702060077, 1.9504104233850663, 7.779334072879181, 3.204135417016306, 16.611605611075568, 15.19326398227907, 15.191784904119178, 18.770774619281095, 15.34716848587254, 3.9720026070765, 2.543109874138816, 1.9856851519803493, 4.560986521872219, 0.7310607036310117, 12.355412007612749, 13.646450880941014, 9.48199692816522, 11.58711968340379, 8.030963890136608, 1.4715577534786315, 1.4918033946718434, 0.9814563293291159, 1.8225102973845633, 0.5236478290976919, 6.249597906889766, 6.71127102143042, 1.2054994302674655, 1.2634528771694082, 4.511028930053699, 4.393028655398849, 0.7125920903336171, 0.8795361232130561, 0.5248751415292616, 0.32501463196790703, 2.7949192962100255, 2.2469908464056716, 2.110139731820842, 0.3732682069775216, 0.08032618589609773, 1.1929124797982857, 1.488950511833583, 1.4072569941443382, 1.0072182254302078, 0.8613676277673071, 0.7083077281624757], [0.0, 0.0, 7.667462430333958, 8.044235236792028, 3.832779838302538, 3.229512793939718, 23.302771215053788, 8.10266353832007, 7.891888402678407, 18.101248960056267, 9.622106386396874, 16.38960314978039, 9.63738777766684, 21.4463204905466, 12.847733708637232, 22.179334340069538, 12.045273829073071, 17.62687308076447, 15.847013637781517, 16.6116827563526, 11.747149335622256, 12.111697240559986, 5.604306282201348, 2.5474478655132726, 3.0290116744811253, 1.473719804122548, 