{"initial_violation": ["destination"], "initial_duration": 35.650030851364136, "subsequent_violation": [["destination"], ["destination"], ["destination"], ["destination"], ["destination"], ["destination"], ["destination"], ["destination"], ["destination"]], "subsequent_comparison": [[0.0, 0.056154138342461746, 0.05080032031121486, 0.1949134049345277, 0.04610757529842208, 2.80110695858589, 2.0983339311801763, 2.1554136778815876, 2.196695715437336, 2.1775929047392344, 2.7704767845191824, 1.6150101833598454, 1.6997296077875172, 1.201690371228689, 1.9438688912038993, 1.0748647547600836, 0.6895914752174068, 0.8543434473920767, 0.47810626754450936, 1.2134083445926584, 0.37030393704556175, 0.6074339624547835, 0.397888954160881, 0.604563162596481, 0.3151825241435032, 0.544397693570276, 0.30633728156500833, 0.49720713743109946, 0.3095641996799785, 0.4999173370708082, 0.3092463690215298, 0.48537184735382605, 0.3090915961005728, 0.4388520686224576, 0.396558383114694, 0.04169085443572845, 0.3783424837283862, 0.16857043214744927, 0.2149806405061932, 0.28891544714487766, 0.07784937343645651, 0.24086028171675608, 0.04238218059900121, 0.2405650290495956, 0.03591545554507166], [0.0, 0.0, 0.04615794556079196, 0.0341546192736965, 0.1095019959817457, 0.5661026538623731, 0.30512488604120847, 0.03389514010138211, 0.4812849758743007, 0.5007904336387277, 2.949522996502617, 1.8785114693005855, 1.5797909403530974, 1.3171304236858752, 2.066849165217752, 1.1524628570216733, 1.6467374471396532, 1.0849283045112728, 0.974468426780953, 0.3232249467804173, 0.6182730271431068, 0.6032582388982696, 0.41255516968455364, 0.5453218255697373, 0.4482268023328305, 0.374423958975091, 0.4102563824768339, 0.45976651763300647, 0.3824850882341487, 0.3893435223311328, 0.4647945576141743, 0.5024177656470106, 0.4344887968189778, 0.250541884650049, 0.3907940898387298, 0.5230743835263932, 0.5492850238841647, 0.7148584904635692, 0.5289183140423481, 0.4903892773795951, 0.46951592482254356, 0.45125557977149383, 0.44535119758498704, 0.4286913574577529, 0.4229934616171668], [0.0, 0.056154138342461746, 0.06143492882213488, 0.22858506696154848, 0.3264907620241235, 0.43907385260324633, 0.47809948807339975, 1.451855180282645, 1.9104786943018761, 2.1922214596153764, 2.7149679910457536, 1.7345252625212062, 1.5519296157128974, 1.4082047031638214, 0.971125106716683, 1.8417926715098005, 1.6149305516612011, 1.1777961434454787, 0.9944498779041431, 0.23245469942497776, 0.9747828673037015, 0.3081038374545651, 0.4407222551884514, 0.6254151739332288, 0.33773725107536406, 0.6879581302973514, 0.3191463854645187, 0.7269413613260646, 0.319554513877631, 0.7721571497283606, 0.6997070702747784, 0.03293288055482807, 0.7083129454284783, 0.6769235128953963, 0.3226180779036138, 0.6918542405601964, 0.5059345662306127, 0.49695811517054933, 0.4047725617862173, 0.504703819447754, 0.39099534445486117, 0.38698179387693077, 0.3730881618604375, 0.38601298735104117, 0.372681923149445], [0.0, 0.0, 0.2756711823491195, 0.24659494160571854, 1.3143971366424914, 2.195684118285096, 3.0226833849487442, 1.8695433404282262, 2.6799582355504077, 2.3751002373173256, 1.558220949120295, 3.2748649743058014, 0.6346575007636656, 0.33669821796749794, 1.7044175384880278, 0.1820503008269215, 0.35827617771676173, 0.437283639437389, 1.0129248447312977, 2.0797188136455964, 0.8677710467459031, 0.4715768178539449, 0.40836626335742043, 0.4894200653567001, 0.38589445336394185, 0.5590191313649635, 0.38638220061851675, 0.6100854998796026, 0.3315990220235997, 0.6553874442596518, 0.3027343077736307, 0.7099410776078554, 0.7404929366964433, 0.42066633581769886, 0.7162628312790854, 0.6322691988553881, 0.6730865238545215, 0.8426719158272497, 0.5970380611769159, 0.5001473759109262, 0.4594971661489154, 0.47204412412341396, 0.39947725706415965, 0.374987664949604, 0.3456804258433445], [0.0, 0.0, 0.5333683507479907, 0.49572757507823073, 2.5375954523060047, 2.3557419587870707, 2.1688892191019518, 2.293349844092499, 2.0479681763629913, 1.3872947999559873, 1.8146260905909444, 0.11828882012975558, 1.8145028837419936, 2.058728600849185, 2.1358921829083877, 0.9010831684137947, 0.9851156818308642, 1.4279304516517188, 0.756567191887714, 0.5177772521712248, 0.7838728117878783, 0.4748190371257135, 0.927310522015177, 0.470796246488965, 0.6249884426101902, 0.3837962298524481, 0.5491441812196608, 0.2509029204427676, 0.049771553884383056, 0.29439976422662983, 0.0182075032483082, 0.3540924082966885, 0.025413376409673945, 0.3281420466814735, 0.4629797761850688, 0.33387923304021283, 0.34118448649134714, 0.36542388406600596, 0.3419288705829687, 0.3328293902164502, 0.33565060153511916, 0.33364952056953945, 0.3364598718869348, 0.3335693075032681, 0.335780043775076], [0.0, 0.0, 0.2888328209810001, 0.6266577332513122, 2.4127594841998183, 2.1639759720392053, 2.1940762926124724, 2.251324821071588, 1.565579335657965, 2.3665344873965584, 1.7979272835273874, 0.10899482966306581, 0.2846131755423406, 0.19232352180192228, 0.1863703922334549, 1.3389421617384092, 1.4501556765701376, 1.4061468358906521, 0.9260391523314419, 2.5566512435372846, 0.38702515625419687, 0.8693389744438668, 0.03565807358756486, 0.9250501753629822, 0.007085744317715688, 1.0863821379785568, 0.009470823652996495, 1.1653526904391807, 0.014925417797399596, 1.1836579931796893, 0.0347891928673706, 0.332891859431959, 1.2346598261454071, 0.33744889288337354, 1.117853198173031, 1.046523834914692, 1.1992601261768976, 1.3500900877963344, 0.8430798280611665, 0.7690046660414243, 0.7450541984396958, 0.6631786422702192, 0.6612357676029542, 0.5766310163150584, 0.6180954990140741], [0.0, 0.056154138342461746, 0.2650269331752962, 0.47384375247837507, 1.0835952156985986, 0.8714634885277611, 2.85414056711796, 1.8947081674447817, 2.2683847972237428, 2.4537248564003904, 1.290992881453382, 3.268565141392638, 0.6409104090333684, 0.2703254360689156, 1.688233692945666, 0.3533014585281956, 1.597099736349394, 0.2708068656674823, 0.4285924741305253, 1.0362630371452592, 0.6829798375627217, 0.38334583205090345, 0.6001336130946011, 0.1930033332427448, 0.5712358402872556, 0.17004094019269647, 0.3372164648786108, 0.7432966085139227, 0.3455918655915576, 0.6966706901037419, 0.33800197906877916, 0.10549274790280154, 0.5374006159845465, 0.04108734513770948, 0.34623729799809333, 0.5059842594510149, 0.5890450992457883, 0.40513489987449247, 0.478932505436424, 0.34589136858435865, 0.45505361765122526, 0.34140048932870004, 0.38759560451373654, 0.363646420668202, 0.4189130253698615], [1.1732732037897604e-05, 0.056154138342461746, 0.24368064686736585, 0.42009514258715674, 0.4632392992982819, 2.629809461130876, 1.7710130810775833, 2.0375476292567654, 1.95124309377323, 2.3920264331042764, 1.7226028553049144, 1.5802539225229995, 1.66207422913243, 0.9830654981998065, 2.067563268575098, 0.8179456432079206, 1.0242700859687677, 1.3755197129357841, 0.9160494796316724, 0.546864736891804, 0.45349324912923367, 0.5923589821780334, 0.7869572192917597, 0.6796849805489893, 0.6160823163607648, 0.4636136337629927, 0.6066603157352398, 0.6135211913825871, 0.5576889352140031, 0.3626399964683308, 0.565909179604234, 0.34624972676344323, 0.1124308388232567, 0.3637915456347959, 0.05788623209346136, 0.37997476420706777, 0.4565324081363224, 0.29093974284951674, 0.3872589766849672, 0.28583486483479975, 0.13703964113734737, 0.15908407580867642, 0.08536157009198192, 0.12964127959818042, 0.04658646077851703], [0.0, 0.0, 0.23708508032707604, 0.1838088022202364, 0.03775681752080387, 0.5744925190175989, 1.7035726453257307, 2.970276131347846, 1.8481550508851812, 2.1543929304472984, 1.461529140702771, 1.4905647202010472, 2.2302970896550347, 2.7676964214643727, 1.1766784679300197, 1.8526381593204877, 1.6773370473150113, 1.1059081204660046, 1.2840230862800626, 0.2705774395057345, 0.3785487457558534, 0.30859389328787096, 0.42788114186342147, 0.0902203876927112, 0.23386641001583808, 0.07687048382574774, 0.2452351182099651, 0.07888607714471116, 0.22554063436137933, 0.08555485341818729, 0.24010917144737814, 