{"initial_violation": ["collision", "destination"], "initial_duration": 35.54047679901123, "subsequent_violation": [["collision", "destination"], ["destination"], ["destination"], ["destination"], ["destination"], ["acceleration", "destination"], ["collision", "destination"], ["collision", "destination"], ["destination"]], "subsequent_comparison": [[0.0, 0.0, 6.585445079827193e-10, 2.884043164980286e-07, 1.7885425715377362e-06, 0.5046616485373768, 0.5789855618375234, 0.2808054919654318, 1.5965009081405546, 0.4809553530507213, 0.9116036098490947, 1.1539574559096277, 2.1830713320172235, 1.5593261065794224, 0.8119410629797789, 2.9720284055344464, 1.6331008530124873, 3.3495860108389928, 2.624311472712377, 26.796805498734923, 3.3207365554451314, 16.080233378257834, 5.378008377286219, 45.44976684876785, 2.3604808010443095, 12.237510831075092, 1.7481375688598233, 21.855286659039372, 3.1261963520560334, 31.427022475592835, 3.096808025369657, 36.1469607767623, 4.066798781287727, 3.220630763236015, 2.093741528242705, 1.2863439375165329, 1.0839419261357228, 1.1434585171171854, 1.0326209506946342, 4.238559301056906, 1.0870244123998563, 2.3797694391341113, 1.5229133012183795, 0.3754579493384277, 1.8573578138178382, 0.9806160948903687, 0.9802561523227219, 0.9802560826485016, 0.9798962101866187, 0.9798961401600038, 0.9795362688345727, 0.9795361984555657, 0.9791763279142821, 0.9791762571828861, 0.9788163874258554, 0.9788163166944763, 0.9784564473693996, 0.978456376638038, 6.832240045272379, 0.7739159943773968], [0.0, 0.0, 1.4868988238581958e-06, 40.470386833287954, 1.0361168610018452e-06, 9.147047868948357, 1.8767373000553773, 5.9399140757523075, 1.6783194868210773, 10.133571480210017, 3.0972393825791706, 4.18893701590857, 4.919992663021212, 3.3991283735155795, 5.180329263645265, 1.8902251717187495, 2.6660897930577505, 2.408602073013728, 2.4463016137688047, 47.69726736789867, 5.583679112684553, 8.462952457707901, 3.2963436406564353, 5.866908573755445, 3.3088665344316692, 11.347106841074261, 16.462848288067985, 14.848779681407628, 15.956039522236072, 21.79019308065308, 21.42939454369648, 26.789236632739886, 13.558091846166018, 28.216409827305075, 28.505736152001948, 26.458703443706852, 16.31564072136038, 23.82494849626847, 18.425254310430716, 19.75686677642106, 20.63718449000481, 16.461751638887474, 13.813675905405491, 12.291615362608717, 11.94345077409246, 13.726558382025956, 11.50819954069552, 12.569489445715893, 10.918566242000484, 11.525044577090481, 11.083688582766152, 10.5978513309606, 10.397422932259545, 10.55581707433449, 11.858359454040214, 11.586438071155362, 10.394461546806903, 41.29322991018417, 12.302838003910587, 8.443502326917619], [0.0, 0.0, 7.981032366399937e-10, 7.878324656590097e-08, 1.0529260479775983e-06, 9.147047852524032, 1.892823678176863, 5.885145536985273, 4.166064999468737, 5.064005445520057, 4.784880631769464, 1.5056340668575543, 1.954225774075456, 0.9040380108876117, 3.2028238528544426, 1.6894889670521271, 2.4020978107844755, 5.837221388586154, 3.5183305349719847, 5.089688395471678, 8.17254356694983, 11.375327913954328, 8.735143812447776, 3.934402705147153, 9.535257102582698, 19.586096763316508, 31.07070334118835, 32.40987981746718, 34.5638173138565, 40.5784293366019, 126.90095594119194, 43.33963086610667, 42.50647748442113, 41.78608123548655, 39.22927179262799, 36.87241940720932, 22.046567767885154, 34.53941220032623, 18.769213552437584, 24.126215636191404, 23.59337498430072, 17.90290233581547, 13.186024463165806, 10.890072305278185, 7.134650988316009, 7.134041599597112, 7.0327415343268305, 6.691494040173526, 6.6732873820371506, 6.673888593663964, 6.67385134238739, 6.673851272833057, 6.673814023180511, 6.67381395329152, 6.673776703310859, 6.674377915578413, 6.673739384117108, 6.674340595892987, 5.440110442035002, 5.422385653067927], [0.0, 0.0, 9.946529457016767e-10, 1.366753559008417e-07, 6.791451667979463e-07, 9.147048221069229, 1.7524529635900397, 6.415387198696545, 1.9236030584493642, 9.125744595642256, 2.4964020349880056, 5.400026744700721, 4.997851663224132, 4.516009883179944, 1.487300359784229, 3.0310508494560877, 3.427578386011258, 1.9458516807263182, 2.498779120404172, 29.33152994851854, 71.54859365523146, 5.360398368973937, 21.67693679414774, 2.75665539777979, 8.541728614547683, 18.07882300882019, 14.588530900110968, 31.58530873178479, 16.696279784949343, 39.83365699321429, 30.35470828119697, 45.087698989546844, 44.48062318072025, 43.09172739265833, 41.629680678256804, 38.94769408391429, 23.053632558762235, 32.94533414676632, 18.981634888362812, 25.500122690351432, 24.679461127424197, 17.978719881178336, 11.35078537219446, 7.1995818195019945, 5.22634775442156, 4.765703450258985, 4.70251036056774, 4.338783011028038, 4.327191085303451, 4.380468786234764, 4.3698884079876885, 4.381399001932656, 4.3700331457984065, 4.38154395168621, 4.38168897198744, 4.370962877395556, 4.381833922966658, 4.371107616198819, 7.255115985515292, 3.5527783476011012], [0.0, 0.0, 8.554744101536384e-10, 2.975304615446543e-07, 1.4461200683132946e-06, 2.599640159410436, 1.8476234446988014, 5.631893638385469, 1.7019898335322088, 9.964097410962783, 2.1724251987322774, 6.561834205184387, 3.8688574264562434, 6.905267473283851, 1.483551546751244, 3.463034705684926, 3.0030901808619515, 2.4458160554134043, 2.2877799296209456, 1.4523371442536377, 2.325600850154623, 3.6487658181623543, 3.122370834398934, 4.538122658698785, 14.542336547287558, 5.747706735557814, 31.925829259266926, 17.656855852736097, 15.536064905274749, 25.569298986236348, 117.76431601563358, 30.477919599834557, 32.00451182670379, 29.871862279305734, 28.880900874088375, 26.886610928907388, 16.029464345185186, 25.06011878346958, 20.091244792318353, 19.177994016569855, 20.89915164779752, 16.917747351704882, 15.44316930405277, 12.301877246256018, 14.139272997671007, 14.099113403825266, 11.929817200364871, 13.41523371632721, 11.118232142428443, 12.27057097140752, 10.526887857256394, 11.098349898131742, 11.992406629606393, 11.627304878948172, 11.708025932152955, 10.694968260129464, 11.45660795921059, 11.456607889471186, 12.349265874581453, 12.644307158972655], [0.0, 0.0, 1.4868988238581958e-06, 40.4703868338052, 2.0035127619350302e-07, 9.14704869304191, 1.7390713590752276, 5.921673053153046, 1.1368552265247844, 9.644003863669385, 2.547324139624252, 4.697022224661338, 4.121596956594312, 4.001162128897056, 3.5310399506228256, 6.746305722129397, 3.687016462543806, 7.072588894033508, 6.458625704350604, 8.220460618408023, 9.0263403708741, 9.028541687410701, 12.846144412337004, 12.83676833504021, 6.251343222943323, 6.136748949213894, 9.3625458684965, 7.529907645935133, 7.684467840393173, 11.390439110265953, 23.335517293440983, 17.468012417885937, 24.739200818135355, 34.07664126515003, 37.086560322499565, 48.14156669587908, 93.7216995853587, 55.52573559653757, 49.01445983324434, 65.66276338916684, 69.45122810136624, 73.70400896410845, 69.01427707036525, 71.2179397152525, 70.32692706855829, 80.67868645163915, 80.75949604898089, 80.70616181551958, 80.70721723377422, 76.28385880250873, 78.82337167628921, 84.30885595940096, 74.75408316826669, 80.70973673342033, 80.71079257890115, 80.71120096875242, 70.54925268319079, 80.71266565379895, 47.627882836118104, 59.97079089217738], [0.0, 0.0, 1.4868988238581958e-06, 40.47038683332368, 1.2966444528791934e-06, 9.147048908560693, 2.5916165135402136, 4.459981604049238, 4.70575926519185, 9.560297251845826, 9.30418637539353, 3.326898312248572, 4.166653068145043, 1.4713664970129785, 5.33543105514957, 0.9520465312960975, 2.2833266674098494, 0.5088706895842804, 1.393728654830006, 5.978419157719222, 7.841759780293667, 10.577595377170436, 4.6938505725108115, 5.061600411787258, 15.527269911782925, 4.558209909203222, 5.867608395239349, 13.51096481798734, 3.040110953339409, 3.5170640899838777, 11.178508572902322, 8.587751781066048, 4.188324397448331, 6.516798093418131, 7.617625987150295, 7.708186739029212, 8.082762687583635, 8.159489911591686, 6.414947418624667, 10.475730509243226, 