{"initial_violation": ["destination"], "initial_duration": 35.55046486854553, "subsequent_violation": [["destination"], ["collision", "destination"], ["destination"], ["destination"], ["destination"], ["destination"], ["collision", "destination"], ["destination"], ["destination"]], "subsequent_comparison": [[0.0, 0.0, 1.4999064997217066e-09, 3.14709955907862e-07, 6.324948892800948e-07, 1.813388100684926, 1.723992118992735, 1.3542460395627747, 3.1717705410355803, 1.0374761478587575, 2.411604509235164, 1.1508685525153846, 3.6412522500285696, 3.352658057905633, 4.705942671215948, 2.6936429713834333, 5.904010827321822, 6.113629598881439, 7.787126949075225, 8.486948810456623, 9.427913786968587, 15.366676717440615, 13.837072905169657, 10.968208847275344, 20.051270652748794, 78.91123384558064, 91.43654625972023, 36.03438645460357, 42.062580447321785, 49.10026447234992, 52.689087727997, 58.41502944978653, 86.94214468723446, 83.69152476180253, 103.09364292711372, 82.45717411780946, 83.16093484104287, 81.09293347357936, 84.55709178817976, 94.75976380126986, 86.55144898761763, 92.98764190239878, 93.64313184855757, 91.14227865176996, 94.37783667642215, 88.27847751899891, 87.61475099962452, 86.20709047901536, 85.33935092887742, 81.70058065338365, 81.7141865883481, 49.83484340359145, 72.8941525041742, 46.2765152631757, 73.56201749146113, 44.20394110745376, 51.041498990799866, 43.55171616821041, 54.05938664379234, 39.211873000528634, 50.87033954162289], [0.0, 0.0, 1.4257906835893973e-09, 1.8902176345204606e-06, 1.0270137060366465e-06, 1.8580049817288715, 0.6012393087326062, 1.3554747593096461, 1.2292700350243442, 0.6484896204963304, 0.5529432615520113, 2.0762250476262243, 2.1414865228540143, 3.135417147333938, 0.4353507700416326, 2.0222132382951594, 3.6338449478798216, 1.2144043771670927, 5.956213208403082, 31.14235725523412, 7.5201497093808, 26.34239785463962, 12.798542464326905, 17.973535457135167, 21.996833898489754, 18.19675700376122, 89.53916904218329, 32.07640576021431, 36.24299830515489, 40.44917724441706, 43.67429343345742, 43.45195080113062, 43.46781602791227, 42.720927670696554, 41.17127792336184, 39.213450540292754, 26.158266825491246, 24.0555962693603, 22.789256400154226, 21.73991634262204, 19.439080176660397, 17.86826232860354, 17.091588407664247, 16.56925218032761, 16.095302834195284, 16.08162308565132, 14.112030011587247, 14.560750384251548, 13.904324936900617, 13.19130909670783, 60.42953218313125, 11.846607128822706, 19.934792189646895, 10.915041938284142, 24.38709568283656, 11.569318188181517, 19.893813981378194, 9.80719416165256, 24.465365902843665, 11.586268304409366, 25.310236572607298], [1.9756335239481576e-09, 1.488138743715581e-06, 41.75441040417687, 2.454968142236479e-06, 0.009882373202364448, 0.017777778148365064, 6.701117038855254, 1.205340615257775, 4.237713046961424, 5.411349084760873, 4.256172652069096, 2.1784504896086365, 3.3944266712219906, 6.124721292385568, 2.6504079933604796, 7.693602184213697, 3.0133934973494987, 8.863046322576478, 6.5895235846679086, 8.022276734571196, 17.077544610973316, 8.732512492304467, 19.2500829425264, 8.722420251753157, 27.630439393028283, 27.997163761962174, 105.77776819679785, 47.83331879302625, 51.78063839140107, 56.61096935315527, 59.746275357092074, 58.83972561246426, 54.613403313899504, 53.19488462675344, 94.31177606288735, 79.57075317567559, 76.83061634969337, 79.19445070178267, 88.4728873211211, 87.35731218808164, 87.86100554558158, 85.71994050110497, 87.87180673163533, 85.21205490536312, 88.8396854128387, 87.16086964478924, 84.50222918592671, 83.05311004287229, 81.39038687897006, 79.8047507643339, 81.22155161331429, 47.2919233589475, 67.4449250297245, 44.85838654839138, 69.17502500015773, 41.805049623029014, 48.69836220834493, 36.435268203746716, 51.97658576619897, 35.51687528249404, 49.854407283847976], [1.9756335239481576e-09, 1.4878370973509244e-06, 41.75441217945387, 5.602732253073325e-07, 10.761891653036367, 1.0203484498947757, 6.582896724195775, 1.4334440134034947, 7.827766480914869, 3.0767058863861636, 4.2611466294919715, 1.131715931661585, 4.91197534919184, 0.712559201931157, 2.4422010233496767, 0.8505483482456722, 1.7818410055024037, 0.8194284968594394, 2.9892903177106382, 38.267943338560514, 3.519789635472037, 1.2669468142640377, 9.898225232483208, 0.8447804938494923, 6.895551181001819, 9.124915381703266, 7.757935587565993, 10.92237274443772, 10.075124685913066, 10.221534961179803, 10.306466319395394, 8.513106693267353, 8.500084014935213, 7.366443457599459, 4.694692388271655, 4.630755635308967, 3.6955214699799406, 4.027766862735089, 2.115441329131022, 3.009472557832063, 2.2134391943383367, 1.483563774104378, 1.5991818311263566, 1.5844375537153665, 0.36541460085627564, 1.4062107841583693, 0.4006631850817888, 0.7497447423266087, 0.5412237512226946, 0.6430238916158737, 51.659682737336574, 1.419836246594426, 3.1616803100357935, 0.555438044870376, 7.112279251235697, 2.3724465734718043, 10.313994088009627, 9.326827458015224, 17.350297650730077, 0.4121779693484023, 18.493637053621654], [1.9756335239481576e-09, 0.0, 41.754412535031285, 1.8110815839242756e-07, 1.7335925373040803e-06, 0.4605455990611225, 6.606729982650633, 1.087214151631279, 0.4516591491671501, 3.0630149986087094, 5.647949562490306, 1.4369965979155683, 4.60966667451873, 1.1319478065905506, 2.459929192016952, 0.5363678811679535, 1.941855920100984, 0.8148059187527129, 2.0060450550843534, 42.380216262877646, 9.422794170404334, 0.9102567083120816, 3.4579416239994325, 1.645284879035545, 10.775442706983382, 5.5816645692269535, 16.755647287624388, 11.652594946874624, 10.641533601374112, 13.573843462915036, 14.02251028131963, 8.989827568339912, 10.979310134200961, 8.016202145378301, 6.364248028489356, 5.247617772919896, 6.195124459183394, 4.396794639095527, 3.2081772807823454, 3.9373348869049996, 2.443410945262006, 2.448298670137223, 1.3933101755168065, 2.118446539419105, 1.9314131405249275, 2.7876035036867215, 0.8143917911716655, 1.7523901979647452, 0.759248614940886, 1.1691380795157669, 52.3835531708948, 2.4982169861263417, 3.494001415328257, 2.14666182006155, 6.994383797028027, 2.9096655739074797, 12.984357478270987, 3.6634410861064097, 20.8059226170247, 1.7503340322078567, 13.51444832823804], [3.8555447003511227e-08, 0.0, 5.583082702142092e-10, 1.1441612672118168e-07, 4.641060152616808e-07, 11.183516468251465, 1.830478763423561, 5.425718704921141, 1.2894080334663285, 8.722960831749479, 0.5413940367338612, 4.72127584029406, 0.9119490687842187, 3.7119253489579176, 0.5095468092906231, 1.661163186437012, 2.5591617501550403, 0.6054125035280178, 3.933475157774657, 45.04102338409538, 6.15906693338083, 10.011470777517516, 14.851344261981936, 4.960698198450905, 20.059315065459316, 15.493906863252835, 17.486403484599034, 22.334042730896698, 23.775588853024324, 24.980193935269526, 24.95305078039609, 23.110906947579537, 23.037649548620987, 22.009359903694165, 20.5549176026396, 11.998246344116065, 11.238270370117347, 10.048050195738538, 8.495082622621954, 7.689241353101495, 6.5226456869103915, 5.735065263931642, 4.666443748760865, 4.034185296785948, 3.6160959845142777, 2.438922395508967, 2.0324835641258003, 1.286340699497787, 1.3334784257989805, 1.0133005285483083, 0.5285990084408245, 2.011577731583705, 6.840232864030557, 0.5179737029360997, 11.519900139404857, 1.7451097989237876, 9.487408964032875, 3.3048416806355583, 17.58927538979974, 1.5987591977280022, 19.42941365575088], [0.0, 0.0, 1.4725502860585132e-09, 6.484260273888687e-08, 5.849877219475813e-07, 1.8645428180174624, 0.10024365721836784, 0.661132039124361, 0.3889919283470101, 0.6820596843669705, 2.1842321359097303, 0.8378762726638838, 0.9809868953700975, 5.414024948306181, 2.2468505505442717, 2.2976342887455257, 1.845441413070111, 2.310552897732601, 2.7071215756141913, 35.90104212018053, 2.66649613425891, 6.778395712942869, 13.938671288132568, 11.372707931724012, 18.996941121397768, 16.12923186375791, 19.398206218788847, 26.24820651507257, 29.183947849516255, 35.155327861744325, 