{"initial_violation": ["destination"], "initial_duration": 36.27981638908386, "subsequent_violation": [["destination"], ["acceleration", "destination"], ["destination"], ["collision", "destination"], ["collision", "destination"], ["acceleration", "destination"], ["collision", "destination"], ["destination"], ["collision", "destination"]], "subsequent_comparison": [[0.0, 0.0, 0.03678501936428409, 0.3571328333404058, 22.36852507647294, 0.05325846975021939, 8.616482509317237, 0.6630918281948393, 47.7294083509483, 4.867078449458774, 5.128002172370617, 20.58052371743389, 3.799411608366039, 2.0956848007344937, 1.4151589072931816, 1.513969232176552, 0.45076832837149494, 0.40064257599820147, 3.038438799545622, 3.1574602776873415, 11.28238668480956, 5.0628644363439745, 18.653093819159484, 14.99336810697816, 27.543723452002578, 8.816919439001467, 15.093614193691353, 27.57299111505982, 21.5719044277467, 9.868726829393598, 14.722938903688469, 14.512958212030053, 27.619877865500943, 56.651914273707504, 33.19345027881109, 6.5735235800066265, 6.949195817459475, 5.683481041680732, 6.665813237755565, 6.14015404918116, 6.619955769298869, 5.726410373385077, 2.047206621679251, 4.789899218042283, 1.7212429471192747, 4.663612403650085, 2.6114792287611586, 2.2458690790786657, 1.5165710882666354, 1.2620928482335378, 0.2900817592722697, 0.3268558584894475, 0.28637645265748013, 0.14330472107295916], [0.0, 0.0, 4.956425894517565, 0.7349657194158715, 22.67203757187391, 7.979305956496313, 8.343565317354095, 9.020506269244196, 63.44591823023917, 2.8583993062813056, 21.124242772946047, 2.178281721699255, 7.53895398186689, 5.363614291967622, 5.469761593966997, 4.158858793397789, 4.934532582343956, 5.1888088556158385, 5.185086066410909, 7.6278375001159535, 55.596645461813154, 51.92854787850484, 54.37182860236158, 38.98035874675118, 19.04713124517014, 35.56920704613162, 32.19869513770437, 40.05763409994014, 39.436530020870386, 39.87761103424852, 29.13682863086132, 32.855174193554376, 40.133477538059445, 35.237203452754436, 40.75125192226913, 20.129569153803697, 29.606419443892626, 28.142049048301104, 23.563129569816148, 23.628165637999853, 22.003506495243656, 22.346595853789722, 15.768058213475491, 17.131895921320087, 14.05102247831429, 10.528121730222166, 10.061781776589116, 5.39381102937513, 7.629018937290343, 5.984186753907369, 2.8486512094481906, 5.585663199962536, 2.7782450526126685, 4.935224652573454], [0.0, 0.0, 12.661699435332228, 8.026800015456503, 3.24478996642235, 11.595268276602008, 4.645697666253657, 24.54004171201157, 7.182087770312704, 56.561168086834996, 24.2288848330971, 20.46439150450359, 5.986396678830082, 8.607213932527143, 7.753711715347275, 8.369781734300348, 4.548019917783221, 10.941522007516282, 14.495895576119235, 39.18197697894392, 40.793718546909474, 49.96313351604744, 49.93269240606772, 31.979319803603882, 56.28074084072652, 55.392423221329665, 26.303656285196173, 28.633466287376034, 26.83816849346612, 27.743845765872113, 35.391397110464965, 34.53881499160708, 33.56133984583863, 37.78615721863914, 38.55120792482547, 20.200352751134627, 30.121250420541053, 27.236189599249823, 23.858180554853735, 22.299647571512686, 20.09679925653223, 17.827300790362255, 13.588167138935736, 11.883081233244082, 8.082670597818616, 7.1362243661041544, 3.5890609819587596, 3.4159393268097786, 1.131257912089909, 2.7831163930382155, 1.078390228278796, 2.8107059605373004, 1.1402694021564295, 2.8093144989476264], [0.0, 0.0, 0.04292844334112858, 0.44948235242902407, 22.926888344081807, 19.28183234632319, 24.998948234460393, 19.097212326893025, 20.403272705968146, 15.138365544323667, 15.775406680487777, 17.11904832301295, 15.19881133433857, 17.43842880744737, 24.287598104839592, 19.58622184994556, 19.888471871108585, 20.125588432238615, 20.26103030400863, 18.197960844668508, 17.574366906301094, 17.072333920817627, 22.382226920269296, 11.78120186682771, 9.693412242506604, 10.2986126180183, 15.008767858548241, 8.553213386395138, 11.226018076593489, 13.644732185325664, 10.900682347592742, 12.748908617230052, 20.872214731710212, 34.37546472770583, 34.172273714901344, 6.314708954560359, 26.60472416080104, 4.998318332133679, 4.615737095336859, 3.8607579099534655, 3.626992755361493, 3.1170717598419913, 2.8346272427017576, 2.0523679108085546, 3.1425271805741906, 0.6640282281143828, 3.2114757110783207, 5.3720020535159065, 1.7283628008015548, 0.5881880107360854, 1.730204911031959, 0.49487395937151646, 1.6839989672129998, 0.664616804191471], [0.0, 0.0, 0.026199612947786822, 7.730911073456081, 22.662389021067643, 0.05414623455087773, 24.648830339062666, 11.80525412768531, 5.821745974440334, 10.208141942297239, 10.612438192903316, 11.555872479178143, 13.738965685574911, 11.367389584020948, 12.063822444400367, 13.13963077918669, 13.542801503272537, 13.89446577049005, 14.099221241379198, 12.13534640199988, 11.470773238934763, 10.070168960832142, 17.095476759717457, 10.784643269542688, 10.910924954614794, 8.838902387771082, 8.238701949970384, 12.121195219186447, 17.22814280656802, 17.197783584028826, 11.435986794884727, 45.23130526868946, 6.310990772904345, 56.695584738503584, 34.805197766814956, 38.95721726385889, 4.054829947541397, 4.800945771640543, 3.823308271734715, 5.170657091264039, 5.067683922055517, 7.666176292773942, 7.724359205642323, 11.344039583244175, 9.772083068283303, 12.232509321971806, 10.412636277371355, 15.466738686495894, 9.755041451542095, 4.9618314173528155, 9.338624740663931, 4.762838619619881, 8.581599351907766, 4.647222865781511], [0.0, 0.0, 0.10891215187788213, 0.6911560452680318, 18.255229519568864, 0.7959694321466055, 8.95310409822463, 8.678768746867183, 23.901377729669196, 88.44276806136621, 17.33427911070124, 10.28584984778321, 6.550837868690776, 11.05101487257837, 5.579203738979222, 4.190121217672851, 4.369832684774095, 6.374435879277843, 6.418795533760468, 21.02723495119556, 23.658185070261148, 24.221253812343974, 26.3279667518354, 15.993520352026163, 20.611916601103665, 23.498274564765186, 15.751735640916182, 28.852290684701906, 36.61490062460318, 32.41784687679647, 25.839043636760767, 19.283875574273385, 28.106315140922145, 32.883980361258125, 34.27536717027303, 13.261214591780774, 24.39904428201702, 11.846757662973536, 16.94917979393601, 11.461692456398968, 12.666098281515168, 13.579656254694042, 9.516562954858642, 9.96107903871805, 7.235182918675783, 5.614782183938547, 3.743451062752628, 4.412639955858011, 1.3087342114065004, 1.9684477966489509, 0.933255656651955, 2.032613341445913, 0.9555063806986803, 2.1051894627257526], [0.0, 0.0, 4.9447004553511205, 0.6132396062585401, 22.93416603579381, 19.339630065016184, 25.162494154281575, 19.24467319876792, 20.3286847612139, 14.540896912110595, 15.079515140772488, 16.09024678280838, 18.31479273566109, 16.00291765500741, 21.94346002456883, 23.32399880460349, 25.222388441604956, 24.95102393964473, 24.96928750493446, 23.32774423495815, 22.464665537551035, 21.095416864574524, 20.93099465245967, 12.018019181139643, 15.044770044802622, 10.833352196515802, 15.527684993104554, 12.122009957763202, 7.446808774067341, 7.363827996869153, 20.291415730428316, 16.50215275749006, 5.200085084701078, 56.91386834789539, 54.553217253910454, 30.218878862275044, 10.022848366552468, 11.43226521610995, 12.596334408882484, 12.18449563033251, 14.68787280506581, 14.46905036337335, 18.093322955319415, 17.105949410924545, 22.004029644752364, 20.370899726051437, 23.77288548575738, 14.601185911282567, 16.480292089125506, 13.853655439898583, 15.40013465264449, 12.145333390691443, 12.221569876057806, 11.108120462107358], [0.0, 0.0, 0.04053729550753374, 0.8854621760349659, 22.309408802805258, 10.897581036193621, 15.412709554276462, 0.8489187393366676, 15.797951663144671, 66.28194236571649, 14.482528227346783, 18.8151400134851, 4.267372943426742, 4.272693847788057, 5.213526712047646, 6.631062070178612, 9.303096883023008, 13.833700225920484, 10.158068639042671, 18.89685765374643, 8.103640960132454, 21.8254673445758, 6.283177768240104, 10.8289806642686, 