{"initial_violation": [], "initial_duration": 35.79110407829285, "subsequent_violation": [[], [], [], [], [], [], [], [], []], "subsequent_comparison": [[2.1060211809489424e-05, 0.0, 12.644013799886958, 0.020547424608189334, 5.016956506266833, 0.6523310053689543, 1.2394799553644589, 3.520784866168948, 16.648602427391644, 2.257704810563129, 5.282841107786007, 27.505745899097803, 16.15335354712691, 2.9181620578071685, 3.0051771485729257, 3.285813776914555, 2.0705236556291755, 4.584158545867801, 0.8994543966738217, 4.290741850145416, 0.17130360867665656, 5.722022866304416, 0.38072135866832174, 6.085213706468686, 18.080714607755127, 6.323732190621744, 1.0604555291230464, 6.57574130363841, 1.0493623283251394, 8.002203431662615, 0.35117810881109646, 6.844714241920555, 0.12763881313622194, 35.81486713049331, 0.059679196703643446, 2.8876837638804873, 0.8606020483682248, 2.3906835147249166, 0.337792469757865, 2.815744440653389, 0.787442261694767, 2.27532399822779, 1.0366076925602477, 2.287766407316761, 7.253897666957988, 7.080451179562196, 6.0914009903301904, 6.848786497810656, 5.248654240063099, 6.446476838258048, 5.189326886528052, 5.604109324077208, 3.8610774453375125, 4.373230124826496, 3.573247474646829, 3.419659643992938, 3.186046704760493, 2.476947718291989, 2.158089444202677, 2.065042841348168, 1.9650019196689252, 0.05154010785588532, 1.5600941806541453, 1.6337612499787608, 1.2596971051551327, 1.662777868787352, 0.865802025090451, 1.7298147204407552, 0.8682460318851428, 1.6668693785838644, 0.6459396656598876, 0.35822315032136925, 0.8291938447658433, 0.1856495611184744, 1.1242911592802598, 0.13781363335411165, 1.1056889161948593, 0.25132153441239663, 0.93633431995916, 0.09668609887214395], [2.1060211809489424e-05, 0.0, 5.035004614104393, 2.8167498406378066, 19.408822886155086, 15.591215187023103, 17.9138328448115, 5.2528395724058825, 15.626517023838607, 1.3399715957999971, 5.064229760873369, 2.375695621728934, 6.630366697689639, 3.195030665711953, 6.598120643445561, 1.3727910980893205, 5.471632842661983, 0.9670948128619894, 3.839044321339556, 0.5647115165975286, 5.162844086091076, 1.6765995585059068, 6.941966380297185, 2.0258833191013603, 6.302100503784945, 0.05558938121715505, 6.29678455383399, 1.7298044007052873, 4.841362415608222, 3.1399503244095652, 38.713760315722524, 3.102216354571898, 3.540721330253359, 38.44818751409554, 5.766274473436715, 0.7989328475145543, 5.011423410672347, 5.445605022492806, 14.002831208904988, 6.107137015294262, 13.888445962384466, 5.5362986262978815, 11.926979631560492, 4.374140124168491, 10.409619781351388, 3.24039399424005, 9.826560084573105, 2.5194167155594513, 8.408092986943583, 2.9600092622512895, 7.1886869890244744, 2.6987377481668697, 6.249952726593234, 2.9450258709847463, 4.97012267047036, 2.650794783506222, 3.984297592571794, 1.9837685034019066, 3.152645238102379, 1.877707795752715, 2.6723697246848954, 0.9997360562401625, 2.5840578102458394, 1.5323216676760947, 2.125899294261945, 1.3707240800835108, 1.8927533230271334, 1.3064052674814153, 1.4926495988402009, 1.2160505730747657, 0.9127117105240301, 1.2937764828476628, 0.8590506912747332, 0.9741291724570532, 0.8851569351059252, 0.19963267310881214, 0.45114250601535993, 1.086460116690674, 0.3983875374871175, 0.13742838133471968], [2.1060211809489424e-05, 0.0, 5.0066456262084325, 2.8096811941711253, 8.5017529007002, 23.32047791067757, 17.850062448568256, 15.313170125438257, 29.643476673196886, 17.968261330332798, 26.082913538005144, 1.1884199309031338, 35.99602883386408, 17.924072386569588, 29.51508547539081, 16.278931268838843, 29.281449293193617, 19.490406143750647, 0.2802575979833757, 17.117692858197305, 26.104977726616706, 16.226541626805155, 22.38726309305683, 15.882823740496995, 19.40482977579562, 16.568453162816667, 18.5081717040918, 18.06614689699751, 17.500172913247585, 18.302852785441925, 36.621881368706475, 37.583084885555785, 36.4433584418473, 36.772626810043306, 12.43802098974859, 12.777338881290389, 1.9703892594399017, 4.325229436429517, 1.0360462896100853, 3.3878848884772848, 0.9525959900390929, 1.729633282600225, 0.30796707311770144, 2.0630418902637517, 0.988696749506076, 2.991542634087471, 10.010941550749694, 2.6333080163131024, 9.406401686348769, 5.554785088175664, 7.915670965301386, 4.942261820873034, 7.4368479499463485, 4.565472676995556, 5.799804147909696, 3.7924092497262825, 5.10191291618193, 2.7177812879912495, 3.728170789619616, 2.5512597335259075, 3.131117202465412, 2.3770868701119436, 2.0678856678328215, 1.5190524909106315, 1.3694508776198826, 0.9571583628760088, 1.31599905169158, 1.8617345264665563, 1.6103801914324312, 1.8778748545610628, 0.9123207914792179, 0.7766580010892757, 1.0366148938208473, 0.3296048351928651, 1.4514689333743627, 1.298004728770819, 0.8682292242285568, 1.2768342687906173, 0.7609585010940983, 1.230024887960076], [0.0, 0.0, 5.027208299408096, 2.802678595426619, 19.45073503731438, 22.84995292899194, 17.73769368242139, 20.954907182135326, 29.346366564071293, 16.328542176831913, 25.28500885112864, 16.682711962205598, 24.890019908249958, 17.150816178978154, 19.582409576176552, 18.707291732196268, 19.59348041388175, 27.406363184340606, 18.51787690875368, 1.6864035127161856, 3.275190573817315, 1.3901450771324428, 1.233793416921621, 3.2379727131823137, 20.927613555396878, 15.19464478425193, 19.530262412223568, 16.436899279396606, 16.653164892619408, 35.880515063523184, 36.38421634436474, 37.69291623096385, 36.3012018576969, 36.76835252161727, 12.012389890033726, 12.333812698989734, 13.576809501873056, 11.734920970260653, 9.879816031169014, 11.757485475869881, 1.558985368840978, 0.5905953814548145, 0.7611128700174252, 1.2668448760983027, 1.3010124327151515, 0.9493824540018244, 0.2442692937839656, 0.5244851394010834, 7.08640388527075, 4.677379792077976, 5.7852695541833965, 3.7918871821161426, 5.030516492437647, 3.43897785085895, 3.996531921104595, 2.914000047316281, 3.249014429316155, 2.128610482774799, 2.0505168149085033, 2.08547987995068, 0.19889133215618152, 0.9068202708923537, 0.5432242131672813, 0.2953641585538446, 1.1773411402453382, 1.3174219585788127, 1.2089573800616815, 1.5580931279274592, 0.9754898124906071, 1.549381578597906, 0.6592393987196288, 0.6395801875865226, 0.8137196266205957, 0.1725393096095603, 1.1364706076332414, 0.16985132467953737, 1.0565583688852076, 1.287433545652869, 0.3020705694046764, 0.99557916976739], [0.0, 0.0, 0.033639012027078814, 2.805336109103273, 12.943627509221661, 27.096176033445385, 9.783615677687585, 26.52377330862111, 33.99698768155623, 28.86769822084877, 28.328631065400067, 28.031078657079274, 26.722162507894573, 11.042036069728152, 1.8385830988533947, 5.846238953370484, 0.8596063502054732, 3.439314555980524, 1.9931847395798696, 18.82218243352443, 20.35787856887822, 21.30048452284108, 15.77508885050346, 21.79852648324656, 14.041337677247851, 21.24767692792079, 3.0078487399640585, 2.8916083603170297, 0.1228115561722937, 4.263378643711723, 4.254905584704073, 5.102092259192053, 1.9498046782233527, 38.21941088683927, 1.8627249435427897, 4.139573580387904, 1.9657013405826538, 4.055981554416467, 2.7310803179648118, 3.565792641157395, 1.7215846609625947, 3.6203808277694414, 8.190210872549185, 9.320735718988173, 7.146720188597426, 8.750395010468363, 5.970050644979444, 8.464776262665522, 4.799765426037065, 8.063656709688239, 1.8097025832747677, 0.7588899954540984, 1.9951881733444934, 0.7448899289408487, 1.772994958198933, 0.5816505949586322, 1.518397581296713, 0.871157930383592, 1.575547221076138, 0.628800913928302, 1.1933653460185158, 0.4686088947874985, 1.1125741350540779, 0.7304951436478165, 1.5622012168542836, 0.2514428966642737, 1.3204917117260428, 0.6290578892228582, 0.8751869978398673, 1.753165142716669, 0.4352101755827563, 1.656934509521332, 0.14358293889715035, 1.6319156920344573, 1.2804999133692423, 0.8264185114109828, 1.1775591529309668, 0.42739113045250093, 0.9768091270742588, 1.141208783507385], [2.1060211809489424e-05, 0.0, 5.02951931603275, 2.8039804454459905, 