{"initial_violation": ["destination"], "initial_duration": 36.09096336364746, "subsequent_violation": [["destination"], ["destination"], ["destination"], ["destination"], ["destination"], ["destination"], ["destination"], ["destination"], ["destination"]], "subsequent_comparison": [[0.0, 0.0, 0.21958618908944014, 0.45984474253407165, 0.7062306667640659, 1.3644639279528812, 1.994723783333455, 2.1991363420443375, 1.4488628580951162, 2.5582435493988678, 0.17555372164541, 0.20003536166166055, 0.14329759455200627, 0.023473247270677254, 0.38483024919852304, 0.11791501944767861, 0.5647320478223202, 0.1639337516169415, 0.3178411919199841, 0.1744378088808604, 0.2782137462548846, 0.2449492515166059, 0.6304261086068591, 0.5140519963685567, 0.5496104193264993, 0.47515778523636615, 0.35881724175292795, 0.3288974633687426, 0.2590695609123507, 0.2601244266991875, 0.23641024535600796, 0.21614650310282663, 0.21063120080368958, 0.21142008802134488, 0.19730916294573833, 0.1991712236032757, 0.1761031349042929, 0.20481643513298184, 0.1569657690749224, 0.165687417573632, 0.14273966991290601, 0.07096921953712365, 0.061307647994942024, 0.05003107415191511, 0.0460663104698576, 0.04883373787674817, 0.033483114305461054, 0.030280899581341815, 0.024825084278602295, 0.024061431290418975, 0.022633137036972898], [0.0, 0.0, 0.1947779297384381, 0.27594044172218, 0.7239917464097785, 1.3767582636767814, 2.0932190835386906, 1.9633509557533126, 1.677319118198544, 1.8071553201275605, 1.4942992853976007, 1.9198965801187426, 1.694919593771693, 1.5487667889790668, 1.497703490527404, 1.3448272287814536, 1.1974312038477979, 0.8558707348346578, 1.2493166788077865, 0.15669509010698063, 0.11052333647024008, 0.08544425220967004, 0.05613251735005321, 0.04753504059099012, 0.017325512026439453, 0.06862454484835692, 0.0363859932855147, 0.02768166358178878, 0.03995708275672974, 0.02695192983770012, 0.03675112478091619, 0.030487706588276722, 0.03718654981574276, 0.031124823591360123, 0.3241279091038178, 0.2744573215862171, 0.3094047653413078, 0.2611987148993437, 0.2742902100742523, 0.21805863221898703, 0.2516809941635963, 0.17557626207626714, 0.135864496843233, 0.10674734757512255, 0.09387671155751937, 0.08833251256642113, 0.06877826164468522, 0.070690922956155, 0.05012419593826322, 0.054395183489126885, 0.04473338460682784], [0.0, 0.0, 0.20271720549194888, 0.7065229384099101, 2.2949686393243227, 1.4257390243038097, 1.7977198737476026, 2.0485590794880597, 1.496384490034788, 2.1284671101631623, 0.9772997266526611, 2.128296661937147, 1.0646881950614997, 1.7286787519095528, 1.2113548655750301, 1.2172127892165856, 1.1064823621935171, 0.8389465772494394, 1.0847849124935574, 0.5290480129625621, 0.8143017455996325, 0.4368287061855321, 0.5968845276351337, 0.3897877854144105, 0.5298397175439542, 0.2774984271073319, 0.10907359224839988, 0.21986582121051543, 0.1399548778442295, 0.16577483838901064, 0.15614328739756386, 0.12823243322788574, 0.14658223113328545, 0.1193397678987538, 0.1418324199184064, 0.10547732775390548, 0.12929603541167303, 0.09717717835161031, 0.11901612705763918, 0.07710751890188233, 0.14626905446786007, 0.10312966758233476, 0.08072193624326618, 0.06649859984533982, 0.0653126365463488, 0.04784635746653514, 0.0518970501468705, 0.05685875877049741, 0.03381873238757274, 0.043017398284041664, 0.023596627167047322], [0.0, 0.28256608828706786, 0.4965746263188279, 0.4326980289431343, 2.5784998318429864, 1.6651931508677247, 2.179313108591033, 2.3956250015970584, 1.8218684956460325, 2.5013642508700618, 0.20366036733304663, 0.9620370818290919, 1.7754918889195446, 2.056901660051983, 1.4465986847857586, 1.5688971119470398, 1.4341363150768356, 1.0052993895175735, 1.3809912018216117, 0.6248317246108583, 1.0969111998717715, 0.4414703420017508, 0.7641084417561632, 0.441701509331682, 0.7907812131107949, 0.39543057093091366, 0.5253853437306473, 0.28143067123751747, 0.13476975621944431, 0.037251340711816565, 0.14355905172483804, 0.023626409192777018, 0.13902566563218124, 0.01731020168712942, 0.13844461362201813, 0.002312426212538463, 0.1289514632845883, 0.0038883396889553253, 0.11408076108771574, 0.01793457058821289, 0.10118961828178699, 0.1833036090531088, 0.14126621553200858, 0.12006379052279917, 0.10837959330080146, 0.09703912223523863, 0.08927435404595607, 0.0714914147228923, 0.06794133346125564, 0.05551043660728582, 0.057472979174746114], [0.0, 0.0, 0.04067380903235918, 0.4672802606714279, 0.5218813409797356, 1.1760136728596005, 2.004705558872279, 1.9032486734909049, 1.637142790865269, 1.7618007407213687, 0.9913109050489547, 1.8394672997667298, 1.0415902681741687, 1.7154479629414114, 0.8146941385020899, 1.504022822895227, 0.9223935105890101, 1.0226965154744752, 0.9114042024876846, 0.685642089775911, 0.7499958518771913, 0.5872632471602643, 0.5618012322168109, 0.49885343775502045, 0.5627984678437795, 0.4229175127861128, 0.42191465481622153, 0.3029145762841038, 0.3325697247381938, 0.23881600698469316, 0.27709375529548774, 0.19937275431009208, 0.2416977621967566, 0.19554682659719422, 0.10878320884195812, 0.07514339960439685, 0.0990783917651931, 0.08787511868895981, 0.09471674566114967, 0.05726679624411572, 0.0884533819919894, 0.05584783864749248, 0.045414472792970347, 0.0448910700015807, 0.027421676252078267, 0.030172514659182963, 0.027934348741418268, 0.020914928385253342, 0.02154063576311759, 0.015443254892422398, 0.0165147818661575], [0.0, 0.0, 0.21463998445709354, 0.501917409676806, 0.3316789268827744, 1.223161315443925, 1.928186652276804, 1.318658938204138, 1.8417432697256346, 1.135289190149511, 1.3605095044638522, 1.3948797645569555, 1.6075386169276402, 1.0565366509347407, 1.3848837890980588, 0.8840584210604314, 1.2309003969867254, 0.5299135994024596, 0.9935217205316641, 0.2447395231787485, 0.6986143745130913, 0.2266144589117951, 0.409567221664016, 0.21129307203247277, 0.4150386744773364, 0.2660155125716401, 0.26865215753006394, 0.19280707043522635, 0.20487366526901854, 0.2241542958932428, 0.2263359321705759, 0.1808735794195713, 0.21665907566091852, 0.17484694193290531, 0.20940469377621465, 0.15427178433145095, 0.1949075755064315, 0.1473436521443415, 0.17491858726830808, 0.12517124887363149, 0.1523173182942322, 0.09347377466472559, 0.07215652613629969, 0.057353072201509356, 0.04686964902127459, 0.0429511036870333, 0.03589840085408792, 0.04065856207673273, 0.027927995164062545, 0.022630785332304622, 0.02622126442769782], [0.0, 0.28256608828706786, 0.7217110545749564, 1.214337568061419, 2.4353866598355127, 1.564826549291884, 2.4175598402544862, 1.9484825122733878, 2.003652274101484, 1.619710541303785, 1.9240534340054278, 1.6707079330676093, 1.6874702916901811, 1.290770996037568, 1.547489569186743, 1.061171443567859, 1.4898582020351172, 0.6696101487977176, 1.3943537579598384, 0.022786835685741233, 0.06061945827695357, 0.026246831111917952, 0.739129201073772, 0.06668226609497085, 0.19797411246997693, 0.08284607092923453, 0.25149032986416664, 0.025080211524644916, 0.29996636144263417, 0.023845814758740543, 0.31105206159665655, 0.02149962057592536, 0.2872497528918587, 0.019323819417166696, 0.2806980353237571, 0.015078192034676826, 0.2681857333955812, 0.012673028870521118, 0.23765166566378595, 0.019369113824399105, 0.2237261192602423, 0.16023184679339675, 0.11968135385764872, 0.10255384888256548, 0.09093124397463974, 0.08023487644513197, 0.06097927546630994, 0.060735949082503425, 0.04990686245749533, 0.054169066405697575, 0.035828465630506366], [0.0, 0.0, 0.2811213230408135, 0.45963231903167034, 0.7301872219281977, 1.1480343948109677, 2.0065885663661662, 1.9723043425014137, 1.7568049073297494, 2.2946991141876114, 0.7417355032109592, 0.31480232252252405, 0.44188033078268796, 0.061561247710989676, 0.04211903161831819, 0.14919473582292136, 0.2119222524342832, 0.17056560221620176, 0.19111546845258648, 0.12284887710108448, 0.2571134324894136, 0.44647244630339405, 0.5651214029458144, 0.5062501943479045, 0.42715548725527613, 0.4639893218851581, 0.24337435799982812, 0.3553279724751066, 0.1763315437760099, 