{"initial_violation": ["destination"], "initial_duration": 36.35783052444458, "subsequent_violation": [["destination"], ["destination"], ["destination"], ["destination"], ["destination"], ["destination"], ["destination"], ["destination"], ["destination"]], "subsequent_comparison": [[0.0, 0.0, 0.8255343693291946, 0.1251448060631914, 1.32581510215323, 0.8612155394047102, 1.1592753191566836, 0.8564338516702876, 1.3013529386867682, 0.533645557246438, 1.916601734364481, 0.23164166714239418, 1.8094103785439395, 0.8490616947972497, 4.40021793723271, 4.396457555052433, 3.8416014518794643, 4.446465814864414, 3.4123734057717683, 5.2126693793482435, 3.3740567851461605, 4.762690633968483, 3.460442743677235, 3.5168698463030847, 3.416582101836935, 2.985729291501083, 3.7758730890426264, 1.7644018943300943, 2.8872208499176506, 1.650275842141409, 2.910290498651086, 1.5931335979087156, 2.5093536019525438, 1.4149257974732719, 2.3770825638454425, 1.329515680087264, 1.876767220347782, 0.44058566852378883, 0.5356710560427496, 0.488863289936943, 0.4726766448831397, 0.4666382054947913, 0.4726828020183313, 1.9508525399131877, 1.9853012825447114, 0.40562873572635794, 0.4258847645393329, 0.3487259898122206, 0.3900883431136216, 0.3488652800135201, 0.3488652800135201], [0.0, 0.3893964620425558, 0.8081556632262856, 0.327331834044961, 1.5693772211565225, 0.40881855759674146, 0.47451950799875786, 0.3934984005577452, 0.8541060111937734, 0.07092674430605078, 2.52299486295637, 0.14400150810019097, 0.5110677028331992, 0.10741931156394756, 0.4217378188828225, 0.16857365477233852, 0.3685607466525867, 0.36988086657167013, 0.16804842365253583, 0.9804748063066292, 0.22550788172840713, 0.7465602248354655, 0.31674052592611746, 0.7317168777106751, 0.3729849285818644, 1.0437642288433424, 0.3919718621930266, 0.7977131930388115, 1.4316958448308328, 1.6780165868351784, 1.3058184718455774, 1.690556059068176, 1.5780517515475907, 1.6868547001330698, 1.3269511356174761, 1.6981350436710285, 1.3496759672140748, 1.0212592556452604, 0.9048663964324182, 0.8846434876087343, 0.6922699484410211, 1.0900903127762398, 1.7848251230085814, 1.8001003284356478, 0.5788642058263918, 1.8750524920250042, 0.5192572531731392, 0.5553957268899523, 0.5190429507963235, 0.4490178487275051, 0.4490178487275051], [0.0, 0.0, 0.049941839616576306, 0.5895086281385663, 1.0937117243273362, 0.4970351186277539, 1.0887914900853277, 0.47405762797665846, 0.8595640102190343, 0.11391203022692052, 0.7897081750088849, 0.6455563644739779, 0.6260427914749381, 0.412151749242929, 0.10004740833846464, 0.4142518192207759, 0.1292479113388644, 0.5407242497789831, 10.892613470194503, 0.15301333046640586, 1.5614537723243263, 0.15373005924969188, 1.0002754327569814, 0.34148644949599255, 0.7450619872640271, 0.15339520312447966, 0.5210608545084705, 0.1864536493345449, 0.3289241474630061, 1.511352426495112, 2.2273655773693126, 1.4598875347018847, 2.2389153172923195, 1.318364462607016, 2.216848336350942, 1.2477380381245462, 2.040398697820418, 0.6347136934978403, 0.7318250456987081, 0.6153118687994248, 0.5319384790901747, 0.6683577494702126, 1.737911602164156, 0.6683360983190526, 1.9409529899270646, 0.668314355940199, 0.6685657964173569, 0.20798804035413881, 0.6685438077599731, 0.2711399830832346, 0.6685217278748887], [0.4623829358020507, 0.0, 0.3955779180331016, 0.06929067432623649, 0.5458154423687269, 1.628473792716543, 3.736802128070456, 5.069700959354595, 6.128544944909552, 3.72113665123722, 4.438635328338411, 4.716065752455403, 4.242144859596753, 2.6777975270015144, 4.483975931504325, 3.3937815467031145, 4.504019279675984, 3.4060221956513628, 4.324953291300215, 3.858029998165099, 4.288350693448726, 2.3491266722467286, 4.350686369531773, 3.7445391668205223, 4.233500050841901, 2.4755009358867373, 1.389300788561207, 1.948899167044385, 1.6068782319712094, 1.961129944811176, 1.4512880308109934, 2.0121521209830204, 1.2349410818045938, 1.659450935664517, 1.2447344025712705, 1.534201749584119, 3.3643225217012107, 3.4538494451901007, 3.125063934337725, 3.068874471273772, 2.9833185127809285, 1.6155822481092117, 1.5419912884385236, 1.2653938734001675, 1.2468604968504213, 1.1587705340810992, 1.1601008303281168, 1.160156714233534, 1.559226724492599, 1.4338960114920094, 1.4338960114920094], [0.0, 0.0, 0.7653430848976781, 0.4508759332254086, 2.314622513388618, 5.855605004938015, 4.7493871761961355, 3.315988628863888, 4.8084579633726525, 3.142431848351645, 4.482206454733891, 3.020859332801861, 3.794352417520786, 2.12340532329718, 0.19372799971588747, 2.6227251874499893, 4.297469433570363, 2.564880734265761, 4.199613401887889, 3.242878700384816, 4.128262315861407, 3.4926103741269574, 4.072780795999063, 3.228015444236132, 3.984567508254166, 2.3762205706217325, 0.8267416204795741, 1.8055755584774131, 0.9301950075777113, 1.8408330957159003, 0.7719680419284646, 1.8806237486551132, 1.4432958933586115, 1.5400303061079157, 1.5064037503139907, 1.4203277514938466, 1.5733980261562395, 0.09325144133485035, 0.1454375961660345, 0.16326918118256656, 0.17832067245773794, 1.7750540765706933, 0.08153345383594306, 0.07471783229255219, 0.08179469589429793, 0.07577848688373057, 0.07600807973909741, 0.08178529112754394, 0.08178529112754394, 0.07577051690683823, 0.08178063780209523], [0.0, 0.0, 0.031166272762854514, 0.28768369711766545, 1.138570964118855, 6.862585753220387, 4.419765732287145, 3.9785147328991113, 4.768741798784598, 3.687805671755732, 4.5434826081521535, 5.012494980633521, 4.033536109840834, 3.3952660533450953, 4.008910771410944, 4.59541100390194, 3.685154858548294, 3.809260793649791, 11.116090396947948, 1.7083772909295132, 1.1594492334253346, 1.5153366769293086, 1.2119423081495215, 1.6553314362590386, 1.365438471866146, 1.6290339473049058, 0.9857655171704246, 1.3564807240822045, 3.096363409794747, 2.9458513136877773, 3.132635521784563, 1.382967588902803, 1.4295323798698647, 1.2121980167704025, 2.7435144946872505, 1.5495932589309889, 2.678899888351181, 2.997962620825695, 2.6945205501059464, 2.7178761947797048, 2.502589163824397, 2.1565958471809483, 1.356190408532657, 1.3395357419107063, 1.1675332602186559, 1.1655749572071874, 1.5482648781839867, 1.5480024503915146, 1.2185713466355357, 1.3972846928471236, 1.3738431755720324], [0.0, 0.3893964620425558, 0.7833026072822025, 0.5721668575609001, 0.9995454241491358, 2.6103869872233156, 0.6245263692224203, 2.107691352702109, 0.09799612314122745, 2.581683254122514, 0.07520863569732807, 2.246357673049351, 1.148855845781073, 0.7131434585239077, 1.31196863460909, 3.7287608262809386, 4.484905634748949, 3.692356045695287, 4.1628983855551915, 4.355999209384998, 3.1214537022951285, 4.494403901877791, 3.9364835414048587, 3.886689224318499, 3.6099945521118006, 4.107567913181792, 2.999169965329862, 3.900701477645547, 2.965750086701385, 3.7091955362334437, 1.1366032038398908, 1.2151007930618047, 1.1367183688158136, 2.307413748999788, 2.5207821586917887, 2.180294684587668, 2.428373938943491, 2.8448398031374658, 2.629844177614916, 2.6327135292974067, 2.045061553759891, 1.3221359859440993, 1.166005747792091, 1.219392634464591, 1.2395114980721966, 1.1596514626264969, 1.2783116209802112, 1.2601617152657616, 1.051748008215586, 1.3293778920382517, 1.1101724766839334], [0.0, 0.3893964620425558, 0.8446122895973271, 0.4280610010816606, 1.158228906101713, 1.7670242423213909, 1.1991561666482484, 1.502513239419964, 0.9066492711240861, 2.069602351322135, 1.213936330423882, 2.0271273979579743, 1.284663812909949, 0.7296504804192776, 1.5277362887007953, 1.0142449384917802, 2.277232326702597, 4.107794510135812, 3.8823991422484267, 5.23980228420253, 3.78357617491863, 4.827946108663555, 3.874391527806645, 3.5541010170618073, 3.945249256195557, 3.0535038527761595, 1.1753422605104276, 1.849950298305343, 1.2993614565333342, 1.699202291985527, 1.3556611236790914, 1.6402775638623301, 1.633115333599546, 1.4505850191756773, 1.7103469214049032, 1.3605439999780307, 1.820734095622316, 0.37256261668360274, 0.4660672345768844, 0.3684255929371058, 0.299083223201105, 