{"initial_violation": ["destination"], "initial_duration": 35.89041757583618, "subsequent_violation": [["destination"], ["destination"], ["destination"], ["destination"], ["destination"], ["destination"], ["destination"], ["destination"], ["destination"]], "subsequent_comparison": [[0.0, 0.0, 5.020646065733963, 2.8909241023786807, 3.105859843655506, 7.7017462366310445, 11.99903556357732, 12.286926534790297, 7.137813082421104, 16.481562713971062, 18.802692314620717, 12.776116564947376, 8.87864019498211, 15.756594153529552, 6.217983307634029, 4.555059889070515, 8.773981392187578, 10.819611608222404, 6.168223893029374, 8.746037453441005, 25.327430206658235, 11.158381753395439, 6.200917804356947, 6.223331786083788, 6.4799280316987655, 5.695794143852327, 5.146872949728776, 4.799957923977346, 3.3502200207278987, 3.6700918407332064, 2.307845819512717, 3.235712412934299, 5.335648522870826, 7.090509695630926, 5.569975752372005, 3.1630688622911145, 3.684381222747799, 2.1402210610320127, 32.23896729703301, 4.177193611012136, 2.7253198233569758, 3.6183461694765606, 2.347666568199928, 3.075415607374899, 2.839390782027109, 1.127899186841859, 2.709454410529651, 0.715123028462205, 4.165530734304611, 4.196247685480419, 2.5001133448224153, 4.280264125495127, 2.2906791861989593], [0.0, 0.0, 5.0496703653626875, 7.565165648454716, 6.385032396336114, 14.68970414009461, 8.273720691365583, 14.14920035329053, 6.344516115377113, 0.3296702812190435, 0.6587776124612961, 2.8363179610855664, 2.961290948868119, 7.425343133920976, 7.744258855056499, 6.110205149490021, 8.495403503079176, 6.409574474246691, 7.016818180432998, 5.6075606429868685, 6.788510097003869, 13.312269091545794, 5.217100754162533, 7.213503936516587, 4.5607164006269745, 8.895677594978507, 12.62220459333995, 6.640780279215815, 4.384527398788816, 5.567801409588881, 4.038670870104581, 6.137420173806755, 4.984058552088539, 6.389515411060397, 4.2770616429118995, 4.558521728936797, 5.31744224813593, 2.7857634906518363, 4.282330687489673, 6.342344178420367, 3.736684102101045, 5.611746576984524, 2.599264199832812, 7.787752861431172, 1.465235849420263, 2.0692553973882317, 6.799725125462584, 2.271459119725652, 7.589333872127926, 3.8346602146177053, 3.2484198679150866, 5.226498528965332, 2.6784649166902623], [2.1060211809489424e-05, 0.0, 5.042893439838192, 7.5660078877701284, 6.252121886651259, 23.02468356244826, 4.630690257465781, 7.927528406878405, 10.944498001787453, 6.342765428088975, 14.334141827667187, 11.097426619370598, 9.767582889495166, 16.16133633859167, 4.719185993774291, 2.933250573560143, 1.9835524746587365, 2.252398631987183, 3.0472680753011363, 2.1089334886347357, 3.0473900409455488, 1.274371378650429, 3.0956677341713075, 5.289835361425556, 1.3500451255104702, 4.70245869816573, 13.763413204688325, 2.7740608261293787, 3.1724932886836936, 5.291267509597782, 1.9978952117276503, 3.6715067473980434, 5.2935067259713975, 5.152864805942893, 4.63554916661055, 7.271302713988061, 4.935918806888511, 2.7848297446974564, 35.316137919236624, 6.026867669919095, 5.37949749689715, 5.464029945832403, 6.965592027993489, 8.625986454101602, 7.253710181279365, 7.66352814179295, 8.35163167347411, 8.879044735926575, 7.103877082650865, 9.819531650583444, 10.716058472342318, 13.204462453360025, 11.056250016134108], [0.0, 0.0, 7.744380726828544, 7.118113905502837, 5.972541519182096, 23.248207497180392, 7.8029343762070615, 7.859790614388905, 0.6961982948348491, 4.090753772243814, 16.266394419739516, 3.2813884413117322, 2.952677251799336, 7.316818525302674, 8.168845679944372, 8.199789842935177, 8.142149222130746, 8.627797427975324, 5.399716621258592, 7.283857654978527, 25.137371506588714, 9.451210028380027, 5.789689254958346, 5.203063209462504, 5.213128855630185, 5.274859133285987, 4.533865371815412, 3.763836465230805, 3.830557257320267, 3.7070646355308625, 3.386546947748661, 3.210692755239533, 1.6166480028305754, 2.48221292636433, 1.111315762419656, 0.9544885218218366, 2.9346905473447302, 0.7188122488120757, 4.3805154187855715, 3.2561772099952124, 1.4945481803764031, 3.654059372518732, 0.13506933328310822, 2.27778475995458, 0.7148008819815822, 0.8839799074554526, 1.063876664492303, 0.8767879407711093, 0.6154507430706876, 0.4975831436710759, 1.4633295946482787, 2.1081115387363814, 1.7539499902989266], [0.0, 0.0, 0.012501241951390001, 2.8482679870874845, 8.426739278847386, 15.037094450307368, 8.252888027291519, 14.821024013341388, 6.705477129754475, 0.19910896222010985, 15.85948485534069, 2.4693653563739444, 4.184923026675024, 8.669203773092981, 6.691853838931785, 10.98428493308174, 7.712663014285035, 10.360473138512956, 5.385782156790326, 7.872925735907796, 5.593463548303077, 15.014233871606152, 5.213836782571448, 6.587437030163393, 4.517532759266307, 9.53007908108042, 3.1980901599859584, 4.390336929884816, 2.923474756496656, 2.6209776890847003, 3.88417592239241, 1.9059389337934491, 2.3322804001360082, 1.8596529577105154, 1.3868182640195732, 1.1520773606333268, 2.918953788873051, 1.4582354838074607, 1.316695981551538, 0.9314253964337144, 0.7335905238647018, 0.606888948426504, 1.812843946966452, 3.406696389934878, 0.7006465100315362, 1.5855776637993508, 0.3337500493513336, 1.317079223891854, 0.25282877707915996, 2.3159351783086444, 1.8847439215206747, 2.7455567450674434, 1.466219502073004], [0.0, 0.0, 0.020813867372864808, 2.8477109892312096, 8.731509985813648, 7.044849763335306, 15.579111163383342, 12.459552372195045, 5.508462434952979, 15.685224646362363, 5.211604142397578, 12.224699220918128, 5.85029735589278, 1.1312425446679013, 1.185887433612623, 1.2379739176475715, 1.8189479251461314, 0.31997024969332954, 2.363279381388329, 1.1356672232548144, 7.397408417011902, 15.209804696455768, 3.810845962785618, 7.324468236901857, 4.181047422270798, 6.942455937135224, 2.45281452633834, 6.934706825097978, 2.3116666534606756, 4.266467945504485, 1.8965719468197366, 3.766633047588435, 2.35474941886287, 3.049124700739519, 2.024432303672007, 2.0021453812830776, 3.045726986323635, 1.4846140176249194, 1.7497650695927784, 0.5499375880283367, 0.9264169009097426, 0.5600127546760907, 1.7385286214087574, 2.366217756687839, 1.3540851511106016, 1.8284173502269554, 1.0986198728424161, 2.07317244037116, 0.8647655275438731, 2.9797054450471587, 3.330214973742523, 4.206762036578979, 3.342023704239686], [0.0, 0.0, 7.6945089037973124, 7.059298409150888, 5.999510885343927, 23.046662478529566, 8.140527369743998, 8.09913494617926, 17.31222906657171, 3.929747009272744, 14.543287489452087, 13.086717809129583, 9.23161286995343, 16.68535219091415, 4.801199269106115, 3.150419689956818, 2.354468224007534, 2.456781538484707, 2.241991554991842, 9.062606445020839, 7.836615458718432, 16.142124768917736, 4.193478925471328, 7.440488593998862, 4.479347083119539, 6.394121551675011, 2.57281914431192, 6.547874439940154, 1.9952236580233005, 4.580731537650104, 0.8970385709558224, 6.609302266691969, 6.960671880857992, 7.192806831295486, 6.061868788618003, 5.949654083116508, 6.798075068799396, 4.124062978499855, 5.640597908418102, 6.522322055891406, 3.723258207956704, 4.669233780090706, 7.421226547230892, 1.3397250485147447, 8.24024255295784, 8.467891174161931, 0.7403500960855008, 7.587911064112157, 0.5107158991625989, 9.543299051654854, 9.903269661117287, 12.1926124817451, 10.077982710681715], [0.0, 0.0, 0.05464605106937801, 2.8825243488253167, 7.457284615905689, 0.7290602962974257, 7.805062787508729, 7.734298735921528, 7.524232597610306, 5.830371060513432, 12.561385682778646, 8.052669734703324, 9.260978903846524, 7.927956262934773, 7.035891035742655, 8.106299565210408, 7.236836986672067, 7.067970893635094, 5.745061609708414, 7.099974404826916, 25.19362235732685, 9.557079027918773, 4.193829630887188, 6.846642294845237, 3.832911920685574, 5.515561055356333, 2.688488566909741, 2.462963708408113, 3.622736566358782, 1.973009549715575, 2.376788526798335, 2.5740972615255133, 2.8730315321974267, 3.2530712267330766, 2.6956057447353663, 2.7430257649948526, 1.6977840673521873, 2.252320044943109,