{"initial_violation": ["destination"], "initial_duration": 36.070170402526855, "subsequent_violation": [["destination"], ["destination"], ["destination"], ["destination"], ["destination"], ["destination"], ["destination"], ["destination"], ["destination"]], "subsequent_comparison": [[0.0, 0.0, 0.0, 0.43534954211996696, 2.875000424479609, 1.7001505482414196, 0.018828173754474212, 0.12966962821824285, 0.29112723445642463, 0.14247948012114844, 0.337286120002241, 0.9253287572070238, 2.684309400093811, 0.03549778678028795, 15.83305641171298, 0.3629373794767747, 0.6592816067998085, 1.1459729206832245, 2.036953634750959, 0.677439964771944, 3.1250049809703784, 0.47831442067425906, 3.814006718022465, 1.1165701717221805, 0.9418742268518794, 0.8635014631803655, 1.1189802895082834, 1.184308423281634, 1.6984990064001344, 1.0961331716307814, 1.2167068083039136, 0.9070682799175295, 1.2969140706475397, 0.4019889883583199, 0.6946761826223626, 0.4010736660224259, 0.4215797492951279, 0.23048952914797824, 0.2589741591392413, 0.1524824678510203, 0.2282483454936247, 0.027241614670090324, 0.12015721588973528, 0.035769367271663036, 0.03471743009316475, 0.01749303221479108, 0.02450485831881172, 0.012923899826504976], [0.0, 0.0, 0.0, 0.43534954211996696, 1.1431850437234858, 0.103352221457971, 0.021099503847485927, 0.09036938307484747, 0.2996301740778205, 0.12680423302518787, 0.0484226139544256, 1.075255771946896, 0.46959493372383265, 13.56652751474246, 0.09594142219326945, 1.9331042394261289, 0.1368549943312623, 2.4634272599992073, 0.23868717520005978, 2.6174592758676205, 0.10629147606971064, 2.2611307339984097, 0.708762381055199, 2.089327090155814, 0.8234336480660202, 1.45645927747654, 3.563733743981108, 1.4718366152786049, 2.8678228724454984, 1.3387347535838225, 2.0851739438940777, 1.3125429972559637, 0.3711206090286725, 0.6294226817713078, 0.0595434309855344, 0.2680920600476487, 0.7312409070767244, 0.2774725598165192, 0.4001820827171822, 0.1857713674191723, 0.2300831017895688, 0.11885024962240576, 0.1116966287551395, 0.05288866338274285, 0.01013135643337287, 0.04701020771005716, 0.008491597284638885, 0.046635361549396785], [0.0, 0.0, 0.0, 0.12490187291431179, 0.4583527382234614, 1.0518615338244215, 0.20490480659291613, 0.027116797543599674, 0.09928451651947592, 0.274364286801212, 0.0633375865850824, 1.3891296043593993, 0.10850000654783085, 2.1763848349668153, 0.03494571876414069, 0.5385219929919363, 0.020637615185100763, 0.12677255815548683, 0.3158358120992743, 0.13466094188914154, 0.4785807261082363, 0.5793300283512623, 1.025742402204998, 1.4631080947847876, 1.2993272492990688, 2.02546413869183, 0.742485220550944, 0.0492189417945292, 0.26732803508912123, 0.27738649871607635, 0.18618448121362466, 0.7049434885090018, 0.8431396163487909, 0.9034694165509928, 0.22699936138797117, 0.1160602966776745, 0.1402333155007234, 0.14460360186362745, 0.17641066564721997, 0.13264317242571283, 0.1336381249871997, 0.1294466495521845, 0.06505800925741578, 0.07099384154861546, 0.013630884088832361, 0.0522606062035674, 0.004668266608837828, 0.04759128868613693], [0.0, 0.0, 0.05378854920940436, 1.7153963676218726, 0.0006437250977941162, 0.030858969425484044, 0.01344391663360592, 0.024353046332019256, 0.024177086302781113, 0.018241967721942937, 0.08061371773281328, 1.2761270647319678, 2.492658746536219, 0.5464798953132859, 16.195280201205833, 1.8304882517002596, 2.261000549950818, 2.6944799556891703, 2.5772426839870217, 2.59264986256445, 2.4113639986303608, 2.2733558852945284, 2.0032235828398925, 1.7139342274987273, 1.8000005256474574, 0.7034455626798158, 3.2419406872468772, 0.25875661951324747, 2.587098894283885, 0.062396655901594766, 1.7800276581709762, 0.8239113446609431, 1.1218776158189294, 0.35287920126060884, 0.9812950694944939, 0.03508081777091532, 0.5588888396741903, 0.05301827081578983, 0.27276372625642725, 0.07358596162490302, 0.15202486310719446, 0.04261882825885615, 0.07553242730467175, 0.003439591211037974, 0.029670906783646603, 0.011153166912822431, 0.01597783732104553, 0.007799555427758116], [0.0, 0.0, 0.05378854920940436, 1.7153963676218726, 0.13710961692623647, 0.8690756643531714, 0.019304598098631838, 0.11252580524437288, 0.02469384448568525, 0.07580472384585561, 0.019622638724894923, 0.045714874053192814, 0.014947803388515587, 0.0560013461317558, 0.03317569204878543, 0.04091389892578201, 0.03457371699222392, 0.2578250678734862, 0.28298603912018694, 0.7269394894004018, 0.4844014203109479, 0.31645909341571465, 0.17867025610443774, 0.03133808067508868, 0.0184402111549603, 0.6751288659776014, 0.3383595080509257, 0.9527954395858362, 1.5499061008335673, 0.9686874912296192, 0.9249939031848073, 1.0689269402632622, 0.6977602212740394, 0.13326074358269285, 0.13281977127391384, 0.07787849861761544, 0.02158110857350777, 0.10506903881420733, 0.02244975978962154, 0.0876051614434979, 0.01521194803596421, 0.05890393174301625, 0.08962220305454359, 0.041879048117707485, 0.024069629804042526, 0.04107918034157279, 0.014142154136143443, 0.03800705365801247], [0.0, 0.0, 0.05378854920940436, 1.7153963676218726, 0.0006437250977941162, 0.029040742288471106, 0.023764104570133258, 0.03638049697706956, 0.024122583268609905, 0.04526239066326233, 0.8534727307269545, 0.2071300013377116, 2.647660895984268, 2.4251715847747546, 0.018877642533899112, 2.0214432319647972, 0.26073261229174727, 2.104536202726627, 2.6016083777262757, 2.620604925819747, 0.2965669061878795, 2.0067188379264445, 1.1086756572892864, 1.618514055114384, 3.645123567417965, 2.2646861851068785, 2.9162766160594615, 2.5031983708380268, 2.254483008325616, 1.2723778116892501, 0.3874641879220121, 0.6150510089351888, 0.3901203759114239, 0.22122610973404586, 0.8817852375649196, 0.7694441603782718, 0.10354185464179765, 0.0841091892160977, 0.34487971945870244, 0.20776978376917016, 0.19870737902893224, 0.1357512360965935, 0.09846917200079688, 0.07455409837500111, 0.003774677831421872, 0.03875592969207694, 0.0076916867589463655, 0.03875980533535194], [0.0, 0.0, 0.0, 6.788121413957911e-10, 0.13754501370708377, 1.0120114382370688, 0.14846507615505242, 0.0720017093085185, 0.06390743491068976, 0.05192420414571559, 0.30151244889092343, 0.04286607839386399, 0.1388423423927762, 0.08655615003207506, 16.166171640187663, 1.5999540679443194, 2.2992392534253447, 1.9655095996162324, 2.4277572420441387, 1.8049822987568995, 2.114571401285962, 1.4244329690043958, 1.6353713363082727, 1.0934799234622232, 3.2900017612888055, 0.23624977090003288, 2.4716596213438646, 0.08270289710406244, 2.1290089995238377, 0.9174914842925629, 1.358319221335338, 0.3347657407091517, 1.5502603958002568, 0.18992896346399643, 0.7639024497986874, 0.0427064532874376, 0.5083897827810002, 0.09139064881360454, 0.2805635947989246, 0.035410149446886204, 0.1667276088807058, 0.030383828634966296, 0.09112721195615402, 0.03369105825564509, 0.027716906216878265, 0.029776181502130267, 0.024413295417865175, 0.029880526366640636], [0.0, 0.0, 0.0, 0.43534954211996696, 1.1431850437234858, 0.103352221457971, 0.024819242298208272, 0.08361286308613022, 0.4237717442972661, 0.08923024728552674, 0.08817451940253625, 1.226054817873809, 0.4477902532762338, 2.3727681770111198, 15.811631867506092, 0.27614437890039395, 3.312586186531839, 1.2912867880524865, 1.3772943578811692, 2.10942580143076, 1.8375908667327294, 2.4712606001751873, 2.4881747328490946, 0.2524531996298309, 3.373910744224654, 0.2951448109225545, 3.476500399380703, 0.6449847386037459, 1.0869282825740785, 0.7030458170343243, 1.0720824485459755, 0.6645243140137901, 1.027888030193313, 0.5681221990333952, 0.679446001236602, 0.3560662390476571, 0.5007603159137954, 0.23228428038220608, 0.2979133957539103, 0.1275275349890214, 0.1942426531719824, 0.06976811946739228, 0.08836022782335999, 0.026553258608400805, 0.05105111101579648, 0.0247475550170059, 0.017834236412791103, 0.02771622962019718], [0.0, 0.0, 0.0, 6.788121413957911e-10, 0.1375420340911375, 1.0119307449262476, 0.14837848324628514, 0.11423879471855163, 0.03907237601963504, 0.09236068889511923, 