{"initial_violation": ["destination"], "initial_duration": 36.17971611022949, "subsequent_violation": [["destination"], ["destination"], ["destination"], ["destination"], ["destination"], ["destination"], ["destination"], ["destination"], ["destination"]], "subsequent_comparison": [[0.0, 0.9305615357141858, 0.47106965387830596, 0.2078806686860331, 0.42831405973813724, 0.3450998253117494, 0.46278555233083307, 0.2347529273146117, 0.46952400853273585, 0.6756297669245703, 0.02080517049726594, 0.07694557065271392, 3.46124802187858, 4.779267089279491, 2.8188712698919662, 6.241323809847213, 10.694595797853568, 2.5107183649392555, 1.7395901569689531, 2.9317432738941336, 3.429591994955585, 3.4563468645316493, 3.203840311897807, 3.3188112093944615, 3.181193773342883, 2.8389108642883585, 3.560691105525093, 3.1250084063682717, 2.1796891161596217, 2.670936360514555, 2.078547960689618, 1.8476826009662701, 1.2101309689237996, 0.8991289004029289, 0.7638406620026106, 0.6516338440254211, 0.6306014376734572, 0.5207409658166617, 0.3977316726316951, 0.32845315945810893, 0.2923460544379286, 0.25562475681540203, 0.2277742312221178, 0.1944989351722234, 10.448883067010625, 10.706104690189052, 10.8940419681259, 1.5910667574019723, 1.7701208706011304, 2.3093414215451173, 2.0016540429224055, 2.0981270471588593, 2.2861649760338016, 1.972043544378271, 1.7585891549153552, 2.215201751275926, 2.1504965814920842, 2.2064640687680632, 1.8091621069678419, 1.544184302635022, 1.8833263824581206, 1.6089562238150577, 1.5276393195465838, 1.277420903559957, 1.2893210287084362, 1.7812451855476248, 1.0776845885914443, 1.0398356767528503, 31.33266155149611], [0.0, 0.9305615357141858, 0.4796110096340929, 0.17229874766310285, 0.6156475572319996, 0.5762947788697923, 1.2280137993480882, 2.3534019685647993, 3.637114054843514, 3.355667738538026, 3.116867479466676, 6.120845266001216, 2.7512351747494854, 3.0182590289575493, 2.298445105266889, 4.2088034845102165, 13.100578989769042, 3.6783699047921816, 6.521445835364379, 3.248587039019932, 3.063680813074283, 2.699726156529418, 1.666394711967635, 1.7258249198905264, 1.6772566914899776, 1.6513178967792292, 0.9602767025680173, 1.0115724048254635, 0.7545885007674953, 0.7063961585529632, 0.7577218057971332, 0.6489582830432506, 0.435984677211659, 0.45784871891376827, 0.1858416765850378, 0.1550167168082119, 0.12958220762301992, 0.09993668815019603, 0.07309965571112326, 0.06506329206410744, 0.046540438378419736, 0.03561889003385252, 0.021461924113972578, 0.014310272689156541, 0.02003210383769971, 0.2228040733523288, 0.3146921362725604, 0.3756301758721946, 0.6673522557552988, 0.9362323142564724, 0.44231536904527685, 0.468228684716519, 0.34561276986473655, 0.1760197734335029, 0.2252489708494516, 0.14044520374959882, 0.5045509129792085, 0.17314260737882492, 1.349011810286844, 0.22301547289491724, 0.19949501371328443, 0.14954076333638724, 0.1291010408685971, 0.14221140326438744, 0.08903706305767922, 1.2190420977538534, 0.1005544484347558, 31.538584297673772, 0.13600585361262832], [0.0, 0.0, 0.44572698276706774, 0.46773296492665395, 0.7351799719365629, 0.9302471244700625, 4.018912363669911, 2.5940117276983434, 3.0373613198273177, 5.664959599018213, 2.664211661194569, 4.910947387521612, 2.8492425053069264, 4.749756589048365, 1.5292254908647789, 4.856457269483678, 12.338147203957613, 2.321958601769533, 5.849824341160943, 1.2507915425644391, 1.569066038292049, 1.5458391819019943, 1.6292424371868384, 0.6881487812408739, 0.8143321583982076, 1.0484930801333, 1.0418795680015547, 1.1529356371406874, 0.8421901084132738, 0.41100249440204945, 0.4662369243211569, 0.3133066381689561, 0.3812813598577714, 0.22207499945245757, 0.1338878334494943, 0.11991410156008098, 0.09202619195514455, 0.10933419342939242, 0.09765612041139549, 0.0712251971644167, 0.05723563028209332, 0.05237611434495067, 0.03868073643316405, 0.03852021911088156, 10.424737015944459, 0.44664577850657644, 0.359587568175302, 0.516283952151735, 0.43394278763035593, 0.2691421786993259, 0.17680023573444895, 0.2589815565615856, 0.33333803553337343, 1.197094237575976, 0.34835836974775125, 0.2753830454896255, 0.4756014819174239, 0.6209463820985199, 0.549585702601272, 0.21300533427708532, 0.25222277508984675, 0.23067009542846234, 0.2286859424856664, 0.3871953387231172, 0.34587173742938854, 0.4217157043556494, 1.1822992519219246, 1.3104547552101422, 31.663203410197372], [0.0, 0.9305615357141858, 0.4542743013534323, 0.15094207793653897, 2.274293031631572, 0.630210394406551, 3.9880449118603654, 2.7928059564892975, 3.8567998623043875, 5.3071261367625375, 4.722203751610872, 2.156194378627404, 3.2815852316346126, 5.9899222955558855, 2.4781403733867235, 7.370753876874396, 10.21764674764126, 1.4378579376477256, 3.3244419192103396, 2.471102021290086, 2.3244363942521575, 1.6907791629338271, 1.2740701638859036, 1.1151565170170874, 1.1304799066441382, 1.7408976723507734, 1.2638724884620136, 1.0488880362638455, 0.8664015241992116, 0.7790682786960009, 0.622123396696602, 0.6246077179706659, 0.4875853765035739, 0.5641150218736168, 0.5446792993524906, 0.36617218263549706, 0.20160718173027267, 0.1713443305718818, 0.1416689371318582, 0.14513114428248494, 0.1402330656588658, 0.11886727402089592, 0.0913210756828585, 0.07762091008422688, 10.43318123040058, 10.69213988185894, 0.9240509299477563, 1.2733234668116367, 1.493511187905369, 1.8736707413127813, 1.4341815157865245, 1.4186440797895121, 2.1005536785524153, 1.2579731395472407, 1.1971887159101422, 1.5640603225947534, 1.3838844879926087, 1.4791929884267938, 1.7849748427665664, 1.0477502587305765, 0.9615031789734008, 0.9780134895880724, 1.2554069469424873, 1.31448854543757, 1.2127257953697275, 1.262508631143652, 0.8659592824008278, 1.0341511096408778, 31.004631273785826], [0.0, 0.9305615357141858, 0.4536103148490141, 0.2985538518670933, 2.3288461479223037, 0.9633904850244027, 3.9842665580686174, 3.307043030531946, 2.962368227154065, 3.8275561543989625, 2.928270020822159, 2.2204646366214154, 2.3195106134897743, 5.06913098871828, 3.1374079757118287, 1.2581331439306542, 11.038293499695868, 1.1687048593818898, 3.681041087104655, 1.8013945981398305, 1.5646882871314873, 1.6127380319159106, 0.8876575531122154, 0.7723959041562996, 1.7631777862898024, 1.3376360011213673, 0.8929126334601434, 0.7291714577181376, 0.6189245672212135, 0.4191381394618686, 0.5197395620048803, 0.9812155394398161, 0.19142830823455143, 0.1880845836895456, 0.5998204490465034, 0.37512895814903147, 0.21240383212535446, 0.17007438531356386, 0.15578485206218398, 0.13436690371722973, 0.11014007117130287, 0.0966207053441452, 0.08600385966154506, 0.05495520475323553, 10.431278620848023, 0.5035709698644906, 0.5586573813294403, 0.765070031188218, 0.6628592209902399, 0.7888326848487762, 0.8368098047313661, 0.9168096858325108, 0.933493336983286, 0.9740666631402878, 0.9422113308344855, 1.033447634662502, 1.1753264229124216, 1.2576097080015372, 1.0948764699834341, 1.0463164839803287, 1.017268893466585, 0.7388395504805352, 0.8876035457442187, 0.4840789214012446, 0.7989244750287022, 0.6123009637452705, 0.9059349772755002, 1.2533233486596205, 30.781111891163594], [0.0, 0.0, 0.42935844528716377, 0.0211815543084076, 2.0101034687679937, 0.02026287519557801, 1.4396735106282785, 0.712814325146249, 4.307745859523149, 5.309364247946412, 4.294096300783465, 4.646934274088397, 2.66275654321854, 5.3926658410963055, 3.8645294551754446, 1.29144897576445, 10.768304620264546, 0.6320099941250711, 3.70592460758162, 1.2912644627069731, 0.8473585512997448, 0.5639405479669717, 0.26073300103327357, 0.5526004135423757, 0.14253969206335604, 0.8104119732691407, 0.44963874421804456, 0.4589941868974958, 0.07740863368065132, 0.4042020393453087, 0.3783315911484845, 0.20950688159630182, 0.14598305332705602, 0.09409007716175004, 0.18284712622857605, 0.037840381047828074, 0.016007999073566034, 0.09088537616555248, 0.007518740288124383, 0.015441363805711098, 0.014395738923656944, 0.010596394371524764, 0.0045148980430409005, 0.029025600806744416, 10.430499919450988, 