{"initial_violation": ["destination"], "initial_duration": 35.639655351638794, "subsequent_violation": [["destination"], ["destination"], ["destination"], ["destination"], ["destination"], ["destination"], ["destination"], ["destination"], ["destination"]], "subsequent_comparison": [[0.0, 0.040615876592856315, 0.2180960898549522, 0.7581102709310783, 3.2556648354749322, 1.8743060927997346, 3.366600831472356, 3.1203985641255834, 5.5596292348723635, 2.8454132434429615, 4.6727025310233765, 4.212896070131155, 4.008198048742275, 4.7080861093637605, 3.5949011031921874, 2.4843876220540264, 3.0453662313299805, 1.5662487530746572, 3.05724706276714, 1.3235473704765515, 2.3962752766651194, 0.33588453347666286, 2.3567220662002826, 0.7068150049129704, 2.3015201977370188, 1.4376088731558254, 2.2645518119298953, 0.11990496823163982, 1.6640832792694298, 1.7101230337447384, 1.5897959217748387, 1.5600192112125337, 1.9914723967045098, 1.2912114385225657, 1.5824339404371854, 0.9876328141813165, 1.0598168347282417, 0.8510714354853262, 0.9448627608552351, 0.7180807871987244, 0.6715622444571601, 0.471420960402267, 0.3767886400596547, 0.33320141917379464, 0.31446990537016006], [0.0, 0.0, 0.30170798643223246, 0.31157448259054876, 0.9585633888762572, 0.16870195717741876, 1.8608436391554397, 0.8691690055295851, 2.7354494356946115, 2.3146006092994784, 1.9418921143762904, 1.2685089980538684, 2.0582018276166774, 1.362615201110492, 1.0786716741926161, 1.1925579747780453, 1.0201911972680338, 1.252918580749648, 0.8620138089768871, 1.107169288900439, 1.004718698154511, 1.612463551308099, 0.9969190657289672, 1.614367974285228, 1.0442281931167008, 1.3205751730594377, 0.9004200049189859, 0.6985724877842454, 0.8469685142920228, 0.8511914982783211, 1.1832662367587556, 0.5390949046158852, 0.8081734822483345, 0.35087733577279284, 0.4337724508167757, 0.29699751988229517, 0.42986556092746325, 0.3492872277848699, 0.3267371932016258, 0.2236181415646865, 0.19932158198847108, 0.1186360417837983, 0.04407503736406058, 0.10323436640452319, 0.02313571355478504], [0.0, 0.040615876592856315, 0.5516442885236277, 0.9514547427548992, 2.9502688793685206, 1.9754432780107927, 2.892997465689186, 1.970225912737537, 3.040909315201711, 1.7655394465074563, 1.9009909654597918, 1.9379900117826712, 1.5021558225957206, 2.004609719484178, 1.5474513721511158, 1.78082213215218, 1.5587285653997587, 1.6960142213885163, 1.5320433902823059, 1.7691520750615204, 1.0103156276945835, 0.9821103142959593, 0.29596087184957615, 1.0189521371486088, 0.8521807564815407, 0.8732407446293246, 0.3095059131709484, 1.2989363961303388, 0.24689566159304885, 0.08339604961645682, 0.49060077704945454, 0.21179326896775705, 0.2581041503970858, 0.23268476138586625, 0.41612838125935586, 0.28537766516144375, 0.07208257321135418, 0.16474827301861936, 0.09761336568295095, 0.0878822712330369, 0.12362109912229123, 0.10349066420435218, 0.19317409173262723, 0.05833879841218953, 0.1418303171721144], [0.0, 0.040615876592856315, 0.552887624325661, 0.9274543834550648, 2.9882747277805066, 2.023936502150922, 3.0053970292246155, 1.9103758134633502, 2.401348412042964, 2.071933032469801, 1.6750023047857405, 2.1593019714451978, 1.4884997145436425, 2.2139715656789773, 1.7874072185569552, 2.0426972301510853, 0.7710426891486821, 0.5207052219625808, 0.12844227429865207, 0.6042658308192164, 0.1122346000835141, 0.7007671516223537, 0.13689504799496097, 0.6391183240172883, 0.7679913750469651, 1.507529480019674, 1.1657857752128509, 1.3691045061789833, 1.1972248919540607, 1.2504786993953685, 1.1281040783084093, 1.1538423430982168, 0.853960678055428, 0.44679738762496507, 0.9057774535169063, 0.3621910755062333, 0.7800967611331419, 0.33357962257269314, 0.5849160979264846, 0.31671312808448493, 0.4040375302972036, 0.12790559800026108, 0.20798657480629773, 0.1430957943136633, 0.18311521113777027], [0.0, 9.369115311557521e-06, 0.18800940143831646, 0.9055919850789894, 3.0042547187338795, 1.672109180579325, 2.802599023626929, 1.7670342226992064, 2.1251039836487933, 2.272773184046837, 0.8817843877626292, 1.7360423928476105, 1.6070797900905571, 5.464544310765669, 1.0197423316079393, 1.844023400184862, 0.6311653980163112, 1.7839250315884778, 0.3055322770998392, 2.80505373919297, 0.2722646420016868, 1.833095663091586, 0.26330384445066307, 1.8670691613826993, 0.6730605956298035, 1.501104522068889, 0.155706957728661, 1.7180151774005092, 0.17326588545776292, 0.33968804468665104, 0.3273830059197183, 0.5491637739768164, 0.3213232591498718, 0.6735687354205007, 0.26676113552089226, 0.42379690503100087, 0.20573313523397296, 0.27301395566716974, 0.13422649862966926, 0.39946999846243103, 0.18076290930562086, 0.39665206875039766, 0.18015193516465997, 0.2560277287561745, 0.09935147963297701], [0.0, 0.0, 0.2280780441931454, 0.856813020947976, 3.085507246844257, 1.8340871612673333, 3.038606912511169, 1.978703923499027, 2.3565287046144863, 1.9551597457052143, 2.4479093155239506, 1.7910350903881858, 1.3506156153168398, 1.827230057633651, 1.2938533103410392, 1.6393000555126664, 1.1651312537714822, 1.6592992389257346, 1.1844895287935087, 1.6624099604017515, 0.7286539370669946, 1.5758392586352676, 0.6883839290289219, 1.5393210019622847, 1.0797278996116313, 1.1417099083089703, 1.0945021447993326, 1.0514593140616724, 0.4941175992625072, 0.3417253659349389, 0.7553738582775223, 0.5317358989003487, 0.31297583335665397, 0.5555517184098941, 0.30026564196039346, 0.5361616624107419, 0.29645813315392217, 0.44115682747085067, 0.24756950195654265, 0.4276004492666079, 0.18924263184323603, 0.39102195670125495, 0.19164965101564696, 0.055090211341276625, 0.16097611788204227], [0.0, 0.040615876592856315, 0.49822291618937686, 0.9643196883853248, 2.9302095571100146, 1.9300638068966922, 2.8211331698484745, 1.9021820841229544, 2.3409838127205163, 1.8953343392101045, 2.289599372250869, 1.9778534492747635, 2.054747718529606, 5.8555835629532, 1.5885714345418251, 1.369755808080561, 1.2684913284003725, 1.3274437050826036, 1.1630388223122887, 1.3844184343380221, 1.1507945658378895, 3.2586362709928967, 0.5926819946528932, 3.289567107290431, 0.6318867547443547, 2.614590710843459, 0.5694186458892945, 1.009573522081847, 0.5361063832548326, 0.44826245870528547, 0.42430929638127896, 0.5210722639198501, 0.33571953193396675, 0.6374982668197997, 0.28788419935839527, 0.3862808286313403, 0.1943838527212027, 0.2415466906344801, 0.08802212582313373, 0.2099420356064088, 0.04838179737845447, 0.239717392164508, 0.08018366409034582, 0.11668249846480529, 0.014344952024895455], [1.0466643774980349e-05, 0.0, 0.02099635610304796, 0.23614385583881195, 0.16554025063044023, 0.057572488144898, 1.8482364646249525, 1.3976661938196622, 4.1212532235504415, 2.2377073617851773, 2.2014592706199387, 1.606172676191091, 2.3863422080567553, 1.5078079154668695, 1.4421967051717124, 1.2822318633074832, 1.246103252711543, 1.4165373965545107, 0.985757596011209, 0.8783702197065074, 0.8278564970022343, 1.1247241892822664, 0.8143723754653537, 1.1797748883035704, 1.2532763768968405, 0.9288612389627664, 0.7437487019550342, 0.8798577490249749, 0.6656079465118347, 0.5932454445228479, 0.9547687266852568, 1.1043132271115033, 0.48220899172065773, 0.16796613958250525, 0.5501031912963518, 0.21813694071976866, 0.41820487139060075, 0.06609584799212383, 0.0945078771202215, 0.08213827829995193, 0.21163770697388723, 0.1583222268792801, 0.058889313593243627, 0.18271820075331108, 0.01856840787741203], [0.0, 0.0, 0.009877123382521167, 0.0842349767344833, 0.018087122449395733, 0.16597500576772514, 2.0202647908641618, 1.5963206370149499, 2.682722918537921, 2.0950286359914725, 2.3778000361567204, 2.2389946664092615, 0.5291623279748031, 5.46517181828941, 0.31979947187052415, 2.0245713632208746, 0.3527324956020844, 2.3267967885329512, 0.3631038969267514, 2.2315956086621402, 1.149866331936958, 2.2030604593068635, 0.7957535636413801, 2.169749080380263, 0.6887828432905821, 2.2302115767330335, 0.93458063647896, 1.7299657127540693, 0.18530958197237127, 0.421399034614887, 0.3840352541420486, 