{"initial_violation": ["destination"], "initial_duration": 35.53937220573425, "subsequent_violation": [["destination"], ["destination"], ["destination"], ["destination"], ["destination"], ["destination"], ["destination"], ["destination"], ["destination"]], "subsequent_comparison": [[0.0, 0.0, 0.5981706970683056, 0.005696480289654373, 0.32039410385368183, 0.4923779730122129, 0.1804056732311928, 0.721652413844888, 1.911223127308927, 3.4835800369935868, 1.8045005632787516, 1.764124353271056, 2.9069730630211974, 2.2670414771986884, 1.2918250347936722, 4.189477724508003, 2.35535366306772, 4.398458365543128, 1.719678493966184, 4.217928295913303, 1.1772984266742264, 2.930538514552297, 0.5142332143808512, 7.1084957218331875, 1.6353490554123893, 10.125759650104094, 2.5579907820981753, 3.3415190430586477, 0.3520950485776084, 2.482778613353006, 0.604158733953426, 7.584220051384401, 1.2025592696559304, 0.6472178346280617, 3.3108298781429513, 11.99036957835431, 7.413230653401838, 18.57983521852394, 17.205411955432986, 21.604073019965107, 15.562757558227904, 22.971923887524806, 11.534232287192953, 19.29329462284605, 13.28863376835845, 17.061235346086324, 14.297218366087193, 16.01029500671891, 3.9001779367281024, 9.220545310138288, 1.710994293360124, 7.372943438381884, 1.4552961338582397, 6.756333811896891, 0.8225389828766787, 6.770321144119339, 2.402256097324457, 6.544061068764642, 2.363350620490207, 11.904282191316598, 10.379448764622543, 12.400296140626303, 8.617664854125785, 9.731459982684353, 8.220769569452857, 9.005446906788308, 7.337931703108512, 8.906244609809553, 4.770456810306166, 7.534002423508374, 3.804226908918921, 6.83661286067369, 2.6191059561650034, 3.2366443123906645], [0.0, 0.0, 0.6131760450665313, 0.6815717220288355, 0.8933693293207686, 1.200834554434749, 1.2983838637305445, 1.4015699381783961, 0.1519389002296946, 1.0544220349533213, 0.2114847349345249, 0.7369636762812348, 0.7135374776353579, 1.0507065506388058, 0.20794607019385183, 7.221663998100474, 0.1797403799358236, 3.622612634623076, 1.8473320640087867, 3.8962303366513296, 2.771603561339392, 5.357564264295156, 2.880614442093111, 5.196406622200539, 6.653797339451212, 6.066288759212192, 4.0939218132485315, 4.298278506805235, 1.0806153549140436, 4.563418810957741, 16.692977266989086, 19.647316676602138, 6.889733043571502, 17.15746977428885, 14.337717273159743, 18.399897884316715, 14.453891208565151, 17.815063553056653, 16.01600046284502, 18.13322460202865, 10.74601597886374, 13.014521755712593, 8.561011822049705, 9.820225902822923, 3.6194417594308184, 8.432096154507509, 2.408765425763879, 27.04241717839422, 8.0743267111083, 22.023772961214735, 8.644813028404615, 19.123272717494878, 10.432177036864068, 9.239318873550667, 5.731586393550296, 8.531702510531355, 4.691880681772951, 7.913331533769697, 3.9912247137729695, 7.065138426037641, 3.2096541287931233, 7.234689756504406, 3.3561288648713603, 5.397096523841748, 2.0573807826257937, 4.67298017097845, 1.7430235296150693, 4.821412977758935, 1.9213275383634987, 3.6694103610699833, 1.0064634675876052, 2.850279074983123, 0.36079206309763884, 3.867656620077218], [0.0, 0.0, 0.2912164350176547, 0.8360508415300334, 0.7578730760200867, 1.4588052290755626, 2.9017065393504478, 2.997687544804901, 2.2271674224927396, 1.7979702388486576, 3.6507346750996366, 11.288933874930482, 13.21347272774551, 15.731671251330287, 19.815351134758952, 19.3409095021155, 15.623579321268423, 16.76034177746204, 16.809966273797738, 12.228047717269973, 5.674823346875042, 14.187627831269586, 2.9347072090681596, 14.436847549448297, 3.0379231888194136, 7.911054019170909, 0.9340131840541155, 4.2729692115847175, 5.92142722813981, 12.644322653265865, 5.129004047433003, 20.04406213413474, 4.052675911006482, 11.574550662175591, 14.936258769486871, 24.306006358134333, 11.231234785349573, 19.433945647236154, 13.964360230054623, 16.634480147463023, 1.168298477353962, 11.554294675043753, 0.5910598494936671, 5.590691888508703, 9.983937853793114, 17.153624527270622, 12.853931097790559, 10.232856588305431, 1.2959204944024503, 6.200596730102431, 3.7716374039202467, 16.365649105528195, 9.414711255547727, 12.79148696202353, 11.892367648761356, 7.668849552223973, 0.4252526790667176, 6.529975115253453, 1.2594620799620488, 5.4077525323211795, 1.6719807727487899, 5.374903879084912, 1.970397457773247, 3.84968182935824, 3.4741280706859925, 8.880834023598274, 5.029954249134582, 8.890244919382589, 4.169527584998319, 7.450292196182001, 4.004589797473081, 5.274821364861022, 0.20434722491923735, 6.013886569977519], [0.0, 0.0, 1.5637974774878804, 1.1149376605424668, 1.8334776756575688, 1.1726404551257805, 1.834502615885651, 2.5575041226723427, 13.666316904245832, 7.258692990914838, 12.556747557203144, 11.634798455569694, 12.30740292245005, 21.181969263687247, 18.36805371075514, 22.20370851377741, 12.873967823590702, 5.6641748619470365, 0.17311484477942918, 8.754513537100257, 0.5485787734428323, 2.1640737891490716, 1.8243973841003465, 0.5016535342651616, 7.419328537025173, 0.9402322832434957, 4.589855477023653, 0.5808139756160997, 2.3064786373553434, 0.24424715940379868, 16.148331486680785, 0.19819169607040746, 6.355790854294064, 0.4803966327269169, 5.170745755449119, 4.678947898034681, 6.621701416176466, 2.122916246544132, 4.068158164389638, 33.46665112278077, 20.79250960986281, 25.677914661503237, 20.393901037272933, 19.823194134438715, 2.873869512525917, 0.6966947009699542, 1.060524771244702, 24.11706289389443, 15.519195404241689, 18.972312309100257, 17.572761783808538, 2.486874467458527, 3.1904602605147705, 0.46319554915805006, 11.586899791540427, 19.501283406898747, 10.760706636851609, 16.258018439902884, 12.403152769156357, 15.023226617380258, 12.278109674166382, 14.115712301873012, 3.2776794281194452, 2.2804590626482537, 1.8730361305459646, 1.7005078320823863, 2.027132004294282, 1.577045253960278, 1.733278891007995, 0.8131034128725465, 0.9210386011729561, 8.466938974128395, 4.744217039202939, 1.1550623927920658], [0.0, 0.0, 2.2301159952979104, 1.4916179038504604, 10.330816822102697, 6.306507386333402, 10.176420477511797, 8.740971015094313, 12.002165051510786, 8.548128991934552, 12.289460756860873, 21.38425394472182, 10.452383777488462, 2.4616858646994513, 0.6386338556883819, 2.8572321168067165, 2.070226812970134, 1.1131610251546766, 9.952347286292783, 1.0356139098001822, 18.406151056626086, 20.971868555156593, 16.10199025274519, 21.222942210359722, 14.10526262885358, 14.888853097601135, 17.270798943351526, 14.090374883224165, 14.60846356795143, 14.5970032339334, 9.726596503185004, 22.50077920108014, 20.42242484891249, 21.96106096176991, 24.972344907938236, 33.42663210724258, 29.67616992170318, 27.811254648958037, 15.89942857411086, 1.6197757889279516, 10.177527285778332, 2.3798454478119373, 7.1424171651979735, 5.008515154795957, 21.439084165267445, 25.289930684714935, 22.50635343474679, 23.295316938167524, 7.183656789870388, 2.0283279447781384, 3.9123300650790167, 23.525385564644964, 16.410737640938372, 21.91037494811199, 18.12559993667281, 19.73686975343553, 7.194947292540057, 1.8488625415390068, 7.487896332896035, 2.0621715329861514, 5.360206985369884, 0.30486195558327406, 5.273375796981277, 0.9037976694941501, 3.847524688043447, 1.0381409252693705, 2.7498516336992633, 13.744391441074644, 6.990346143475466, 12.044974854147245, 6.266653943088627, 10.790439306526727, 5.265123335076074, 0.6970172803192028], [0.0, 0.0, 2.1726480592751027, 1.825867540542129, 10.00738258403131, 6.818776518121582, 9.906449102040545, 8.33491097189063, 10.915169727845683, 7.918814960885768, 11.406859922718319, 12.627247479963273, 11.72423891840786, 14.553805552400826, 17.813768158782317, 19.23592764676868, 14.093675509728525, 18.89146839184272, 14.624404952174357, 14.113511970906226, 4.277997451196365, 2.8806770401507826, 1.4335903512851045, 8.111334845777266, 1.1127524598373326, 9.637133722999687, 0.4534273660873116, 3.6156609697014535, 2.816686042422479, 1.1974470679445075, 5.003574906207688, 7.414942856977133, 