{"initial_violation": ["destination"], "initial_duration": 36.060529470443726, "subsequent_violation": [["destination"], ["destination"], ["destination"], ["destination"], ["destination"], ["destination"], ["destination"], ["destination"], ["destination"]], "subsequent_comparison": [[0.0, 0.040339533401594206, 0.23371925926170045, 0.27133517119413153, 0.6225117986828572, 0.22273730895068894, 0.27568847317464923, 0.4081933241817097, 0.015375744351592762, 0.5737553418195227, 0.05798587380226513, 0.5729554391311502, 0.023428056406310613, 0.4678416405070331, 0.18923515844743016, 0.42747606958196616, 0.019606068099283582, 0.5380490653250488, 0.022898351167435167, 0.5217927807886844, 0.03204310407816362, 0.5140983130990322, 0.3901827449647393, 0.5741012118534918, 0.027996666002495448, 0.3936889428671045, 0.013012769530733383, 0.40145684213530625, 0.45911584570072617, 0.3738880668412994, 0.037249175458321494, 0.3419016145510986, 0.5630757352452753, 0.7027808244587668, 0.04583691816517889, 0.055851988668934545, 0.07251754552551436, 0.053873593762822775, 0.08943480926801746, 0.3940369872075776, 0.14147286010845467, 0.2672502472750096, 0.10531262029177971, 0.2225467597488944, 0.0791991199607875, 0.20842966905042692, 0.07680813963720616, 0.19080062679655427, 0.03497778857110426, 0.14195302762170953, 0.017641999295223924], [0.0, 0.040339533401594206, 0.2401757836056155, 0.0565479401608107, 0.007401814354974717, 0.20116694143316932, 1.2623920368577677, 1.897384319188758, 0.6484898617890713, 1.3555022585452638, 0.3104268968532437, 1.8566960738868319, 0.10380738936964408, 0.49963632197346564, 0.16325496454083466, 0.42262191222655177, 1.0497867341174003, 0.8593408954179628, 0.25879447994017635, 0.670453188792795, 0.38439017833088623, 1.498213570761766, 1.3940657624271688, 1.268271733591077, 1.555131205069017, 1.1438062677463654, 1.5685246162331004, 1.1733717817127607, 1.438782389222192, 1.3146278802825833, 0.987719740143573, 0.974188120146288, 1.1066987878194356, 0.90543094694878, 0.244846853860142, 0.46874060858251493, 0.3991122723021106, 0.6780754349257924, 0.4209095557930899, 0.3562664053238095, 0.3082485938205904, 0.3076188276484598, 0.23629517150342963, 0.32276173586160584, 0.24570250978679323, 0.26343831783387794, 0.2031631654579267, 0.20192721470695218, 0.18220693757856887, 0.14210577007099456, 0.12882723433756285], [0.0, 0.0, 0.007494904910926745, 0.13904381944798014, 0.2712268524342199, 0.8639307436922425, 2.0325052731248134, 2.1231321575148097, 2.29943216065757, 2.0818374890481195, 2.182484399766099, 2.0937473963968114, 1.349246072642295, 0.7123502339395933, 0.16188529649272726, 0.4772713706758413, 1.1006404915174206, 0.8359502780257595, 0.5203355846584732, 0.6363244375065933, 0.5789017047510464, 0.688140768216079, 0.5593834556044971, 0.6968504708355494, 0.5527495683818834, 0.5910576134316227, 0.47560653097138317, 0.5709133359435956, 0.4766450124677968, 0.5420259098861471, 0.46533904365416406, 0.4537092440497103, 0.409117814945999, 0.450502005503823, 1.1107355156833907, 1.1013607218510904, 0.9812579311077984, 0.981238900275335, 0.8973980624656459, 0.7977685545405009, 0.6987133321372094, 0.6404177158606803, 0.565985145686881, 0.50990455778201, 0.47071624075545754, 0.3738720565231762, 0.36465131512807536, 0.28777951664134466, 0.204471780890275, 0.21393105328459466, 0.28348109211096845], [0.0, 0.040339533401594206, 0.2199473473140317, 0.10694032364695037, 0.3190503036248108, 0.09879015294110145, 1.2608443003802667, 1.9882674765542574, 0.25386917317412727, 1.3980760390930855, 0.12431807153623929, 1.6792323885377307, 0.27823809063160615, 0.2293550242175018, 0.4643588181938981, 0.255478070335288, 0.2501377269645553, 0.5613080505389351, 0.5769895809556231, 0.6137681898062767, 0.5170472898937983, 0.5437909993740713, 0.5173256222862811, 0.6507323003972519, 0.23646963772486843, 0.4900303493423292, 0.19305256997290596, 0.6757755687566, 0.4379392994549069, 0.5521540630168809, 0.16291017733867938, 0.43941815180645294, 0.532462463795903, 0.7723562625043692, 0.16269375532924843, 0.27045937413597027, 0.25357875129194224, 0.25851289801735444, 0.2672601651933473, 0.17660174846508953, 0.1694046542688383, 0.3111192349169555, 0.08735470814187213, 0.2938618861499122, 0.13338104319083904, 0.15395767321917017, 0.1442323065307635, 0.1563358815074554, 0.19163332649359707, 0.1232869997668342, 0.14707973081888945], [1.0798226390721606e-05, 0.040339533401594206, 0.2537913838587439, 0.06784992176882985, 0.42440196798592295, 0.2801832875321319, 1.1526583369698251, 2.664928635640249, 0.6146972731502881, 3.088925991338715, 0.40562869772965565, 1.867073114219974, 1.3607136553627122, 0.5535990558683702, 1.380345414984842, 0.4816245876709846, 0.950129528759413, 2.4632107318662158, 0.43356962661400106, 1.0934318565424856, 0.7397979142097074, 1.0990396181598008, 0.34302485861533205, 0.298971935200227, 0.14679404311915853, 0.9478361695299727, 0.512338572768989, 0.3959721723216075, 0.15153697982617836, 0.5215963444013506, 0.46230952826845234, 0.17768883559116608, 0.5973322909886375, 0.5090169365468857, 0.10393800411026188, 0.03735683053594334, 0.41599155608017685, 0.03991898711374698, 0.37151920820100376, 0.052406653981842966, 0.1711114854467272, 0.07133730279020277, 0.06566226805521409, 0.027911606309688912, 0.007824472553603476, 0.042409443374553206, 0.04576566041726625, 0.012136972061984502, 0.043023106997754114, 0.0687497903867765, 0.031130106223510014], [0.0, 0.0, 0.28360391871761825, 0.4375569976014, 0.39575864989637816, 2.4980909455952767, 2.5192729417156468, 1.7212622258800774, 2.4599510732046976, 1.3636910240055353, 2.0284900869133007, 1.3334770505329032, 1.9863187733337164, 1.6509013113561144, 0.9184696710999919, 1.6673882844695902, 0.7204970394643119, 1.1190944444750262, 0.4665858782428853, 0.5624661302206208, 0.1345739488627135, 0.6621437142326648, 0.3440723181801659, 0.6265353827648993, 0.141551127387911, 0.6261616451865833, 0.5130916435263514, 0.7059905421919458, 0.15726441454915563, 0.900885685451879, 0.1506148518079335, 0.5803277768261991, 0.13481724593854547, 0.6488627614608476, 0.11451469419260335, 0.05787894576763603, 0.021851539275096893, 0.04907999151228761, 0.03830871030615506, 0.038918941813270255, 0.030265776323175172, 0.025168891406629593, 0.01977922003477989, 0.029853881976056065, 0.04391087062374982, 0.03178419507293827, 0.08239738565871615, 0.07015914635600384, 0.11560536833241568, 0.011029871522307251, 0.048816008503284936], [0.0, 0.0, 0.2777760389778104, 0.30687277470081104, 0.311458476926771, 0.8633405487510376, 1.870924982502313, 2.1505294427479082, 2.228765151148251, 2.909264083399624, 0.6299196476514172, 1.8638995572895622, 1.3807760951208856, 0.21791029159665154, 0.296086558313194, 0.10079598775618379, 0.1586949873641729, 0.37374640635801887, 0.7597549555337049, 0.45813952631421084, 0.6732005154438319, 0.40560475916404165, 1.421838664250837, 1.3247628976893098, 1.3277790646607586, 1.2798114100589588, 1.204108258625057, 1.3397181793853181, 1.208435080920795, 0.46393836951143336, 0.4304344832503033, 0.30356080517188894, 0.42034986216868797, 0.2402199815850086, 0.9008380121879068, 0.673756940494694, 0.6178682367291923, 0.6279024213642117, 0.8119448400299819, 0.8224238696191074, 0.7244586301378084, 0.38152712852039916, 0.5950382587213592, 0.25467991653510214, 0.4088326817226605, 0.2125423175607522, 0.3395385103648309, 0.24603556000207832, 0.20822055925410382, 0.24332529190368316, 0.1266434721419813], [0.0, 0.040339533401594206, 0.013859298241749918, 0.26847012743884835, 0.038267668416101935, 0.9214368273481336, 1.1454210119341863, 2.603448143525543, 0.6785331634208291, 1.454005337396699, 0.40457616391074985, 1.8078541960003287, 0.3343880233737862, 1.422394439112704, 0.5047037777966291, 1.1833455350611253, 1.8555651047630712, 2.6711731953343105, 1.5862846147678702, 1.2229820964559746, 1.2507163527689822, 1.379276651189812, 1.1527024710403484, 1.2953774112474594, 1.208561876881714, 1.2191940215571382, 0.32391569714791124, 0.44847606277864716, 0.34446328496843986, 