{"initial_violation": [], "initial_duration": 35.62997221946716, "subsequent_violation": [[], [], [], [], [], [], [], [], []], "subsequent_comparison": [[0.0, 0.0, 3.490108026225186, 5.66987331003078, 0.9356981335887475, 12.10374413640134, 0.5371476386494387, 7.4300773416972765, 0.007562857867782994, 3.36217320480391, 11.458963598637897, 5.542217029991201, 7.486889908055065, 8.770578915898179, 4.19715462164621, 3.9413499192282875, 4.26456829061147, 3.12461886307751, 3.330919397294246, 4.446200489332667, 3.4902717604139006, 38.47382181447418, 2.772285400558154, 0.4500555932734664, 3.160617717908011, 0.5522564346165099, 3.5442427180760174, 3.298134119550889, 2.9357145163800866, 1.8944070625062253, 4.383154387355483, 1.7482863446960366, 4.3113637034330115, 1.9680372368075416, 4.365954010705284, 1.1355485387717332, 4.188748847602319, 0.6864821964873339, 4.446624884125103, 1.373925423058383, 4.189422555272461, 1.8240828318693287, 2.969097735834028, 0.8275104512536869, 2.4103484352007336, 0.7643274115120008, 0.9843943130090013, 0.7053228015467767, 0.5374108774263436, 0.7453149501950708, 1.1539082062675323, 0.6750791124883623, 1.3673897942488678, 0.18103075752262818, 0.9272645969035972, 0.8117588107398385, 0.7529368596538702, 0.14837254385499815, 0.10444408556381572, 0.2067184286794036, 0.2600163634538493, 1.080051120229502], [0.0, 0.0, 0.7004106504065676, 7.805650335529816, 1.2594619231255682, 10.75958161741549, 0.313465694384825, 4.539986543687157, 3.0873823635694495, 9.887542026379252, 17.03257167705118, 0.765881384436665, 15.645544973037644, 11.525234644904225, 5.511003117059696, 6.785616069738179, 6.50597955647982, 8.049798929524506, 4.867600183056663, 9.46216134362524, 6.800593718090384, 8.350646014356535, 35.07445079474181, 35.70678696287764, 5.214833694981116, 8.339293505464845, 3.8749235390821504, 4.281919140293938, 2.159613643374574, 4.8233112097379385, 2.2472569554796453, 4.55980226908448, 1.6285473139200384, 4.372375412931363, 2.5086520839419997, 3.0592139079637035, 1.2498405022631986, 3.1855925011589594, 1.265044278992063, 2.7988657288245897, 0.7848738355376325, 1.9538828677353441, 0.4998932542894559, 1.971482625065141, 0.995145951536844, 1.2849864680458756, 1.1337826488209537, 0.733413577182389, 0.5667344983176399, 0.5013826864988982, 0.324038404526511, 0.6151603812496865, 0.5983524519328285, 0.35874764533291215, 0.25963121699153147, 0.3303057470379103, 1.1079397649713387, 0.4221936433170551, 0.05966275517747158, 0.4173261218793764, 0.060150528433005016, 0.292577770304365], [0.0, 0.0, 0.6469099002361341, 0.47191293305552334, 6.386601946156541, 1.7636967842325386, 12.729547857559938, 0.8696665802265606, 13.623490016615177, 3.494716142571557, 1.9944268578080155, 6.924163614370868, 1.972327593594794, 2.516324981032463, 2.8514742506048982, 1.9635914762031759, 3.2568383070173117, 4.84100284624841, 2.2513446454009998, 1.9769063896513162, 2.6067992187442686, 3.6056514538541, 0.0768443245945095, 0.968120611962994, 1.7869266236859027, 2.6302303803802602, 0.2778351274521453, 1.985643825510832, 0.352473898412882, 2.005799406210215, 3.1323261568639706, 1.9469157986565153, 1.7452273710908892, 2.2211580553661547, 2.169546304629082, 2.4158214186595006, 1.4868307228304396, 0.24809783544872518, 1.2610103815229836, 0.882027634511823, 1.1086211724730843, 1.1077553619671254, 2.1880205272691065, 1.0218099168206936, 1.6255710610946748, 0.15510457208682776, 0.743761417099382, 0.5041265776814847, 0.7385020809946196, 0.5855286103021992, 0.6990105376201171, 0.23564902337310203, 0.5353687169590838, 0.15411068390342098, 0.2774621181417228, 0.8201603390915863, 0.6373291687099049, 0.4232641554136077, 0.337821090787214, 0.26747661632355246, 0.34528452382434743, 0.25517604051869414], [0.0, 0.0, 3.973838585914543, 4.166362111781117, 7.2981721427330015, 2.545766245401061, 6.4197569123628675, 7.852898235117324, 3.6843540606158762, 4.390690101319543, 1.1297100184015656, 9.443266336365244, 1.9867822114093856, 3.007825664773294, 4.0015385706069635, 3.5774844936838592, 4.619075001941807, 1.9987003547813285, 1.1232099746585746, 0.06716479232495462, 0.12253355641975205, 1.7634533471564175, 0.390484476722809, 2.6259462603452683, 1.9118916017779999, 0.8860528093071736, 1.2349246111006715, 1.4022356102560738, 2.102405347080886, 1.5719272696464102, 2.026468269288309, 0.30518818320641444, 1.7015400916949572, 0.5905112631562662, 1.8502908691961801, 0.2700024780303109, 1.2659048715634968, 0.657557718486638, 0.9088436837122936, 1.102933151854329, 2.8128367317797816, 1.999505613549837, 1.6065490200547714, 0.4693495525107774, 1.0063966452995083, 0.5524945940953991, 1.3546387459625564, 0.07753982153005619, 0.7774195510316968, 0.013832702690811667, 0.9309973394067165, 0.43022986699630333, 0.5935841690658258, 0.26723686983202555, 0.18237755000027445, 0.3591316713521014, 0.6993405578166907, 0.3508023960668818, 0.242949150140605, 0.3986318947899175, 0.15850943512078158, 0.2508242074664998], [0.0, 0.0, 4.438753807362172, 4.8571198179898865, 5.460162429806391, 0.6609913204925361, 0.9016266433559017, 11.0242823479186, 3.0928378017282916, 9.510487561123119, 0.740654841634594, 6.906568524399308, 0.7114668973355736, 1.1876399312244759, 1.8330051080787335, 1.3359357385647126, 1.6324721502292985, 3.0708421099136443, 0.2651036831436301, 1.2423717324175472, 1.25724521797392, 4.467727009214796, 36.37159393961064, 3.9535969970273417, 1.8331392915857767, 1.0886090296764839, 0.9889940921183377, 1.6931550604618264, 1.6177630699089702, 2.2586058911585387, 1.4074730478269266, 2.528862975896683, 1.254187814311913, 2.5795637210615263, 3.416702727336196, 2.6996344616266033, 2.637714011124012, 2.397123255655604, 2.477047690853863, 0.7418775961874008, 1.7882042361925703, 0.39123615403026013, 3.164191852460348, 0.6435788151089983, 2.4184773961261374, 0.53609865884761, 1.0815775142211668, 0.4877322799424048, 1.2855266818252484, 0.3323831768885306, 0.9926961093907938, 0.2004426534581711, 1.1615791800483724, 0.0947135626500688, 0.9880621212194086, 0.0085482944287191, 0.709003198939577, 0.09502506450882361, 0.26885180254557123, 0.22635073188689506, 0.24964186295868707, 0.14787262669154794], [0.0, 0.0, 19.222761324255504, 4.319231550266449, 10.873051173748888, 5.678078878309677, 7.658245028263641, 13.072668833632733, 33.269788861303816, 17.80031295677821, 9.224273210220185, 12.706898939103493, 13.876394496708887, 27.97999146096702, 26.06566344451668, 27.854692386438394, 20.293972627320915, 22.33243148167874, 17.402179072025174, 21.987982663857473, 19.619468487425397, 16.07928478623096, 34.43966195232324, 35.20023545945212, 35.765960290654476, 36.8907434076466, 11.934684121007498, 13.847073724685863, 11.582373256929506, 12.417891496782522, 9.515098986915577, 9.778418622567159, 7.965887368868826, 9.026002402956083, 7.438212897437726, 8.371578872783882, 7.4331604116956305, 8.225883884919309, 4.596521226172053, 6.25131944167034, 4.635699194377915, 6.2133000418178375, 2.8831419507117158, 6.138333593264992, 2.316013785745688, 3.5543645079211097, 1.1449056917872735, 3.4027732367446237, 1.3220698645244466, 3.0503063978125993, 1.7646101746126632, 1.6464050619709272, 1.771815513787332, 1.4686988906373428, 1.3528178880740407, 1.137604110075657, 1.3550322249674467, 1.0927029781005064, 1.0019293123796231, 1.4115151766546916, 0.8671180762438986, 1.100055350506362], [0.0, 0.0, 11.81329896529585, 15.686362853886173, 14.33249788507375, 6.035048310108051, 5.3232932353998414, 18.573201249307946, 17.527027164537476, 17.99814469656466, 9.568106144814722, 14.852958068434374, 13.837520739457279, 16.169072943303753, 16.223276693762816, 12.628354707148247, 10.620462291387375, 9.962881298452153, 14.987326495453283, 10.723514657574015, 7.28182167947139, 11.726225874283685, 34.2438403697021, 34.57469759599892, 6.003718238177851, 7.952698111330135, 6.606323546896771, 7.874543617307191, 7.174227341433373, 7.738269975475802, 5.527536405670716, 6.454401897153981, 5.068488429706641, 6.485733427133626, 2.556320224830332, 6.722032707702609, 