{"initial_violation": ["destination"], "initial_duration": 35.75838875770569, "subsequent_violation": [["destination"], ["destination"], ["destination"], ["destination"], ["destination"], ["destination"], ["destination"], ["destination"], ["destination"]], "subsequent_comparison": [[0.024413655296674462, 0.9549686191964926, 0.11670189736500061, 0.7180190032658955, 1.74075106636857, 0.9653307742771565, 0.9807014646770397, 1.2379312911588958, 4.949141629787049, 5.050474113062432, 5.126847370448552, 5.853453834928435, 1.5116500741726577, 1.5166864365334072, 4.183664431616378, 1.8781111185096337, 1.692704487095512, 1.4277516848720475, 1.8007542184897711, 0.8397812488613425, 0.7935752584042759, 0.9581957040707382, 0.7351938215137378, 0.8566823493411377, 0.6431372406786398, 0.8759513078799253, 0.5634019032627423, 0.47489685184188696, 0.588777297246459, 0.16543731698467068, 0.1981330131694003, 0.3982951617815033, 0.335129609727039, 0.14572918834923723, 0.12505127442050495, 0.11149447902219321, 0.08587448412736291, 0.06684248372417467, 0.10826227815688118, 0.064117205281655, 0.06012945681462107, 0.039666378710524974, 0.020618228650875554, 0.01911833128465015, 0.06609618424454333, 0.13886760490603922, 0.13271111153000759, 0.0826392318907283, 0.08699141642870226, 0.26368662274132104, 0.04862132615374745, 0.025362790056980666, 1.0902309418383427, 0.1432593825147685, 0.5945507502335687, 0.060095922741170336, 0.4698206249789005, 0.2723684090827456, 0.3038570471902048, 0.2500908884638809, 0.33975696050208454, 0.2222230217360648, 0.3116766230640931, 0.21294308001550455, 0.25559549246943614, 0.2026328031930171, 0.3216376927038238, 0.16518203989821167, 0.21527429975345141, 0.20879661671298072], [9.200816976252524e-05, 0.0, 0.36351270924401907, 0.34607455849701557, 1.6712178429111237, 0.7577268681567952, 0.8539718940347043, 3.1360493214053977, 3.964115790701242, 5.175773114276504, 4.0477561205170005, 18.61264848698426, 3.604104848227831, 5.450325708813961, 14.22897891904139, 6.584692522130616, 5.255570951472142, 6.958568426328261, 3.81300615160338, 4.355709036051262, 4.49433559802347, 4.160609654299512, 4.0366702401339465, 3.557841966392332, 3.294137833765674, 2.9657506342852162, 2.5018012069225253, 2.240615572891841, 1.8945112992198645, 1.8432216669491888, 2.147280914317023, 1.6688730472038138, 1.0925023558970837, 0.9654669424906441, 0.83752356393396, 0.7131929514120425, 0.7065347819571866, 0.5840516752479336, 0.38722055081038237, 0.34139870265845834, 0.27594771358823256, 0.23243210722304564, 0.19668206154533915, 10.443991476787698, 10.651456310874003, 10.805850188484833, 11.238824096516332, 2.1383590856502086, 2.292093088961209, 1.905878331535118, 2.105732089540367, 2.3864941767770667, 2.109648713112645, 2.2083228542645625, 1.9611663896309688, 2.06318230227063, 2.4122242940798713, 2.0887275688326556, 2.1582977072829563, 1.6862862049285172, 1.6981758533350626, 1.4237288001078985, 1.5100311526804804, 1.256027019689782, 1.321980328101584, 1.7269876398217536, 2.077404111582844, 1.0630589784554632, 1.164703448593061, 31.136002773946753], [0.0, 0.9549686191964926, 0.7088543419849198, 0.07621950410109099, 2.1722225605505807, 3.8386700652620522, 2.8694214164922567, 3.5311178359667794, 2.9901642209820034, 3.666274663318322, 2.784106285148244, 0.9550373652845501, 2.708062777166616, 1.5067631927454634, 0.29214142496549433, 11.79319174757713, 11.013885685217524, 1.942779436975329, 0.7878970652048379, 2.158656780603548, 1.8156559312776162, 2.080859310510093, 1.8328343160226996, 1.5869673690926982, 1.56455646850711, 1.2393405965494646, 1.111842193495664, 1.0240379734194436, 0.7952564210636555, 0.628993012760557, 0.39622693254525415, 0.6466838738734515, 0.633141558760367, 0.3251700322327309, 0.3227305856192325, 0.09961225841826045, 0.07410943323669485, 0.0377977249930496, 0.10185071918711018, 0.02784390251136479, 0.033810909256844913, 0.022701342259328187, 0.015293524684098714, 10.425144576647277, 10.63540635039005, 10.791568254115322, 1.4133668533804729, 1.6977150112815809, 1.9439534410020938, 2.01074828395449, 2.257283151532725, 2.1330182762408674, 1.8442322179210073, 1.8910809847350947, 2.2490764827659695, 1.9336931716739814, 1.9041647566612299, 1.6135321942009473, 1.9591500531018449, 1.8486515865308601, 1.5026501373784644, 1.4220078348516985, 1.16249046193674, 1.3016504674284435, 1.3509240511100729, 1.8439079854632245, 1.7724912675821594, 1.050594968574751, 1.0053799094902616, 31.120276149827234], [0.0, 3.943338069779006, 1.1002753593007348, 0.846142567543858, 2.3528392128349345, 3.9158250670601378, 3.289561643840476, 3.3532412119935437, 3.7273502480512826, 3.6701565000245346, 3.2148557417694215, 0.5818394665266629, 2.1050693650625023, 9.075762398191547, 2.2640217243542207, 6.059282621820976, 4.46554299558612, 4.037006838532703, 2.8414101846442623, 3.7034172734667963, 3.230132354422615, 3.0542534892555877, 3.9366174905359905, 3.405606373802114, 3.097826057683592, 2.351329645168488, 1.9582850517615384, 1.530950059825655, 1.8643413574555754, 1.518600563848507, 1.2139079166839313, 1.0746000910011926, 0.8688188162469235, 0.6355244355638571, 0.6246898063508204, 0.7234324959011986, 0.4856647724049047, 0.3040006482004343, 0.2534814271199126, 0.1503441232663496, 0.20359403470757434, 0.16654975093769123, 0.1344810488551259, 10.436237414688948, 10.645276231413977, 10.800274552687856, 1.4623357911438937, 2.1169707090158227, 2.1819202794249994, 1.695538576444609, 1.8610164334230976, 1.8913104452748863, 1.4913993272883659, 1.8636975143693566, 1.6492178549779708, 1.9773441735518533, 1.8037161922294618, 1.603748334946856, 2.283595504620491, 1.254321117302226, 1.1458977101780035, 1.0341455146211387, 1.204564746050524, 1.1673424417615308, 1.0839781365797945, 1.5382259401791973, 1.391884164214876, 0.952939491205493, 0.9494928089324347, 30.92218520631634], [0.02441467934359917, 3.8939260975237118, 2.1999195576202037, 3.4887831559521745, 2.4399547174545013, 3.2062007863750646, 4.3202741089264975, 2.9817452559374926, 5.985448353525069, 1.6457911734686004, 0.6568624142310553, 3.6487688023052685, 1.4262566390434064, 2.1310978491454864, 0.5775568511114592, 3.6796981838007174, 2.294033746226231, 0.855838167708947, 0.6999805770284453, 1.2232793987202333, 0.9774399062194716, 0.9293961328256182, 0.8804475931747335, 0.5693938737810474, 0.567298325237729, 0.48584540087163197, 0.07654591627426664, 0.10953882786940504, 0.5170597381322043, 0.41482554368544877, 0.17805286519664545, 0.05277415433577053, 0.22888864198903225, 0.10947215317374617, 0.07160716495823682, 0.06342083724029922, 0.04210193159452727, 0.017685788128979352, 0.027983990985644858, 0.011713441357267509, 0.0196699015962477, 0.024145387304759163, 0.01466442733954106, 10.421465895023164, 10.6350890241164, 10.790307154084697, 1.4130384279265653, 1.4147547097900028, 1.5753453825483237, 1.0926215939983508, 1.1477359874922257, 1.4960965975876348, 1.4769553190718157, 1.4782703091687406, 1.3628645601176514, 1.161444927656092, 1.0200020266184984, 1.2835480024298338, 1.9178268229854043, 0.9713801960326071, 0.9438671084277752, 1.0299182692826123, 0.9659324022365954, 1.2697943666499136, 1.154428747259947, 1.0353185601289518, 0.8800492667892917, 0.9488815095111373, 0.8750665232112903, 30.79899096449825], [0.0, 0.0, 0.013789647690020768, 0.5113396199602691, 1.3297603291794795, 0.7564463624936457, 0.11448980947838332, 0.979806774723726, 5.736009971340958, 6.49241016320227, 0.44760948136962697, 6.440427259349023, 7.637280004507121, 6.813625585782466, 15.161864142573782, 17.425700098501967, 5.678426475878591, 9.330716172246657, 5.944519425753695, 7.072486050415202, 6.8783668833957785, 6.585145941845118, 7.457054227022242, 7.224074031041282, 6.500765518526719, 5.795184307013254, 5.323911217724898, 4.755863495100562, 4.106965359999712, 3.372727868697863, 3.6773980186682, 3.03027793523037, 2.537481978217619, 2.1400059250145937, 1.8886272231516035, 1.4961464029735605, 1.2303608804729629, 0.9516457370156072, 0.9436764703544043, 0.681345878086683, 