{"initial_violation": ["destination"], "initial_duration": 35.401443004608154, "subsequent_violation": [["destination"], ["collision", "destination"], ["destination"], ["collision", "destination"], ["collision", "destination"], ["destination"], ["destination"], ["collision", "destination"], ["collision", "destination"]], "subsequent_comparison": [[4.656612873077393e-10, 0.0, 2.05630456710417e-09, 0.6105348611725253, 7.393976910133109e-09, 0.016777600581356134, 0.0015926838708940924, 0.02477711267759616, 0.9774127319498332, 0.5061403734749848, 0.015027863166771287, 0.03907403952145463, 0.0028926687759102017, 0.031832967170523974, 0.0013727549556189719, 0.04390715885263646, 0.11341208656509359, 1.363322424146755, 0.1332035280352899, 5.978039716025168, 1.587025288591607, 4.0082604036516285, 2.467684635557887, 0.9003405645093049, 0.7797949175537839, 2.4350927500644888, 3.782365328228331, 1.2790868141697034, 1.098227739044687, 0.8415816410755257, 1.757027311137827, 2.1517921192004845, 1.2792378011697005, 0.07319977287601706, 0.8847978661045577, 2.1280325855665176, 1.4767879436873699, 2.0170872325488385, 1.5243663339849165, 1.1926798263647602, 2.6013338176100116, 9.951869635359685, 7.892519505527107, 2.181042594823649, 2.553227199154897, 2.83580805808231, 4.561706379463235, 1.8043547165198028, 1.649747580171898, 0.7867827014129042, 0.4380788538475376, 0.43316553602059094, 0.358690462236717, 1.4883188650084807, 1.8847719998899894, 0.8243701037430688, 1.259082281947942, 0.39371482398050317, 1.1290559272818432, 0.5653921405357698, 0.5508338268418262, 0.59959025110897, 0.5367619462239739, 0.5220837683473833, 0.5378054100806645, 0.5385963782400838, 0.5394690688450842, 0.5404451953323582, 0.5414215755374976, 0.5423979361532627, 0.5433741999610333], [0.0, 0.0, 0.4182107245724382, 0.7070872857063077, 0.08417128015237851, 0.018633026228941807, 0.003511740635970611, 0.026123801342466262, 0.007792777967654058, 0.03191402888296928, 0.051601092748357266, 0.06495363166912196, 0.02865972187678762, 0.04299637213211141, 0.031287510645987865, 1.4927741256252425, 0.3487813728559092, 4.028074806581029, 0.33848976927067875, 5.016133611989402, 0.10958286877308829, 3.768453985325812, 6.1220079598444075, 10.618540966868478, 1.0270452221449609, 1.8551062442023964, 4.607143914222016, 1.1138695913270766, 2.5592739130602435, 2.2243011572428837, 1.3785892436251164, 3.0273830121922205, 0.6410274564786654, 19.89322214720907, 1.0595384588303796, 2.021552757148813, 1.2906368343528198, 0.17058714677848466, 2.6900519613981575, 6.959289766095211, 3.1046527680701557, 4.9795209041038335, 5.878604878077507, 2.9914062831869703, 4.909622691628676, 6.113567437699188, 5.716609763754615, 4.866071038457771, 5.130028388805594, 4.924599344803151, 5.015295659400949, 4.989753731595903, 4.398138521875082, 4.1403543843627775, 3.716223718433003, 4.064427396955964, 4.318918218752658, 5.292786386585484, 4.912189098367004, 5.032999366869748, 5.029109852971279, 5.016037435989568, 5.0103322564405826, 5.006403875444925, 5.000144271737268, 4.995337058799611, 4.990614592160858, 4.975144454043683, 4.970531512320822, 4.965920978190426, 4.9504588738021775], [4.656612873077393e-10, 0.0, 1.4352644800601937e-09, 1.122914981721298, 4.8506293945970686e-05, 0.01863301936219158, 0.008267125197843277, 0.02227575361038642, 0.014098752288457755, 0.02419977265126965, 0.04397573225778612, 0.024579332210285926, 0.022028685353707857, 0.005521066419408734, 0.006009538691524818, 1.4730695861135288, 0.09108199301391195, 4.137047310962248, 5.245234549764976, 2.336803102061138, 5.3945437401381096, 1.3309007955211705, 2.548654148420347, 6.290724802907953, 0.5510417427433486, 1.6924811555366035, 3.5949759227597577, 1.53022341623177, 3.026198176749124, 1.5008216044622664, 1.541419423811194, 2.7745826745906905, 0.732486500897737, 20.309504118085997, 0.9727151933041465, 3.7932470718295406, 0.3187144846996877, 5.398654842600579, 7.072485541189799, 0.09869084870925071, 4.77037935017027, 6.9827234795860935, 19.903044287286768, 3.0103705049895875, 1.3215654484485189, 1.1606241687472802, 1.3200450263964534, 1.7454416413860783, 0.5560989957387842, 0.5308633105828673, 0.5858498495350697, 0.610315900466698, 0.6544870792554122, 1.4625730178642935, 0.38675063422336226, 1.6569719488737407, 1.0577165898741299, 0.4504058173217759, 0.5330405621387132, 0.46505788576565776, 0.4656553871305791, 0.47545746522758914, 0.47789490344887436, 0.4785564318179761, 0.4815448265193909, 0.48308240206426195, 0.4845373923096354, 0.5000244890113102, 0.4872382558956954, 0.48858839209076893, 0.4899384037986412], [0.0, 1.6225775955933816e-05, 0.4182107248773929, 0.7070872853402353, 4.8422660527978354e-05, 0.01863302411452095, 0.009308154029525869, 0.023202375324387334, 0.024165833471650126, 1.955774082871583, 0.0483283738034284, 0.01974911860826562, 0.020222859580823004, 2.2059174216801347, 0.030450397774878527, 0.0624504669223137, 0.3470858159066162, 3.806650729027826, 1.3891361984996005, 3.8042585894959946, 11.730202181192142, 13.618559329980696, 14.560168811936217, 19.36076105661956, 17.265395438311245, 18.261294006131738, 23.914078210344478, 13.289326430490712, 7.766360913670732, 8.678651670474396, 8.41880156693215, 8.736627658024878, 7.490980916518226, 13.520611362920278, 10.494733395524328, 14.173902600997147, 9.361421564502505, 12.69744544791983, 12.470870781933124, 12.976577771229872, 17.481315153716857, 20.673131999287673, 24.39185866818249, 15.752717508877831, 9.133785772403227, 10.705158971646329, 8.0327446610218, 5.415883940907474, 5.233819838072096, 5.256296345676614, 5.887065835689263, 5.878209791994297, 5.292232663371717, 5.865983221968521, 5.905152413782738, 4.3086067230260285, 4.765903639266598, 5.6074267891086995, 5.521617846407274, 5.662217060103941, 5.658002184052664, 5.644616891448416, 5.638588957421758, 5.6343359340716885, 5.627745906027109, 5.622606697354589, 5.617552394025708, 5.612604712373208, 5.607660046433092, 5.59221997527256, 5.576782353636432], [1.6225775955933816e-05, 0.0, 0.41821063771018485, 0.7070873893910046, 0.08417128774473108, 0.8322968641960968, 0.0030607078910292428, 0.03146563790838233, 0.983841508921571, 0.5045264178333414, 0.014001781970118844, 0.027501884401521962, 0.8756439134717489, 2.571319804624046, 0.05162093698677747, 0.06629766892523846, 0.49265520216429765, 3.701661218592651, 1.7180591228381206, 3.5976362193614038, 11.57736769378595, 14.664145600498205, 14.28799018506307, 17.789937168179016, 19.148987493153655, 17.141623786739174, 20.660980283401834, 17.81374174173322, 9.436493777974013, 10.36056087001894, 10.111190318074062, 7.8656841046623605, 10.167940523008475, 11.416818636503859, 13.359720513288226, 15.916563258769413, 11.257671965188324, 19.470443119131787, 16.594707146836686, 17.44324977408003, 16.963178855375663, 27.30417410031046, 23.108235559414172, 16.243082174519483, 12.227173119774106, 9.24070560983639, 7.112409349761889, 7.4902030963273605, 6.5149851055758745, 5.5879289982622256, 6.107658832123562, 6.102600761072657, 5.666295816046735, 6.173890124449893, 6.179575713359092, 4.813148848342867, 5.071210226916214, 6.166574795455385, 6.083125833834626, 6.222984291791557, 6.218524257952732, 6.20490817671758, 6.198638191998665, 6.194140774773796, 6.187301982744623, 6.181949075453164, 6.176914417975338, 6.172031732985175, 6.156615834449068, 6.141202493007061, 6.125791626764255], [4.656612873077393e-10, 0.0, 1.22097419594665e-09, 1.1229149815044128, 0.18191221432982277, 0.09442186349297157, 0.0028926368068875755, 0.03077273474415197, 0.9879178584217857, 0.506113839740565, 0.0386704521241295, 0.09615453812091011, 0.8615021517024548, 0.07595851471690931, 0.0033116831045937904, 0.07100480978096094, 0.226253326835648, 1.4094656906631868, 5.181439861899833, 2.38411772769628, 9.655227947063418, 13.13384695936927, 16.193900965146682, 19.82139434465819, 9.048155837892374, 8.438533045796412, 3.425787999492926, 4.002668518146093, 5.192158818233305, 3.229233751731069, 5.644199787351935, 5.305150954705708, 5.482227572277179, 