{"initial_violation": ["destination"], "initial_duration": 35.66115617752075, "subsequent_violation": [["destination"], ["destination"], ["destination"], ["destination"], ["destination"], ["destination"], ["destination"], ["destination"], ["destination"]], "subsequent_comparison": [[0.0, 0.0, 8.313716888128373e-10, 1.4816925021276237, 1.944519240466187e-09, 0.036285768887666235, 0.007975432761340303, 0.03954963543720986, 0.023061338225681304, 0.03164113493108223, 2.7379540362317427, 1.4229552831284034, 0.7637750488548616, 0.10642213883088247, 0.10044185333117563, 0.13455996065265813, 3.8388211797791363, 0.6145613414976997, 0.48751725666365764, 0.13353351913407963, 1.5456547076452596, 0.09635241180559702, 1.244770799198706, 1.4387101637283253, 2.4768998253544163, 0.07294643029779552, 0.21861610163792203, 1.3509002001037687, 0.8035758578796516, 1.9289829938639658, 0.43033164518481287, 1.8765328076534329, 0.8069134829373716, 2.353699026784448, 0.5807758695587761, 0.23168480759594798, 1.364028652647244, 0.5585412822749826, 0.103844793994878, 1.5304270399749451, 3.098311549028304, 2.6227677902669253, 9.639126951306933, 2.9315662241709517, 14.67287052321067, 11.860283415166124, 14.003655777876576, 30.72617132175194, 5.17629796149385, 5.392123745845037, 6.008768992095116, 2.8825190409058283, 5.525399713151172, 4.959080693117367, 4.959078346872544, 5.474927345421845, 5.4873623414345225, 5.843983999362812, 4.312264308046036, 5.109831966955587, 4.081978989008527, 4.754597607504502, 4.711214543693402], [1.622577517414281e-05, 0.0, 1.7693597070838632e-09, 3.6621956687208472, 4.8420331936536004e-05, 0.045530405530575795, 0.028206787202656597, 0.043848587997661, 0.051230037192591754, 2.8577782135800747, 0.0620536983862752, 0.0388769910152444, 0.020559504717869062, 0.1829979653755376, 0.00793084890046303, 1.4933026720541491, 3.9126132812984995, 5.736555780100054, 1.1743915226393176, 0.9567819778852751, 2.1694692440067556, 2.427031327602131, 2.4984582004174567, 1.3302540674887458, 0.6849283218687957, 0.16458059871419364, 0.21250384162247757, 2.2318849691883313, 0.4490627758263185, 2.107801751542012, 3.300142652567522, 1.0404671764811837, 4.302895599644405, 1.9684559340737489, 1.661105533028243, 1.479715008603248, 2.5330716212608286, 0.939339182137734, 4.507212291785256, 3.297780531423941, 9.154169544905688, 5.675395860371526, 9.959712083331619, 15.254092861731733, 16.28267881950825, 9.788930496208668, 19.507936033884835, 28.59712873941659, 8.079950456416253, 6.207479090957229, 7.935559977585668, 4.085974647493255, 6.7507858790536, 6.107266479418456, 6.121182352552475, 6.7316574300212695, 6.761112128998416, 6.982531884586487, 5.656531329022257, 6.5217008799476055, 4.577040829876187, 6.786670870892846, 6.736871272890087], [1.622577517414281e-05, 0.0, 6.788121413957911e-10, 3.662195667558977, 4.844901308010336e-05, 0.04553039555904642, 0.013999177128685153, 0.03148949950165429, 0.06648149112327713, 0.04165237581514853, 2.687686563707019, 1.4802314718329272, 0.8271672058628887, 1.5192739208471415, 0.032622251281612266, 1.0130610469675867, 1.5154563060165787, 1.0151627883432992, 0.039559789672287175, 1.0115082903250165, 0.4040876504484536, 2.9451922970595867, 1.7719928321464617, 1.7287270882836614, 0.5999181209826243, 1.420081454312909, 0.50094928061873, 1.0146513901800034, 1.165292052633089, 1.2575559599311328, 1.8319757664402008, 1.852044079096097, 5.127460789229719, 1.1205937310593916, 1.7833932173987073, 0.22315739130180964, 3.1749955877957956, 0.9919264347462182, 3.812503847393845, 2.5027005155429727, 7.869172085375976, 1.0441238910719022, 9.722959973067304, 7.6750176598157145, 15.444968450537576, 10.297658156885564, 15.095178653798548, 28.926003503488353, 6.345294297586407, 4.998814303608974, 8.671236846210322, 5.705561868856898, 8.341013028775858, 7.195689617905343, 7.21959767400955, 7.6621570977354, 7.663507039928936, 7.972124801792788, 6.7164158205088125, 7.449027754638738, 5.886237691827457, 8.416791698401804, 8.378751304239342], [0.0, 0.0, 4.850768746520816e-05, 3.662229300630005, 2.030503148275243e-07, 0.045565667629601805, 0.07493076699566065, 0.01664319661041226, 0.0767440065374895, 0.03616321644866428, 2.66911511599098, 1.5037084197384119, 0.8198493915951045, 1.5063664075182097, 0.06475796160974602, 0.09456777518661098, 7.61936912126342, 2.3030001531430586, 0.17603400074569614, 0.31521509100916856, 1.8311630269295212, 0.1911759907259485, 1.3102734824642006, 1.7564310129448346, 0.5631105165621939, 0.6194925047823183, 0.4580516058504025, 1.0459652524755463, 0.7477527479322276, 0.9285112060161504, 1.980116062069163, 0.19976328350277164, 1.9307284934797968, 4.391987523255665, 1.5773062049923368, 6.601765140959159, 0.46955826992702143, 3.7615150306721867, 1.353158247046174, 0.9942947337799063, 4.699865826817133, 2.877071364653723, 8.743734335512674, 2.6498831391402975, 10.345816452598452, 5.94988376299308, 15.183503916742504, 25.291882086553613, 4.551611062758635, 4.334923401537475, 6.475808071330653, 2.425682398622241, 5.068184313290106, 4.633360160323956, 4.643290427887811, 5.183665811265665, 5.183655470602414, 5.659227989798363, 3.9616730772349285, 5.288220160052629, 3.8391983516381205, 4.409908809677445, 4.961199853926301], [0.0, 0.0, 2.0954757928848267e-09, 3.662195669035412, 4.841997365147665e-05, 0.04553040508239836, 0.009484641112902512, 0.055443224155285784, 0.049137367825292405, 2.857466226254726, 0.0629367752937951, 0.07657279047879059, 0.9981045294087836, 1.5251473036075565, 12.071484436726772, 0.32618477444286076, 4.7389523578977295, 4.916056106799896, 1.7201268906169163, 0.3747938895269117, 1.773285406977497, 0.41594082427776685, 4.409330386384648, 1.95091656267619, 1.3449127963688539, 0.27843552984630515, 0.32098152417193565, 1.3568993717009126, 1.3051422884665012, 1.2063730980749667, 3.687542698168919, 1.3004261234834558, 4.449146670291131, 1.8490168085921475, 1.7504874593112856, 1.4990930489478376, 1.7077187780354108, 0.906746023263627, 1.2803461150711435, 0.5674683261613803, 2.147357675576834, 5.580307717543387, 2.4446747089047833, 2.973451269382002, 1.643188594261737, 0.5081434926521556, 11.299554230707473, 25.243409141200374, 4.313973519957705, 4.148191384911637, 6.050130658818294, 3.1700759839203982, 5.341483908318141, 5.318084961543811, 5.397002228149192, 5.390487306259273, 5.4811817005451315, 6.378701875932787, 5.236137235177269, 5.6861586828538515, 4.092618752452208, 4.2716728675771405, 5.788433788347731], [0.0, 0.0, 2.8893523025305143e-09, 3.662195669534547, 4.8356084335738604e-05, 0.045530401858799724, 0.004632990922544379, 0.04697855385027116, 0.08215516872750495, 0.008142602583889656, 2.6810215673217996, 1.4887173481200169, 0.8023504475268685, 0.035407560815180414, 0.06732566496307336, 0.08598761537335903, 2.9150651810835013, 0.25537880418525943, 0.6391423596348809, 0.3968859362449002, 1.667691183618467, 0.25726460837432247, 0.45333609461881347, 1.5614851445376632, 0.4632911622431935, 0.3686972838073858, 0.18911580253863008, 1.2562560277971406, 0.7947235878029422, 0.8405086078225144, 3.7708815987585234, 1.8946387489699945, 0.8228951537217896, 2.0277655211694334, 1.4297210020829179, 5.562977585368912, 2.273170133296684, 0.9502434569295544, 3.6553525444371147, 4.09489624410653, 8.131132085151233, 5.599893220154215, 12.318448183941554, 12.16054205850114, 18.436645070546522, 14.885596093603656, 18.986561230184627, 30.4721787145241, 6.538123498930788, 6.863352519747474, 7.739491086707569, 5.1584160816258535, 7.803353282043914, 6.079371789562544, 6.171398950295814, 7.36508007794634, 7.141171527907384, 7.446733832387624, 5.682501652412139, 6.929626693818515, 4.894385922891753, 7.280600522409646, 7.796340752227178], [4.656612873077393e-10, 0.0, 1.3273388905207835e-09, 3.6621956684792, 4.8457912539116625e-05, 0.045530404040239725, 0.012938983542414706, 0.05990344978123873, 0.09514877363674248, 0.00859609389342348, 0.0875114115309861, 0.03212172159684127, 0.9516995536681082, 1.485158337823834, 12.03570838405256, 0.024382155472216258, 