{"initial_violation": [], "initial_duration": 35.29077386856079, "subsequent_violation": [[], [], [], [], [], [], [], [], []], "subsequent_comparison": [[0.0, 0.0, 0.0749008177975835, 4.749841283566521, 2.924407629791069, 10.502521004026393, 0.01490371456423897, 4.839679155504187, 0.03957049759649874, 0.29075403997052973, 8.259076735878148, 6.239224986817405, 1.1819778300951704, 1.0247337086470611, 2.1898321187059495, 1.259778656345732, 1.2583735031162495, 1.9520606541026608, 3.3875460324964943, 4.6714640245406995, 5.295876871977074, 5.087718706968238, 5.376237917268683, 2.204301602622523, 2.6731830258280334, 2.4383350710736797, 1.5025663380937955, 1.3342461002448696, 2.1780859903819914, 2.432849480443997, 3.464969575281934, 1.9380396489175313, 2.074349986374931, 1.4571667177259244, 1.653445298933624, 0.7118887431188177, 1.5540561932084878, 0.8256624412654656, 2.6267474785445573, 0.12351558913740918, 1.8525564802645735, 0.6545500989630256, 2.62770041717721, 0.3708312202592622, 1.52168356279599, 0.3092448902884628, 0.8992968374489553, 0.06216887339917259, 0.7506745533682552, 0.09479276846108611, 0.45773808260628424, 1.276099907025401, 0.01655135314788574, 1.108599052293666, 0.3379925272037616, 0.11326358061519529, 0.11640416611714458, 0.04761224891620037, 0.1303460191279751, 0.083396451704759, 0.13036962069652328, 0.03407833749945947, 0.026182115709498643, 0.19559205327477566], [1.876610313610317e-05, 0.0, 5.782239222114335, 4.2433010214009865, 4.564205727204972, 0.14990402416366938, 5.4365242023144, 18.268511443391464, 10.216686031174676, 10.384271297799366, 0.6169901560332247, 9.497062482898441, 10.219957388778196, 4.211743684441034, 7.61044184462503, 9.673721837972296, 6.983855336137243, 5.6052524936903305, 6.823603084602878, 6.248542954017918, 5.765006591682723, 4.962070125750855, 8.854617953061016, 2.6892820014495142, 37.484649897919695, 36.128667889768, 7.203391114421106, 4.913787044934867, 6.781407264505895, 6.976262975395912, 6.920068532157379, 4.822450846674981, 6.30432735388575, 3.85804570948383, 2.910065593607056, 5.002832720504758, 3.645579724889456, 4.967845322178403, 3.560840913070807, 3.3498009923873804, 2.474049171344534, 3.0736331526878864, 3.8101805496453434, 2.6656216743013386, 2.247137417141313, 2.7010308276628687, 1.3352708778477613, 1.3784484198487883, 1.3205864423476612, 1.3152204921550863, 1.1382636563521513, 1.411605207894092, 1.038903216739248, 0.982553168588078, 0.6913342075364584, 0.8374587669921354, 0.49518195855389613, 0.9899616625135794, 0.7088184794088038, 0.6932749620596832, 0.5806140182562752, 0.67084501113144, 0.43728651326448525, 0.43510846375430084], [1.876610313610317e-05, 0.0, 0.026877135055737626, 3.724736781782309, 0.4336423217153272, 10.735773125465213, 9.833506418299539, 11.403112719199303, 0.588715526479364, 2.907629138641035, 5.6439426040464, 1.2428080615728996, 1.2130527218008018, 1.5340803302021524, 5.216576465609634, 6.972430428386991, 2.980525007821348, 2.48039985087454, 2.94265874722771, 3.3152747059255043, 1.6506706546750665, 1.3456521297047512, 5.055740732344284, 4.126781334739864, 37.699749344878626, 3.0351903148811488, 2.7991801480633467, 4.4796361807395035, 4.427768545870523, 1.4336359609541751, 3.4787051502735635, 1.9345656884062261, 2.559530778800844, 2.3780535735039376, 2.6547065734657096, 2.3054162689542355, 2.8446184135849593, 2.2511895808028703, 2.7743919483639075, 2.9493378346244103, 1.919110734603447, 2.5971170104412242, 1.6957738974249879, 1.5159616999570726, 1.4865683598298163, 1.7009049018253677, 0.578147723951865, 1.1040858331530883, 0.6796411498441509, 0.9103902175561688, 0.7478625873993887, 1.2311718702237, 0.490964312584399, 1.3816746600836842, 0.6941600342846733, 0.5158596867806156, 0.04411422703495837, 0.8051150817704054, 0.20206472316942878, 0.7588847353868864, 0.1924040113015931, 0.7404018489128024, 0.22457999426061748, 0.5527307838446623], [1.7761741061020465e-05, 0.0, 0.01252577915116194, 4.816755432167108, 0.9439501035155307, 12.072467849807113, 0.14693339916765163, 5.977118810467739, 0.796877994659, 2.9919124544461444, 8.724684780845038, 9.720615343123784, 2.511674189434351, 2.4087679773912902, 0.3844740183382163, 0.2289715532523044, 4.973755152238143, 4.7469896598141315, 4.605039221772241, 6.05355120329129, 4.983173228357127, 3.229597449412726, 3.324267166478961, 7.7515914374974, 37.975279803230286, 2.3351209324363076, 2.4993488123599046, 4.229958241357595, 4.201138439770842, 0.8951960051003122, 3.476537377565233, 1.2993546312649895, 2.2872171454562973, 1.6020751498790138, 2.039649167885637, 1.5998116461676937, 2.9799918085135, 1.8182251384263843, 2.812186176395875, 2.2154202384606316, 1.7556968816481038, 3.5477051484770676, 2.735245827129914, 0.7296496143040963, 2.4449829013869837, 0.9963598592757067, 2.054098188480276, 1.503008032499181, 0.14974094152612286, 1.3495196721086151, 0.17631378526436306, 1.6562586397569399, 0.6274757316883325, 0.3352886072194638, 0.8655055875325948, 0.9432235430301884, 0.1736773575707776, 0.9313630119047289, 0.36224814610206457, 0.8677912783203569, 0.4393664283096886, 0.7088311953649922, 0.23968610152992145, 0.4041192832785999], [1.876610313610317e-05, 0.0, 1.8486146122117932, 4.58974743640902, 0.5165245180994488, 17.784630222168815, 10.478747944108456, 5.656428792906989, 9.6267951880223, 2.974818791048054, 0.8121672416303869, 5.787696559231648, 3.205024307281709, 0.39690235053858053, 2.3066217106227933, 1.7329832632168503, 2.99156601007551, 3.0589701827824367, 1.594002649237896, 2.117111354051341, 2.601767845246516, 1.8383899958294811, 1.7851771582811056, 1.1773701320535843, 2.9526238141067243, 0.2906993471897184, 3.1967110829045446, 0.7256664136303587, 2.0434468731615785, 2.052447584446209, 1.6622455011108863, 1.190387849844174, 0.445773871349557, 0.7044238781768437, 2.100388704081667, 1.6058540199585958, 0.5017137341820382, 2.1001967627665103, 1.8860432952374058, 1.0734944499071284, 1.6108206953506619, 1.7603263602383064, 0.7607176733023546, 1.092285947566755, 0.26439778540607206, 0.8046609746902156, 0.5423903599260754, 0.8888159011030052, 0.1474489632219614, 0.5287387712405327, 0.09512424916185697, 0.7430413497090153, 0.42221472555192774, 0.4204520559021381, 0.6928104476024898, 0.8568750351537585, 0.11160000779345448, 0.7897049724998086, 0.417888520649414, 0.23157630022853218, 0.620019494778329, 0.4399089727813565, 0.09806953731882963, 0.41429807404311275], [1.7761741061020465e-05, 0.0, 5.782239222114335, 4.089167951785026, 4.270422072266273, 17.04871244567428, 5.5454239604726485, 16.951118115355033, 11.296531959228469, 10.303988684601954, 2.2360073864346965, 10.09443538794444, 11.832195571504949, 21.684945953637467, 13.042588218717226, 19.839614995298575, 16.793598844996964, 16.474533750518045, 14.40463290695869, 12.80643661444266, 12.942619575366756, 13.518934953784056, 17.386788332569843, 10.057010870720813, 36.43674971941881, 35.78708863069214, 36.10951831781322, 11.23739824270328, 11.677508356839269, 10.891471853161253, 10.389940383721052, 10.673237117454331, 8.010451293821646, 8.086559749572846, 6.257605941707077, 8.176302304572628, 6.720079458844477, 4.538161784234714, 6.4792636973136615, 5.838967487305657, 4.430937020802167, 6.924927329945013, 4.933460911740935, 4.424032268930296, 3.034637025393465, 3.503517671110183, 2.4234041902006624, 3.4827031144004272, 2.268253242725486, 2.8219811889430617, 1.6897497145142848, 1.5747957254367495, 1.5581565899982288, 1.4216172174300064, 1.508524998153391, 1.256607109307081, 0.6915463658721124, 1.1919523544388344, 0.80095693864954, 1.0567275553144002, 0.8952001762252958, 1.4104575553960372, 0.7850317776419694, 0.7394910009159238], [1.876610313610317e-05, 0.0, 5.782239222114335, 20.25596032800186, 24.193846788616824, 21.697819952189068, 12.761882071499457, 29.437384164545094, 28.664854447047322, 16.213984549450863, 20.91450301008154, 20.907027525074465, 21.61451764950856, 29.91592115301075, 22.55092166097804, 29.048453465912996, 26.701555949255436, 26.83559102235281, 25.85745833889623, 