{"initial_violation": ["destination"], "initial_duration": 35.69980573654175, "subsequent_violation": [["destination"], ["destination"], ["destination"], ["destination"], ["destination"], ["destination"], ["destination"], ["destination"], ["destination"]], "subsequent_comparison": [[0.0, 0.0, 0.10540037280086996, 0.7265076783647296, 1.0215999461531093, 0.600390267466382, 0.32252266542453106, 0.3972279193694545, 0.2250675201489378, 0.32769498056786917, 0.2430270050875629, 0.4076377263154326, 0.39504316788024213, 0.6193720426006701, 0.5374534469582122, 0.6730780127232562, 0.6196826539831296, 0.887321696047192, 0.6922442724396615, 0.3194045361076345, 0.28584923234927734, 0.16973786664152882, 0.11320026742114622, 0.03957486864572779, 0.07442220953833795, 0.014819240868016982, 0.06131140338809878, 0.03784239765987658, 0.044020211512825216, 0.03722873252728573, 0.04380013518908886, 0.02021185591949602, 0.04414582352028955, 0.014880346147662522, 0.04341483120670674, 0.011927802131665204, 0.04314351831439148, 0.031649856234080176, 0.04310754257991736, 0.026205727839366765, 0.04302636845285839, 0.00917532221420687, 0.04985288625390685, 0.026774915622155056, 0.049699045259688227, 0.007387913935297242, 0.04039926586963327, 0.0063331094345072, 0.03915748637882804, 0.026523509260863762, 0.03920351481249644, 0.02205942059794085, 0.03884824849031068, 0.008951519882329222, 0.043845472723442566], [0.0, 0.06100661990981623, 0.07458485940054299, 0.7036002771912181, 0.9480301930749766, 0.8986371628809943, 1.8654262101091001, 2.5198732306643588, 1.9419949816253002, 2.3384806085961873, 1.513584118961805, 1.984677759343768, 1.3966898911144021, 1.5726445431166003, 1.31678189302269, 1.128364927185377, 1.04541633257356, 0.7818802416770448, 0.6983802347292563, 0.6809774837274986, 0.47400927193299786, 0.4523664985326133, 0.3282855331347743, 0.3209563039554165, 0.18209077347082853, 0.20801677019062126, 0.10697815965339193, 0.13125959382883967, 0.06819506580784736, 0.09269017392031352, 0.05430240618627014, 0.045426919807007776, 0.0533890235139367, 0.024210848513619435, 0.04346344290507347, 0.01587307946965792, 0.050636321006118944, 0.03379500609074275, 0.04289003381415739, 0.026296461460691634, 0.04288212912589525, 0.029105572632525233, 0.04288703166689417, 0.023788402748268683, 0.04290368067940823, 0.011234536318670711, 0.048550610260615495, 0.011000764338164225, 0.04320201575372677, 0.010858863471992532, 0.04351494354485996, 0.010863296072319732, 0.04309484514589976, 0.010831468293510149, 0.04320445580402168], [0.0, 0.0, 0.10555004372846051, 0.5551511063004594, 1.063833130510118, 2.9157766482801093, 1.7049096422352854, 2.3090111463899246, 1.3611879408695713, 0.6414672590494395, 0.3867804632671723, 0.5729500288485755, 1.08805232757314, 1.6029363883520331, 1.0720347851974985, 1.0641482903004102, 1.0782468095719957, 0.7656588418390068, 0.9223420144998806, 0.5471083427437067, 0.7409218811684419, 0.3692172371747854, 0.4976962601739312, 0.2733626338314493, 0.30082827045315347, 0.19157260505094326, 0.2061049868896604, 0.12610555378716537, 0.1301818507674996, 0.08408633163901824, 0.07102252493110658, 0.04786686942125266, 0.043791362242560056, 0.040648769638926385, 0.02154394625299483, 0.03858668536243141, 0.027911399321979426, 0.018227095092046005, 0.03287571420320016, 0.027576751006372045, 0.046769283450538754, 0.052893489227180776, 0.039210376863486725, 0.051396756396852865, 0.04443070286812334, 0.04611439115288093, 0.039155365342683435, 0.046111186183449726, 0.03900602932283389, 0.04608242635002773, 0.03907856923154576, 0.046056013539635336, 0.03897695102688243, 0.04607667881529532, 0.03902603088203438], [0.0, 0.06100661990981623, 0.2690824181617504, 0.017888648021213854, 0.11951290519481736, 0.025449517291578034, 0.05631101933780694, 0.026316750540103632, 0.23548400286869667, 0.3283671461954147, 0.22369904847328204, 0.3154262677525789, 0.14813165550732899, 0.006030922426293179, 0.04187689480022069, 0.01836907770733845, 0.10659031369490425, 0.10851185506303224, 0.04380129795910801, 0.09685568291568414, 0.04580008428732115, 0.08624485975446505, 0.0864352131683015, 0.08644055637502242, 0.0607030371090167, 0.07729114125179534, 0.05417642861579328, 0.07751802503178544, 0.06022723099059158, 0.07755824052716107, 0.06985506846429895, 0.04185009051766041, 0.06138204053293843, 0.03854275759349368, 0.05564728310266197, 0.03549718056059719, 0.055770674648389584, 0.013774714554018056, 0.05513937783372293, 0.011549735101124418, 0.05387548017840843, 0.010312011677876454, 0.054135847330136724, 0.007826937086271812, 0.04877428985415196, 0.006930995371634935, 0.048733830802878964, 0.004987412828847313, 0.04868591374742974, 0.004077990731346586, 0.048675414382245666, 0.0033804445319340322, 0.04867708712529375, 0.002940922699689583, 0.04866750182887308], [0.0, 0.06100661990981623, 0.4247134438998446, 0.16676993279406313, 0.15708747745626747, 0.46166960540571383, 0.589048002655258, 2.551081128582069, 0.7600328829641854, 2.2206358660790646, 1.4462200408671528, 1.9195572993948946, 1.3393504977651216, 1.4386825688290767, 1.3785824312412052, 1.1080587222357174, 1.2294063974419513, 0.8276176631172492, 0.9889491235655525, 0.6075902976106374, 0.7091633044235769, 0.43416935250366057, 0.42270862066121295, 0.31534412868199474, 0.28379354513993416, 0.20669161137731343, 0.16778265264106348, 0.13093760718444467, 0.1028563622892432, 0.0922293995277504, 0.06166995485840696, 0.045473241312590916, 0.04571832645071883, 0.021534265387357455, 0.02729326302831331, 0.013425487826471579, 0.024418307883779435, 0.032716498036633956, 0.021237224461485727, 0.009205817689057743, 0.019573324939510372, 0.009055881555532481, 0.03407605520477589, 0.007509128827926468, 0.03575442771480922, 0.02527036702031409, 0.02552697952454472, 0.027646552580041537, 0.044082793827304595, 0.033969358515229406, 0.04104213923433573, 0.037518548949401605, 0.04105723661144578, 0.029041442559950913, 0.04105522212317435], [0.0, 0.04371090198500876, 0.37546036669746835, 0.45796227539049755, 0.9643238588027676, 2.4896054740227505, 1.5200762478711467, 1.7885233158230818, 1.312526301261267, 2.0711168825323956, 0.8146424919204664, 0.2833917092606286, 0.5798329084033235, 0.19296419218093847, 0.3307064924688868, 0.07058348128679941, 0.033639076272614164, 0.2765307214194629, 0.1785633567454609, 0.3592006852293067, 0.627474266469297, 0.4488054686741712, 0.29038236042599286, 0.4116739990881889, 0.1015049727445924, 0.02027951029009408, 0.052976165491534326, 0.05550623603524215, 0.039216555520329835, 0.04410530035173541, 0.04559397557931912, 0.045282293048227056, 0.0395359629388225, 0.026851412097677593, 0.03159301131296336, 0.017588319044005804, 0.0395642350701216, 0.03230304097992139, 0.022923334764186582, 0.025695869458419493, 0.021557673318753245, 0.027044282308032214, 0.029737476602109437, 0.021499491806727746, 0.050185030552774, 0.036498012117684143, 0.04671322442882151, 0.029564426848845863, 0.048702486837079, 0.029472248553823025, 0.04668929489011584, 0.037459509897602425, 0.04869826108966736, 0.03475013831256971, 0.04361993528644895], [0.0, 0.0, 0.14062342623062948, 0.7017513690647182, 1.0272848625115736, 2.49999595500394, 1.8070568452396945, 1.9605053683922846, 1.561144606318171, 1.9639507277023247, 1.1333683126035885, 0.5687376881903333, 0.720383594201399, 0.2282444104168006, 0.4547856417290253, 0.16132190879836264, 0.21985574992494547, 0.203210769255495, 0.07421809915446899, 0.31037830684853684, 0.5111914302537298, 0.35343673142053206, 0.2640703932631375, 0.3207403613356387, 0.0954083407414094, 0.23333857331126517, 0.06954586062098872, 0.05364759918757323, 0.04216758452283767, 0.04869046138273002, 0.0456018858750243, 0.044472083428145286, 0.04812683635358308, 0.044333144380150694, 0.04172054541446422, 0.04189423047891957, 0.04153720131438849, 0.022806650428036732, 0.04146592039970054, 0.017847298128361198, 0.041455948394810885, 0.015136918987340639, 0.04138863767091227, 0.011187500956012578, 0.04768791947413673, 0.009807066856171864, 