{"initial_violation": ["destination"], "initial_duration": 36.01053309440613, "subsequent_violation": [["destination"], ["destination"], ["destination"], ["destination"], ["destination"], ["destination"], ["destination"], ["destination"], ["destination"]], "subsequent_comparison": [[0.0, 0.0, 0.008228517568603435, 0.07093052783654742, 0.22374834266672888, 2.056822411731585, 3.110426275267198, 3.0644129166977927, 3.2574484381599613, 1.9234311452558948, 1.9206276211549544, 1.8336561395749182, 1.2271780988989438, 3.6855308584780966, 0.6556397867526339, 3.354272881456853, 1.134519747115611, 1.5175239920784178, 0.3621310015003166, 1.7161457099149167, 0.8495586880167798, 1.9487424828915432, 1.1213073196108287, 1.8425818650751813, 0.29657130679632954, 1.915905608842951, 1.0728427371714844, 1.5880313549225002, 0.30227712357262554, 2.1133834391116015, 0.15650438131703764, 0.43407783003380934, 0.6650879510248762, 0.7008701929718677, 0.2019972987244324, 0.3823255341852164, 0.30613319031993796, 0.21128948873351702, 0.09765887526327234, 0.20435609990514617, 0.0786178285208076, 0.1695675972626876, 0.052205055080219526, 0.06590270487901492, 0.07182687691375263, 0.056200595337209856, 0.11223268959562625, 0.1102807768841397], [0.0, 1.122388396760827, 1.7372635014496136, 1.1687616801596798, 0.7923407539113072, 4.054558894576266, 1.9256249107818038, 2.610523883883845, 2.6803936251765994, 0.26605430434753335, 0.2694452232445367, 3.1743613151308283, 0.29092721745260725, 0.21153570594853072, 0.31588978059255207, 1.1945287329173475, 0.5868294173064946, 0.542289566235754, 0.5448022217243225, 0.912568934103594, 0.9365719561764889, 0.5261361609508709, 0.45527134707340755, 0.47901608127930667, 0.42094188020526835, 0.49663256414002765, 1.1367460319863314, 0.4013452179387825, 0.34057910994193463, 0.41192138591860633, 1.0022293956277708, 0.9756440788603021, 0.940594779331701, 0.8538865010060313, 0.5765241582130515, 0.6681634947907334, 0.44159122152153857, 0.6266964578961659, 0.4716651806576616, 0.5063359921745918, 0.3656675342153076, 0.42807066071768407, 0.3488233685264499, 0.3858089434465024, 0.36200986305744964, 0.4029377451496886, 0.38775166838679154, 0.41546910702724626], [0.0, 0.0, 1.609185445338399, 1.1843632388663061, 0.4739677546727697, 0.129976146517017, 2.0214174893156676, 2.5417173246377205, 0.33672188657954594, 0.7887816227819407, 0.6435123236224227, 3.079789330161212, 0.4511984835114285, 0.6256070661420969, 2.5639488448302536, 2.089383084032496, 1.1795079294363597, 1.8197064372093879, 0.554351781659031, 2.004901896860378, 1.056109074277344, 1.921273143532424, 0.3637323059741996, 1.777350979830844, 0.36787037465367856, 1.803807816850109, 0.39295751712646676, 1.5501852981761404, 1.4597223967676138, 2.126818045228986, 0.38186722110419846, 0.31956793271685546, 0.3047215149388859, 0.30995005201045656, 0.39085234490212034, 1.4117392942180782, 0.601046978850247, 1.135579756192081, 0.497725173438094, 0.4217687196972607, 0.4706277536433746, 0.3979797977540708, 0.4914168614937612, 0.507179743401299, 0.45877286309403975, 0.33125889216607585, 0.5007316358238366, 0.3660109998502378], [0.0, 1.210105957293187, 1.6206633670839194, 1.2386795066269218, 0.22899017136215674, 2.420662586684783, 2.8309468859959357, 2.9138646437085987, 2.157449906542687, 1.871031743073388, 1.7482289420879147, 1.594258257134537, 1.037792832191527, 2.692307063746612, 2.6321763790261437, 5.399573831096617, 1.0978315529366867, 1.8326123436225603, 0.8121377029375408, 2.0143814606739916, 0.7930561750804263, 2.1624227044985287, 0.15598103634228516, 2.389503860927955, 0.10943836478108988, 2.4068326646389995, 0.9925776040047203, 1.9043146166603753, 0.05112560279348873, 1.8439937862925022, 0.022201856053391155, 0.003765270237440595, 0.0292545681841124, 0.0026698033897022866, 0.04876396947687509, 0.03130441176972775, 0.38641334229703517, 0.20857428434202244, 0.12923591828351677, 0.08374248298858758, 0.1198701383389374, 0.11594028533364971, 0.2681955306020303, 0.13367942200895713, 0.2811158317818476, 0.04419758233025451, 0.12842076576557146, 0.09226147784945789], [0.0, 9.177051218325005e-06, 0.2426867021615914, 0.11884017969670829, 0.47169579759696945, 2.8741156887112, 3.0060530151696288, 2.604108093730359, 1.8624419958126501, 3.5967957424393804, 0.3278727876095284, 3.0622568627177484, 0.5857175073756207, 3.08911378566709, 0.9414912152457517, 1.3651047736160358, 1.4540039317589035, 2.4633643739016344, 1.1444964544395146, 2.5967260744965324, 0.7700276580853415, 2.6249696206082667, 0.4347422830672884, 2.613627373818623, 0.4369562139308277, 2.6601425597324724, 0.4427348037968157, 1.138663747972154, 0.7824562360557068, 1.1181235017139792, 0.39319144543157986, 0.33301624570279675, 0.33412879404886375, 0.32707699272047575, 0.988574628469543, 0.3137045620627034, 0.33713347474563793, 0.6782049518373254, 0.3871832781336021, 0.47652087073188654, 0.37631992160185784, 0.4479440949814752, 0.43057145249494727, 0.32403334800807876, 0.3894879150323375, 0.5331205194487089, 0.47524864103870096, 0.4592112425818167], [0.0, 1.210105957293187, 0.025688975117835855, 0.4810407819068418, 0.544101786492505, 2.520356756150829, 2.743507927308915, 3.11508500318568, 1.894381509775602, 2.3683545772365915, 3.524739208505396, 2.134101564891788, 2.971435525702279, 0.4048201071192598, 2.6798309316312063, 0.10008533930804663, 0.4311743585560097, 0.9435319613499998, 0.535564300576379, 0.07241069752698336, 0.5484104931080218, 0.8169936449561233, 0.8597170516345486, 0.9748129908335486, 0.3280231890290945, 2.0812783157669896, 1.8270522337543034, 1.6604541959474872, 1.548413198765085, 1.5944631830987213, 1.5584910563566514, 1.8973432145232003, 1.7903889835985138, 2.5202699688393384, 1.4336461067014448, 2.1243118998035464, 1.53474225074002, 1.3245936801477758, 1.128420671389264, 1.2809690390123205, 1.0295482849348019, 0.6671480435665247, 1.022422963574657, 1.0038647525819857, 0.7871138608718706, 0.8232637078021939, 0.675032699193872, 0.47205630034834334], [0.0, 0.0, 0.039671743388411736, 0.026433662585053322, 0.3772040563645681, 2.477474707712551, 2.9007843597447893, 2.691507950532343, 2.1788318896765433, 2.533243562575902, 3.5918420846118373, 4.720895700706785, 0.5186030332516139, 0.6130317243385963, 2.9157379187872587, 5.340922643594205, 1.1617398940219803, 3.2472878361515423, 0.905253555546008, 1.1882276711953124, 1.5782800300125146, 1.4530820672835139, 1.3141262901728363, 3.0204193587877484, 0.30344237976326827, 3.0572617577565255, 0.30392896331682057, 2.6324704124562635, 1.0574297166916458, 1.359768440070921, 0.3066250956526843, 0.34618591206081933, 0.3648249604020203, 0.3454817033332206, 0.8070220691263253, 0.5516930842676986, 0.838831527629654, 0.6217749689000471, 0.4390466821510201, 0.3613541638760016, 0.3854092000243062, 0.3438029836669012, 0.3684151828336772, 0.33284784233917164, 0.45295368049430107, 0.3276990683665992, 0.4907684910522792, 0.34256860896746105], [0.0, 1.210105957293187, 0.008008920100801861, 1.2479272285968193, 0.04236945556099267, 2.1388500105600214, 2.981068627500328, 2.984243430163248, 1.7376488646808792, 3.572953148428256, 0.7496499584265524, 3.056749082022712, 0.2609154893003319, 0.3310606191820137, 0.16003159349327575, 1.1851272676459472, 0.1765863970369524, 0.3766940407390422, 0.1292797968300758, 0.8875612609863208, 0.8046378695607015, 1.8057294838809, 1.9075898539464449, 0.4880752631291543, 0.14192114278331325, 0.4922168425428476, 1.0042751776152883, 0.3788222053387689, 0.06038628918781335, 0.358478619534251, 0.029375790992902138, 0.01936195577399182, 0.016136924425577084, 0.018228896236940628, 0.045855851726354147, 0.5222803830503536, 0.8171990693407503, 0.9299272845694805, 0.39285956712267367, 0.4230232234621151, 0.5014234518817042, 0.3325997730936413, 0.5546688850444846, 0.35406569172684677, 0.6519735634278128, 0.2957260429771178, 0.4779543756093879, 0.30861752133173714], [0.24638255517885052, 0.07582009190584389, 0.25766344145487635, 0.10864271467810792, 1.5065145387092844, 1.8221940452889875, 2.695845394124793, 