{"initial_violation": ["destination"], "initial_duration": 36.41989779472351, "subsequent_violation": [["destination"], ["destination"], ["destination"], ["destination"], ["destination"], ["destination"], ["destination"], ["destination"], ["destination"]], "subsequent_comparison": [[0.0, 0.0, 3.864256855905923, 0.5898481854696376, 2.2245285865191096, 7.175956536043273, 0.6399346712813094, 6.095157230144976, 13.371612199529778, 10.794537650963024, 10.20606631265727, 12.698703736126303, 24.675438609116416, 12.710897642799328, 30.006047957171408, 10.238481224276505, 35.09135941395043, 11.836155825673476, 28.3823637620495, 16.494515667503848, 27.90326424364779, 14.172161672039636, 30.728562915573352, 16.12850475761166, 29.737354936511252, 12.864636639947623, 30.06828894581637, 12.338943033541373, 28.65165397788611, 13.706098023642696, 28.712934758894406, 14.663637252359988, 28.667864271858427, 18.18369925106019, 26.912106256316658, 19.0636237167909, 16.550015240006566, 1.547378834382877, 14.478890807340376, 1.1732147596510363, 14.692547039367719, 1.4995243666980778, 14.982549187611186, 0.9122049936785288, 15.13807310517956, 1.5374395231573523, 12.072863174010395, 3.5457807186675336, 9.567733671286812, 2.4381741324653987, 9.775146053806084, 2.6752899525201057, 11.70696101631646, 0.24007388721333878, 12.88970843549219, 2.6123716101942316, 11.678131613288059, 0.1624808436613085, 11.248275411877446, 0.9207633514580998, 11.321565006254009, 0.2195789050742062, 10.63195488720685, 1.749487223739738, 7.60943318719712, 1.8765177055549878, 5.365329197206437, 1.4338254495031217, 6.168968897912193, 0.31072373782404433, 4.01418217718362, 2.1398588759330077, 31.910670611158032, 13.696740422061282, 6.6016304865625814, 13.215368520759467, 31.194982639068726, 17.124435004615215, 28.814536307957585, 15.358732263580213, 31.011846068159404, 13.773821141418512, 29.15001451461811, 12.05577764754828, 26.83402696586016], [0.0, 0.0, 0.16273819762781158, 0.3900011517688893, 2.6522314128553366, 7.068820599829556, 3.060053333260894, 6.567013068227956, 15.074500509601195, 11.350717742374538, 10.091995646503468, 4.8901551339953615, 14.250976346336198, 7.850518840091089, 13.073493872892321, 8.378007230187027, 14.02141191631122, 5.210644475456917, 8.477793593248853, 2.144270235841407, 9.313145456162818, 0.44479338136225266, 5.884661657813404, 15.963608008214457, 36.82652228596972, 0.4511011385678609, 5.366260594606576, 15.582731483059902, 36.36522667872427, 19.362787622220115, 33.705985578403556, 20.305671309931345, 31.443281928410208, 20.438856660135894, 32.42057966041604, 23.380963077741306, 12.231559792738203, 6.220801848564448, 10.147048497949791, 4.207937378007374, 11.02197151837362, 5.0914737509768635, 9.42013320231798, 2.3894346492310437, 7.726244599021007, 14.691392294982112, 34.471610543319485, 17.428054564255365, 33.29705031614522, 17.815665335282457, 32.58973573600097, 17.69294578591977, 32.291860641588435, 15.344339602870884, 31.744960354593488, 18.486960682343526, 27.129183959156972, 17.52474175884749, 25.96698387927699, 18.837529992861167, 27.209432575987478, 15.84429658772869, 27.230598308409693, 17.19307505861492, 26.843670704684218, 17.928298914643378, 26.92577437128253, 15.737094891427152, 25.540964429005218, 14.839527916552795, 27.330542488629103, 15.491732766189305, 29.18391433726768, 16.8240171657322, 27.527387234412693, 15.99243234729942, 26.778306780154466, 17.62726133124706, 25.97199838112523, 18.106387717755638, 23.123790569316313, 20.322549190214062, 19.921280143019725, 0.8637639360328124, 9.238750369697701], [0.0, 0.0, 0.890856442839288, 1.315401459745694, 9.07530300213727, 0.7292826430610836, 5.565508786615064, 0.32451859028334773, 10.709341397122909, 5.126884996540884, 4.106310361358023, 1.6887179450294834, 11.286866804899176, 6.492769911251738, 12.171307544007083, 7.133265755339851, 9.943692596622162, 3.2846614992850918, 4.923287565594516, 0.7556705495152175, 8.81701678019428, 0.3982972165014129, 9.835517983455972, 1.647273372422281, 10.582773518376218, 1.806822075095299, 12.202028643486475, 0.3207167022596474, 8.121979510695304, 2.272820966225974, 6.266556702047141, 0.7674032550083123, 5.668972298914038, 0.0994374374069645, 6.672133401589222, 2.31308253883864, 1.5124991998337638, 19.174021333270407, 2.3772336441401216, 3.5276461889632005, 5.622371301335455, 0.2407824347189152, 3.699931568609353, 1.4438384160784887, 4.405277034336715, 4.119830825855522, 2.1124556618187826, 18.391572945716188, 1.952597430967076, 2.3852011343028607, 2.674629837442965, 1.7928713556894929, 5.652648010486473, 1.9799538930660232, 8.495712910339186, 0.7049976189538516, 12.266315708573822, 21.762127665134503, 24.655053481364565, 24.07390614721453, 24.88063976322944, 22.944397645235814, 23.212491386520743, 24.011663897344036, 23.135403793302036, 21.574365626584523, 23.23799886330162, 19.715522782472597, 24.615115887357856, 17.07003862346005, 26.965467575156843, 15.293192464218018, 31.00643752377589, 2.831344204309984, 32.9526371904268, 13.160560372785898, 33.16925452997694, 14.738474545649629, 32.25813405076232, 13.187293614897749, 31.563456756219978, 14.134596017967613, 29.05612035945629, 14.826534433740147, 29.27511377669863], [0.0, 0.0, 0.0274702764080685, 1.1248593902917055, 2.8677076280083447, 7.206704379443291, 4.755360444171245, 6.4512204059437535, 22.848111719957455, 16.944279423926442, 16.814873993492757, 19.65333881376232, 21.496198744486, 20.27780710642979, 25.41546994492944, 23.320812834085892, 30.97005864424424, 24.30699624096309, 26.443255032807148, 8.746709915058526, 25.93190692194131, 22.655328984305918, 27.889524501183736, 26.791820457173994, 25.544895642829932, 25.67460341196059, 27.913220311130658, 24.959340301240157, 26.106784481578416, 6.003679639619441, 7.392037496369658, 4.35750361862288, 7.444695063879793, 4.3541764340524916, 7.579267376113037, 2.4185226460319122, 3.6053450194444765, 1.1909498461290364, 0.2648636203107449, 20.29196910025625, 0.15506452467427, 0.3496618596127956, 32.71288393839032, 22.351325744623026, 30.47946568510358, 24.13105697159103, 29.667864805376617, 24.310500376194096, 27.186340941870736, 23.572975936073693, 28.166664658028886, 22.981595019202622, 28.774076683444083, 21.079753484391833, 28.38356637075684, 24.088137603018406, 26.639584409610517, 21.38961511379019, 23.838464574745682, 2.7734382331721577, 22.718298063402994, 1.9372585069994626, 7.2850802395621095, 2.3263388106320306, 2.5203212518364517, 2.564896802145003, 3.3706302263890584, 1.7224337015165203, 3.4190205347866525, 2.2193603821667436, 4.885084511495226, 2.9177071690819902, 4.955262160615565, 1.0795370628654077, 3.786121401866125, 0.029718937730342225, 3.772494888286392, 0.34128043920376017, 4.038950672178741, 3.234725684208604, 6.065748338111471, 2.133508751343468, 1.54663736442221, 3.3560231367001316, 2.385994137119498], [0.0, 0.0, 2.453286890370147, 0.5232558974494685, 1.5339490571474554, 7.30758047409249, 5.427303521772424, 22.704674457123904, 21.880616659988018, 14.871970879043388, 16.947835474069517, 16.174953252404524, 23.332005800623225, 16.512111895295053, 26.235719549912925, 18.841258825473993, 26.242521346495668, 19.725373539006924, 24.12450665099616, 18.123105592502842, 25.588545844682958, 17.524697998815984, 30.835820200113943, 16.50392901018727, 29.99990739517295, 16.618281680764817, 31.163934416555197, 16.28254289292447, 29.997589903559973, 16.907575733219293, 26.342534916946256, 19.807642224577293, 25.839035162320314, 21.620717635885892, 27.99517035673112, 22.898703800217135, 26.621973205691255, 23.606619645106495, 26.000028107772824, 23.449237727202668, 22.647601147714262, 24.928404108497034, 8.126431265536471, 0.7946025352493868, 7.020729273175414, 3.7288774403951574, 6.171790279388448, 0.62414090138219, 20.11571160768064, 27.195294177244612, 23.275818075562942, 25.339748906863033, 24.861736340657103, 22.677949991206336, 24.316386889914035, 23.985265946794012, 22.51623122893216, 23.92944226191535, 18.68951644810326, 26.852825473384414, 