{"initial_violation": ["destination"], "initial_duration": 35.96442914009094, "subsequent_violation": [["destination"], ["destination"], ["destination"], ["destination"], ["destination"], ["destination"], ["destination"], ["destination"], ["destination"]], "subsequent_comparison": [[0.0, 0.0, 0.010593356304491647, 0.022741161092510762, 0.40459013146002554, 0.951953815651437, 0.5973129996666552, 0.9470346690563849, 0.7923366028305634, 1.0098092563679946, 2.595286691201891, 1.336344108277854, 2.121599210133895, 1.181923814325892, 1.582462120146848, 0.9914814674466154, 0.8737078053357754, 0.7135932132552933, 0.6449089389407942, 0.499227148701172, 0.32124618225011503, 0.47568031743943284, 0.17367568149396542, 0.3309540388644822, 0.12806068954724667, 0.24190977901857275, 0.13751477294208603, 0.19929658320123506, 0.11855782868436245, 0.18217268834881215, 0.1206509257060646, 0.16998324359143918, 0.12913498258236783, 0.17799818705613396, 0.11917693798839082, 0.0542880359283895, 0.0444263071477766, 0.03600638393416483, 0.026716688977315006, 0.023237960730893913, 0.01687037063799988, 0.018567911194357477], [0.0, 0.0, 0.8497994034154135, 0.5706077366831116, 3.170887003969651, 1.9811349602328607, 2.335172149375981, 2.9096654055688536, 1.6695293958787645, 3.001271829645546, 0.6241919370647175, 0.42639760437207264, 0.37005114238456277, 0.14453243814276645, 0.16296332504837174, 0.5886541830532256, 0.06508001730967855, 0.1776253443535701, 0.11999626034314125, 0.7335166687768049, 0.26491134472750205, 0.5695685279025495, 0.09967421309145774, 0.4008643587693271, 0.1317579454276538, 0.3353431585229906, 0.11493974099029314, 0.2786693261478116, 0.10955068269803601, 0.2509584529102385, 0.07684039801367624, 0.2269533845365184, 0.08324618869928507, 0.19820112366678358, 0.06762843470839966, 0.041059287027920666, 0.03824933533904136, 0.04043946231340316, 0.03150652881906992, 0.03143163765794368, 0.024999026388957485, 0.02385302856782728], [0.0, 9.385703304198744e-10, 0.8636138670510064, 0.5314806167083967, 0.6375657531719223, 1.3504757281404147, 2.4177425289049803, 2.3026528677629265, 1.8181992762243953, 2.257925698545036, 1.3915248474335147, 2.6134734776799387, 0.9020196808138102, 2.3378335864972324, 0.2627406996803035, 0.21974611638311242, 0.23296547648023333, 1.0450222998606151, 0.3471009777333748, 0.5645319104749371, 0.33733014382225457, 0.45320302625320125, 0.19755406164655073, 0.3299107168637271, 0.17534627765731206, 0.2600733720606042, 0.1357389078462594, 0.22726599769150355, 0.13468786068545702, 0.2056832997370204, 0.14064659023413334, 0.19736801299188872, 0.12581647018187447, 0.1597587664321278, 0.10269575317727529, 0.043586661494505824, 0.04498828870055502, 0.036937998370319094, 0.025500992933324355, 0.027647490206369047, 0.01882656741581283, 0.015356156412111284], [0.0, 9.385703304198744e-10, 0.8594319844774938, 0.20402998504345898, 0.7085586735658416, 1.4235493824671976, 2.9528967758251365, 1.7664475950593694, 2.77974020636271, 1.8827170963409436, 2.0863532010039525, 2.1414089595822987, 1.402421975679646, 1.675030358096104, 1.1300678456200175, 1.2513502709001216, 0.8594303985036135, 0.7547981411316446, 0.7270163269938457, 0.9397227639353456, 0.09992272489258178, 0.42379100075269827, 0.4367782956811162, 0.1634696357094331, 0.03554356141472214, 0.12045005731298737, 0.03477151491232939, 0.08969491681090803, 0.02724358125079945, 0.08162911343386345, 0.2417175783502896, 0.33890528074266574, 0.21811313484276287, 0.09342024326842509, 0.016695521513328763, 0.013786945406700174, 0.013283479296576237, 0.013707925277436367, 0.013704790961460668, 0.013583761793604715, 0.013442587168088892, 0.013381358411876418], [3.7430672771336083e-05, 9.385703304198744e-10, 0.8498212307987392, 0.5280033522225799, 3.2201540656812493, 1.8941145210005272, 2.6562421393229814, 2.293715768410343, 2.4816406461990526, 2.653667856372713, 1.9243421546054844, 2.85435252353912, 1.4503956432356675, 1.9270324939919796, 1.3295782565366694, 1.260188601454037, 1.1552995627822424, 0.31239895120834493, 0.08699244075178734, 0.18529454437042114, 0.00578732138983503, 0.13107807913749223, 0.02054539308012873, 0.17774658831367296, 0.5419013011208501, 0.4279694513922939, 0.5459430527238223, 0.36382959769331685, 0.5022212739663352, 0.3415389971513656, 0.4847263854503655, 0.13617865848721442, 0.018263893920811645, 0.258278155690935, 0.37438231528132315, 0.2874828243870038, 0.19700588423447948, 0.14560224422279167, 0.15642000490264038, 0.1010089198989643, 0.12574451222866834, 0.08153949556907089], [0.0, 9.385703304198744e-10, 0.863549428697875, 0.06735109021082458, 0.06270631638797913, 0.04432511450115228, 0.478080336072552, 0.4312461320336203, 0.8314983406218307, 1.580779595272838, 2.183276841733777, 2.0642794795186554, 1.7809397962519102, 1.433089936502727, 0.2773458099732808, 0.4174848784150825, 0.061959064048523006, 0.1682496758881224, 0.15924663924225574, 0.7420323082847444, 0.5069470294084383, 0.5506152003891255, 0.40756772855465956, 0.40274755672512536, 0.3142145991973951, 0.16545873939739023, 0.04061377592593332, 0.14231732123090943, 0.0487793792249171, 0.30786995133468137, 0.1978966267899304, 0.2796113550038483, 0.03947118698857282, 0.09586267121013092, 0.16524556027927795, 0.11833038877413132, 0.08218291139809078, 0.057809820856637606, 0.060307147334157284, 0.04494326543092675, 0.03922989476009348, 0.038658694043539533], [0.0, 9.385703304198744e-10, 0.009461415959410663, 0.1887060912824199, 0.2806560288897399, 0.9718415297345084, 2.971550339785978, 1.9656422977795698, 2.0710365930665957, 2.625438895456145, 1.436220474873525, 0.4230214016529044, 1.05175268653252, 2.059537078215395, 0.8277308147867903, 1.3509203228033448, 0.7544552766921878, 0.7590174754550406, 0.6905320087589787, 0.16710900467438053, 0.06881003900192653, 0.11832820425390218, 0.0201519768890708, 0.07940141768679239, 0.029711599034057547, 0.03599220647555201, 0.023885451908227613, 0.372957373316515, 0.31484277938242267, 0.34718834662022596, 0.3110473068319357, 0.039391140733487325, 0.01601385902874552, 0.27067599057158465, 0.23407197108411573, 0.12542199662305115, 0.12239509487088397, 0.10509511757124426, 0.09735987180632452, 0.06668158777797231, 0.07836981726048808, 0.06848647033478172], [0.0, 0.0, 0.004910328298212894, 0.002080138709801048, 0.08893661512491623, 0.6072606867398485, 0.30262326007594387, 0.6345523766617022, 0.44167623152935176, 0.8987617950589488, 0.5128034044625233, 1.5211075402443042, 1.9561521587908965, 1.1745220479149279, 1.5684216606558006, 0.9650380046655636, 0.9920480073294407, 0.8476705158355461, 0.7623332692994227, 0.3398458213016702, 0.3391578264993985, 0.669202688571027, 0.3180471906407005, 0.5989902843193812, 0.25661315613063923, 0.11322652964375084, 0.11753508150523433, 0.11331446161913852, 0.1121670220357036, 0.11301475494074927, 0.09303186938454835, 0.11421662609569393, 0.07025731721461775, 0.09366375681639319, 0.05928514391881242, 0.11779560656898692, 0.09145532404228524, 0.07823519170623038, 0.06526222709520728, 0.050830938216566986, 0.04071152830969743, 0.03643527164589633], [0.0, 1.1465579506238112e-09, 1.1263159443426711, 1.340297112321836, 3.316503885182755, 1.5331100813656735, 3.134899596347685, 0.5141683647234704, 0.9827543290058437, 1.7341302763745152, 2.434920447352124, 1.9070663761895468, 1.8323742914607135, 1.6904693481241373, 1.2722723330851475, 1.6697030201453777, 0.22298019822783346, 1.210972044020145, 0.26462180578721217, 0.9087355757980015, 0.0226668742925442, 0.39149458828948264, 0.0974462091683451, 0.4247033050826445, 0.06742947560005243, 0.43077344284223956, 0.044717317407085067, 0.36413212805200007, 0.02315012582868047, 0.3458531215962165, 0.02112144600445889, 0.32436605319364203, 0.017903173147631513, 0.28578811049494046, 0.013263246925837984, 0.013084262591795693, 0.013033412852739968, 0.014096550041294478, 0.013012975637800723, 0.013113555131808898, 0.013016240573262429, 0.013222836021099728]],