{"initial_violation": ["acceleration", "destination"], "initial_duration": 35.81871581077576, "subsequent_violation": [["acceleration", "destination"], ["destination"], ["destination"], ["acceleration", "destination"], ["acceleration", "destination"], ["acceleration", "destination"], ["acceleration", "destination"], ["destination"], ["acceleration", "destination"]], "subsequent_comparison": [[0.0, 0.0, 0.041064623548093135, 1.4825745840598613e-05, 0.0012649014175741713, 0.5438305438372251, 0.001079017109566459, 0.625305584142937, 0.001079016378411743, 0.8119908198321142, 2.5138870588405076, 2.7109298055095374, 0.43329342695889267, 9.453283570684022, 2.5567108484006456, 10.981722752045709, 14.387272972832154, 18.19143774358776, 8.310181924386846, 6.955347771718968, 15.84919392806303, 10.605519438651276, 20.362661857115565, 26.61058544393022, 9.200015488680178, 22.55349614853646, 15.085576826086855, 16.875624289465463, 18.279596926874905, 16.11958107264142, 15.708333866856911, 14.491180895610439, 8.378451815835925, 7.47042801295163, 9.300132327892904, 6.200237000949957, 5.983855733653188, 5.340428296909702, 5.580491847562708, 5.193076075841698, 5.281688749880606, 5.137451519662273, 7.721776378217376, 7.633433862262133, 7.761130179136505, 7.723186834722924, 7.920858854985751, 7.7369859811615065, 8.158894386398032, 7.613753348964913, 7.427069258143554, 6.895575842757484, 6.457122549118975, 7.920699726256872, 7.7295232226287025], [0.0, 0.0, 0.052428466802699976, 1.850795587981603e-05, 0.0028109110722525713, 0.40006485150879373, 0.0025307521128322833, 0.5055270338469353, 0.0025307524879973823, 1.5988963520011825, 0.6104297700528618, 11.049441903297504, 0.31193202479271925, 43.72791260340525, 1.0017442768515352, 10.877991723477603, 4.736663027739743, 12.354508426095233, 7.4447833360758455, 6.504508431546966, 17.585672918007624, 10.41308457307158, 21.76817770958094, 37.78126441027371, 12.167407225892513, 35.20894092532378, 23.72541040003087, 28.467230038844075, 25.28972956787045, 22.124568605755282, 24.52240736499775, 25.00369228970792, 25.75255785987042, 25.826472642497563, 25.27630134502849, 24.866878158104587, 23.613399223582164, 23.5551613101246, 23.582551816665504, 22.038581573539943, 21.635734666510643, 21.4914248178246, 61.52042132404902, 62.14156120901385, 22.444262862027855, 21.659062666686886, 21.89222645941837, 21.381801362365945, 37.565128230516606, 21.222346462454475, 21.12176036961386, 18.860335956705185, 17.978059356687226, 19.547368323379953, 17.2601212849696], [0.0, 0.0, 0.04106463158536046, 1.4820669186013543e-05, 0.0045532807842751655, 1.1695175576870112, 1.1729167610035154, 1.4168058136384498, 1.4592159238916078, 0.20545723097248625, 2.03499107013194, 12.244113692185556, 45.401848216261584, 20.719751790626546, 6.959936892703137, 5.516500953887336, 23.745342308243337, 27.396594937606196, 38.81273353351752, 4.316620311063766, 13.01280745158226, 16.735947344511995, 35.55123801255802, 40.84020098178182, 17.187056583339853, 45.481841678054195, 49.01964860188274, 56.294344744468006, 35.14803027406265, 37.190465098198075, 39.544925248316844, 40.064512403831365, 39.356064524226156, 36.94681350305912, 33.94939246552487, 34.11758308839857, 31.768704885613698, 29.51662527835616, 30.041457837758188, 27.439965860072345, 25.887870495952278, 25.744421309557016, 62.89999037235685, 62.29672880715923, 22.96419192436102, 22.135884066070677, 22.377255221688557, 23.150203746725555, 37.77850924823142, 22.05861298170255, 21.476502760052835, 18.857660178068798, 19.575528521884863, 18.19556566556615, 16.14881461285618], [3.8555447003511227e-08, 0.0, 6.062545145997562e-09, 1.1135020557640856e-07, 0.002953848531025227, 0.18258609136981255, 0.0023278949695778183, 0.39826415191595294, 0.00232789459441061, 0.31696255380145444, 0.31696497852941086, 2.301322769995843, 3.9280431184166513, 8.247251596814255, 3.575052310000866, 22.704619869260334, 16.705263576510898, 18.304338315958784, 7.963561660238786, 4.994090140105771, 12.752194225754707, 10.410035980070438, 21.774649455670822, 25.42641429161881, 5.173541622855946, 15.68719164261977, 11.395079390526135, 14.057398506541691, 11.194686873730506, 12.08240619313525, 13.398164181508477, 8.408810779643972, 9.306580717517427, 8.862198310889978, 7.559935801314033, 7.68151963754418, 7.513195146475411, 8.034550784695398, 7.292921142257522, 7.764584798177664, 7.2606317885342815, 7.115887826234444, 9.733440582499435, 51.42194242611685, 9.122505747002691, 9.704051401859575, 10.40324922636708, 9.773157275703502, 10.151520546132625, 11.853849779953844, 9.027905387844418, 7.160523660709973, 7.633586773531712, 7.109327483539102, 5.195466592557132], [3.8555447003511227e-08, 0.0, 2.357230606874985e-09, 1.9502954318826343e-08, 0.0005090023433240019, 0.31417332219208155, 0.0004543576274189468, 0.5903623413631395, 0.0004543576274189468, 2.5176841448557736, 1.195449782743453, 17.554474865624233, 44.27732365465956, 3.101196535255067, 4.203266307551114, 4.051952832599578, 40.80748205151399, 26.078222238002244, 11.984578473147998, 1.0258021037049772, 17.820702885295486, 5.447374683948456, 30.179826673232597, 22.65581568966227, 7.0856354741225225, 28.018738415659165, 16.22015960725301, 33.10651071986259, 25.2799305929637, 27.80338255139666, 27.919939298155665, 22.945059352048354, 22.691532425181226, 21.38141316393084, 18.950117143565194, 18.933632462688536, 17.23020259300775, 17.18053570679249, 18.322087396163038, 16.37666823486971, 17.06204252817531, 16.917465581331836, 18.535088856677365, 19.088010286974118, 19.419642979921306, 18.67863592800976, 18.8973115294128, 19.408408325617902, 37.11877310089556, 18.118880150622545, 18.63420118604284, 13.920866605732098, 15.207764220503455, 14.217562913383894, 14.819787145484694], [0.0, 0.0, 0.04106461719930305, 1.9527954555392227e-08, 0.00032816679192166595, 0.22286119618096562, 0.0016394123526843746, 0.44707076360013387, 0.00163941342466117, 2.517951184577801, 1.2098867700836047, 4.57895947690174, 9.050074911732072, 12.443993003696141, 5.678380794994926, 15.78967804022152, 18.579165234026075, 23.5373987761839, 22.409538450503067, 0.8160289692120589, 0.7391843626205977, 15.309407949994018, 0.8326309531925189, 12.269770466733277, 1.0792208051536285, 2.1907454017603176, 5.220193947256042, 0.9302314116373882, 0.8105044923316473, 0.8414554480501055, 1.2348678666282078, 1.898918015807225, 1.9139515064588326, 1.251947531263072, 1.8940726193665265, 1.0024130182163955, 0.9769103632211424, 0.8791941564385792, 0.983465955711504, 0.8918115920092364, 1.0575267259522132, 0.9404072714751007, 3.0801843841554093, 3.0353342004739856, 44.771706695927406, 1.0786737184827249, 0.8504423190116833, 1.0840586140503883, 41.00369776649045, 5.687914954287925, 1.0947444460869107, 1.6637579947223755, 0.8333549680388007, 1.9449374363250482, 2.0221272593582413], [0.0, 0.0, 5.585509601931626e-09, 1.8551856041723678e-05, 0.20313058217893143, 1.0754259485475275, 0.07602885532953536, 1.6239108630895362, 3.0165185978133895, 1.5444490825801367, 1.54786220929095, 6.17820480282952, 2.016821738345187, 18.94613042497214, 5.414476224598492, 9.487894679798382, 20.900481088760284, 32.1179540803034, 18.97496963023238, 2.3766533035491233, 1.9076643450827975, 16.614951407862, 5.5095756122815, 4.271247035885123, 2.847724392840277, 9.837340865664908, 5.154778446059635, 9.064627499313605, 4.6972412749891665, 4.963012481727738, 6.461368351300627, 6.488294832613523, 6.750881185571171, 7.5046443102573415, 6.810134919002381, 7.279130719383401, 7.216066139365816, 7.889869132613917, 7.551194802477113, 7.912148585879595, 7.625187490813756, 7.7693459810615115, 6.1441727319772115, 6.404245365171714, 6.970825467183939, 6.788151640560869, 46.40691527443823, 6.390540788664745, 41.483550194412345, 5.597992590685806, 15.911312947128938, 4.07670813461555, 17.837179964955773, 2.6627752217703575, 19.47087515310717], [0.0, 0.0, 4.072872848374746e-09, 1.8525809644721668e-05, 0.23931741658808672, 1.0208461929275836, 3.48463111294597, 1.306263397867194, 