{"initial_violation": ["destination"], "initial_duration": 35.94925355911255, "subsequent_violation": [["destination"], ["destination"], ["destination"], ["destination"], ["destination"], ["destination"], ["destination"], ["destination"], ["destination"]], "subsequent_comparison": [[0.0, 0.0, 0.08180876187420436, 9.853668083361232, 6.903076592227381, 4.292168016875023, 3.246166950101916, 5.463184998810331, 1.950200509717838, 4.428659635090506, 15.122170294616648, 37.090680716168045, 3.970561607734893, 1.4756791070407762, 8.279861833303352, 1.4249003182428943, 9.87988035580675, 0.7313726002536316, 7.580603143559543, 1.8234093291783553, 5.5052597320750705, 2.004703596959454, 5.618929925573496, 2.9087157392679757, 4.58208582790257, 1.3261118716455056, 11.749719075896957, 0.8331626127731189, 3.508224991893777, 1.0330798367161929, 5.0416814307162925, 0.9422638899058849, 2.7147205839848794, 0.564570484199568, 4.085696343101528, 0.8876886020834837, 3.100631858334056, 0.43024521929308696, 32.82289469608155, 1.3951766809774977, 4.504608773536302, 4.287339662704343, 3.0747909468515147, 5.963174364308361, 3.2132473842649447, 5.242986649889055, 4.2986062741966355, 5.256299617500035, 4.277160794442227, 1.6949909404372832, 6.049357571323886], [0.0, 0.0, 5.162937220288188, 7.638741329960202, 4.039833920431448, 0.8669854662727015, 1.036110272318644, 5.191424411977742, 1.6930374490757485, 2.817771197020093, 13.931140178746869, 34.98993691986811, 3.885165002928558, 5.036340191745762, 2.425283256409321, 8.722127701418442, 4.802739371672149, 3.090226057532423, 2.924782682297789, 4.049239059369656, 4.142560414918585, 3.499110810395171, 5.562929076895253, 3.6642673959179466, 3.4358958989683233, 2.8661178088115076, 10.574307258233405, 2.8848539708213004, 2.6432406392911725, 1.1711447411247804, 4.721543764582562, 0.8538036653199151, 2.9744265675593327, 1.0361017723831978, 3.9987001659183856, 0.846730647937265, 3.20107025629203, 0.14432472308290484, 4.204497538959863, 0.36079454971372926, 4.302767163898247, 0.922212608993058, 3.5668812274399704, 1.5486842669111438, 1.387920369105606, 2.5491513771607215, 1.8450939431162967, 2.9903445132428916, 2.480238350394704, 3.5509234731169905, 2.0088758215260176], [1.0966268259668318e-06, 0.0, 4.825556402408281, 3.015489279219992, 2.731934944727708, 8.52698194613168, 3.1298859831067385, 5.968193532876882, 2.4352196291187282, 5.822733781446291, 1.7499836208274075, 4.6549405701211874, 6.1676037632182865, 5.309062442453642, 4.223364963017589, 6.785529510485952, 16.58370711294267, 5.558647537588476, 5.242783515713479, 5.500890742251741, 5.420606453013267, 3.8487618445372274, 2.04615880528383, 4.496495178542847, 3.6137714418837574, 3.552643867737538, 10.860837465186394, 8.913682318186595, 2.581413468505763, 1.807867673981854, 5.800716392569865, 1.6419347645473437, 5.934244450430632, 1.7408095510020218, 4.795036519613809, 1.9159465978588563, 4.515869827462721, 1.0444518739532844, 6.162164834930515, 0.9446564289325482, 7.106852493554733, 2.2655587421955836, 4.626450204581559, 1.2798100404784276, 1.739751315537244, 3.6460922534345372, 5.3060639839257355, 4.245483601445822, 4.458673785435361, 4.75509693192661, 3.797824873884917], [0.0, 0.0, 2.6986765528526027, 9.053678028517892, 2.5550037494459326, 1.459946063612109, 6.278332273317859, 1.8823821671991536, 1.2221545012238417, 2.5102175414061714, 14.540837146980582, 2.0661074690397476, 0.965480495370772, 0.9838452740724345, 2.2821560193996233, 0.9467079630298385, 2.2341694332119024, 1.9851646316970752, 1.5103539603983143, 4.180737978960903, 2.516337892070754, 2.368183116190786, 3.1838831719156393, 4.6043805400799265, 3.2202372259874497, 3.1413703402535726, 7.5212918851799895, 4.346980540629828, 3.7472732359175285, 4.273069132572621, 7.084563366583128, 4.4511864232044775, 3.498408083476197, 3.8398098705398946, 1.8806652133427324, 1.4436248771884397, 1.9455079990938857, 1.7759204519645317, 32.56307957703678, 3.8678566445725817, 4.2938478392114225, 1.5904791556518556, 6.190996903758423, 0.9899810111645271, 4.343469446482558, 2.293912110159123, 4.613356684203581, 3.9563761349086484, 2.6414402754807402, 1.2093276983875334, 2.5306974682421446], [1.0966268259668318e-06, 0.0, 2.6178377525450958, 9.30378265211283, 2.8107992231263483, 1.1458932203052021, 6.087877028744899, 2.607541654637887, 6.148242667538716, 2.7304264670640914, 5.548736281282086, 35.45230096394805, 6.472324378400912, 5.682396259677287, 5.538104473447448, 18.722450488310542, 7.024165454121649, 4.017175207662283, 4.390725448602208, 2.9345283769127204, 3.911143714397744, 1.2240017784498889, 6.994471692574147, 2.7619828954468155, 3.047589639544114, 1.4632696395110143, 9.673958492766518, 3.801364734040807, 2.4973268384318272, 1.6582843095544766, 3.6880212065772175, 2.9330226375400374, 1.8627534942297022, 2.6079989360217493, 1.8058318772620563, 3.2276564695903875, 5.64737374781016, 6.422667611791974, 2.4622036530654547, 2.124618091693736, 1.6310694874346103, 2.6319549489376475, 1.5887205658388068, 5.932745013888824, 4.817304675407719, 5.0545961132726225, 4.574882450237149, 4.6451251719479965, 4.103248987897438, 7.021459383930615, 4.27869609356571], [0.0, 0.0, 0.7723730639142892, 9.447516456432963, 2.889674952775634, 0.8627386594094312, 3.921144364553244, 0.7500470614637684, 3.73730979791014, 2.5144330195525844, 14.676552617034696, 34.88558572546515, 3.162045879669632, 1.1092230829668146, 1.818675805857247, 22.671651562834196, 2.1600982058409333, 1.3300805085337148, 3.804008871387687, 2.213930595686186, 1.1988253974225855, 2.075982044535493, 3.891782295444583, 2.4040244049695327, 0.9709150367773614, 1.7138353765330743, 0.6409203659018755, 3.30050511633725, 1.6178441490437088, 3.028023499808795, 0.8669449939936691, 3.641599045393529, 0.8718241569240945, 3.9447345008306027, 1.2001841357484269, 2.8965425493529784, 0.9004389683155117, 2.670583484739344, 33.750779539678646, 3.0174570224435433, 4.003420246617006, 2.1640701623125236, 4.446133361920165, 6.563450361164397, 1.4376008974116203, 1.857591766230941, 2.3606394500929224, 2.3826759385695953, 3.1856075792174203, 3.0623702831812016, 4.080313817033731], [0.0, 0.0, 3.5316524424327325, 4.240146884431546, 9.12996577056489, 4.744659455352952, 3.4718799817177435, 2.6884440751275047, 2.0409128793928297, 1.491133460853471, 13.80770595489072, 1.9711443805172444, 1.3490411530654989, 2.295328786831351, 1.6942926787215862, 1.2579454645380637, 3.8216648981750194, 2.0706734614377433, 3.4266693304520115, 3.790891011676735, 2.5738733324715044, 2.3328278605564923, 2.915039727816986, 2.79677835405096, 2.802528444961732, 1.7840852871614146, 3.847182567254125, 3.9299705519623633, 4.362836761727729, 1.5945570619801555, 3.6282318432309912, 2.0041637930227383, 3.41796602665651, 2.9047210539015897, 2.654302630897307, 0.42224495756660974, 1.7308235229784197, 6.603929314106441, 4.9148387453293525, 4.450938644356003, 5.1452901638989665, 4.958872013230072, 1.9456567183221736, 4.5839490073170905, 5.688095023821399, 4.580982314067796, 4.139418678698216, 1.6027204305863494, 1.2789981155910852, 1.0365931385099394, 1.067579595054683], [0.0, 0.0, 2.8975774321180574, 3.8609980295965247, 11.274275875924788, 2.8157384956315554, 7.29995464809837, 4.417405192822128, 7.297531976772591, 2.855639994105433, 6.347951529193508, 3.956352967746105, 1.3228384710567538, 3.9176184512069154, 7.000602375531295, 3.6660456675815714, 5.3423646108426945, 3.045978369977193, 3.388946608950088, 1.2506791803425266, 1.251087517110443, 0.4158614042336829, 1.6609514763297109, 1.6321269230524238, 0.8394657684224255, 2.8158603383944114, 5.521061849696483, 3.635593467452488, 4.609778251189886, 2.749617954727114, 4.26517130992858, 1.9895709029863262, 1.8989423987993488, 1.6863331482589106, 2.455939719541349, 1.544344098761401, 4.518235808852555, 6.5925665501771995, 6.287070699474489, 4.649887285864874, 6.8512896221608335, 4.004896470659094, 7.510572822285074, 6.06918520147326, 9.961427207626299, 4.429738931734367, 10.131085087292494, 3.819347537389753, 