{"initial_violation": ["destination"], "initial_duration": 35.869460105895996, "subsequent_violation": [["destination"], ["destination"], ["destination"], ["destination"], ["destination"], ["destination"], ["destination"], ["destination"], ["destination"]], "subsequent_comparison": [[0.0, 0.0, 0.11530252788094834, 0.3356147540668763, 1.6854459967385114, 0.7117239004220384, 0.708029405580874, 0.28368311170592464, 0.22342213834673816, 0.4022294687629849, 6.297834631178128, 2.768398205581478, 1.8820454136674385, 4.335619094006231, 2.6300925400659203, 5.7201291911651895, 1.4203587913231481, 3.443891595678239, 0.2533229851017442, 7.973481172347214, 2.5618789815133693, 13.140183032915655, 11.32622567938351, 15.380299342285873, 11.034082521246848, 11.013710407879612, 10.721290445766861, 7.595409424087909, 0.9835778960505385, 3.6624754003170237, 4.538985908738297, 1.3476998311859572, 14.96012424919048, 6.122272820105303, 2.7596270765401334, 1.091528075760962, 17.487027600930272, 31.14254412009539, 18.346459445197194, 26.830911377208963, 16.11584032263673, 25.747551811926, 15.356288965375143, 24.39492204501162, 13.93594206006977, 23.210000534103322, 17.083046708771718, 22.525607074316067, 15.639159104302385, 20.162085930192617, 16.09367619315618, 18.967978183399502, 18.002274650421864, 18.002323843653034, 15.696373583623425, 16.22602125390489, 4.95885200341568, 16.64538007975509, 15.704437697542351, 15.135107696418624, 4.071401471863934, 14.297201797753518, 4.898666764159269, 1.614375089444251, 12.12653448763964, 11.187633003754254, 11.130919709232986, 10.28874049597493, 10.132252188122779, 1.331290399419571, 9.252915162707417, 7.238439639590418, 8.072882024343894, 1.071804920742872, 6.560062049645235], [0.0, 0.0, 2.169363452514635, 0.4456904127817732, 0.918885859598829, 0.9996406741716385, 2.278293549214146, 0.9779300785390979, 1.3256682605580592, 0.3381823306885135, 6.749459405717416, 1.1619836228976403, 1.8671374850743763, 1.0504691099011183, 0.4717853270878418, 0.906818477771366, 1.662364705016847, 19.531858673546793, 6.905478073790204, 26.459805711323437, 6.708575247956499, 8.752551337062247, 7.875110502623538, 11.917027156470764, 4.191157851778386, 3.929117623122596, 12.360596271270762, 4.004679783404017, 6.7025059627383845, 3.543891883422371, 8.588746886442484, 41.79907486184684, 19.8115099335248, 49.31200340641083, 17.27660577548683, 43.80345158084242, 17.79957155154604, 14.687203636622638, 19.26053821061152, 14.033114914855325, 17.42586397709162, 11.391527456092899, 15.280125548835574, 10.33115949416533, 14.287294362507138, 10.827928440038997, 12.510775127867038, 10.149358742592213, 12.709834905177315, 8.661269284659488, 11.729954294627262, 8.399342926409465, 9.735722087512155, 8.040241693715558, 6.000614451096207, 29.24587302047085, 5.627394309181528, 28.301070443194714, 6.540816192311479, 24.68029062894271, 6.322202915768432, 22.453077346246186, 5.035761291394022, 19.801335145284252, 4.650174002528863, 16.943713652249556, 4.095710336971974, 14.998248215080975, 3.8306185347116393, 12.537814889032513, 2.7154327967475913, 11.547286427616152, 2.230165974702334, 10.143668074649696, 2.2614087008904504], [0.0, 0.0, 1.5608840463238913, 0.19936362010267178, 1.0598935143041641, 1.031702397858488, 2.210375518620493, 1.397885482031727, 7.14091295986537, 14.527885398625928, 13.134465841954869, 13.993986965905616, 19.555449348589757, 20.545465200412064, 14.33768999593975, 16.27970819464786, 18.721083908097892, 6.686120998708266, 16.00900631865124, 12.090551765246577, 13.139995084650783, 13.321881397038487, 15.497419671760516, 17.114792966765425, 11.929482518601114, 14.61680218734644, 8.214124373208405, 8.769796143212043, 19.698939872300226, 17.25220053776115, 6.000989027890376, 15.987071116218718, 3.1704640367906114, 17.93148273687489, 2.166855248026886, 11.337697249970237, 3.214583603738828, 10.997987743146465, 2.0560588604130587, 8.627167070209332, 2.546272903856815, 7.462273683245834, 2.2736458431395046, 6.4597237519599116, 2.195205226813831, 5.440739557185666, 4.44543042485245, 5.973380199249732, 4.1416641529168405, 19.051912920734274, 11.467352851185, 17.916935250332163, 12.658580550215047, 17.773490323432885, 9.979827869148831, 16.84464913114413, 10.30867595568439, 15.381412188684857, 10.547968813008758, 12.894004489662018, 10.260117627665675, 11.563735065230206, 7.873893637493095, 11.29732326601636, 6.683094513699558, 8.323580123406428, 6.417807192396087, 7.004959515050879, 6.109793885003613, 5.081194505044997, 5.689247476379573, 4.208944114944187, 4.551480858856932, 2.1937615562859794, 3.4628707811265613], [0.0, 0.0, 1.4491054951332543, 0.262910566332714, 0.6553397913931136, 0.23796287385000398, 1.6319056560848535, 1.2418042351026974, 1.4648323640745473, 1.71549202065851, 6.369846797037303, 0.8356089772096056, 2.567831826385561, 7.816309248885332, 1.7283531870816142, 11.880572617096792, 2.8797472881798667, 3.1709346914687497, 3.8735347768970922, 5.022129175671206, 15.340273926683029, 18.359795188396877, 15.077628059423896, 22.164628949969305, 10.997886231884253, 16.58837317269058, 7.42735577701108, 14.983374062512725, 24.14535276065057, 30.478575910913374, 11.825799641563073, 32.089256860937134, 19.136787000568265, 20.731750504626305, 16.019394562741493, 13.98594105005983, 15.289821213383858, 14.369690964244398, 12.469618065258432, 11.891881790223582, 10.63154430642837, 10.441188589667696, 10.582406500660289, 8.80258840728009, 12.13694560947885, 8.50206901490938, 9.119028213359064, 7.9221204147316255, 9.109140535776877, 6.884343826156175, 8.199463888374389, 29.652669357340447, 11.163216394029243, 28.44482150285646, 10.491450738387625, 25.23674938969691, 9.256761103772114, 22.441700617021095, 10.606900512445648, 20.331903689315787, 11.038369165628849, 18.71009742710944, 8.729557659282225, 16.338665586845732, 7.449461934747847, 13.423957029747667, 6.893028829429917, 11.67275232280952, 6.694811644728876, 9.86909400555749, 5.701921324456587, 9.138179767457952, 4.910810409394585, 8.106394074749346, 4.303489414316818], [0.0, 0.0, 0.016811411271168947, 0.2032090290334586, 0.4537288663377884, 1.5620706804435598, 1.9836396939477028, 2.507711191937575, 1.068146863544686, 2.941579715794025, 8.782142003923358, 3.445703122909706, 2.009779192332121, 7.744397644603859, 1.1637656502262756, 6.11287182383241, 2.82109483860763, 3.1734887973982584, 2.699509774689056, 5.495814808398536, 4.243549472229922, 10.691219148231779, 5.396719521395492, 15.446981045866872, 10.136989871086113, 16.881502596232053, 8.402910011047473, 23.524268782247155, 13.769806076399808, 22.956205202012622, 24.51471919864344, 22.594260620233605, 21.994867078261493, 29.93085187391928, 19.912105968261613, 24.87646900515903, 17.543279092054924, 23.849763288178778, 15.020507366788404, 22.644621294198434, 13.353506915099736, 19.338610757195326, 11.806592424195085, 17.829892122235524, 10.278949455458736, 36.56082270391297, 0.9583482061648205, 34.488121113384445, 2.4322021088225023, 33.03320002033242, 3.436596775323219, 29.963558576750454, 3.223418778011216, 28.80150435802316, 4.311623511578283, 24.166622850499664, 4.13477008388588, 23.69905297008273, 3.9686876859234843, 21.088223695507477, 4.410250376453429, 18.965873062179053, 3.0047450037495693, 18.051844765952154, 1.893259294574356, 15.538625264152454, 2.070981416713064, 13.8194722360144, 1.3685627851927773, 11.567586042281782, 0.9684649535868297, 10.7170425712486, 0.93062595195156, 9.553191503707051, 0.19698807145697303], [0.0, 0.0, 0.025351713691907453, 0.6312884041596111, 6.284603994390597, 11.566987404025285, 7.281153886264013, 11.612061666371995, 7.6628043637730965, 11.458124362700083, 4.548798207253403, 4.802460710669777, 2.6493374273462638, 8.790101535216424, 2.665056461134201, 2.732388352479125, 9.096463389406578, 15.304533052611333, 10.855257886069612, 18.581972738516544, 8.633919726971687, 22.31044641247892, 9.739879135248907, 13.501606107507381, 7.818750538698645, 14.346262171477317, 5.2832653960630305, 12.755925992016218, 21.095836752711204,