{"initial_violation": [], "initial_duration": 35.259618520736694, "subsequent_violation": [[], [], [], [], [], [], [], [], []], "subsequent_comparison": [[3.3426796311991236e-05, 0.0, 0.04482422367865228, 0.0516861045153711, 0.45055442311700494, 0.26301862920415675, 4.7397058539258, 4.838263662539149, 0.7898822206276553, 7.163427340951255, 0.8241043910237554, 0.23234499138458206, 0.39782967596838414, 0.12581592950485507, 2.2754371476404947, 0.6578074832860948, 2.289142905565325, 1.7720198413057704, 11.849886515326645, 13.868761059248095, 11.999242160787423, 12.708722984624062, 11.196891931299852, 12.126862544597104, 9.764634258070853, 11.77307054281023, 10.17388690440069, 9.810394885985584, 9.430279122963285, 7.673083695759628, 9.938630735106036, 6.761479729849217, 9.543035512553772, 6.3872244579391735, 8.068301926454682, 6.453792054214025, 5.584741631687697, 2.8200831832701354, 0.987662808521559, 2.5449428929654143, 1.012642145253277, 1.5027050653152714, 0.17420050612028531, 9.185631657360377, 0.09715035921723007, 7.917587563246443, 0.32963922671982365, 6.682866319265154, 0.6846774312836391, 5.217439559846878, 0.5669215250910701, 4.191373297196339, 0.3931450200342543, 3.440610475058698, 0.9513104296980813, 2.769375746807378, 0.1616192690449896, 2.216874080358158, 0.16930618423627317, 2.003998188299293, 0.04032393611999941, 1.476518815153116, 0.10652369099675545, 1.0466496325887955, 0.10591739051326303, 0.7690171833030559, 0.11680918475423689, 0.9411253925723233, 0.05218251442079625], [0.0, 0.0, 4.947510575187183, 0.3276018578670972, 4.924417916903491, 0.7942576475786686, 8.044161386564204, 0.09742937864130517, 0.4711421701777427, 0.059067450968508003, 0.8511372435880288, 0.822772910066548, 1.6350576965490367, 1.1448769733324828, 2.067393943893119, 1.5275839199868757, 1.875151657669443, 0.26935235710474575, 1.8215372015209297, 0.12889641907387162, 1.6036734753684163, 1.7040042235397241, 1.461276520041758, 0.1559333784664072, 3.056492869204713, 0.6966840922604999, 1.6920087788544507, 0.27436566948780744, 3.8650401489254214, 0.6313312871203058, 3.170799712698894, 7.372329779017864, 10.75407971849554, 6.826203542212344, 8.164618219260507, 6.53487944670463, 7.715764094804479, 5.373390319796813, 6.8243414667448326, 5.175846177301155, 6.479541832536154, 2.864246472236945, 4.0007328638767214, 5.512971833045716, 3.901071318507351, 4.034947808746481, 3.8462096227272706, 4.574738439936838, 3.262658211782846, 2.3335029969501706, 4.235283836960266, 0.9133224740176485, 6.062524773771049, 0.6682345005747475, 4.967447450657087, 0.6370136420843316, 4.102879260869761, 0.6253271405561561, 3.192839608665336, 0.8360792942266116, 2.4345916674594203, 0.10005827443949897, 1.910609563550261, 0.30250101007377034, 1.5035075064904682, 0.09722752667897529, 1.051261714995958, 0.050495227937782175, 1.1725935739636222], [0.0, 0.0, 0.02675412562845637, 2.8896708955572863, 0.21886115362471764, 7.464290980544427, 0.15263494046913334, 4.844519140271088, 0.45251025185425686, 7.091003833120024, 0.4354720488751937, 0.42228820865263667, 0.2836418109813453, 0.1001967768778862, 0.32835736407585736, 1.7173345296672955, 1.4957909022914007, 1.5042232166041074, 1.5729854886315942, 0.5092078598187917, 0.6879284419849473, 0.8185147187414796, 1.3942270612944208, 0.13813013791799186, 2.448490517949024, 0.3647876808089778, 2.182462640702783, 1.0170435432174496, 4.702035569909547, 0.7129576780935304, 4.7127932502015915, 9.078512188140763, 10.831472223889955, 7.956590706851906, 8.51159397882901, 8.031139353060006, 8.346958280830577, 6.734581621584248, 6.901609751223341, 7.0350019686071485, 8.459897345513252, 8.773683155189843, 9.083410134434613, 10.23092458718395, 0.4151751842326675, 9.226613569377712, 0.24385853053541864, 8.088147444669472, 0.06307888685924175, 6.488368511922299, 0.0416863225842679, 5.370508587599885, 0.8597529996963977, 4.29253251850594, 0.011854517746162991, 3.534275509429574, 0.009812720123193742, 2.774956360093275, 0.07789829864745529, 2.54397070336508, 0.04239457706909908, 1.8535328531326736, 0.05620506439873039, 1.325335646296486, 0.04812025518691458, 0.9509432638753543, 0.05256702865802011, 1.0981386387561332, 0.10307524871412779], [0.0, 0.0, 7.703627624047711, 0.8314595261044723, 15.67544925117232, 8.021202177420713, 19.542602328117994, 14.486638397131019, 13.254031038818647, 19.549155123199487, 20.961150916193127, 21.779381267516367, 20.586142018357982, 18.976650127321506, 20.444342604126383, 9.921790483015572, 12.156256865604844, 15.604219473631495, 12.014235012277277, 5.085490868863737, 2.0035566476008966, 3.444997032695501, 1.1036120860910874, 2.1056026271139814, 0.23905156809598907, 1.5887289557386401, 1.7544950851004852, 1.2809612735646623, 3.4208278432065584, 0.32824648471892676, 2.633406430718135, 0.1925251405327997, 2.355760961357956, 0.7033563683463909, 2.6448714748492583, 5.9563016311313435, 8.136225946930855, 4.851260736103055, 7.136861339532399, 5.252347587675823, 0.3567516960819466, 7.372440631950212, 0.20754099768730902, 8.694611840545829, 0.13354814713916996, 7.320246210250427, 0.46591926985407456, 6.600755968888814, 0.22068767915021326, 5.3243728641905435, 0.08243377473173817, 3.9801155463796283, 0.09991503848013489, 3.010851572021984, 0.925063165207082, 3.332189501933418, 0.43498058100941656, 2.505918158089152, 0.6414122987532338, 2.2730623389589417, 0.4382231477783282, 1.7115250552432932, 0.7042972869905225, 0.9943850894004768, 0.10510984976345769, 0.7270330034430553, 0.1507695501810577, 0.9277160592908154, 0.13518697308085184], [0.0, 0.0, 7.703544564487918, 8.973810428263715, 9.903768568441228, 8.084313414994298, 12.163457762384702, 9.203920703813184, 9.639558083604737, 35.444563294888745, 4.484323537749299, 5.494946455565633, 0.5062753302338003, 6.0828500471875655, 0.7205344826128043, 1.283569233935218, 1.984046834311734, 0.6661585536059813, 1.6404977530476879, 0.12408060458052249, 2.939854302988028, 0.599581885118266, 3.8007714728172646, 1.0663906353968275, 3.673337227138905, 0.23703516125611823, 2.7627999756062684, 0.5450819219024009, 3.9588779744582157, 8.08038096996534, 11.991193445237428, 7.307644811977054, 12.387176948966774, 6.308983948872678, 10.82427875563254, 5.659474979571127, 9.74181560080795, 4.969829033892395, 8.573043737400033, 5.19479350561854, 7.510021564452044, 2.5317548992954295, 4.162216298062567, 4.916950332381053, 3.7383323267000255, 3.674260849152461, 3.3960282580879957, 3.8883454479299098, 2.9138703666031596, 2.4715169305875433, 2.8060973732923404, 1.8551029201364866, 1.3685833133696426, 1.811739586390643, 1.694856797031388, 1.2589203114688847, 1.271111694337581, 1.0472003174011324, 1.074374916384273, 1.2042532384751616, 1.122419148279585, 0.9513181840674048, 0.8549037179675106, 0.558523339124985, 1.2738574159053873, 0.8345455608060098, 1.1820555028621444, 0.7028899022120962, 0.49793273577021485], [0.0, 0.0, 4.886412411628899, 4.819329787519861, 14.894398906147185, 8.01340643057578, 16.069285024166813, 14.416719029978944, 9.498186522197278, 18.920259384584877, 9.707930868592983, 21.05365799251073, 10.501294520670095, 2.070005808187336, 10.157880476981603, 0.23839744656280712, 4.002595703195446, 0.13311601752324392, 3.8428482019063757, 0.37410752689789734, 2.4732200816903505, 2.0210044167458756, 2.7126102415836515, 3.3637536986200214, 1.3306297885113303, 3.9431175461560954, 0.6231443393413477, 3.825197613686409, 0.8065145400967798, 2.6105738938978402, 1.2194646354777108, 1.9190549889538504, 1.3802920710347943, 5.1890258797770015, 7.066454068294826, 5.234897873719006, 5.781472631966929, 4.190666801665095, 5.068124519068094, 4.565044795017474, 1.3144395564066376, 6.925248706205546, 0.8352991067509926, 7.886408761290378, 0.71929668366216, 6.73465656866014, 0.7649055972553528, 6.240339715868759, 0.950546842893162, 4.188771382053256, 0.10077649317411749, 4.208340309925624, 0.4075450447384936, 3.054051676073877, 0.0764335441375532, 2.9451334794531983, 0.34877146074078175, 2.229173207780976, 0.7329335633390938, 1.898588224158689, 