{"initial_violation": ["destination"], "initial_duration": 36.20009708404541, "subsequent_violation": [["destination"], ["destination"], ["destination"], ["destination"], ["destination"], ["destination"], ["destination"], ["destination"], ["destination"]], "subsequent_comparison": [[0.0, 0.0, 0.6819709855720043, 0.024429106070334737, 1.2974018727344843, 0.42159548588359314, 2.2235424472331835, 0.4926179226857379, 2.427602324762093, 0.35177863689837946, 2.588938804200621, 0.4341809976487395, 10.295569435323538, 23.223102928923883, 6.607793430049176, 0.7607974536616666, 4.613945941857231, 18.937649336434433, 10.131052956589343, 3.100652701602943, 5.141079431407452, 1.9817296856863211, 4.071588723117047, 1.2930325919924661, 3.362789110908426, 1.8805674438084585, 7.319702253284051, 1.0940074194537899, 10.021933065637919, 5.524191512438813, 8.112890515921073, 13.73955432942282, 9.444718690649998, 39.25320975592754, 12.415411532706395, 8.385773148823787, 5.635502203038184, 5.502048602266708, 7.4221641403264655, 11.059441437939347, 5.077126474359399, 9.32022726308584, 5.4225679809271, 12.015560783700991, 6.199372816207726, 11.385358985895383, 5.430395189622652, 10.89311745671609, 5.597889354823682, 8.806242185005447, 4.580524472992184, 9.702450953985466, 5.557110218365915, 9.939472781095109, 3.693186777067537, 8.110103659267166, 4.074881340241768, 8.089383668183183, 3.9345410719006533, 8.169006807641283, 2.576259852070643, 7.916586418988394, 8.424361506453353, 20.305236099397668, 8.666974869074672, 19.058883651829333, 7.103518917111283, 17.444734633101422, 6.138834738436052, 14.746267356886003, 1.7326984424396894, 4.369094897128752, 2.201721712462796, 4.914244004314622, 1.7328488244046587, 3.7807318098698537, 1.4924872857511973, 4.388803651567412, 2.1465226264716266, 3.1313729935125796], [0.0, 7.41530109237726, 5.671538314341718, 7.552205278179813, 8.847192309231914, 3.3241206917302244, 1.1823725126991382, 1.9834586968892127, 2.6423611642153806, 0.6834235925904606, 7.481006630125285, 13.55816061299007, 12.084826637111773, 19.57563254886712, 18.245207199548318, 13.738940543303402, 21.317110197791294, 4.364029376752932, 0.7561728495057096, 1.2899479754356822, 1.7266586408258242, 5.355223963295215, 2.2548657897372433, 11.104443630609957, 3.750971858897063, 2.6034095785709606, 3.3573362166704936, 6.190655754393608, 6.28075803118236, 7.353288372067481, 14.223675524363859, 14.473009805343198, 4.169975146396575, 7.835986587650836, 2.645840574956501, 20.356599720694852, 21.032788490990175, 15.442845285527252, 3.7069656629368772, 19.44698164671128, 5.721668021140638, 16.91226687055056, 7.667210628630974, 16.593703782766763, 6.605016748378427, 14.332124095693498, 8.341624620105932, 11.73310922969469, 9.805396663541789, 10.061035244458608, 9.498788922103595, 10.006623321559724, 8.237340270158144, 9.195570239918979, 9.96819840710279, 7.246779035820156, 9.259542550753983, 5.729905893927947, 8.775195037625357, 7.519384972322755, 10.096548230325352, 5.150715050321266, 8.520542659265754, 4.580987361458898, 9.113057153542858, 3.476118825354183, 6.655218020110155, 4.551092746474215, 5.705458349566303, 8.069033630599954, 5.003616334397288, 3.236141912749222, 4.323884076361969, 2.9631085889554125, 4.686558793537149, 2.8576478277608297, 4.090173615843169, 3.098800533722464, 3.660128911056957, 2.5636292676241728], [0.0, 0.0, 2.286636436838628, 8.785478006091445, 8.940078720153458, 6.929227523760105, 12.158018000327838, 2.1394467310281398, 1.9841262698829656, 1.9013875359433692, 3.7538834788503723, 0.6317247173271628, 12.575067671235583, 20.38540422614518, 16.971632701463225, 13.86621097937453, 16.370617737465313, 10.32956296021506, 13.212968765077324, 8.36362499011315, 15.871730832330005, 7.835645176491125, 11.577753969760204, 7.962519389870457, 8.752533654722845, 6.207488970059808, 11.500456691041975, 5.057482496788958, 5.710326268596029, 6.114411131352886, 4.002967045941265, 2.2021049020512984, 4.80952546416144, 29.282346701615317, 17.159123192056523, 4.6067221966230605, 4.272530264307356, 1.2795150708190033, 19.809427533724314, 32.547351686689574, 22.53570518434168, 28.956984266172398, 19.317742560196045, 27.32164904887192, 16.533686668401977, 25.22281227464182, 14.961420298220645, 5.814363488267388, 6.219348276540817, 4.0353767986146805, 5.588357082296165, 4.471975684216324, 3.9967408927162493, 5.826384029076308, 3.758986342013718, 7.119955095151121, 2.980347531577305, 5.380338238158234, 4.119056689755463, 6.954947635289806, 4.387257574258972, 5.440184920752549, 3.620775036558993, 5.660832608249929, 3.6531622901970078, 4.909394326475953, 2.9672345027905576, 4.708282304870375, 3.512791550826794, 3.267839581552449, 3.0900756760782015, 4.488305307945223, 2.8002359943173416, 3.6694999693493893, 4.355373164846528, 2.909264422193939, 3.2228045664822265, 3.721081069699139, 1.6451688484294915, 3.995187975786865], [0.0, 0.0, 0.693409849117637, 0.48783977486956864, 1.9230783502758348, 12.792496027288124, 8.897701173762549, 12.96718656427779, 9.86218085083771, 15.04410087710053, 13.585867011256274, 20.72167262931937, 14.60256824748006, 23.125744795327545, 16.72474589791654, 18.075714020137358, 18.129178466678773, 18.297600576087852, 10.995172833661718, 25.03271713398126, 6.835478085138231, 2.0787850864655675, 5.825598235341958, 5.717542564139534, 6.162469065127847, 6.208058693762844, 5.906147979432859, 8.856821920995039, 13.013941373146688, 11.515708110102224, 11.272704637943146, 19.92574870942657, 18.72153402327354, 15.786050528177784, 16.747206836272394, 25.244139498590272, 13.876533937346965, 20.31903780297598, 12.624730801354959, 22.108858461942102, 11.283030678375985, 19.41078054120659, 9.138319922831025, 18.082200592196564, 9.248321176527325, 15.735898006273567, 9.37528556555786, 15.121781594194156, 9.323843057106819, 12.454598622071412, 7.529673105192558, 11.338372893465952, 5.962843086249289, 12.120578365541087, 6.23882194946579, 10.830560762508028, 4.414221946414523, 27.232995908302648, 5.295715833982511, 25.748749474190806, 7.178244959223815, 23.939209404373308, 6.156429741464454, 21.430376040424623, 5.605249740246575, 19.647268722118326, 4.550927325999153, 18.375268437854224, 4.110122933756559, 15.274051320856207, 3.2631323682025957, 14.621744449748167, 3.0850274735190153, 13.423806764115227, 3.422150960236165, 11.618187195212576, 2.781714220643043, 11.550356133410585, 2.339056612024473, 3.679773899513245], [0.0, 0.0, 0.027330564718301305, 0.6377089416092897, 0.5413986511936588, 1.895085514314127, 2.2776981344928395, 3.7856248167058832, 9.836421409134477, 16.25807228290735, 13.58953269020949, 16.760251025428534, 21.352605689760207, 22.464453521065526, 15.402732710865145, 24.08563831399586, 17.82574881865389, 12.282734940826055, 14.356591941458626, 11.883950043487674, 12.487205508567595, 10.706600751700048, 12.666849040267127, 15.875453232798833, 14.723132769342019, 11.39149658177643, 11.786799030865673, 8.842100087378295, 5.107654106841582, 24.922794725100452, 19.470668385956746, 4.531295720245267, 3.417191641391712, 27.29232257023883, 18.683932581637542, 3.9379566214546617, 1.7583573937039578, 2.200375431722228, 1.386491659951929, 4.0774733769277, 0.44225514751389855, 4.558966758650306, 0.2538627811931527, 7.269583120783805, 26.49188857876756, 22.074608197918568, 25.41811614602916, 22.203084592990546, 24.54454006066384, 19.597167726389188, 22.689280737584415, 19.969568824748475, 21.45033913720867, 19.042350174853134, 21.175570495630364, 20.16857235138776, 19.61750031422963, 18.747380028850767, 1.016951967109138, 5.030890037292616, 0.9778153755208722, 2.7711487564533437, 0.7887710499005539, 2.7501744363733556, 0.368489804684348, 0.9555845393762651, 1.3041035381018171, 0.6802005358170837, 0.2876138952962802, 0.5493643297479768, 0.5295713925145225, 0.9389121296478611, 11.158614025626363, 1.15495699304849, 11.222100014906497, 7.694437967778395, 9.49839712883497, 7.820490073268923, 8.04019445532454, 7.162214742391937], [0.0, 0.0, 1.6196874466911015, 0.11218414523766208, 