{"initial_violation": ["destination"], "initial_duration": 35.85956788063049, "subsequent_violation": [["destination"], ["destination"], ["destination"], ["destination"], ["destination"], ["destination"], ["destination"], ["destination"], ["destination"]], "subsequent_comparison": [[0.0, 0.5491270584155484, 6.805789695326688, 2.250475381348955, 0.9462255107842864, 0.389540117289501, 2.3666079646415086, 4.454040239489038, 2.43709947177583, 0.968658588610828, 2.3375644774479083, 2.8921059412530217, 5.150349193508003, 3.985840106610097, 4.206573704252481, 4.077082679462707, 8.145619444709514, 5.514682014436393, 1.2965973711621925, 0.7739403042283565, 0.6555280349470681, 0.12592127144689352, 0.3458952467319462, 4.615123827331095, 2.7948392079144644, 3.1359700622936546, 2.6731919174904997, 2.6321740626188417, 2.3723667829796233, 2.636578400165159, 0.1973296800392379, 0.5790285900984953, 0.5201176990232301, 0.5381450641305129, 0.2504171465291922, 0.11276241498640588, 0.3346022816570873, 0.6488110025506512, 0.9330188828845054, 1.8151603069993352, 0.45835282808602323, 2.1237194901319985, 0.55715105444785], [0.0, 0.0, 0.9041677435904626, 0.09666711399359597, 1.3538379560976832, 2.3025213360740797, 3.7673896172572165, 5.281728613747278, 4.767186703303264, 5.4055883110297245, 3.1915172082218, 1.575550102758908, 0.7159651816655355, 0.726086824402329, 0.34437003854122616, 0.12366278894550783, 0.07902247455802455, 0.46237779652467925, 0.7638366172360579, 0.8919948024124128, 1.0977051523799612, 0.5256219255051278, 0.9849460203588076, 0.4151734281703205, 0.9377237449070974, 3.417691644763335, 2.9730015753847954, 2.832438512389123, 2.571531479911933, 1.528667622511216, 0.9056965214974559, 0.40482133787888025, 1.0661809236417847, 0.5763952820159562, 0.39595116261633256, 0.2939971853929853, 0.3869071081247442, 0.9662274091507529, 0.8507061995313153, 0.6098568195758897, 0.2904135154115043, 0.6850323522720783, 1.6237341132178256], [0.0, 0.5491270584155484, 1.0657859988799845, 0.42901264948240675, 1.3443082690292427, 1.11557608491663, 4.763414149257941, 4.970617217235946, 4.866599321626857, 5.115367640776503, 3.5591064068776737, 1.9448851085216554, 1.3304400414028426, 0.7275208777761091, 0.9499691456955526, 0.08788276150180423, 2.1131815476267835, 0.47626702400984255, 2.25976089715159, 0.9053274492825316, 5.38395341944722, 4.639805827931997, 4.823629361787047, 0.5731665540544167, 3.1028486976598373, 4.520533426264827, 3.010629179030874, 0.5321842652020428, 0.46193809743903186, 1.539981847602988, 2.379142222659606, 1.8666424853954218, 1.5772368015749094, 1.6810305380967296, 1.31392203434362, 1.1961454516705867, 1.1136571026270157, 2.1021121330907944, 1.1456405030138734, 1.2203990609805235, 1.2429487266899018, 1.1697998677489665, 1.6084261387875958], [4.539178818130867e-05, 0.5491270584155484, 1.0846161698351426, 0.32684831708377515, 1.6148890592344725, 2.5399482243889278, 3.9711576954401413, 5.065059939536521, 5.148002547766084, 5.016249253176745, 4.070868944254973, 3.6162018839450174, 3.5604132390922083, 4.476759848588944, 3.1204868103532, 3.690073214654313, 7.827469288966831, 4.469460369234785, 6.133002517703113, 4.335810989712479, 5.275513081235995, 4.15477245539244, 4.384177491937429, 4.0596566974396815, 2.6678702200617033, 4.001799694400065, 0.06568702802805199, 2.383691916083063, 2.22109431849041, 2.0747571865345287, 1.9009733904056159, 1.432932059256839, 1.2385953060611015, 1.2802676677972373, 1.128483366567868, 1.1478219081879064, 1.1790277595436485, 1.5822940812162833, 1.4078021197671007, 1.322597030953108, 0.7463966154871091, 12.083628498522629, 1.2915673620873127], [0.0, 0.5491270584155484, 6.805789695326688, 2.341048100316752, 8.229039691663969, 3.0503292603977976, 3.4322536617689163, 1.7361061786389909, 1.069578147237439, 2.882837892310064, 2.8078223503419792, 1.863776339890173, 1.5451583593352518, 1.045811153190893, 1.6179566261759986, 1.5183223331072746, 3.0028593417615954, 2.1387265059835463, 7.533399452330139, 3.7252672756946454, 7.132511574455196, 3.650821796826472, 6.621874315922556, 3.091433700811938, 4.576062275403182, 3.640642931809134, 0.2238447576559773, 2.3296510654571736, 3.7069164258854324, 1.8821399947718018, 1.994427301512352, 1.7382998769376956, 2.130383896314188, 1.5651800389755743, 1.836846432842191, 1.831268895985921, 2.322062240310323, 1.0561939889212815, 2.4713494537564165, 1.0856819833414981, 1.8771139648376796, 0.7481788974904631, 1.2925107600845414], [0.0, 0.5491270584155484, 1.7378145298535113, 0.4650671065283814, 1.5943284236137376, 2.7361689341507156, 3.493260028335894, 6.1231605977873835, 4.457691276193224, 5.7611433348719, 3.2878371001747158, 4.110228769625675, 3.199460659578159, 4.5902948386793385, 3.103550372699231, 4.372568705949074, 4.843375042729266, 4.959248663701685, 4.610678956871414, 4.25382296902549, 3.1886998916768676, 4.215867545063836, 1.9583725000894954, 3.7147519431018576, 0.9991692184614058, 2.4105145161374373, 0.5809740272578949, 1.8747260407508377, 0.5809794848059749, 2.8200567364470426, 2.1934261535323647, 2.076393668804806, 1.4065369068425395, 1.8270112759055974, 1.202728963323104, 1.1436134224927539, 1.11732658235504, 1.616520517358621, 1.2529101694715188, 1.309574051065231, 1.0037853983300513, 12.093401249750848, 1.300880253009144], [0.0, 0.5491270584155484, 1.6706013300984623, 0.3310161505034831, 1.613319756649687, 2.6046130312989613, 4.010169063759859, 5.880757447409699, 5.03727669522018, 5.526467575173589, 4.1041596320912515, 3.795470104523092, 3.864129468273467, 4.4024257691382225, 3.38803037663177, 4.029870822696856, 4.49378053805193, 4.208778982110295, 5.298360895017373, 3.9094641087936326, 0.7071304047701716, 2.2473397909567323, 0.42506653559120555, 3.378752782327265, 0.06476274980070938, 1.7706402026249024, 0.09862562353880315, 1.4514013050565617, 0.10007721708591813, 2.2116677002355822, 2.3720788278410443, 1.5585401707190336, 2.297223365177827, 1.3932070013335733, 1.767507011330282, 1.1377545878303714, 1.135945231338456, 1.7396235612715585, 1.3126344626568047, 1.2701377897501993, 0.8977067307412371, 1.251007525802602, 1.3778844535381591], [0.0, 0.5491270584155484, 0.8561708745406065, 2.3347691853091552, 1.4677064306765264, 0.9976756278544863, 0.8214744116269967, 2.3033193533187157, 1.5728271047617255, 3.2462190194879077, 5.575267574272865, 2.73554115429488, 4.115960068991551, 4.018128496596926, 3.5821984346437654, 3.333260419826422, 7.710813878865098, 4.7926625338478885, 5.476411245525117, 0.7617371020853745, 1.4924096736035926, 0.2600401737497737, 0.9060466402608501, 0.4116863002451655, 0.9612597249767191, 0.3469707892785117, 1.2290997369733117, 0.817649405549388, 1.440851959529836, 2.833079593201668, 2.5856128126560596, 2.1363232386937243, 2.205567580832552, 2.0844215864975175, 1.2498150388119835, 1.1626368115099581, 1.1089485645460722, 1.8123915284910124, 1.2792412557148443, 1.2257925805464354, 0.9554578796032271, 1.188315734961913, 1.4241356847373277], [0.0, 0.5491270584155484, 6.805789695326688, 2.256445298448487, 0.09411866928460708, 1.4164864075473034, 1.383494209156025, 3.5193564168173763, 1.9862325924244206, 0.445984690178443, 1.2067058733249356, 2.750078593802057, 5.643711661392631, 4.095970193205541, 5.842888012933458, 4.14099065436261, 5.652508369343896, 4.966932224038887, 6.41300176632076, 4.503640240161207, 5.051320407221309, 3.8518099968826425, 3.376100083196871, 0.8789789369525036, 2.158188262300444, 2.47160374451147, 1.749318918518308, 1.9819284291664245, 1.412685830593394, 2.925625793389722, 0.8643855158744749, 0.4593537216419361, 0.5856418919417441, 1.1522487327621929, 0.9930673080089587, 0.48446635558243056, 0.6558214046209754, 0.7116967194267151, 1.871259380202744, 1.8002437131807711, 0.18425059671075772, 1.6930280753114786, 0.8015260140453327]],