{"initial_violation": ["destination"], "initial_duration": 35.63996934890747, "subsequent_violation": [["destination"], ["destination"], ["destination"], ["destination"], ["destination"], ["destination"], ["destination"], ["destination"], ["destination"]], "subsequent_comparison": [[0.0, 2.1060211809489424e-05, 0.06896267028113423, 2.83576706738774, 0.28522226359702857, 0.004429040305830694, 12.077964028109095, 4.690182504473513, 0.76669222808211, 6.428428754570456, 23.629674416119304, 9.860137505716871, 12.428997897246557, 8.385516787312723, 11.057220333184024, 7.676607998242287, 9.041960581013639, 8.58246475153688, 9.20926701782195, 8.560630441232336, 4.246033295520648, 8.19222959663358, 5.786512003639799, 7.117723673092864, 7.460885051589077, 3.4373191424000464, 5.689285854325237, 4.216927455862834, 7.018763917273567, 1.6957404922855264, 0.8523855752986491, 0.7815570562429843, 0.8527896032521378, 1.3790290379585077, 0.9595496680640813, 36.79410199754915, 1.26592266308184, 7.937259483606646, 0.6152692226825452, 5.72432282786366, 0.5361230064113333, 2.169435959002043, 5.507125748095124, 6.578971781796747, 0.93970122201931, 5.787411466572317, 4.2431614172812235, 5.867766510515039, 6.05902090665245, 6.027599454747568, 8.706628364965585, 6.450566467043591, 5.77839712288285], [0.0, 2.1060211809489424e-05, 5.002779099197401, 7.934967561261501, 7.881347136378068, 7.660371533890836, 30.596890746833722, 10.798585114822169, 16.229865955357628, 11.37917795200312, 11.95252957911486, 6.222581431407482, 1.6282688505346856, 1.6140227207803945, 0.14820585991974072, 0.058668915431414746, 1.0751170247594386, 1.4987949725672185, 1.5780332472472944, 0.8658920165405518, 1.531531948031622, 7.852813020018336, 4.363354132838333, 4.610479101347069, 5.209399830123641, 4.580850243430446, 4.266789948567393, 2.3947145387589264, 2.1658972319917242, 2.5792258973837736, 1.7150592614946498, 3.6542711252437026, 1.392805147643939, 2.230744631973295, 1.091565365592466, 32.58028871140595, 0.6613448405039213, 4.030916142988894, 3.910988340496316, 3.6832116652966733, 35.645658346502096, 3.267487866956249, 3.5895345170825985, 3.481624483651038, 3.3343090103975097, 4.315128103136767, 1.8995612193247304, 1.8194715775944343, 1.568014675216357, 1.8432324866920031, 3.523012407631571, 3.438728221120632, 3.8389445089925522], [0.0, 2.1060211809489424e-05, 5.011038531192587, 8.150421066052473, 7.628002777326485, 15.023534786685095, 27.40786350127783, 21.579889152406388, 5.857881847385074, 0.36277531715557243, 0.7409531315831591, 2.1794989211831886, 1.178400566567708, 1.8854833029730962, 2.7567982245707183, 2.143665990370972, 24.49577199101829, 5.372546561774437, 2.2425661249015674, 1.7177367171321514, 1.138256190317342, 1.095332025522278, 0.7415048310847909, 1.3854188937379106, 4.788887434343321, 4.0173420539387985, 5.538122403656158, 4.179859011702235, 3.5635554597719423, 1.1580847870389113, 0.5091144600960054, 1.8071072630109608, 2.643238183634985, 1.746644106214556, 1.4364375535559162, 3.074183154875017, 2.1305621027955106, 0.665112870500037, 3.645892647414415, 1.2724601252478562, 0.9084653009908094, 0.8403390343850679, 2.5925944048492346, 0.4021800378713662, 2.3928615809122316, 0.8962590327713401, 1.0382145862593979, 2.449950775526876, 1.159437242775358, 1.083904909860103, 0.9377183997714876, 0.8001812503174303, 0.6618771329677625], [0.0, 2.1060211809489424e-05, 7.442310449130816, 7.845007669421976, 8.060296189367934, 7.956791976997518, 23.32063276437987, 7.890645262210351, 8.136929597361657, 1.9416920123448589, 6.397559011748183, 0.07221176939193241, 0.3862568010366678, 2.273502135507952, 1.149324106735214, 3.4336962532580992, 0.5465292424726953, 2.8343566983562205, 1.118330590736697, 2.904357863592546, 1.380467423239503, 0.8572367240846024, 3.000300163629099, 10.430425068412411, 5.9335952153275775, 4.193458590213419, 2.15813453258054, 2.787760261031783, 2.328593208424559, 1.8866796532730514, 1.6452622554715548, 2.4462383491211575, 2.2809430673993747, 2.2535623197897645, 4.227485470020009, 2.7081498694843513, 2.977257801513135, 0.8024448495702362, 5.7686562115616224, 0.7230155447716237, 35.94968349677541, 2.4217661722666026, 5.5632408345520465, 1.9874056160193876, 3.328510160112991, 2.7650231416913957, 3.2496432167326157, 4.395520380282028, 4.4291544332112585, 4.810753476656343, 6.6981558609842065, 6.6795762427881, 7.034133579411705], [0.0, 2.1060211809489424e-05, 2.9502383508893715, 1.3723723243921717, 11.039074289012996, 11.58388144378065, 15.507312463129308, 16.235551037649326, 1.0160668469118712, 1.5140461199365498, 6.222458324031658, 0.7357146748361871, 0.2550836535305634, 0.6998675361572937, 0.7034207964896279, 0.44464109297440374, 26.26021327045508, 9.27267010427372, 7.493280029872077, 7.863476377090107, 9.085955622131024, 4.963895644199785, 4.629318899595509, 11.507884627736521, 6.037869655210257, 5.948107117222016, 8.59397934113017, 1.1662910087511358, 1.844906569552412, 1.9752431981206366, 1.0921130632107452, 7.8990537283032625, 2.5015263875758023, 4.108581867846122, 2.199030124388256, 1.8487952647983112, 2.7550957051702154, 0.5820763700852845, 1.7170604381173415, 0.6988861564650838, 1.2282306752048653, 2.4124507567887017, 3.230001101054302, 4.878683330909818, 1.4034537136214438, 5.360768071522243, 4.985390445195538, 7.180203141829366, 8.007229638552543, 8.85417507807111, 9.475148154510554, 10.183621573323643, 10.870273735593148], [0.0, 2.1060211809489424e-05, 3.3321452780309793, 5.349717375992913, 10.777168828008675, 11.609144344542589, 27.74931065680885, 15.960552902062538, 7.615935481964308, 1.4057838303431873, 3.7970959099464414, 2.3518742929095158, 2.4446317655399468, 1.115490538028493, 1.8136717630822794, 0.42315417384644566, 24.447241009627025, 12.77582766215894, 6.712762843932761, 8.372333996937664, 5.94518096906817, 4.916676019927552, 5.732673754769304, 12.788436311739027, 8.818924297226053, 2.5470101893299515, 7.809860221765453, 3.4684422223831923, 3.3377533700896445, 1.2631357069755318, 0.7599981729067042, 1.9328087110185659, 2.934419282687352, 1.109337622392616, 3.845611587090024, 1.4804519570756862, 1.8417737352687322, 0.6371952872428557, 2.53429350608868, 0.75453656171782, 36.27400094486953, 1.3930647698887983, 4.778533609756566, 4.170746450041539, 3.024052961848838, 4.760621624032339, 6.198870958875112, 6.2884375476665175, 7.502589809392444, 7.253567489838002, 6.456391222866891, 7.456925316800035, 7.278314548621679], [0.0, 2.1060211809489424e-05, 2.9164598884831165, 4.875116590830636, 7.309104009858715, 15.176983632958876, 22.90188824310702, 7.932287028068675, 7.937043421299837, 1.7355856821140432, 6.341393806281057, 0.7150604702779675, 1.8741643058310997, 0.976764841628265, 1.7348995531566054, 7.96743473036851, 24.76787374629691, 10.024459467178369, 7.579913068921907, 5.202548067771353, 8.793977549352917, 4.003305232130024, 7.220706167921688, 13.445253663788133, 8.616901419974145, 3.9291002992459316, 7.896212088352749, 3.069530117165098, 3.494389923028616, 2.5038552861030614, 0.5563725670301891, 1.4875822000150314, 1.1844200277253396, 1.5205275571398227, 4.501437251211961, 3.2481841278613297, 1.191381721151369, 0.7049277245508597, 2.128941138284782, 1.1369419494319637, 37.51824864110032, 1.2245690760348005, 1.956695720124201, 1.4153016995062764, 2.3337090248717653, 1.0840356297508649, 1.4112360519927776, 1.7208765599946096, 2.0331159429246446, 1.1991651642482595, 1.343157761089912, 1.579504966523661, 1.9104741759625936], [0.0, 2.1060211809489424e-05, 0.05456056115001793, 0.34637948159588017, 4.876538518408575, 7.447591922297901, 12.041644390361514, 7.573169215870317, 2.371827010532184, 0.3441661245958643, 6.539574336010725, 0.6721229130354747, 2.5402034365517343, 0.82069937560202, 3.686934713432544, 7.917872410918598, 25.90231569105533, 10.355724326586323, 6.536447434504616, 8.338716885907052, 2.787018633334294, 4.346370120572051, 4.543595242343029, 2.8847846228571, 4.877461716462549, 3.0319459555937867, 7.333192736474159, 3.8473497770501006, 3.8231082997187755, 