{"initial_violation": ["destination"], "initial_duration": 36.06852316856384, "subsequent_violation": [["destination"], ["destination"], ["destination"], ["destination"], ["destination"], ["destination"], ["destination"], ["destination"], ["destination"]], "subsequent_comparison": [[0.0, 0.0, 9.991319912138227, 0.1424174098677888, 1.2333085365357899, 0.1432210012163177, 1.5623209671559923, 0.07401241918090694, 2.010179360614628, 0.1268973928106656, 4.678600985678749, 0.10666477471523132, 2.0379526779738106, 0.21160925950141982, 1.8865883997675628, 0.14225923648099198, 11.959681483483962, 0.6305787062482614, 4.283026441275589, 4.354271802850373, 4.829705478578649, 4.615261355234979, 4.792542560752845, 4.559630469780551, 4.5334038732446444, 4.148593776283081, 4.999178841912636, 3.703036667360328, 3.4028304733219423, 3.944942789446128, 3.6327209731400876, 3.1812126774209797, 2.205181366132952, 2.0736416867992125, 1.6786228139551775, 1.4975139457323023, 1.258544900941392, 0.9786457365791702, 0.8041622920349762, 0.688052734536179, 0.7769205661150569, 0.40887323166325773, 0.360381779112763, 0.2973668089489502, 0.24157414433656924, 0.1761435488363158, 10.453828404667822, 10.822439490306037, 11.039229749911215, 11.447232456489166, 2.4304466850572535, 1.9524442188518745, 2.164621811647547, 2.035075281968776, 2.4192768659767565, 2.108019951219134, 2.3531477589408665, 1.9371337739358492, 2.344793785902299, 1.7964661025214161, 1.9507444776451541, 2.0799561397877997, 1.9491709729136504, 1.7711438689312504, 1.5017657024075504, 1.3844683926343815, 1.210713295137567, 1.3251292916441664, 1.353517032406676, 1.7721183873235784], [0.0, 0.0, 0.07123664850906106, 0.18668246299844116, 0.18485882917802576, 0.3569845355785518, 0.5637913921317181, 0.2631220611215573, 0.5151406298077528, 7.54146488170233, 0.9568635272373412, 0.996483568393065, 0.6361881111300608, 1.5280220707059458, 4.244165106173808, 1.993542174655441, 10.89166823356846, 2.3377578983444613, 5.475114151463937, 2.430312909149907, 2.516188367943885, 2.1485683753598814, 2.065420626984856, 1.5802296186706766, 1.3373044297607883, 1.3349891629315722, 1.03561494109087, 0.7930489865854607, 0.9878390060265524, 0.5779706078688231, 0.45087680527538043, 0.9067720282653456, 0.6088188735013673, 0.57121674146953, 0.3810397269826266, 0.41153302532837466, 0.3996506798505949, 0.12727848292082017, 0.10825519156079864, 0.11154051299049948, 0.11125460907259795, 0.1073523026178779, 0.11551221754097624, 0.09887949362126176, 0.07469365864210849, 0.05604916643965835, 10.441536839770158, 0.7261216908176568, 0.7810090846844027, 0.9369851033046358, 0.9165097191408668, 0.5310838780643543, 0.8455090971101072, 0.4091360645784414, 0.7385029905462769, 0.3198867756685769, 0.68588641442084, 0.39848171247890557, 0.7555931987144121, 0.2281624003157537, 0.932416441561111, 0.8161803997494358, 0.7867382391852373, 1.1388129255882147, 1.1777134983669015, 0.7747926905414326, 0.5262893014314372, 0.5907991055903439, 0.3195661336450193, 0.6157337023641483], [0.0, 0.0, 10.025335122525966, 0.38257303618758426, 1.2588153578537291, 0.5621546959519572, 2.056718246026856, 6.102300323502571, 9.495828679503854, 8.167178909543415, 5.940778736995729, 2.2476460538877845, 2.6983047230682438, 2.73567229246575, 1.9782313936402751, 5.128650745104382, 3.845491539990488, 5.9848686635795945, 3.477557732012379, 0.8421842917420641, 0.34755826804581835, 0.3795151606916693, 0.6244610223767977, 0.9088623280284609, 0.6658896216294468, 0.7872696513031375, 0.7843679814226483, 0.652978404240135, 0.5129426126713356, 0.5374439455404603, 0.4508907016098469, 0.4890837055214824, 0.4270004694729566, 0.3170234314978759, 0.34043252406689156, 0.14833963079567425, 0.1858474721611528, 0.1461780184979233, 0.018234762248197138, 0.03478625567939515, 0.028420080156680343, 0.017080415131056847, 0.04278297492049035, 0.04422049314550725, 0.009548633288360725, 0.024220538204383864, 0.025980675794777107, 0.1498749625328585, 0.11367380173691204, 0.5149721289104695, 0.3019856140920301, 0.11681458222291345, 0.02125841456509742, 0.18457924606387582, 0.255679911240109, 0.06760792236322517, 0.28497008421306097, 1.2082791393557841, 0.09387356839837256, 0.21026060847042105, 0.07304452486499864, 0.28317945407704764, 0.10946070246734989, 0.09310359768171005, 0.10104456288170953, 0.05633565423294889, 0.05027277533497427, 0.03110294049518755, 0.027179273254539223, 0.05384291075524735], [0.0, 0.0, 0.04580305131523957, 0.34180268281613, 0.7781687906058168, 0.34729283136016564, 1.0971178645514814, 0.7177865739906896, 10.679459202029374, 10.677269666775716, 4.713228879914177, 4.730485807314307, 3.7670981651185618, 5.564257310761563, 4.793142495956254, 4.320011511373129, 4.201591490426772, 0.929832663469038, 8.64351108607577, 6.700468081412684, 7.071272606398701, 6.752222249195136, 6.479164011791704, 5.85162593051872, 5.822402650953285, 5.546376636083613, 4.86251407970584, 4.537259251236187, 4.082009588179392, 3.4135483278186025, 3.0542799199605803, 2.6953878326727168, 2.1489508660329792, 1.9712747379040194, 1.7492866162714515, 1.4254450275487418, 1.2266901230143463, 0.97535671548462, 0.8055565481693676, 0.7387866988313517, 0.5680728511900248, 0.4683155652233579, 0.38106500379815417, 0.2920872486949466, 0.22754082020512545, 0.19212779356856644, 10.450188206463967, 10.820839431915536, 11.039177260343614, 1.8396222586353537, 2.1604982951616996, 2.014756818797043, 1.9725515074438165, 1.8380966607017566, 2.294679636926568, 1.9892665602420558, 2.445450334619412, 1.9551448860744756, 2.33776678995763, 1.8365052686345802, 2.1531295085622166, 1.4921975009710764, 1.9643353534397532, 1.4369370452169112, 1.6960250541588056, 1.2727451556804572, 1.6331140881413706, 1.1120934693516171, 1.3396309100712944, 1.5525340194064348], [0.0, 0.0, 6.979108095960507, 0.18287888815656647, 0.39309642984617865, 0.6398287111417862, 3.800915418223206, 7.945066266467011, 10.025627354815791, 9.604727707740008, 3.8051385416330707, 4.134716681202382, 3.0892763374947334, 5.135029409354632, 2.8742568872705183, 6.219825485632327, 4.1347695208772235, 1.765275326251957, 2.788505831922504, 3.6067223078670523, 3.187457264828809, 2.923991574282899, 2.9613164952567503, 2.05171724962496, 1.83326274708865, 1.5936266408167894, 1.1774374737120572, 1.1931615487650353, 1.1170223054969715, 0.7541266324775449, 1.284430914707444, 0.9442667871519775, 0.6269307207093735, 0.6144177885733708, 0.4629875078561733, 0.4671037885378999, 0.4759041378747143, 0.44209142979400534, 0.2851129062593126, 0.22178522777551066, 0.19251042349613534, 0.14183124808537298, 0.1144333027718058, 0.15918354738505913, 0.13019416493036362, 0.10468282526056309, 10.442490046114704, 0.7110990257167826, 0.6946526048176241, 0.9668522029428506, 0.7159226663085307, 0.8847818571127266, 0.8323187236667687, 0.7887241721566973, 1.175801720803555, 0.7809342088299777, 1.1673691195832971, 0.9268723700831171, 0.9231626192910607, 0.8886583515053681, 1.0282758845559739, 0.8029769226772051, 0.9936713459405667, 0.9980779728939333, 1.1092160646807536, 0.7238209665710131, 0.6697038145121369, 0.6278932023929993, 0.3643074353164869, 0.5750961936512637], [0.0, 0.0, 0.07560621131629204, 0.0458164593022958, 0.4856538906609103, 0.1603943052157226, 0.6356696105942838, 0.7396911119798324, 0.7067281893973199, 10.578219163040536, 4.786096444264673, 4.506519747422167, 8.043860214587536, 7.85840087720605, 3.599273990726729, 6.0205723256136, 5.213845509081401, 11.204315811725882, 3.4962114382640554, 4.099134155436752, 3.8903659320159916, 3.750117741026188, 3.7427294868544263, 2.9876579945922357, 2.731905727127639, 2.6485424174975973, 2.5773404214839535, 2.3070543685675475, 1.9167317702381705, 1.8166378275542838, 1.2657211211626578, 1.196533205260832, 1.029983582988028, 0.8297983481714624, 0.6661664527160917, 0.5846559426736616, 0.48996935633217953, 0.3820606486808716, 0.32150740513290893, 0.26792500643045286, 0.22478597478333973, 0.16708622904293194, 0.11724201599160929, 0.08910718724910068, 10.45838165892107, 10.652000509663768, 