{"initial_violation": ["destination"], "initial_duration": 35.699166774749756, "subsequent_violation": [["destination"], ["destination"], ["destination"], ["destination"], ["destination"], ["destination"], ["destination"], ["destination"], ["destination"]], "subsequent_comparison": [[0.0, 0.0, 0.06347003848271367, 0.6253138393406215, 2.1500930340271163, 0.8565655590478348, 0.9688462986546466, 0.7329448429811777, 0.9077450755389173, 5.455701704072447, 3.931792316379649, 2.8851621101810485, 6.894130790543859, 5.686441790845809, 5.099106515292886, 0.7412922910427598, 1.7088421226679247, 1.7641615237807562, 2.6352647943033904, 2.493878290348086, 2.079398093874905, 1.8943949059363605, 1.9521122201595429, 1.7920143399583217, 1.441578680368199, 1.2718538178750243, 1.1976678327378396, 0.9627991669020969, 1.5376893311070492, 1.2545287341505071, 0.9610002603443587, 0.7564957561864577, 0.7002967812036958, 0.38947184526947576, 0.40182969632658994, 0.4359518728753075, 0.396187622787886, 0.15817034189058551, 0.06276779403013728, 0.14193613078407413, 0.08185711679533551, 0.06302662472323824, 0.05175363602273898, 0.0332089310051639, 0.005408005105200421, 0.020734382995738043, 10.430991653419818, 10.752500578919475, 0.92907554089996, 1.285714646293562, 1.466325562575161, 1.6360082358620274, 1.0795948358364107, 1.558144882242043, 2.2218832111573827, 1.4201015129990864, 1.4494610496462041, 1.2671978649062603, 1.4639818510248466, 1.1516437040338796, 1.3635500276881816, 1.655410225994206, 1.20087207456842, 1.5225298878016715, 1.1070776343360007, 1.362683911027797, 1.0831576554594404, 1.1994626078447141, 1.5135328360095712, 1.6351949286353218, 0.9693818095949316, 1.055216321062225], [0.0, 0.0, 0.023396551470390575, 0.055536765629815917, 0.02751294133057343, 0.7949198831641907, 0.20564099757131873, 0.5050116826362626, 0.6078406950834145, 0.5608258617490892, 0.5381578121622259, 9.310929787559814, 13.393046662640677, 1.8083507919412007, 1.5457116783998472, 2.150071283415022, 0.7708482630257049, 0.5298353208178417, 0.3758141778696738, 0.8823816704628228, 1.299394925376224, 1.0392845950569025, 1.2305906917789424, 0.8719082967840551, 1.022688263375937, 0.7489229486036725, 0.8251794170154907, 0.6149838629806517, 0.7852453709407761, 0.5722950464409606, 0.5545071530070002, 0.6668537562606406, 0.4281801829859951, 0.10161443947643391, 0.09981237641030932, 0.3038088362556231, 0.11171599206351551, 0.10474572830756382, 0.06013779325399771, 0.05922102871344565, 0.07064277584895447, 0.05071806278323156, 0.05448640951944028, 0.03579040598870453, 0.012598961012412785, 0.00949641881984814, 10.43101627868372, 0.585415568557314, 0.6038139286292795, 0.9998909833140197, 1.0784841185980156, 1.1962069255395187, 0.8739244751167156, 1.2001620472074013, 2.0817521068778073, 1.5049458412783228, 1.4725559791622005, 1.441576270225804, 1.4121885840722828, 1.4219067584011598, 1.902210310762082, 1.4963516359295468, 1.330276301016464, 1.325566172893757, 1.2450794590199796, 1.2010516104038818, 1.158331682580618, 1.1258821015636196, 1.6183419956057203, 1.6037840413725726, 1.0177078135356579, 1.0389041588953856], [0.0, 0.0, 0.3059297006508171, 0.06643565556546163, 6.517631965507785, 0.17928686249338965, 1.557639746157605, 0.1977720229557648, 1.7481556444602866, 0.8202592234978989, 10.030819213772858, 13.616418768906305, 5.7949250088072795, 7.761334850686404, 4.12742650197156, 5.0755406937182705, 6.387310327924165, 4.585461542572802, 3.8012646937512122, 3.6944688955760796, 3.733854746033965, 3.3127356027066956, 2.9760427740441036, 2.583069115835147, 2.195698290885263, 2.0016938659724515, 1.6502341540198548, 1.1118766280531671, 0.9239532654822126, 0.8011721732281162, 0.7928556326022679, 0.5034166540807385, 0.6509662090373237, 0.3999501331282356, 0.46029607960712143, 0.20887321677644477, 0.20961436879559742, 0.14885506831571768, 0.14707881575026133, 0.06659162753693708, 0.09132234235158102, 0.07889733512547487, 0.07015509992385148, 0.04220690698183537, 10.442524642047296, 10.68866852786409, 0.8026795028804543, 0.7102038249302354, 1.0085153516608139, 0.8579640925887151, 0.8596362835899405, 1.0647910037385404, 1.7005614895100247, 1.1343598977012652, 0.9913274195110459, 0.9332806212194027, 0.4980458719746651, 0.8708746941284394, 0.4808112534842984, 1.0617246857141769, 1.110055152481326, 0.5673486003497058, 0.5283620171170736, 0.42325586397528964, 0.4211695208635224, 0.30276472427842954, 0.3692350751241813, 0.3704659471091196, 0.22668450702783421, 1.3088610478457188, 31.73151868144504, 31.471935396563328], [0.0, 0.0, 0.009717757866242526, 0.6198652920553384, 5.441899054541024, 3.1796297149557127, 3.0957956135303952, 2.904757173642563, 1.8865259962523615, 2.773781310327054, 2.2315605007326056, 4.578007197833921, 1.5162528733980563, 1.7568861943070788, 1.0538371083143152, 2.1557041998387376, 2.4686896082891505, 1.3003777478303333, 1.4255094815915463, 4.216273332387707, 1.143142743435101, 1.219879188380847, 1.0099169330312336, 0.9581590223625209, 1.152434162843513, 0.7845813333711, 0.9597969285741599, 0.6760477136297556, 0.8658285218109019, 0.4718154311958727, 0.44420984239732464, 0.47234479482637687, 0.2540096529500029, 0.29179106704406954, 0.4281859811785198, 0.4647069869576858, 0.3699107336788215, 0.13004476137226115, 0.11418180240757435, 0.09068627885631257, 0.1050940992685445, 0.08912503287084686, 0.08153112624127895, 0.07235170535129383, 0.0418646005892366, 0.05915662419548583, 10.433673906055922, 0.6107368053154746, 0.6753778983375196, 0.9372965463210413, 1.0667763111699453, 1.2471886276518982, 0.9263815858864815, 0.9580618677388758, 1.4277454088926524, 0.9725085730705411, 1.037227579236037, 1.2273653041598003, 0.939575257178543, 1.6875020331050499, 1.0998505367016065, 1.0010219890054775, 0.9842063843453448, 0.9523126331230362, 0.794747770888504, 1.3399751432454639, 0.738785597044065, 1.072416837416763, 0.7236806993900418, 1.0467644380171068, 0.9295800791755617, 0.9880349563151987], [0.0, 0.0, 0.19402347393960495, 0.19854909598717982, 1.7508104031680294, 0.39359812682543066, 1.0884880462833142, 0.36528026671241126, 1.0564527204906566, 0.45599950190708216, 8.879469155239281, 0.7482529823203642, 2.4211910569484694, 3.1750295964798463, 2.418021364161181, 0.24934037650031296, 2.947602894080224, 2.3979619657010445, 5.367456547578944, 3.083829970756317, 3.59920304755717, 2.9564133861805857, 2.8952282336761583, 2.959746763116293, 2.9872182698800214, 6.408920237217403, 2.8532141359640457, 2.368331225490977, 2.4189866955570514, 2.0747315654511858, 2.389215278896936, 2.4648942074632183, 2.057979370817863, 1.7705393410099428, 1.6743979930526416, 1.5387650578593002, 1.3494273767249958, 1.1652930978572753, 1.0033099224036517, 1.0609785533048959, 0.7608139517582636, 0.5974274256099121, 0.5090189888048621, 0.4249383588872708, 0.33822105208273384, 0.25617983786092147, 10.461674611191247, 10.772573453810177, 10.91792919885316, 11.380129737939123, 11.691480974495192, 3.113162131279899, 3.0155192453614723, 3.1733924530554716, 3.588830450185038, 3.1470068132560582, 3.134599990575632, 2.9835772541964265, 3.3694457023474316, 3.235521323873861, 3.54219911497528, 2.97337880161243, 2.5924262660553246, 2.9521768040325966, 2.685190151397027, 2.5162014233630434, 2.596409321435361, 2.9969564926369676, 2.5361613414656214, 2.4629511256127787, 1.9899724647684498, 2.0924753498904405], [0.00022441658769546474, 0.0, 0.6110039053186791, 0.8084098229189309, 5.956135342317471, 2.7517447615263406, 3.6791353761822956, 1.979866105137221, 2.9718632902920006, 6.916258136110077, 3.5287770149897075, 12.867654874088407, 4.781257553232222, 4.510974381835277, 3.975680781421629, 5.290151081865797, 5.400709498830847, 2.9734926309726477, 2.613179879481157, 2.6310417959163233, 2.7611206569031403, 2.749070068070382, 2.254085283499889, 1.9947095736974239, 1.6714866710811473, 1.554819156458152, 1.3698218579470836, 1.2969739079325495, 1.160842370058821, 0.7204826923382691, 0.8209005461332174, 0.5459950755716105, 0.6249907121814923, 0.3132176908292409, 