{"initial_violation": ["destination", "optimal"], "initial_duration": 70.19984722137451, "subsequent_violation": [[], [], [], [], [], [], [], [], []], "subsequent_comparison": [[0.0, 0.0, 9.45142927769629, 12.39755943599128, 10.353797408453088, 30.83333396465273, 4.026887759513623, 3.612584209401466, 6.324402491666628, 0.2338971018617312, 26.77140902593542, 18.788517716127693, 18.787091474756366, 22.15152666699864, 7.180771677395324, 1.7961178142955667, 1.9514905925901096, 1.3945561289529507, 6.805869018868672, 13.054900064129775, 15.974241522341776, 17.253411519054193, 18.593438993873733, 20.374569217855647, 14.294448043427751, 20.900245661005865, 9.47162476886041], [0.0, 0.0, 9.45142927769629, 4.9547749485588355, 7.144027909459949, 15.049765314349406, 24.176285414597583, 12.332175601146021, 18.274932096610033, 5.729247311854261, 4.597711422365497, 4.403078528529229, 8.96565122413387, 1.7391384147664928, 8.036006851151454, 19.045055070098567, 27.74250436878837, 20.866986756297422, 21.647828721232703, 18.571021138682745, 0.2896304502132678, 8.652975229861223, 0.1843587464754041, 10.168179359738005, 0.9395516747140569, 6.333694148482322, 11.753208083380052], [0.0, 0.0, 9.45142927769629, 5.2710693655303755, 10.814676452344145, 23.454660785581165, 16.451869731282184, 11.858639795285812, 1.5016981876082278, 11.675908860611028, 13.126856036989668, 10.943358612413155, 39.56292467866444, 17.983735120183354, 39.418584770051616, 21.66845179098961, 36.44116058016842, 22.530088134088224, 2.7945778197743176, 22.52324441820003, 0.7959818517940604, 16.729585239707017, 0.26311840406406956, 16.7631579309152, 0.6689119625542156, 9.881342358903613, 36.48105851367985], [4.5604665180875895e-05, 0.0, 9.45142927769629, 5.056931768684814, 10.726841804656981, 15.185018471351697, 24.105051151101165, 12.31362698574956, 12.634766730951808, 6.184093034319327, 4.356510589795818, 4.565194073986245, 9.43930198587044, 17.619135688250264, 30.030117488748335, 20.220312636529528, 20.23272563646046, 9.37813039606503, 2.437654963573958, 9.07724976451059, 1.9474574759994303, 4.272836155596839, 1.8148512990012298, 9.767272654085442, 29.1837332676142, 12.708652917117254, 20.66503839667157], [0.0, 0.0, 9.45142927769629, 8.213573464209134, 10.173898835080646, 6.7325540342039885, 0.024553089364187656, 8.097717695653513, 32.3023237436656, 18.924753407542127, 25.65578400918557, 18.102896291607845, 0.9382142856859783, 12.619245006150061, 8.416668881111866, 19.409852371801957, 37.31456014421855, 23.67769381587857, 28.928465286538042, 23.18181629384209, 3.40156918755257, 14.703349387794939, 5.655086242985455, 12.368458494312053, 8.607361925615074, 17.82081332718895, 29.964218706770875], [0.0, 0.0, 9.45142927769629, 5.109371195159616, 10.094191114370632, 23.08798382928886, 15.804457385325813, 11.265864865124001, 0.7492599291929821, 0.7086403897757225, 27.65290358290237, 19.747596413900627, 18.03874352095682, 28.549349268976897, 1.7211863776457659, 9.912589263219568, 2.7297520975567022, 1.682083300212844, 7.180430817227087, 13.43526829472754, 17.403274709151937, 20.6010309138825, 21.380938283889908, 22.70777546336219, 20.332104979629424, 24.153569176665066, 14.964905645367542], [0.0, 0.0, 9.45142927769629, 8.19578878801041, 10.124915989829585, 30.991658681717567, 4.0751231011536415, 11.588393914166554, 6.406291856415746, 10.853353140270228, 37.458778175090195, 18.496333537482666, 28.399292741384233, 20.19650737127197, 26.6365585787066, 15.696127785715342, 5.6366626750950894, 13.575061032252256, 1.1847625135507727, 13.376608544035403, 2.0668331482087057, 7.7051685557874805, 31.915536403687472, 8.904021293751327, 31.967420884183706, 12.482472308904267, 22.952398566834958], [0.0, 0.0, 9.45142927769629, 11.862436552061133, 10.333577414613, 23.409954457080108, 8.859721317153646, 4.079096302225084, 11.460116595646873, 11.03717241914317, 4.898665216048187, 0.3515010486746276, 28.715730506062314, 16.54842330042164, 27.856369995554104, 20.539127093855868, 25.05031898962416, 14.257500692432114, 0.7888642625282527, 8.970584550067485, 4.894233126789207, 2.4588461748834822, 5.819909007721839, 13.774127418858239, 29.465847912237987, 14.731547745734979, 22.731327798450977], [0.0, 0.0, 9.45142927769629, 12.23575024829967, 14.53851253755671, 31.07518660792791, 4.105076932002792, 3.6287174788578884, 5.9813677333959605, 0.6950144649185608, 26.34454917532412, 20.28179889916795, 19.321044638789694, 22.384056382306674, 20.9201136379228, 10.059211765836269, 3.6219419071062555, 0.22119824216339257, 3.757482259725148, 10.019433680927106, 15.076366472016183, 16.370357489802807, 17.60427099758582, 9.679708680040658, 4.094437739632872, 1.2073036392728744, 5.598865340052125]], "deft": [0.0, 0.0, 1.0370886033351822e-05, 0.0, 0.0, 0.0, 0.0, 0.0, 0.0, 5.16187499367977e-05, 0.0, 0.0, 0.0, 0.0, 0.0, 0.0, 0.0, 0.0, 0.0, 0.0, 0.0, 0.0, 0.0, 0.0, 0.0, 0.0, 0.0], "subsequent_deft": [[0.0, 0.0, 1.0370886033351822e-05, 0.0, 0.0, 0.0, 0.0, 0.0, 0.0, 5.16187499367977e-05, 0.0, 0.0, 0.0, 0.0, 0.0, 0.0, 0.0, 0.0, 0.0, 0.0, 0.0, 0.0, 0.0, 0.0, 0.0, 0.0, 0.0], [0.0, 0.0, 1.0370886033351822e-05, 0.0, 0.0, 0.0, 0.0, 0.0, 0.0, 5.16187499367977e-05, 0.0, 0.0, 0.0, 0.0, 0.0, 0.0, 0.0, 0.0, 0.0, 0.0, 0.0, 0.0, 0.0, 0.0, 0.0, 0.0, 0.0], [0.0, 0.0, 1.0370886033351822e-05, 0.0, 0.0, 0.0, 0.0, 0.0, 0.0, 5.16187499367977e-05, 0.0, 0.0, 0.0, 0.0, 0.0, 0.0, 0.0, 0.0, 0.0, 0.0, 0.0, 0.0, 0.0, 0.0, 0.0, 0.0, 0.0], [0.0, 0.0, 1.0370886033351822e-05, 0.0, 0.0, 0.0, 0.0, 0.0, 0.0, 5.16187499367977e-05, 0.0, 0.0, 0.0, 0.0, 0.0, 0.0, 0.0, 0.0, 0.0, 0.0, 0.0, 0.0, 0.0, 0.0, 0.0, 0.0, 0.0], [0.0, 0.0, 1.0370886033351822e-05, 0.0, 0.0, 0.0, 0.0, 0.0, 0.0, 5.16187499367977e-05, 0.0, 0.0, 0.0, 0.0, 0.0, 0.0, 0.0, 0.0, 0.0, 0.0, 0.0, 0.0, 0.0, 0.0, 0.0, 0.0, 0.0], [0.0, 0.0, 1.0370886033351822e-05, 0.0, 0.0, 0.0, 0.0, 0.0, 0.0, 5.16187499367977e-05, 0.0, 0.0, 0.0, 0.0, 0.0, 0.0, 0.0, 0.0, 0.0, 0.0, 0.0, 0.0, 0.0, 0.0, 0.0, 0.0, 0.0], [0.0, 0.0, 1.0370886033351822e-05, 0.0, 0.0, 0.0, 0.0, 0.0, 0.0, 5.16187499367977e-05, 0.0, 0.0, 0.0, 0.0, 0.0, 0.0, 0.0, 0.0, 0.0, 0.0, 0.0, 0.0, 0.0, 0.0, 0.0, 0.0, 0.0], [0.0, 0.0, 1.0370886033351822e-05, 0.0, 0.0, 0.0, 0.0, 0.0, 0.0, 5.16187499367977e-05, 0.0, 0.0, 0.0, 0.0, 0.0, 0.0, 0.0, 0.0, 0.0, 0.0, 0.0, 0.0, 0.0, 0.0, 0.0, 0.0, 0.0], [0.0, 0.0, 1.0370886033351822e-05, 0.0, 0.0, 0.0, 0.0, 0.0, 0.0, 5.16187499367977e-05, 0.0, 0.0, 0.0, 0.0, 0.0, 0.0, 0.0, 0.0, 0.0, 0.0, 0.0, 0.0, 0.0, 0.0, 0.0, 0.0, 0.0]], "subsequent_deft_violations": [false, false, false, false, false, false, false, false, false], "durations": [70.17876386642456, 70.06994390487671, 70.1587302684784, 70.1598391532898, 70.17965793609619, 70.21875524520874, 70.16015553474426, 70.01186347007751, 70.01057767868042]}