{"initial_violation": ["destination", "optimal"], "initial_duration": 71.24995636940002, "subsequent_violation": [[], [], [], [], [], [], [], [], []], "subsequent_comparison": [[0.0, 0.0, 9.21047329703437, 6.0804938200563905, 21.852846374443892, 30.890219509491505, 4.165410820574612, 3.7611188125657047, 6.783589820405873, 18.686124714184224, 20.697089882041816, 32.08121601269681, 2.052692827504694, 1.79177855663185, 11.973706534160094, 5.6416627584319565, 26.01406950841911, 28.458853705022893, 12.42380977110049, 36.17362365674771, 4.186585217432661, 9.464733986649343, 9.954892171151494, 9.137700864945993, 17.176272864941033, 29.008768498666065, 12.642759518448353, 31.98234172756701, 5.178373621110541, 4.422194379143022, 9.213425184715412, 9.338008564965252, 16.102159755210714, 28.138558034432194, 15.117699141129027, 30.134289139523396, 13.004931507984168, 32.43112567691699, 12.95294887599188, 33.37221975130671, 13.797881085226713, 35.113368227748104, 14.289282872287217, 32.85706681169209, 1.6722274305782792, 33.82508153588438, 10.427381171289607, 3.121702425306575, 9.484174294371808, 10.89756816919857], [0.0, 0.0, 7.734269327633447, 0.19796216968750244, 3.899533313866704, 19.266905670764707, 19.65486051347939, 5.217223092796429, 16.772881273560817, 34.18954978747037, 19.100630086376825, 31.805358595773985, 1.8149506695117386, 2.4002014879862617, 3.9013455826746233, 7.029936282924307, 6.425409502319146, 6.734851927075791, 11.249335739653018, 28.080309910185047, 16.558889640345576, 24.87935498913229, 11.813122016853143, 28.90087627843214, 12.466405522548909, 33.093290891806774, 11.82637494831972, 2.457910195480483, 6.932310178713925, 3.788865879676506, 10.722661644979516, 6.051696834442714, 15.188629215509966, 8.879770173609215, 19.260238843756007, 31.256505898795012, 15.649092183871122, 31.330389378433406, 16.642758978335056, 29.041244106435304, 19.990329777421856, 28.354039164043794, 12.096989182587468, 10.9790137183053, 13.892420380296716, 7.217992530963716, 10.791634265042648, 7.882149092842092, 9.843786965229212, 10.970083780198392], [0.0, 0.0, 0.1200469593336308, 0.08006377401405905, 4.754474965433176, 11.300544847263017, 19.30391911829536, 5.0516670312108936, 7.994953823753618, 5.91787238574605, 4.519002409453901, 0.3310405775106176, 3.087097060346195, 9.143843497113888, 19.422061407041486, 25.45640616858674, 15.703430835208682, 1.1506204367032264, 1.3244803029129668, 7.28038002457298, 1.4617209107375793, 9.270836273453751, 5.025809581016543, 16.23039296577327, 18.83646989288635, 20.28315376557669, 17.117579429361335, 22.093873737929705, 14.838077643665963, 22.727789878802955, 12.05561388856838, 0.5768874724433685, 0.8624579018676266, 4.64855652796552, 2.331862094439383, 5.921180968970917, 4.224672325751702, 8.288506550227785, 4.935948277962918, 10.63180694040609, 1.6210392660509476, 8.86789476293324, 1.810318014321243, 7.736165796854203, 0.08328239231145387, 3.3487542900989364, 3.0686607204993543, 4.417606898521537, 3.735849582931691, 10.66766203096753], [0.0, 0.0, 9.21047329703437, 5.696358756010368, 22.217077705610002, 15.486895617613467, 12.377188185629931, 12.625787206699778, 1.3140428811878127, 6.131427958211973, 9.985344947514113, 0.8177511180296171, 30.935214301633515, 15.120020707737613, 28.649938633800726, 25.731788669736254, 23.20266132283544, 8.72345875259771, 2.425601333032295, 2.296349382714374, 5.765950795165064, 6.8202715086037955, 19.47251365143924, 24.318218594773754, 18.887818811243825, 30.27074299868957, 18.691803881971435, 31.982957447582965, 5.180073749586716, 3.443170751662855, 6.931446221786383, 0.08237340747355808, 8.53875381947651, 3.5777586298769735, 24.56597173114398, 25.27589676297501, 23.918050390138735, 26.66990408198377, 22.935699552238415, 25.92412965217485, 25.354882702268423, 25.52036469372704, 24.12374909322907, 25.85344400915468, 25.63764308053895, 2.29739130015113, 9.231210231951158, 0.5414814025478109, 6.093918842741997, 5.402253427635352], [0.0, 0.0, 9.21047329703437, 5.974707135698977, 22.403204478010167, 15.706753523463455, 12.11847319492443, 13.731056468160174, 0.18603218257269202, 6.532215478646299, 9.913841053302253, 10.01815723811449, 20.47964158941568, 16.59748561416796, 17.797457481062402, 33.78046937405593, 2.2441411370948714, 5.921186556325858, 10.340843320876658, 15.427473268933362, 16.72734464459607, 26.81835985750755, 8.806807854844054, 2.413890281478125, 5.530636832759234, 7.841818147269332, 5.688978310986592, 10.16367797878488, 10.6122143723653, 22.235904710959524, 13.297996137321839, 27.63565717586808, 10.50143288602039, 31.994544520109777, 3.8549983985058294, 6.016392223251686, 6.870086854240564, 8.802833091351957, 4.804957136706787, 8.652097801477005, 2.6707376848953617, 7.856835784418067, 3.4640699318201356, 5.968529925067162, 4.172120712101426, 3.784195542360839, 2.2820782597908114, 5.245446356782893, 2.496991683149445, 9.16274307414513], [0.0, 0.0, 9.21047329703437, 5.877972544602105, 22.39522172764484, 15.403878324971576, 12.092568918635944, 12.632386072668277, 1.3077169650845866, 6.3027073291111435, 9.884464674985074, 22.215027390131922, 20.372020363841475, 24.86128726594906, 17.602843716036414, 3.4342508876279396, 1.3920476597342466, 6.854094344652427, 8.319716165927513, 9.68340964136572, 22.420939702474943, 25.500071963579952, 12.438451880172394, 30.53635553474506, 4.269063771017954, 3.5705238216174546, 7.228026444587259, 4.498158654358679, 10.471273499101375, 22.094911947618815, 19.824281880329526, 26.532782192340296, 14.754894429425645, 1.5199456559736062, 3.6684759290436455, 1.755658607640634, 6.809894086926999, 5.338277568187429, 9.125516840735031, 4.863325763272725, 6.588036621225871, 4.482530340030445, 4.586054454817177, 1.191019165791998, 4.167589957581073, 1.9050160841565669, 1.6495443158966905, 1.1589609068672482, 0.4362490876754, 3.8086614009184108], [0.0, 0.0, 9.21047329703437, 5.8729131987747305, 26.809327976275966, 31.31212032184691, 4.387843257380081, 3.5305860789386507, 6.916273288072817, 18.80671006147755, 20.0274713008974, 32.531095083816936, 9.1568816103224, 3.0870377680528556, 6.319718554752288, 6.8054006150100035, 11.048974723066706, 25.42193919654972, 20.881166466614133, 33.52456535836972, 15.20619771370268, 0.33540150642173466, 5.25068466454695, 1.8546621233487217, 12.262361874913685, 26.59399623046337, 24.18456841894375, 27.36304545783319, 17.696027380310177, 29.6440238341166, 3.7927161518070434, 1.7516551295348672, 9.273165656762087, 4.781549261686413, 23.35981355720089, 27.77041240338127, 17.83845388095272, 29.216712548797357, 18.543341102883442, 34.38446541647026, 17.263306310691195, 36.634218006465936, 14.976834891200681, 1.260151418256997, 5.349498196230733, 35.338517835600136, 16.944711350499496, 34.821194532304354, 18.82107587653816, 40.52007243762317], [0.0, 0.0, 9.21047329703437, 5.8434008114270455, 22.315256504797418, 23.383040116941178, 24.073803068006335, 13.56718237505471, 0.35192950117478883, 5.842338388116479, 10.61899861599243, 22.957811569891636, 30.82531872040952, 25.07169851940964, 19.164971034882132, 5.115828703781901, 2.6162654364067657, 0.777869342085491, 27.838087128554683, 26.656198054833485, 22.753234957076774, 28.82979492173562, 2.5483619378624742, 1.4592569373662134, 6.559276028114997, 20.89665893176875, 27.343707612409066, 22.775238795661082, 20.896606775941585, 25.162502056293576, 0.691388284589573, 5.19872214613964, 4.565933648705635, 1.5908061394827673, 26.5535685802002, 23.92355718609765, 21.37865457141062, 25.350551431184257, 22.043499309167274, 26.34393226760809, 23.289326842921756, 26.30591703377923, 22.364868718235872, 24.632433183085745, 22.07760956754796, 25.523302910917163, 25.1395420108638, 25.192687855017013, 26.893415410226446, 30.656114729330167], [0.0, 0.0, 9.21047329703437, 5.784725613257809, 22.4325476283507, 23.130443946421288, 4.344217068157663, 11.489646073121008, 10.173821902009987, 0.8609463701717796, 31.84684488314412, 19.298194894104633, 15.00424678218384, 8.904230092004383, 0.9960035197965986, 