{"initial_violation": ["collision", "destination", "optimal"], "initial_duration": 75.48999404907227, "subsequent_violation": [[], [], [], [], [], [], [], [], []], "subsequent_comparison": [[0.0, 0.0, 3.167527449133613, 7.176763100927322, 8.107309196110899, 19.69733668745252, 7.614867974654731, 18.29559023967702, 8.752464416876393, 32.83558720241377, 20.571533244798303, 15.567608574132702, 20.192726170226607, 18.053591049484112, 16.141602360920917, 17.382966903286288, 15.049547892683655, 15.311057578630052, 16.15127203959377, 18.910445376641245, 17.63034966771985, 14.014782548623128, 16.41493807060776, 14.988582386448224, 16.01956666594226, 15.313720220920432, 19.146971715237687, 13.285944609717466, 20.631047560600855, 11.656776918413847, 21.439405104125775, 10.955728451466989, 23.910011313219638, 11.750146614295696, 24.087437995384384, 12.539568710383291, 21.171657414647534, 14.089493117658982, 19.42961050929035, 14.330373462469352, 18.612531748511497, 17.350485948920728], [0.0, 0.0, 0.3041131896378033, 7.753623966820208, 7.540687545075701, 3.0752217618428217, 1.6719266194502376, 6.271975656684691, 10.067657486361915, 16.893413424920592, 9.575709864268568, 16.115993919529814, 28.35221422842064, 19.878608162994148, 24.854876429447476, 20.566447689310476, 21.800838906315896, 18.617313617409096, 19.10474328575845, 23.289320885346843, 20.08153352777134, 23.53946674147734, 14.434860439704643, 27.945253284709658, 5.356467956376766, 2.5177922818405314, 8.43128835597825, 5.798336496863665, 8.556020672834165, 6.137531706306419, 11.906120724886778, 4.694645204405562, 9.88009081729891, 3.916150022469399, 10.118141817060959, 6.994891595608915, 10.780621100588363, 5.730509793200924, 12.338678429607098, 7.382519261754362, 10.501347918638016, 5.764864384275775], [0.0, 0.0, 0.3427375362241031, 7.810931445203772, 7.686128860642017, 3.114322295388232, 0.808025404124097, 1.3119616069449647, 9.951302243749181, 11.448444029204076, 2.9273772171489574, 3.23902789676384, 3.0172534246821856, 2.649361734880335, 5.572740030472886, 14.775058637744399, 22.880952346226856, 13.262406383631344, 21.15146867778881, 15.360971877325627, 25.087615256198053, 14.822019155985913, 21.597970989646385, 13.626014175068248, 19.850574651008788, 14.72781594929304, 19.34008215143971, 11.825254747789984, 18.83224494148575, 12.678370842709764, 17.884663249832332, 12.523260052781923, 17.558153138118087, 15.772314600064925, 18.494706370843712, 14.227373603079524, 16.313181009487717, 16.59797823827918, 18.047249001970492, 15.920553956272073, 18.767664823267822, 19.5390275019461], [0.0, 0.0, 7.562126532719097, 0.15110760523445785, 8.264237136876336, 5.162959112940299, 1.821852166753857, 0.2968774048622583, 10.928985317553911, 0.5825194695749425, 3.399165953544459, 13.18234101127444, 2.039313428146963, 9.315021938572075, 4.882333192579061, 4.521406728910856, 6.650618241174565, 14.1990288737618, 28.001084503232864, 16.78574152705152, 28.676732149083648, 17.190230411610674, 27.253214958748355, 19.010914242030964, 21.01338748374936, 19.040076121912726, 21.801044397089395, 17.99358637828668, 3.6896141663227646, 16.290939463679464, 0.36487374482034146, 17.683330823506548, 1.6737829641792439, 15.994131731998433, 0.8938344565252266, 16.063421319272905, 1.7141740070807512, 13.33798474629079, 3.6600332380319816, 11.94582899456925, 3.68333097130528, 9.431498518262174], [0.0, 0.0, 0.3677069494474923, 7.7646592200491575, 7.538549369017047, 7.740824041881354, 1.427080514042711, 1.2214247707873642, 10.582164026652904, 23.93305704647458, 29.070101427856546, 8.503760768358934, 21.022998303345148, 17.613912018373657, 19.57904167148223, 20.995076208015828, 15.190671935744206, 20.182258682600445, 12.257436585463982, 26.636594724502217, 14.622168974134595, 24.439774373516258, 10.999403081746781, 2.688040221974138, 3.788352776302037, 0.7528187867576903, 5.156621055318221, 0.5702647811269592, 5.031500446208267, 1.475872938173852, 7.615707104503618, 0.46975862335434726, 8.879452597860965, 3.0521603820358703, 7.848618240317827, 1.794222280557346, 10.149119640993524, 4.89813858212734, 12.427302404714254, 4.014723432771785, 10.833200440582003, 6.2486875675998235], [0.0, 0.0, 3.2365239842826723, 7.675443649817745, 15.846526851187008, 23.082008169896877, 22.8352097487931, 19.206142546719544, 31.11853890043025, 30.318115308977415, 27.339995672139654, 18.92326259659763, 25.567130614291425, 25.829488427097324, 23.15017678827724, 26.440406874471794, 18.337127997364554, 10.905907994367041, 1.5821562371998223, 7.191316768482825, 1.3193538945872156, 10.122472766726618, 3.7103299576913176, 6.8691406373760175, 7.833815368659507, 5.392026038327827, 8.544099313675384, 5.643719094804607, 11.796753268616682, 15.943079649070478, 25.457690740563766, 15.580193340044504, 25.597326661951175, 17.643900349717622, 24.162426259917037, 18.996227643799706, 20.17228808541407, 24.434581612615915, 4.838326887623826, 13.981095453545622, 6.39390153078602, 10.83672656419595], [0.0015606859869200245, 0.0, 7.874110108209993, 7.782710597031902, 3.532769439418505, 7.88272381129414, 11.809000207113531, 18.01462397560446, 26.51419845585609, 20.193847291981974, 25.37785450283811, 17.214778406059107, 30.700720748652824, 20.23589827374301, 27.795993492998726, 21.352364650238698, 9.511037242419313, 17.064624172969722, 23.699139669204104, 21.40590352299352, 27.096351197246715, 20.802074025357353, 22.68813161238027, 23.233654782906815, 17.928708552941764, 23.517716362348356, 14.741297895986152, 26.32550982209837, 4.642824422598661, 6.25481237013371, 6.8335671450263495, 2.4494194385584787, 6.372761953843339, 1.3393724997193701, 6.74002501987142, 1.7283369977479048, 9.596968627404888, 2.28165509524363, 8.677787991511616, 2.6530531439985805, 7.717851797900411, 0.13129711911477762], [0.0015606859869200245, 0.0, 7.65564513252606, 7.737582221452238, 7.639988838480654, 3.6504044047695925, 11.30559137046737, 17.465216426256372, 31.077766741856152, 32.893418436525046, 28.870096463644963, 18.187208479187493, 28.52766687483076, 21.68246241329936, 24.08945207107816, 23.834309434135577, 19.486564217435856, 22.68522574148216, 15.260962768061022, 25.746998514035152, 18.08273730988789, 24.151777325810343, 14.873402739171913, 25.475295320062244, 2.886410270840986, 5.270441465857773, 3.9095046747040114, 5.861360619471474, 6.496483725985416, 3.780433127269832, 11.811851319000478, 1.0276032831747755, 10.828110373384954, 0.5649267052488968, 11.577305897521693, 0.46819550663063175, 14.16150144144888, 16.229975064888603, 16.78932140749589, 17.26810916090693, 16.419721194793354, 20.967006683167124], [0.0, 0.0, 2.9967459039344937, 0.7042094227919675, 7.990463841841964, 20.217806823145622, 7.542594246677055, 14.326043989504958, 8.82451160430255, 30.73986694296115, 16.82521905452517, 10.079970214358742, 19.002559967630738, 12.20479140574106, 20.578083312821757, 7.335002928550777, 1.0538610556785017, 3.7192475994721237, 3.6798055717376696, 3.366774022648553, 5.534571917704373, 2.33885185164624, 6.266097454052032, 2.0952178581623406, 6.044641794531592, 2.102397701204979, 4.885929402550623, 11.741064319865854, 3.7658711525428283, 9.323094999394138, 1.4486602710080398, 7.568485225053223, 2.6840065057821803, 6.467087230561091, 3.367125655105824, 2.6452326620774493, 2.657737110028587, 0.8385876283313809, 6.36205305022299, 10.857980836624941, 7.844001034010271, 12.486823598382289]], "deft": [0.0, 0.0, 0.0, 0.0, 0.0, 0.0, 0.0, 0.0, 0.0, 0.0, 4.616727744469671e-05, 0.0, 0.0, 0.0, 0.0, 0.0, 0.0, 0.0, 0.0, 0.0, 0.0, 0.0, 0.0, 0.0, 0.0, 0.0, 0.0, 0.0, 0.0, 0.0, 0.0, 0.0, 0.0, 0.0, 0.0, 0.0, 0.0, 0.0, 0.0, 0.0, 0.0, 0.0],