{"initial_violation": [], "initial_duration": 69.34014248847961, "subsequent_violation": [[], ["destination", "optimal"], [], [], [], [], ["destination"], [], []], "subsequent_comparison": [[0.0, 0.0, 0.05084520836558776, 0.40522250603256943, 5.084768783521037, 7.881764588589357, 0.9872624934133024, 8.213785884597812, 1.2723442930689535, 10.780507509482604, 19.789408920397968, 5.933216044772889, 20.275600436039433, 7.05782966692389, 20.950843278211565, 10.349199533241354, 17.693325026343548, 9.44961605558087, 18.583639671763933, 11.604413834001042, 18.236646705177872, 12.017102111765167, 22.669262368779574, 12.366690971782633, 23.55262507695088, 10.024254513341894, 21.4714332326914, 11.666094186012852, 20.541906691618248, 12.196406042869272, 23.408348510166512, 12.926128353425943, 22.29325416898077, 10.289315131395153, 21.55510974631718, 9.044141072432883, 19.407201466392785, 6.878170321437555, 22.22619541527575, 11.013794215099413, 13.158659938367656, 6.874189934735107, 15.869280890762731, 5.2650343883438495, 19.489707613314113, 3.0590852924307286, 19.252212680151374, 0.5393143841683868, 17.98312972145017, 11.324628055522437, 17.169406376222717, 8.879750506587747, 17.720248320274614, 8.499152202358507, 18.335381096332497, 3.139957962306596, 15.697109519773617, 1.5089460411337214, 12.650556014161996, 0.36916153642257066, 12.772261955793573, 0.12908724138838662, 11.655818759364807, 1.4125095818489883, 14.798595848571917, 8.614608150861114, 11.96393534279031, 5.181500387371939, 9.309186640657273, 2.171927051172947, 8.81791437508593, 4.709105464593037, 0.20107554702690436, 0.9028821761374201, 4.236457904630782, 2.1343890664444167, 5.459287168429556, 4.428678291574562, 2.6635113507058463], [0.0, 0.0, 0.09744254164219773, 7.7733765697541655, 4.997001601550614, 0.20111097096371264, 2.1231495465461228, 0.4097831680103594, 5.296086572262132, 1.6780933658499075, 10.021433031763078, 20.561658949478566, 25.84447024356761, 17.469409238310277, 20.981915626890245, 17.991786401015265, 21.45349596133364, 17.048756349189787, 20.43890908808704, 18.562841200949972, 16.505531200555797, 20.859362118031648, 18.84218893103906, 25.037722603354116, 6.437256036225508, 2.674372901021874, 2.2911780118378617, 0.1333007442585779, 0.15369397066172866, 0.8210902121943552, 0.06963717398700722, 0.06462977195828226, 2.7105239397566683, 2.172636292810197, 3.5548602450130655, 4.075968790518972, 4.358520142323146, 4.1558915522906945, 2.8060219289033195, 18.971479629646314, 25.533763070363687, 23.044130091408483, 22.22466448429845, 25.142315871841713, 17.512563609354498, 28.296202820975253, 16.582606573167602, 31.305071153774747, 6.12360952493319, 2.1249157046623153, 5.5207643539609625, 1.028396284151785, 35.5807243789014, 19.29059515512427, 52.3626956396164, 38.21861604544248, 67.13738324319866, 56.8934844477846, 82.65295053986804, 70.00652476097017, 100.62976244089405, 83.93452398524302, 116.25253099619815, 99.68353846274293, 126.06921059800999, 115.88495255153009, 136.7081831413711, 129.44937692952874, 147.19691365029638, 143.13570866079573, 155.56911440217695, 152.99406864593996, 164.87495503794509, 164.7209119086835, 176.3041765059458, 175.17216963524325, 182.7851269489221, 183.89166997254765, 189.3843494164853], [0.0, 0.0, 7.690597727156121, 0.04005352792695792, 3.765172737164473, 8.109593101064501, 19.526147195318444, 11.605963809411017, 18.692627749414257, 19.763303634771837, 19.695460903800406, 28.168174994751894, 20.610981569930594, 26.892693117125003, 20.199186019004514, 29.15393642087073, 17.81039782437982, 28.782559640930696, 3.8737225365953796, 4.54331583029652, 8.535789612637062, 2.310858554887083, 9.323507771781196, 3.3998123850172837, 8.03438664952004, 0.945874686101276, 13.760598572111626, 30.652153607001594, 29.328584405187044, 33.911140352389076, 27.213146158598004, 38.27853183566514, 23.941137767175068, 38.67356551713122, 7.5090850085400564, 5.713283756282833, 11.303278425725162, 3.2348590455320587, 12.761137455003375, 3.0531833844542797, 12.364023818212985, 2.7254340987809753, 13.3906433827875, 2.476682982288989, 13.805260200369757, 2.104107255198912, 14.879925760582537, 1.245904857473201, 14.030603439989852, 5.513218045217662, 12.64230420238939, 7.848305685617221, 12.279106258744346, 10.403865579331828, 25.814535314092247, 41.84413638847254, 24.40412408270609, 40.370924664408335, 21.153770794753477, 42.22526526054318, 22.646168752693434, 41.339188723946364, 20.452164376507934, 39.78789844596773, 13.329467610831136, 37.783277355316955, 11.873608726799471, 36.55405535154528, 10.131220582687462, 32.32018137648221, 27.1065890945695, 7.751760327317474, 27.748108137277196, 4.252712707564509, 23.133224774262644, 4.769290099603229, 22.25489336409311, 4.348266770222089, 21.158154195824686], [0.0, 0.0, 7.9160975663551, 0.1865742915903851, 2.976661949176138, 7.981317647094446, 19.688963649616966, 12.057026008895177, 18.78943710999953, 28.241128256753214, 19.962044551147756, 25.524368727907863, 16.233333031326143, 28.664418712473253, 12.66601705566822, 4.512911207663247, 4.322301159567445, 4.093950060989748, 5.552782568219374, 2.5109777513811378, 5.925714948267136, 3.117155832829066, 4.65071130103869, 6.417641164419873, 4.5696368339054585, 8.15665427017088, 20.74396009774497, 23.744279100006015, 18.794251615753254, 27.9612942885689, 19.072573158978237, 29.954840207010562, 16.356439083081984, 30.95193638462776, 13.3575369393588, 34.300898053809824, 11.856633651362609, 1.884758254398868, 13.183431403171022, 33.71010927342063, 14.256557833401917, 33.53707471206832, 0.41220569482308134, 4.070386526873219, 1.842250718776001, 5.829835211488658, 11.940628539629618, 36.327584495612676, 16.50491699747718, 32.59911270753543, 20.239191651945738, 28.40385106518571, 22.50898949239365, 28.323330214731318, 23.82957943290537, 26.347266155277758, 20.66536618373902, 25.479138209348175, 17.937726597387652, 31.443552445578714, 20.68408681921698, 31.133073269618436, 19.028514204452474, 29.272670331830824, 14.15968726491249, 11.408192585769664, 15.583617815523207, 11.518094086828093, 15.080920174706629, 9.396998062278206, 18.69301789773538, 11.184339722511464, 20.773646880376784, 7.9429041405646075, 16.879677619209087, 8.77891640705162, 8.89658095842849, 24.20145441516123, 9.045826699914135], [0.0, 0.0, 7.717323311507498, 7.434256821369878, 3.106566330014992, 15.316663906566493, 12.216162578883624, 12.803464010063497, 17.284843411252297, 28.96151401510617, 23.345498362931014, 26.079776059060528, 0.12075690834404643, 3.407255801052241, 0.9269940179221335, 1.7231671295917792, 2.5457970545232262, 0.8214495953344162, 3.3026439488210637, 3.9550882984875315, 5.6861770483246445, 6.218508277208801, 22.008697039513688, 20.297321480100507, 20.830019355296496, 22.0953490803052, 15.251138402682226, 26.07271613003785, 12.609344064221068, 5.391049015327805, 2.9399724172599107, 7.915054828298793, 1.4541553772110583, 10.000010814991384, 2.1949902048912016, 11.456837674899683, 18.39577677697969, 19.85286752376462, 18.866011690091728, 19.019121042093023, 19.54262474244676, 19.23557211782374, 18.93638887755636, 19.453156526856702, 18.88811594960949, 17.41455981286715, 0.7293821251879676, 16.94326188413041, 1.5283641338596183, 11.744185287021343, 3.069606699881142, 9.372307803560714, 4.177239310829877, 10.262941174803295, 4.483671248181485, 8.40049773794014, 0.9113049670067908, 7.848573979679337, 2.719724639233568, 15.434248150136488, 1.5195983269451574, 18.346276130852484, 0.7688547532924398, 17.67258609569989, 4.364451335491552, 15.183913340593916, 8.134867988487345, 27.968237474390346, 6.5063415930584405, 25.560396077032074, 7.719605260447369, 25.0944589645535, 9.176484461338823, 24.328050869299588, 7.9593908006396665, 20.37473335462678, 8.28607529559869, 19.023442363608613, 11.885943697593342], [0.0, 0.0, 15.275111669824632, 5.710741028886193, 22.857733634855315, 23.180319839609588, 12.27776796799538, 13.633773970160641, 16.27377609778604, 29.427640617199796, 1.0306080080755513, 4.121916274878612, 