{"initial_violation": ["destination", "optimal"], "initial_duration": 68.30056881904602, "subsequent_violation": [[], [], [], [], [], [], [], [], []], "subsequent_comparison": [[0.0, 0.0, 7.419759519264076, 4.478804902309331, 14.647001970842176, 16.300708687685898, 10.35820182852344, 5.559869959593303, 1.7017632960198321, 9.697507064236431, 4.531418831200087, 20.008882763542243, 23.59695172680452, 34.90878417520365, 9.754330355711783, 37.202522357190404, 10.362772127038776, 3.2964191949846953, 9.393188586069543, 8.548869031190579, 1.7286085921846992, 16.19706133665362, 19.843224658053213], [0.0, 0.0, 0.5337667620408169, 0.026501174501604455, 1.2698105777713606, 0.5415299768690163, 12.303477602382031, 10.898466465409673, 18.208374559171894, 15.898886705237672, 22.038074072589627, 21.541113554179695, 24.864595503390795, 23.615294963481297, 24.30505034346626, 23.626607489183534, 18.532037934090024, 22.11971556660916, 21.769397927411532, 17.253976041351745, 20.364306263993925, 21.774782018562526, 14.50699355525076], [0.0, 0.0, 7.419759519264076, 4.429739998531911, 15.069633900195244, 15.72094215593481, 15.865690740549319, 29.171061810668334, 0.358991807391046, 5.302217951957744, 2.949639635454735, 12.320292297621812, 4.91938984548501, 22.810331079263122, 24.24879455394256, 34.871813750286485, 19.115065547438533, 25.50876388853108, 19.912672638819437, 22.30306308611421, 18.73072073753938, 24.325511521601303, 21.763353661925283], [0.0, 0.0, 1.2524147061571418, 4.414916181766251, 15.142636054029584, 21.83051581386611, 15.613928476331198, 27.781785122806358, 6.7164084652728215, 5.349245367132156, 0.9862057026059742, 11.87010400223503, 2.942462885089855, 15.380309603173826, 14.944903274265569, 24.203897548366122, 24.000342037812214, 24.19344093126554, 24.594549828261865, 24.112690059777, 20.57671063987751, 29.026612197939123, 24.830489010919294], [0.0, 0.0, 7.419759519264076, 4.461437028086505, 15.040987360709188, 16.138947388850536, 15.819971553178448, 29.46327286719204, 0.5838810297125525, 5.401393742159102, 1.4946325105112965, 13.271265265408557, 3.9261763856191667, 21.963858933027375, 25.420844327392693, 33.18891407543994, 18.088054980865476, 30.72922022864558, 14.3372824167574, 3.7649585327099087, 4.5083675503303295, 10.151006943537041, 10.799077892459565], [0.6506615397885341, 0.0, 7.419759519264076, 4.386851223431973, 14.805748935107792, 22.41088634151312, 15.118718620505222, 5.168322146601279, 1.1258865498092192, 1.234986971253414, 2.1763331827636345, 2.129230523503393, 38.34768824210057, 33.8200990179005, 23.367379970808788, 39.85500861919153, 7.736254418090236, 11.743689610709271, 6.931353511092671, 1.8014185510133518, 1.7460450227516675, 22.044045922191888, 2.2751726949355486], [0.0, 0.0, 7.419759519264076, 4.438448987972339, 14.620405615055278, 16.705332086892437, 5.849707300997415, 5.536179724313148, 0.5067645627217647, 9.422389428483173, 3.207973549876698, 16.23424270219352, 24.198227849678865, 23.021099657921773, 22.03646584102868, 32.887548880459946, 16.162722716187414, 24.145586896757894, 18.339153797989955, 20.55344259816994, 13.74234154093365, 24.520361281657365, 4.42287898861106], [0.0, 0.0, 7.419759519264076, 4.468268317533287, 14.887648064112911, 16.493485500633067, 15.429939224022686, 5.517345594784667, 1.4549977329226644, 1.98593885710323, 2.2975161370158843, 1.4094459807349144, 5.162999924725766, 23.04144029148822, 27.6025739939919, 35.156432589123, 30.324554046391945, 25.759419482804013, 16.78652109807625, 5.448606301243878, 5.4753080566014, 2.1024313367309815, 3.896760804815903], [0.0, 0.0, 0.9479002137242128, 4.416563816290832, 15.197687540619384, 21.895551583066403, 16.006300439436792, 28.587462515450806, 6.7515455367113315, 5.3076750167867806, 2.6807141651798587, 12.479220123901248, 15.50051917746946, 33.710036344726205, 25.029226613108403, 37.43476386273575, 19.612290276085343, 32.70411801663712, 17.774060412037475, 0.13206391918972546, 13.496507554686794, 38.59865995451746, 6.79292885230841]], "deft": [0.00015290279402250173, 0.0, 7.686515396048889e-06, 0.0, 0.0, 0.0, 0.0, 0.0, 0.0, 0.0, 0.0, 0.0, 0.0, 0.0, 0.0, 0.0, 0.0, 0.0, 0.0, 0.0, 0.0, 0.0, 0.0], "subsequent_deft": [[0.00015290279402250173, 0.0, 7.686515396048889e-06, 0.0, 0.0, 0.0, 0.0, 0.0, 0.0, 0.0, 0.0, 0.0, 0.0, 0.0, 0.0, 0.0, 0.0, 0.0, 0.0, 0.0, 0.0, 0.0, 0.0], [0.00015290279402250173, 0.0, 7.686515396048889e-06, 0.0, 0.0, 0.0, 0.0, 0.0, 0.0, 0.0, 0.0, 0.0, 0.0, 0.0, 0.0, 0.0, 0.0, 0.0, 0.0, 0.0, 0.0, 0.0, 0.0], [0.00015290279402250173, 0.0, 7.686515396048889e-06, 0.0, 0.0, 0.0, 0.0, 0.0, 0.0, 0.0, 0.0, 0.0, 0.0, 0.0, 0.0, 0.0, 0.0, 0.0, 0.0, 0.0, 0.0, 0.0, 0.0], [0.00015290279402250173, 0.0, 7.686515396048889e-06, 0.0, 0.0, 0.0, 0.0, 0.0, 0.0, 0.0, 0.0, 0.0, 0.0, 0.0, 0.0, 0.0, 0.0, 0.0, 0.0, 0.0, 0.0, 0.0, 0.0], [0.00015290279402250173, 0.0, 7.686515396048889e-06, 0.0, 0.0, 0.0, 0.0, 0.0, 0.0, 0.0, 0.0, 0.0, 0.0, 0.0, 0.0, 0.0, 0.0, 0.0, 0.0, 0.0, 0.0, 0.0, 0.0], [0.00015290279402250173, 0.0, 7.686515396048889e-06, 0.0, 0.0, 0.0, 0.0, 0.0, 0.0, 0.0, 0.0, 0.0, 0.0, 0.0, 0.0, 0.0, 0.0, 0.0, 0.0, 0.0, 0.0, 0.0, 0.0], [0.00015290279402250173, 0.0, 7.686515396048889e-06, 0.0, 0.0, 0.0, 0.0, 0.0, 0.0, 0.0, 0.0, 0.0, 0.0, 0.0, 0.0, 0.0, 0.0, 0.0, 0.0, 0.0, 0.0, 0.0, 0.0], [0.00015290279402250173, 0.0, 7.686515396048889e-06, 0.0, 0.0, 0.0, 0.0, 0.0, 0.0, 0.0, 0.0, 0.0, 0.0, 0.0, 0.0, 0.0, 0.0, 0.0, 0.0, 0.0, 0.0, 0.0, 0.0], [0.00015290279402250173, 0.0, 7.686515396048889e-06, 0.0, 0.0, 0.0, 0.0, 0.0, 0.0, 0.0, 0.0, 0.0, 0.0, 0.0, 0.0, 0.0, 0.0, 0.0, 0.0, 0.0, 0.0, 0.0, 0.0]], "subsequent_deft_violations": [false, false, false, false, false, false, false, false, false], "durations": [68.27986526489258, 68.31920337677002, 68.14157485961914, 68.18947958946228, 68.15842795372009, 68.28066635131836, 68.3091893196106, 68.10993337631226, 68.3504490852356]}