{"initial_violation": ["destination"], "initial_duration": 34.839247941970825, "subsequent_violation": [["destination"], ["destination"], ["destination"], ["destination"], ["destination"], ["destination"], ["destination"], ["destination"], ["destination"]], "subsequent_comparison": [[1.0133731430059762e-07, 0.0, 0.15726141703539243, 7.248218687691789, 0.3255642688443008, 0.4173190060442563, 1.007766131402393, 27.20179255585038, 10.162357734608651, 22.85384544569085, 2.6828284209787605, 3.5861434547657556, 0.7000651558080965, 15.690540663170218, 0.5119658519012522, 11.359638803212091, 4.735216792892605, 13.615438115607917, 1.6675892528134597, 6.558169009774708, 1.58121684889804, 4.41297185097253, 2.8075707734878397, 9.611002261798378, 10.731884517820909, 13.67088180022685, 0.21698495609583504, 8.117084958000754, 0.19734357296773045, 8.934399193283756, 7.841734712073052, 8.176045920063414, 8.237348916341642, 7.940513396601687, 1.6563721639200693, 7.672262588034251, 1.126818461793132, 5.066258898824857, 0.8175760763204482, 5.070303169818282, 0.8246947394203423, 2.6622339587499324, 9.747623328878747, 8.709645026610804, 1.0123955908680426, 8.070968549652497, 2.549330076075433, 2.181620733349044, 2.219578813911213, 1.4920407560882196, 2.255014248860568, 1.0548437662740124, 1.5160584424494008, 1.463088477721443, 1.4381290011156773, 1.1805532886691474, 2.117045314455795, 0.378438521129084, 1.113008867688839, 0.4873257151141722, 1.0928358944263772, 0.7168870290868059, 0.540629056144457, 1.0831336806157892, 0.5005981263801067, 0.9267168709399455, 0.16118360333137668, 0.7357581326720036, 0.6825980838318513, 0.18935825577865428, 0.5704387687032398], [0.0, 0.0, 0.5684529377533111, 7.238287675652754, 0.22764256263778174, 0.34464563086885996, 11.476227998447348, 0.860330308875731, 22.826327186142297, 17.466105464768308, 0.8555413810539658, 0.29668948305910875, 24.601046846473032, 6.78280666159492, 22.199684171729473, 5.34079080971485, 16.51076756411603, 3.5444164735613746, 15.80361991730435, 6.43930843408181, 11.680941186519384, 5.118094411234294, 7.620100268349872, 4.440058676385934, 7.574054266649328, 6.539452758764197, 6.460352307245472, 6.226223344163352, 5.190176453369597, 3.649720599813944, 3.9265581493584047, 3.0433844205091147, 2.4258254369761048, 1.3345461147225046, 2.571030125789509, 1.684237229004272, 2.3237595066672925, 0.41040502908088394, 2.4359309507727493, 3.1987189164684464, 3.686872744809755, 2.5343525127283875, 10.363429630703738, 8.974454345914054, 1.1439480174890293, 0.5101852327943701, 0.2789957405358036, 0.22828117460988845, 0.7956366396005844, 0.48601137774016384, 0.5606076092747877, 1.7254701871028801, 0.31606000551646474, 1.7131532128056157, 0.2212812164329134, 0.2235228173221863, 1.259193290322907, 0.2226269440345091, 0.28454478172667297, 0.20203395722819048, 0.2252585096619653, 0.31448536925254983, 0.24824632103158065, 0.2719013786968913, 0.21642416894273314, 0.29953001238370264, 0.5187243249541201, 0.1921942863659668, 0.42088557146428657, 0.16163925620240868, 0.372706361333429], [0.0, 0.0, 0.06290651366784822, 0.011779340382271741, 0.02987025241077792, 0.5653700521905138, 5.518347810604868, 11.883493927929935, 12.100393713580964, 17.321679950383118, 19.27317834608153, 18.55776897566529, 20.861206630403522, 19.2936857492161, 23.045400857645763, 21.452013764940403, 20.927393230429136, 16.982105847702847, 21.546981140401808, 14.980686741978488, 14.241257480806066, 14.807597118099663, 12.951145314124958, 12.010734571247093, 13.266375989419881, 12.416092136094939, 8.166916508383308, 5.966989100216168, 5.0456365092212625, 1.9720880227436963, 8.457679191626186, 2.0701142531259435, 5.36956034307139, 11.030898478343024, 5.143343154608967, 8.747627637018741, 4.515218845519391, 7.272715229278874, 4.718482205474287, 6.278234508259967, 3.9284049171275535, 10.356282270829938, 10.078779950670727, 10.881235837960242, 9.018074262718532, 2.6500766336805195, 2.071065862126934, 2.074940347729212, 1.5644755017709862, 0.8366183308952776, 1.1234467022074472, 1.6139302675842238, 1.1160990007358902, 1.3893547651810816, 0.8523827126103287, 1.0043464853473414, 0.24015707301572742, 0.6221331416352149, 0.2584756556110068, 0.9642379266254448, 0.4567317457203512, 1.0349564623885628, 0.3106624311314643, 0.13636906268925703, 0.5445549508532482, 0.12776148959104716, 0.48371526463283143, 0.12794439953156095, 0.12574807496099363, 0.12796706845622505, 0.11897350292922662], [0.0, 0.0, 0.7559344866945473, 0.058951055050183325, 0.27366288334765554, 10.757393314450672, 17.326593117420853, 16.78306649992078, 18.732142899459888, 18.158383605510892, 20.223907171531987, 7.879444986354242, 21.144533107817423, 21.9464327748828, 22.481934528687063, 21.018430735286593, 11.815128007111857, 17.220471116084195, 14.552234676676653, 16.347415511248414, 8.92861289038557, 19.189611400484278, 6.303930702087249, 15.756964635279527, 7.5005639813208465, 17.11581000650175, 7.903599504442675, 15.092897748567225, 7.157596647107182, 12.397676581688575, 5.709307079520132, 10.375245143952329, 6.376009316634432, 8.084263179697475, 3.1484508995120484, 6.831777909359347, 2.1325344521387333, 4.7636394715670285, 3.4099613673627496, 4.139379684549804, 3.7658787697861333, 3.326227781507573, 9.867700148380429, 9.282794087256432, 9.530098536625868, 0.36691504990610796, 1.59291661220185, 1.4418847510038153, 1.1457936137007865, 0.5054311780567903, 1.2000162378936554, 0.31130652605860154, 0.9920636711454711, 0.39254258157176064, 0.2918223180902031, 0.5197850837937726, 1.6529987790597833, 0.43946504794575664, 0.29081302947850746, 0.5358227610762935, 0.09664356768741751, 0.37819964129295885, 0.39754444735432753, 0.4614125063220307, 0.23452082048960712, 0.46908537347560303, 0.6580928525875454, 0.43286237018693613, 0.49174726302796856, 0.14231020216291587, 0.12351548667927366], [0.0, 0.0, 0.06256304562122075, 7.226775089315455, 17.71347699597288, 10.626550792569555, 15.875410608586924, 27.88555087037908, 18.22731411584041, 21.3196550273135, 19.558742073651096, 23.715735720998072, 20.559275741096826, 31.575559305893442, 22.370780631074773, 29.406355442190883, 20.910522462207606, 20.127123789981543, 23.437108374609505, 16.837442733877552, 19.6379377765144, 14.87826688554603, 17.56123671145258, 4.032563653377294, 8.547528759335297, 3.703824342906145, 7.338197116557466, 5.748196174358937, 3.6292872288050875, 7.54749153559035, 7.391000976802085, 6.146067033941396, 2.848203050727305, 10.016253249846729, 2.265436643291694, 7.117328442103842, 5.4484129743222125, 5.7214231797761315, 5.062238016167592, 4.719040247586932, 5.293975717041654, 3.2387960361030936, 11.086904709648232, 8.918265945450724, 9.395516824218287, 2.067927132844963, 2.3000256448559466, 2.2421156408560314, 1.5274535680961157, 1.1259329532980973, 1.0531202302709832, 1.8363486242021234, 1.288482184945994, 1.3752746271916614, 0.32334095029839477, 1.099730013640339, 0.23489363401249766, 1.0492615899791515, 0.2967880208483509, 0.4220948786598268, 0.2940424179522953, 0.8429323559610651, 0.16162471416615187, 0.47783304179275576, 0.1788446611065946, 0.49162381707078234, 0.5482623908424014, 0.15034503129630705, 0.5354786845025591, 1.7564767311093172, 0.4912696757000831], [0.0, 0.0, 3.5136331815891753, 4.935382120595954, 5.0813296110192745, 29.37935107650155, 12.005215735202576, 17.07546932206445, 8.00051605590831, 16.684296674493172, 1.317413597049106, 2.917728157416026, 0.9831687082176434, 0.9861630187002842, 22.045677822057364, 3.148685663950608, 13.191392422096344, 2.762570765745565, 8.746451303417066, 1.0834395646299182, 7.556962113990125, 1.9103248869504652, 10.290356710724819, 1.2406224942906516, 8.832555713795061, 0.9402013396711801, 9.642789500292587, 2.7550707317346945, 7.323709179585828, 0.5858067213057635, 7.465569019082987, 0.1189536001971305, 5.289105670293384, 2.526643401999473, 6.100090250468188, 0.2671147585097627, 4.336074088799257, 1.4870661840033537, 1.8936530140673145, 2.2105791810556448, 3.7813348060945575, 2.59795239238926, 10.07362816994099, 