{"initial_violation": ["destination"], "initial_duration": 34.800150632858276, "subsequent_violation": [["destination"], ["destination"], ["destination"], ["destination"], ["destination"], ["destination"], ["destination"], ["destination"], ["destination"]], "subsequent_comparison": [[0.0, 0.0, 0.8567730079773695, 5.775527122580858, 5.601594370990955, 4.824714141691955, 5.281937596450889, 0.48228240328543803, 1.8026093791581557, 0.8342173057408442, 1.1695786711734828, 0.7611506330290395, 1.667218934727505, 0.8374233233439891, 0.6676403628834671, 0.6631811608387586, 0.17104569192393412, 0.5224447774277768, 0.06809557558434855, 0.06498841134595372, 0.4136550782116805, 0.06572148472878021, 1.053255232536116, 1.0807769513317298, 1.3111707368627852, 8.225637931074056, 1.2663828641047152, 0.4615181479898669, 1.1181534012623806, 1.1414777383634696, 1.4605014420265556, 0.754068026558396, 1.2473552664677763, 1.0625726112853773, 0.10464255312163416, 0.2995161213932719, 1.105210967209063, 0.7641598675193918, 0.9891086853995787, 1.1720926610985067, 1.2246374208482549, 0.6563105051295895, 0.3969133029131712, 0.5638109050932683, 1.0885415220056534, 0.7190443545961765, 0.5224950804588568, 0.8294710260560636, 1.2701086985936267, 8.65135323654766, 3.027729834914468, 11.773308914465035, 1.5745456668526834, 8.624656358812858, 0.805476336664606, 27.830169124436086, 14.112399409070598], [0.0, 0.0, 0.24329270403677172, 0.28480336514456095, 0.12783715874928983, 0.8072111586848377, 0.8549398134362773, 0.14315008344694194, 1.3640493373367604, 0.7956588715197905, 0.9108543605088053, 1.2880997772462444, 3.3768906117727147, 2.2899321977384615, 2.808947927902714, 2.742354758933647, 2.0170158587229134, 2.3793177638318257, 1.4117808977622355, 1.9317861907643359, 1.5479929467691247, 0.7486895084853895, 0.5676371623282059, 0.2421963751169903, 0.25724219511596014, 0.2591695050395259, 0.05433758972588074, 0.8123500052401902, 0.431626965821298, 0.8978391792008338, 0.8786928786951553, 0.2804150886045621, 0.4729040756906199, 1.0141013312380027, 0.5344135935459183, 0.3058631044931881, 0.4517848999217264, 0.44848740752025007, 0.4563997472757491, 0.4800916756717315, 0.47778008247948883, 0.32688364598119246, 0.16055828517155465, 0.40612556734331845, 0.16451676727400436, 0.37647437195894967, 0.19276583508826314, 0.7345431796848614, 0.2623575576100927, 4.57354660783287, 4.122540271817322, 16.268087963996933, 8.176907514345565, 7.747880079558297, 9.456959698066175, 36.644657140193374, 22.894533492153805], [0.0, 0.0, 1.7749193935209986, 0.8366173991762693, 0.3904735912733948, 4.00566645545196, 0.7299572567097008, 2.00278782716444, 1.5839580149243206, 1.7563422043634664, 1.2888748130932226, 0.6556378142421824, 5.232331684743885, 3.2675095357402197, 4.365939318822261, 3.002422557794788, 2.9719220710208463, 2.9283991331811516, 2.6963601600485827, 2.3316708159020836, 2.419193155784102, 2.314974458868023, 1.8499139461396634, 1.0616528268343486, 0.0587541069445582, 0.5871514229271155, 0.3685963844902878, 1.0070582402059298, 0.6989854584898046, 0.6266603862342064, 1.185078081017483, 0.6598825606447731, 0.9518448562262122, 1.0369612999395963, 0.6604808738535229, 0.21656056554722183, 1.185508200516794, 0.20957938615435195, 0.5551411127983342, 0.20148800527741134, 0.46528042507300976, 0.4826541733961293, 0.38347673634303275, 0.4720632849381025, 1.4999033934955228, 0.4517690302514857, 0.3653305349526797, 0.9894523318478599, 0.9482759105077442, 10.359142181482053, 1.0103946810849744, 0.20296101725482216, 4.010073231220146, 0.6494641863051487, 2.3708774269907162, 29.569259766669568, 15.830804948585318], [0.0, 0.0, 0.32565677615009914, 0.09334222907067946, 0.3094778120989091, 0.8518596589632632, 0.7457599917975382, 0.5070803347215718, 1.5978567669620032, 0.4613753733593006, 1.73945208793394, 2.8906859911764617, 3.4840336607122553, 3.5436261707305245, 2.5179249642207164, 3.2357939717538144, 1.7870630313228355, 3.0539065110208865, 0.27221290642432516, 0.4778038985621983, 0.14240098719673028, 0.4363385073485087, 0.5442678437973977, 0.11924601950542474, 0.7639579270322033, 0.4047229192624964, 0.31409344467213113, 0.6157430729071239, 0.7478208274390059, 0.8864475486354153, 0.20622886454835224, 0.4533594748611545, 0.4808392806038846, 0.40614875779733156, 0.7272394270916231, 0.026512073509475525, 0.9458891779117375, 0.136617955371052, 0.9861181261242611, 0.34116096963880393, 1.1317603446286384, 0.41391280623263693, 0.45192386069880197, 1.3356615223443702, 1.1992083835578875, 0.17789092883500682, 0.38848938035602576, 0.4693474608738671, 0.808893142581572, 0.6250081348027731, 0.42646346026982623, 2.446462947770067, 0.5965923018148541, 9.63220646221988, 11.25488093227523, 38.38960270041677, 24.39858284921768], [0.0, 0.0, 1.6957242132469026, 0.767810317388732, 0.34629233920901575, 4.105511787597555, 0.7294491531206225, 1.388457965043109, 2.261235357850856, 0.2813634439591939, 4.909721710255994, 3.786566815957909, 2.7600116264260586, 1.768017441836479, 0.03723739169642506, 0.4052794260818655, 0.86784656967921, 0.4257070256703558, 2.91064699400087, 1.7388268817282053, 2.0968446873156554, 1.9620734299042173, 1.4950390151388802, 2.0296473604542147, 0.04722347737345219, 0.14397565523607672, 0.49307219887615655, 1.0046607112489987, 0.8889050917499994, 0.9931109787686636, 0.5137851283129111, 1.898873858321216, 0.6587399517271223, 0.4435381484256216, 1.002899159342299, 0.3059478349231262, 0.7921878707753588, 0.3293197252624156, 1.082982144581549, 1.347519419904932, 0.8636502101002355, 0.22989454770534465, 0.5918839802221051, 1.2984368270020974, 1.3526102162782654, 0.25279714474759224, 0.43742665056014196, 0.47291023296754475, 1.0885981471968562, 3.3791068015769956, 3.9047052519402845, 2.251557825815813, 3.384051615619886, 5.084686275809928, 6.795302691526771, 34.01935468469077, 20.221746139298272], [0.0, 0.0, 3.0434840341739076, 0.4984026114847148, 1.0128966833091335, 3.349588256967908, 0.7795354871203287, 1.5328345906959777, 2.1225687736426164, 0.2264479948242703, 5.306975136855368, 3.3949022691771256, 3.674083225978427, 4.219031488196251, 2.6553930722483896, 1.5462053716207536, 0.14127323313264745, 0.3153182421165188, 0.6547590946148469, 0.3219027119057003, 2.464024125500513, 1.6946900731958994, 1.6565892686052177, 1.9205372392814015, 8.183029168662268, 0.24370175512820572, 0.16009706562391948, 0.7660816766467777, 0.8347908973291973, 0.6940966357607935, 0.3563164084113919, 0.5868328821593626, 0.6023618877419606, 0.8947108379668542, 1.0350905203983218, 1.2382653030772737, 0.9812546310000316, 0.3416663811791217, 1.1365716164255355, 0.18549032226993917, 0.6358837288466911, 0.2096518493435849, 0.6101962462970186, 0.10413873545185312, 0.639362935567332, 0.0931303350979156, 0.46977092724401726, 0.44793716832971464, 0.9213486750269376, 1.3844434131238657, 9.959575864665815, 2.1586456372939256, 1.0960086149839927, 5.597199316893754, 7.279100669268986, 34.44611932686864, 20.710224399746103], [5.145253008298932e-07, 0.0, 1.8564432823701182, 0.14570327871738253, 1.2868667890994467, 0.79267041990507, 0.8598576539050514, 0.3734563940244559, 2.499941536709725, 0.9662510379929086, 4.4783769477913395, 4.136465763258917, 2.5722059907505743, 4.876542471006565, 2.0045504650057717, 4.23668770494331, 1.0970449874152393, 3.879247537305014, 0.5628439011427762, 0.49887919462628455, 0.9751289183537345, 0.9358241610904202, 0.8141447741508492, 0.9407498234961224, 0.7777564212846744, 8.464512946395763, 0.8651905932531918, 1.2722608172787773, 0.6852311115375882, 0.8632390616670522, 0.4897174548232113, 0.829157563520654, 0.596281323598245, 0.8687479034932638, 1.016297185428531, 1.229360189454656, 0.8756301780986663, 0.2938645202846011, 1.173299024600263, 0.17286042358967585, 0.6870790574428712, 0.18954786829236928, 0.3845965230099568, 0.21229146821895697, 1.3639725970809802, 0.17781557448077193, 0.2466849329546826, 34.842410824796914, 0.7171290743416459, 1.026545563657404, 0.48817133902325377, 0.9254995395342944, 1.0150129435123936, 7.589742810600327, 