{"initial_violation": [], "initial_duration": 34.83023238182068, "subsequent_violation": [[], [], [], [], [], [], [], [], []], "subsequent_comparison": [[0.0, 0.0, 0.3352584571937646, 8.209057137540634, 4.684260257787349, 4.951048391643021, 11.724267456711015, 3.9178093558296947, 12.026990285263874, 6.724467390983192, 8.278559940478459, 12.629595888638743, 8.784979303907393, 15.941187022234974, 4.588610787155962, 14.70188527439964, 6.973544557955857, 9.711828440213646, 4.49109518666082, 10.296725533859176, 3.5432153807527276, 7.605762803533878, 5.9349195449305405, 9.386326132685925, 5.125580870251757, 8.608712772989856, 4.513670733141236, 8.732350929369645, 4.8583494515847505, 5.8543121749872595, 3.1840245943707854, 4.757911070153899, 4.378351272871065, 5.130228414124731, 4.6540922629479855, 5.372120606241856, 4.686430358384555, 6.936921669878506, 4.7382413639535175, 5.259705405450291, 3.661816162443198, 5.131846900137607, 3.18937787823372, 4.213708917661192, 2.983029798694654, 3.9086480395613097, 2.460913893182767, 3.9400929981908694, 1.2149732115234964, 3.2765854711981364, 1.3429216387707652, 2.6305431067350904, 1.33683175447867, 2.2569225073093913, 0.9318483586464031, 2.11532555230888], [0.0, 0.0, 0.18407563947054156, 0.30039476587985214, 0.8654248703407824, 4.882807727530863, 0.05855434723814018, 4.242311346593613, 0.5755650998491516, 9.818826352117139, 0.8144177663118777, 9.593613711106622, 6.532411108517574, 8.121882711349054, 1.5560970859031547, 15.184012992849256, 4.890172387368623, 9.525909127526857, 3.616677936557023, 10.873952073964565, 3.494469701773415, 7.806702040188101, 6.138345832456796, 9.321022911969761, 4.643182886867509, 8.464248902524588, 6.033117447607644, 8.464898876690052, 13.016102309066468, 14.329312458768342, 10.242127124836461, 11.664216596576763, 10.990903188202529, 10.114520919616556, 8.802880884610849, 9.098495465285804, 8.564833230152493, 8.957628489068213, 6.020071882379898, 6.5587864035140875, 4.587477211976401, 5.941110764264178, 4.041107807867835, 4.760949726538275, 3.8492273693816625, 4.876794707224361, 3.091244686951151, 3.5566495385205927, 2.2142259252119625, 3.0165095518635523, 2.023306147180147, 2.399194979398453, 1.9753308037799509, 1.9532360646723521, 1.401948951805533, 1.586215923264088], [0.7179559911428645, 0.0, 0.8047575398136885, 7.822133009102209, 4.495902361082148, 3.4484955591352637, 12.435516669008559, 7.951634522742154, 31.36598817693801, 15.186592672364187, 29.492919296634604, 22.221470902038032, 19.589533036501376, 25.134383820464887, 28.267381054973914, 26.458578500644915, 20.49922612592664, 22.41675169495977, 21.09722233971732, 22.05517695246693, 16.21689990206722, 18.082426717611874, 10.945738847416353, 20.14776548105397, 12.057783703595467, 21.505809118250657, 9.99167585295424, 19.896312654675892, 5.794416433752254, 19.22970661085913, 4.8819197846131415, 16.264827660320147, 3.975293052754846, 15.19605137197681, 4.124246886330035, 13.960087642944314, 2.8280307657409094, 12.680304927485066, 1.453705269791489, 10.01475380348844, 1.1171722410045755, 9.8087800205798, 1.067547762976085, 9.773106316949116, 1.3483780180915053, 7.889794151293081, 1.1534483674411236, 5.926564319652661, 0.6768766237534533, 4.534083584046684, 0.716743348080058, 3.413903482680765, 0.670856414296115, 2.7767878587046013, 0.5679035293908595, 0.8197084260119504], [0.0, 0.0, 7.601377313446344, 0.020694364295894576, 4.731639175578116, 0.054187799149081096, 16.986460805862862, 3.8853327274492377, 25.756210040297745, 5.498207764308466, 5.435980272347233, 2.8509957155049714, 7.45149078299969, 6.667978270202751, 3.1491454932148977, 5.534852763542191, 5.805815843069364, 3.7915492737128758, 4.932970775321413, 2.877015801720733, 2.611371817577111, 0.6454023751031038, 2.5232357000884877, 3.517366379784794, 1.9896236915127787, 3.630176378188513, 1.8433271887806473, 3.417485084126661, 3.821779707467995, 0.6075445155726493, 7.8374492095436885, 15.900454510875006, 9.292653887143137, 4.605238709342739, 0.565217346428241, 2.035177355353394, 0.9875885702739264, 12.619274880838743, 3.9931330216386045, 9.396536889533934, 3.7172243238704508, 7.9505229974036, 3.9600066800236715, 7.161440469787204, 3.913133998721371, 5.718492291054175, 2.905859088645317, 4.1130090176857665, 2.2914354816216207, 3.1180259735305738, 2.292270576316553, 2.311431412215596, 2.3990143777240145, 1.76149008630022, 2.107098292477136, 1.3952115871575135], [0.0, 0.0, 7.641128128864436, 7.805522932548591, 4.592529665794802, 0.2540495196003038, 11.97295415392841, 7.426255111182418, 25.318806109996633, 19.277627142665256, 7.183480139229474, 2.6804778765915915, 9.649811227704628, 1.6695510019049307, 4.32139141584959, 1.4193675798750833, 5.658073562027653, 1.2143643921936915, 2.917901915391162, 6.588170360134979, 0.13860030721437078, 8.01761807173373, 0.5248928882618759, 6.70680597101023, 2.2778508471017673, 8.192430076548515, 0.9849418458926583, 5.95292436342121, 0.412707901986258, 7.035580210572536, 0.2954603373644225, 4.325218309868047, 1.15677321307789, 3.078150117119802, 1.7504980894161608, 2.1895601865090386, 1.9220941266090354, 1.221454567561395, 2.4706118194735156, 1.1049764503667245, 2.117020028061467, 8.499853282399938, 2.944477774165385, 6.916233105870405, 2.8590762613371075, 5.7450720807019335, 2.064658589458241, 4.0736002650375145, 1.3862029506599043, 2.990102093088318, 1.7656211556126358, 2.19236256288028, 1.633122323079468, 1.654739665435089, 1.133538442875322, 1.5523271075640253], [0.0, 0.0, 0.05885649871223544, 0.5889093242941861, 4.689045673723461, 0.05452184855555322, 16.9850424585703, 4.076723646579033, 0.9882172156026132, 0.4953109295780928, 0.4363973786986128, 10.100658777337491, 1.886194928466987, 2.403883920752773, 7.365236627829389, 4.2316152713158015, 1.7035093498607186, 3.9958527983470056, 19.311476937169804, 24.401333933019803, 16.101640729728558, 19.38644394074691, 16.938858929377563, 18.060805739163104, 17.707248229832285, 16.779955738929857, 4.512493185397695, 2.6815084175828336, 4.325102553439005, 3.7539269638358577, 8.964216400148166, 14.200645020754308, 11.963698188612739, 10.512614635657533, 10.864677536071573, 1.6544107820663807, 2.0213751345748974, 0.03505671245891442, 5.328647769708179, 5.321563990093477, 1.0689492616219274, 1.5937444946133121, 0.2894419557057191, 0.6974487829106638, 1.1202780712459253, 0.15516087811934182, 1.7403479217048925, 0.21425424685916633, 1.6006823364840832, 1.2456489630639052, 2.1103362378577533, 1.3769574747972584, 1.9341954442664933, 1.1998160153580362, 2.2743122876075486, 1.1151317558596807], [1.5615658929197226e-05, 0.0, 7.768583730644888, 8.124495740735174, 7.4277373230307555, 7.904485799069533, 6.705708906930295, 7.534194455364319, 19.046434486403836, 26.14791322454484, 29.502252044874698, 3.4382851865067243, 8.289023115251071, 0.2669107972347961, 22.7682243619121, 30.0197605073992, 21.412434134971186, 6.109541951826158, 4.867223667022422, 0.19264463698676712, 12.01279663627382, 20.34540266850297, 14.874990744597753, 19.02379682602575, 17.626149550685316, 15.281210723642872, 3.536442174364034, 0.5009561537384507, 0.32664880350581554, 13.5888916598825, 15.843071948159547, 8.894940680834273, 1.6846286789857845, 3.35491182728022, 10.849612102116323, 11.520464397937795, 11.629288874434703, 9.178404552644084, 11.528825750158322, 1.3223157101582392, 2.0434613814564098, 2.110556630979213, 0.48984174257686025, 5.687624715576541, 5.0086318531155225, 4.074163096376875, 5.1440895617486, 1.7421966179604589, 3.8564735966782338, 0.17220893545497817, 0.9096136255232017, 0.23487113263529186, 1.6036904731518329, 1.3978273298093404, 1.5603117389225611, 1.194871280131669], [0.0, 0.0, 4.974975682981328, 8.11085722021718, 0.5407465487141948, 0.3329015145501759, 11.092705165583766, 4.078375480999524, 9.328617041444794, 0.23173236780814152, 22.73469103582258, 37.43572675264363, 13.165808535685748, 37.80748613936712, 22.69711898408579, 31.51222611852733, 17.414510779906976, 29.33156787650001, 21.316256293827546, 10.871216712709202, 