{"initial_violation": ["destination"], "initial_duration": 34.909653425216675, "subsequent_violation": [["destination"], ["destination"], ["destination"], ["destination"], ["destination"], ["destination"], ["destination"], ["destination"], ["destination"]], "subsequent_comparison": [[0.0, 0.0, 0.656582046347016, 1.3964169001314781, 3.0359525518434167, 2.6307459454459687, 8.301460463450773, 14.317795578124189, 13.650852626343193, 12.447129393361301, 17.532734822465688, 17.853980612853462, 26.022929802619135, 17.959536574607345, 18.50311648458659, 15.71529911800974, 15.85926676941675, 22.680174029347658, 26.09552911581292, 10.207973868413779, 13.295110141322848, 8.197376187813116, 3.513162382284689, 7.168248862496057, 0.04901260149155411, 1.1892079128163129, 0.4102628131415676, 3.4449133085685166, 2.624024858436803, 2.430520001330572, 14.46539711492906, 4.032197976673155, 8.307385407543409, 1.944210615714685, 10.69674708286774, 1.9416296021756434, 8.272579067470243, 0.9516242885457343, 9.339330154234787, 2.1725415581411593, 7.901041041186728, 6.1166007202824195, 7.704878688889341, 4.086470665321469], [0.0, 0.0, 0.49521589421434536, 0.20301664950267995, 2.5061622560986776, 2.43094325729996, 1.6529289940049234, 4.54541055697377, 3.341098789078431, 1.0735686805884994, 1.9398429440336475, 1.280443198358022, 3.275568472159765, 2.572657958887179, 3.4655482141186433, 2.793011728550815, 24.062574460679013, 20.861020629301553, 9.326180060794973, 15.717340329360631, 9.03100636934735, 21.702965007004664, 15.132381064377197, 22.4194513797336, 17.387609667188713, 3.153124330499396, 15.806409205166483, 5.706912109245054, 15.799933431658093, 4.68789678754675, 18.186155144617647, 6.159166036711881, 16.173021901948914, 6.78585311583473, 12.58333993017777, 5.251427749062423, 10.555324676129027, 4.767961429814562, 11.797091131750301, 3.3310427053051797, 8.30284405133997, 6.486646669226793, 8.519480586669541, 9.0621263419364], [0.0, 0.0, 2.245845018236655, 1.1221921352562132, 1.6973842125938499, 0.8742239944465844, 0.6321427083662383, 3.592581795676456, 1.6876897447567383, 3.026151397488505, 2.0131112154580886, 2.81233854947113, 2.593394766096177, 6.791670715954391, 16.563198008931685, 20.61274933189936, 18.696753028614854, 17.805130315743163, 25.07749251496129, 10.903973809451369, 11.62281888317826, 13.782479299791277, 18.89191365538443, 15.852085559727284, 10.15926157556187, 2.0128416362878703, 5.715469965016801, 2.547257952656062, 7.295809397474517, 2.2304181391685156, 6.79562382125611, 3.0512254449137526, 6.604391105719322, 2.8447571129474927, 6.381624147450313, 5.046407119054507, 4.627902402294415, 3.0986285640977114, 2.504265113231109, 3.3764760479591693, 2.561573546302008, 2.2250945033306726, 8.046234420614804, 8.589770480003182], [0.0, 0.0, 1.496455900851377, 0.5275578066098641, 0.02840906207825066, 0.5961440053572616, 0.4854203127993747, 1.3559569678380536, 0.5020961966294878, 0.15507267461369792, 7.8837760757034845, 0.2577421341694384, 7.483710476591437, 2.8170177974741137, 19.643351407234924, 9.691533627595312, 18.873999975839364, 20.067535567032184, 24.409999646590066, 15.191398168010561, 4.211141795547865, 0.3275255237969462, 4.018825315161147, 0.8431929956858442, 1.4022858369179843, 2.750978291712171, 0.41589311772259907, 2.2448969429582526, 3.253046078304306, 0.7952058268855077, 2.115287838923511, 0.6404696252891336, 22.560362739030825, 5.729872054077722, 13.048088841951254, 1.2757073650070425, 12.283196219452693, 2.337772640656578, 10.903212007126516, 1.6187742953578668, 9.747711969700365, 9.869589528502612, 7.698204157234868, 8.221159880955769], [0.0, 0.0, 0.1857522396195259, 0.10648355603290206, 1.1253931460852056, 2.934065554547576, 0.19821246648273286, 3.5457185452885267, 1.272095496454472, 2.0490769173393764, 2.6712325936670096, 1.9981821748717805, 0.7682976232789022, 0.13766920515214623, 0.4165070629654955, 2.531522611625251, 0.10470799457420411, 7.64882722919287, 0.3575294161897204, 1.8664832688072652, 0.8275593558125137, 1.3165821811136118, 8.873523501192034, 0.652856395530427, 4.141764823272647, 1.682178607702417, 7.355189544588306, 15.384443696548018, 8.553450067118503, 15.009653007272258, 13.317277736075622, 14.127498260260907, 11.703154753790464, 11.892508031255053, 11.41098292130142, 8.06740662165251, 8.251049170300767, 8.111179915316887, 9.369400614664269, 6.125581301777762, 7.5775469114139975, 5.787959980860974, 8.727669246754395, 9.269875560265776], [0.0, 0.0, 0.14160171301449026, 0.2525277957509982, 2.255131360033042, 2.240892284998685, 1.5658218021542853, 4.950164007846433, 9.128912186863667, 3.5451224560077987, 4.459485821380191, 4.009968070748166, 1.613670906461837, 1.3439678855445634, 1.0390363593391068, 0.3586230353918255, 1.2639574777401557, 2.2637119651004274, 7.1035300094450795, 3.9084741744067064, 4.862553800022734, 11.27329997519332, 7.436374511731379, 15.164767656757784, 7.11519980559857, 7.829366799013041, 13.89879714595233, 6.740833619244644, 0.5082321847293556, 4.647534961368565, 3.132373770790935, 4.06778898496608, 4.216298035804389, 3.4211983497603415, 7.006281604064756, 11.827750151012719, 6.5907630234518875, 9.263489909342724, 8.156970328577966, 6.594579444461799, 6.833549324825773, 2.4795795000904826, 4.834434424272156, 5.356721584238932], [0.0, 0.0, 1.4858805179434695, 1.1117834639652309, 1.010594766790096, 0.19976025448167997, 6.764288734517813, 15.228245444594632, 10.33542132155444, 15.221048630068148, 13.18770952850624, 17.191559394456473, 13.349268830722686, 18.021416437158653, 5.249078490981337, 25.07130329132263, 5.020015267205285, 23.070188249386128, 10.344173587925745, 9.064187434206906, 5.1264722459318355, 7.167917032167116, 7.071532969592903, 8.264229700751095, 8.062990024528442, 4.5458364322947284, 4.9189753113482935, 5.916093151061556, 5.746166853437513, 3.9213081216407684, 9.711123811078242, 13.04489197798318, 9.341620284305298, 11.14356351983606, 10.254947735777735, 7.980164251809678, 9.28363515389303, 5.758451412183259, 2.5446579140413386, 3.8544691955881327, 8.394884259753859, 1.2577576243411013, 3.178930472921077, 3.704208277644406], [0.0, 0.0, 0.38584861091708045, 0.06401302012976769, 3.6248683457625366, 14.020281572086002, 10.663510293983386, 1.2964616457734481, 0.432427663873548, 1.1728284857600806, 2.5772527018897766, 3.488842959018229, 8.303719763078558, 4.324371946486674, 3.840916094169279, 1.6445894479375254, 16.65995693334254, 26.461985454805646, 18.536105597134586, 13.33597689069456, 8.478705731751187, 12.123055518823412, 18.73356760660767, 1.1031693485734677, 4.877386995873131, 5.621543288286442, 16.21529942025467, 13.321347188786131, 27.03194500109522, 11.339484050500102, 4.253031664351257, 14.551337619608189, 4.88199940759906, 15.928948813530823, 23.251919450681363, 12.354989135874273, 23.95164711417461, 9.725907647387036, 24.985834097443647, 12.025898032460988, 1.1175931938525445, 16.68209644662557, 19.570927754518074, 20.117083291490275], [0.0, 0.0, 0.7662566128800483, 0.23249300465007522, 3.1271156986327955, 0.10641884026460585, 2.6211979304918076, 3.6609037224043512, 11.319038892128471, 11.278891558428281, 14.669700313580602, 14.678000867832237, 15.773858538230387, 24.633466531381046, 9.045325085980716, 9.631381707577091, 16.59642151413991, 17.446512331591087, 17.877755760475882, 3.617542485642353, 8.641923725019033, 7.096181978525259, 8.674291997331048, 0.7396537939376256, 6.018198316541833, 2.2469625099776636, 7.68936464471163, 2.347830489221433, 8.999139397794401, 5.343617316537811, 16.184160281087404, 10.97892434506014, 15.400505840615477, 10.366624446723295, 13.687736879853109, 7.797314570981716, 11.67667445827111, 7.267272319356784, 12.86309125355199, 5.493760469736506, 9.995968119621379, 6.434142775601921, 9.336165657570227, 1.107419985362625]],