{"initial_violation": [], "initial_duration": 34.760432720184326, "subsequent_violation": [[], [], [], [], [], [], [], [], []], "subsequent_comparison": [[0.04183311750241907, 0.0, 4.612745217000131, 10.772645629015567, 27.900564291259528, 14.04504242599126, 39.70508768630403, 6.844939493753712, 39.91592451445885, 8.521074945219622, 33.25281392923529, 6.354006600163382, 26.15812247896914, 2.661705047127129, 16.21588171517178, 17.718821844347215, 13.84663470093427, 15.957130993646023, 14.33617155392468, 13.91736707709954, 11.874963021545682, 14.217135840830888, 10.462279303455507, 10.203872656431255, 12.71850683540309, 0.5801795690264723, 11.313462431223813, 1.8303282048340017, 9.710943546143724, 2.541604165314576, 8.953634846656813, 1.9082694452289122, 6.310775006719974, 1.0857248890596882, 4.6185618275739575, 0.8894778738903089, 3.239104525430687, 0.27024816065287505, 2.1558951274669966, 1.0234665822986078, 1.4002405999225267, 0.11993129609109561, 1.008052274919692, 0.6951137305245498, 0.36573687436060315, 0.2936373054479301, 0.0984307364757739, 0.4731019013518648, 0.08143176292781576], [0.0, 0.0, 4.6211600124449355, 10.915667290743945, 31.074228354150904, 18.313296780254397, 38.21789177495129, 4.657267128547801, 39.510388904899294, 6.1436139735657385, 32.70527806819448, 4.924786335526073, 26.591877892431913, 2.9935145520836155, 24.066636945478304, 3.2378308998275767, 22.0489658365374, 2.740434145236928, 19.23625380852059, 1.433061824582305, 17.716422517085164, 2.828229661433758, 16.191331266315686, 2.0415490686364657, 15.650922419354469, 3.1892361245646885, 13.44749362211405, 3.210653913466037, 11.72384261884637, 3.461845643241499, 10.108209478217171, 2.698310884642212, 3.3730624783363887, 3.266023920428727, 5.726781834291887, 1.837952397731366, 4.2469934655799735, 1.2032187797966383, 2.9009922160908275, 0.8297823626334716, 2.002694019804897, 0.8967986712210727, 1.3312958697494046, 0.6769713671912493, 1.0219029794314494, 0.19823936953976393, 0.5249030730114314, 0.3984876443756078, 0.07960802263469573], [0.0, 0.0, 3.4032139520014923, 4.116339787625228, 27.22590758375101, 3.3565513011491155, 37.63434006795338, 4.062287083441358, 39.60618765164589, 5.7116434784577725, 35.44770633132838, 5.8923133195242965, 29.92276300115104, 5.757133816482893, 26.03050030741388, 5.909083035625101, 24.080436179213173, 5.94589274497716, 24.45750029319562, 5.958018033561419, 20.756149978092694, 6.323470668005719, 17.899688304490837, 3.7525995266112897, 16.35431323955198, 5.5228371989961, 14.02123642757424, 6.288331610929709, 6.367751290484122, 6.955585305215531, 6.880172857506022, 4.848724621178566, 4.9190211075039985, 3.5815088935006387, 3.400776233763309, 2.523405239535015, 2.588858639802058, 1.5471538799683324, 2.8370927299952236, 0.9468865082800959, 1.9249949790966365, 0.7876459940997924, 1.1937327638790693, 0.7846627228968561, 0.7995461036693913, 0.360706003470381, 0.6161554322638841, 0.4429404407641755, 0.4983016562528327], [0.0, 0.0, 4.587211419340318, 10.623174927477123, 31.189874071882443, 18.242942080513178, 38.28407873890908, 5.973693498080489, 39.83182053278155, 8.304796709076426, 33.63536081729352, 5.2285994264394535, 27.762605371861458, 24.266724355364143, 17.1855815512758, 19.02923385479074, 14.953174780851871, 17.935983982720874, 14.523803226632515, 14.535044117640819, 12.815737292478051, 13.600959830959098, 11.948823877277123, 9.924021794355559, 11.340349414488736, 2.3166501319461634, 10.9858213546244, 2.7849097571749426, 9.459738980026007, 3.5188037545073203, 8.626527423785928, 2.964500753470854, 6.339430995261112, 2.553806525189645, 4.565173922949633, 1.8684752006191554, 3.3111094801291667, 1.9231609752231384, 2.227234057324263, 1.2829898664096706, 1.5952339336173802, 0.92615465767177, 1.0219159432869156, 0.5696690250250739, 0.6029521429563164, 0.21436665345394504, 0.5899428438161061, 0.06746584408605022, 0.10064489382930446], [0.0, 0.0, 0.04346413209061928, 4.016234712050445, 30.866958620881835, 10.637150839850825, 26.873364499577956, 4.52168928154107, 16.988632346123726, 20.51205905801275, 17.234420602332815, 17.87824896013999, 10.149592817065601, 6.370931955970608, 27.662771547222462, 5.211590104240089, 23.451035785334017, 3.073944786656916, 19.67799894124728, 1.0424794756131373, 16.420594994685732, 12.955449195755117, 9.821522956870409, 8.544636942142667, 8.72668414099699, 7.966062145101584, 7.770010219296495, 6.280350614286462, 6.095361917192302, 6.596094994248455, 5.9789588025042235, 4.205132051448229, 3.795997237083926, 2.8520561107376947, 2.5111528980140587, 1.4074996854363444, 3.486419482349357, 0.944368553119156, 1.5363275482109837, 1.0942983000119884, 0.8388600764186692, 0.9414624620324078, 0.8606498448020233, 0.5669194462169059, 0.3826869867572283, 0.18148123328158458, 0.1283138277731316, 0.047994889550505744, 0.06570519740844842], [0.0, 0.0, 0.10386100973333737, 4.932210933027289, 30.746320899366648, 10.968608211673656, 27.464196000054, 4.6530128939695565, 35.35524224705345, 25.850311029028624, 24.33057446690506, 24.272230175464134, 17.20189892037402, 20.10857256413663, 13.573190198772902, 16.82045688810044, 10.500337902510847, 7.234799057128468, 25.918231245520968, 5.182633443573916, 21.938239035654572, 5.636421666569239, 18.721259631589874, 3.3597107725801134, 16.78141007845025, 3.5315601000713244, 13.521151863104048, 3.4552159471408745, 11.768705837356826, 3.32582107283091, 10.352546729982176, 1.4558892140195654, 7.637315321374272, 0.8934469962437244, 5.541302433830757, 0.27812190786514773, 2.2023608417041314, 2.2953270588599906, 1.205392695477659, 1.636931803209173, 0.6890756796569204, 0.3398250432850523, 1.205918133701086, 0.14833972588010425, 0.6694381800179398, 0.04702812301115513, 0.5457019157124945, 0.4111950440229244, 0.09962546530944791], [0.0, 0.0, 0.20249193946194244, 10.577017776111338, 31.013465884922912, 10.556835189218944, 27.630512861518785, 4.561741896557506, 22.15796030054345, 24.367670437950174, 22.988391439013007, 24.12388865854409, 13.517883914117633, 19.42300189223807, 11.253094966111906, 16.46416107093034, 10.068008769727069, 5.781435465490701, 25.569540654736702, 3.8731792792590207, 20.69528738907558, 3.728160009295912, 16.491044319053486, 2.1598544576239953, 15.026211637439078, 1.5014309349422756, 12.417830387694075, 1.0360217036785224, 10.766461959041138, 1.5728171377535352, 9.615019210630694, 0.9715302125298207, 7.068381011027028, 0.6482980861601885, 3.2026247265926537, 2.962057122325341, 1.6760219816925546, 1.7981671434548523, 2.646011421755217, 0.9045908028743797, 1.7585995041130738, 0.1787700335586274, 0.8610014179026274, 0.3661477478117444, 0.20294964794487902, 0.2126238791336907, 0.4718498018127937, 0.07395868217993737, 0.4370484147553636], [0.04183311750241907, 0.0, 4.581679907788116, 10.648845063023995, 27.910020973152324, 6.608665936363552, 38.939586457896276, 5.150841673824555, 40.31371966838717, 7.77089591526032, 23.13494554113977, 23.05975074642814, 15.462068388679773, 18.07185678640567, 12.603118407382015, 7.1153649622609025, 24.355308422578343, 6.259916084335954, 21.826200550345188, 2.458647847758753, 17.037535731563064, 13.949745468012713, 10.101567389072532, 10.209349931067193, 9.335513202406528, 8.964657374505387, 7.784947481434582, 7.288120156969992, 6.435924784312445, 7.030923917671298, 6.407844745197073, 5.179159176244316, 5.015742906402612, 4.139925345447467, 3.634293032809587, 2.932472221124143, 2.5830223786505346, 1.7712011527201255, 1.4692403792354636, 0.961991799824865, 1.8421437014947422, 0.8053705081369402, 1.0666663592662189, 0.5315824870551925, 0.6247779471558262, 0.30499642571217184, 0.5643570151862036, 0.42852926734623664, 0.09353572284260869], [0.0, 0.0, 12.039584844524727, 5.484317456881488, 27.113091983469683, 21.993198150084833, 39.70984017396411, 12.497115823682881, 44.186156859583896, 13.547340155364342, 39.9617018558026, 18.51267823895178, 32.719267387837085, 9.666624786628832, 27.373928640147692, 7.606644211058725, 25.267614486741504, 7.277886929869622, 24.08198307954783,