{"initial_violation": [], "initial_duration": 34.601577281951904, "subsequent_violation": [[], [], [], [], [], [], [], [], []], "subsequent_comparison": [[0.0, 0.0, 0.27101749821808224, 0.16188948840485162, 0.8301641687413747, 0.4148954563727732, 1.8563242886739246, 0.5313927993176184, 2.396163371364804, 0.9318607507821127, 2.488584502302297, 5.318367233023779, 6.185156262793463, 3.6370875580548843, 5.86361661184221, 3.355749296392226, 4.580043336443246, 2.055618433234942, 3.763136561169535, 1.8304970367887468, 3.1556687705770687, 0.34025084929650184, 2.0188729973077737, 0.7268405610020927, 1.951426993883749, 0.48422060719327986, 1.566389461450207, 1.566021861780473, 1.4056020793649961, 1.6492883482708616, 1.0884309347948766, 1.2158936319954878, 1.6514656614374859, 1.1672524785689615, 1.0834438557750734, 1.2935041747666345, 1.052535978786479, 1.0020430375294762, 0.7501282953569549, 0.9533076003796682, 0.9875596949823132, 0.7857559305034789, 0.8741043890991078, 1.1076693994630615, 0.7501494078531442, 0.6085555004249976, 0.3966996917152924, 0.587629662002807, 0.1452165868317129], [0.0, 0.0, 1.4602451876584153, 0.5540999042017201, 1.982143645898594, 0.08275783588481285, 1.8476146924835117, 3.0206924950799388, 1.9146897632799684, 3.2081055968007304, 1.4812428340842685, 1.6486581800938471, 1.3633006871802977, 2.3791274118283026, 1.6558719533097825, 0.8473663562039546, 6.448768148744226, 3.2478697045481435, 4.51456291722496, 3.2104500320032985, 3.604013006771063, 2.5524223071797065, 2.015977650322706, 2.228674881513467, 1.7329012535698074, 2.509897413891834, 1.682539961545967, 2.27997665210843, 1.5265183539599003, 1.9828906380198597, 1.2972068702106996, 1.6515385853433684, 1.9080486389841822, 1.5278562335052692, 1.6121331526420688, 1.1778230016728668, 1.337612317038689, 0.9727106040606168, 1.3402630072663733, 1.220177511295273, 1.6052937320316032, 1.0022592653651976, 0.9773604347497329, 0.9487948615904772, 0.887172265878569, 0.612536397826577, 0.7298665172151363, 0.5296002704340556, 0.8880554706278088], [0.0, 0.0, 0.9201586573378125, 0.15803796733849326, 1.0261558170661231, 1.2677580215973363, 0.18809274853314362, 3.5719531226477117, 0.4371306017769309, 3.5609833546645135, 0.9668690041338616, 1.5068246941439423, 1.1836618252738875, 1.4475747958825125, 1.2595854605941876, 0.6071231409421206, 0.39027602335048783, 0.7659412791133376, 0.17301162838844988, 1.2916126301335338, 0.3803342198700591, 1.5696112062751588, 0.5672943579866603, 1.7604632821127255, 0.3535421600112129, 1.5478626724956306, 0.24580168260339755, 1.5107007574444444, 1.451975091252467, 1.4183857190598879, 1.1173596264810453, 1.4464334578443576, 1.6394340196919126, 1.2182751945491204, 1.4414196718960006, 1.1629344156448869, 1.1997179255879298, 1.006724646904494, 0.9674008376579932, 0.9164902927941366, 1.3351106079488715, 0.7999403888004045, 0.8919566646684349, 1.087120491591139, 0.8008889498711642, 0.6505456215450686, 0.23042502336343815, 0.677634927724569, 0.6753696524021954], [0.0, 0.0, 0.5364815040847828, 0.8184465131123588, 1.0693723726258866, 0.06670035337826492, 1.5549437786738665, 1.420037141647078, 0.9065909576142998, 2.4156483571886906, 1.0826488792871303, 1.4495334681393988, 0.5242432158428946, 0.9485342750354048, 0.6828789838909666, 1.2420300779015785, 0.45151199095521094, 1.6796969768319183, 0.9940738782920426, 2.2279047065852615, 2.550064897008636, 2.0849422795904524, 1.6000405261697221, 1.5790312495740375, 1.3031604840877407, 2.077911787851089, 1.2998985567557622, 1.6119875854136603, 1.1185902178667784, 1.4617389836449226, 1.014483498705507, 1.3800298304443008, 0.6013622691852256, 0.668836066547146, 0.2985059735642504, 0.6267245098910974, 0.15053014883510119, 0.6271681819413013, 0.1502883062094982, 1.1481561774287816, 0.5383982587346644, 0.8149790801385202, 0.9574375260318805, 1.0323081078371583, 0.3679315574028762, 0.5149960679242956, 0.08465732890610457, 0.6195908453613331, 0.18435756503807055], [0.0, 0.0, 0.21592065435119054, 0.347557485469573, 0.1970029426141425, 1.2369318816932664, 5.515148255621409, 6.733867715738961, 6.3212308086984725, 3.580557354766298, 6.828881289114173, 4.516244970180385, 0.7074199693603078, 0.47511900161493376, 0.3612571575704041, 0.7084654597227555, 0.9547284977784979, 0.9796750966302472, 1.213395195798902, 2.1191606623070416, 2.8656451565725525, 1.6362881338695243, 2.638289987247478, 0.7350975170275554, 0.5126721135613975, 1.2274955315739076, 0.4037128351298439, 1.9052842159405003, 0.5234156383243737, 1.039011496086691, 1.9314496560812544, 0.51120065670022, 2.211854795422663, 0.5268032057428037, 2.1480117322908243, 0.47337607106217855, 0.9088413404484562, 0.9155963550276461, 0.8562694869389224, 1.076895003252582, 0.5484781431562912, 0.601275098466893, 0.9461384622928629, 0.48640681958058046, 0.8672835087114803, 0.46705969068841047, 0.17683525114237114, 0.8134214087947339, 0.741202520059166], [0.0, 0.0, 0.9951936834677223, 0.9815359084273533, 1.9937398617723212, 4.1512281262640425, 2.0315590972857454, 0.6850871426946001, 2.2723592754393147, 2.62929895158023, 1.0287181144278994, 1.4652692812457948, 0.8138262037127608, 2.009966681311921, 0.25637947053002735, 1.721128710727357, 0.4864386602661432, 1.4245774723362221, 0.33399044000517875, 1.817931911052248, 0.4927210791895395, 2.168066363188889, 1.0556128750085032, 2.133054430048138, 1.6974527711343508, 2.981450422891911, 0.7967070611324897, 1.4763373715739454, 1.162492751983547, 0.7204717940338844, 1.02857768909824, 0.8559431307858992, 0.6531138140984444, 0.4323669352593205, 0.5048144894495886, 0.44928390095032994, 0.5139296770033068, 0.48011854338557275, 0.4895386444455368, 0.48773906681607904, 0.44172234914960823, 0.4919768947295733, 0.4753914370430963, 0.4553447921388129, 0.46721139584814403, 0.4716740468484759, 0.561219314119477, 0.5348266201413018, 0.5999159999330047], [0.0, 0.0, 1.4210469424287302, 5.335675802893134, 9.339128437295486, 4.792636859488348, 9.95332576669748, 0.014034959146239047, 1.2694469973272053, 1.82078053586671, 1.428613843681166, 0.41585836904214607, 1.5586724082624588, 0.42198153344340733, 1.9635032965481467, 0.7530346836966821, 6.391877971233627, 2.3786724040769065, 5.4268098703157, 2.2455130050676315, 5.226187336392888, 1.8798609900875702, 4.309413347394858, 1.5674106193630135, 2.126690769886993, 0.7656554401411393, 2.842483759820903, 1.4095418707214191, 2.589914497240812, 1.746637094450891, 2.205696365341114, 1.626264107141363, 2.1458274542810716, 1.5615395360401667, 2.145381991287191, 1.3439376016308495, 1.6114462029777756, 1.1766707435133579, 1.4011832723510556, 1.605578279394812, 1.604874208325625, 1.0457242532515567, 1.0368000679852025, 0.9077155385305101, 0.9437811491997916, 0.9034111026247563, 0.9862278730512938, 0.7072228363486205, 0.7815751165258608], [0.0, 0.0, 1.8340864437335862, 0.9562309679215523, 2.4249750307344247, 0.5311299481772431, 1.2442941272386652, 1.2131550929815174, 0.8543587549105708, 2.2850414073028227, 0.3320572795272398, 0.2485332835594041, 0.8575469547443887, 0.5518569670101022, 7.065616910613679, 1.8087850899270128, 5.615502312852609, 1.90900072547777, 3.7728559158742123, 1.4553773493852535, 3.3798308218179396, 1.778796949728289, 2.2834056188029606, 1.4749643920328066, 1.8478961995948924, 1.7925489891253625, 1.53993388249402, 1.292834904198664, 1.3475570666730938, 1.3404227851289554, 1.0363199924802722, 1.0181267207836466, 1.483077890771921, 0.9445944691456855, 0.988915830699378, 0.8669929865008018, 0.8885534897655949, 1.0150006981126125, 1.045657861784434, 0.843481691861141, 0.6080697054993262, 0.7840757421833128, 0.9736794369294124, 1.0054520984002073, 0.3153555927175729, 0.6841196870605479, 0.1649190611993843, 0.6304859322843949, 0.15827512780418138], [0.0, 0.0, 0.7770865005816353, 0.7214871000073496, 1.3237708898193699, 1.3794624855793498, 1.5350612499183278, 1.1616770629290296, 0.8986686496237853, 0.9026969157071744, 1.0755651617539534, 3.9117055970605312, 6.471677243394521, 2.461437656206364, 5.178159698197302, 2.2329842924248946, 