{"initial_violation": [], "initial_duration": 34.6297562122345, "subsequent_violation": [[], [], [], [], [], [], [], [], []], "subsequent_comparison": [[0.0, 0.0, 0.5128195418807027, 7.652426927813397, 7.992076375393074, 12.446543116265046, 10.621898083830857, 11.103821967318158, 9.673044601468872, 10.99548400260464, 6.262687405039404, 14.022446442989882, 4.586639014748917, 6.285487841474549, 3.8999564156827047, 6.166050694770913, 6.475252562987039, 1.2070730116632336, 7.007662519999609, 14.07396393187355, 16.939699748115363, 16.31016847095152, 16.580126686225984, 14.796124879923605, 14.91823782219836, 14.184042014124852, 11.384645016429328, 10.983846817110365, 10.334870122981435, 7.809369184208277, 8.223249297871453, 5.8632940927514925, 5.851044604748397, 4.6936690890449135, 3.9552003626626906, 4.870120644478932, 3.3839703589523005, 3.7049982999796187, 2.602753985545066, 2.7042681208798873, 1.986845078655621, 2.3084570792296497, 1.0138977915637934, 1.151296333838434, 1.0140603458496542, 0.6883854782320776, 0.8868633607150123, 0.28537616963512985, 0.7629115912553791, 0.22613655782325084, 0.968997513787751, 0.44245666254208005, 0.6020948170625344], [0.0, 0.0, 7.7925315675282665, 0.17370965994903273, 0.47256312152835156, 4.9374651592601895, 11.707138778122081, 4.427015194732013, 9.5914363409974, 10.931369076424318, 8.300353548824546, 8.587340763677604, 6.234005684018392, 2.6792744903520958, 4.554732191515513, 1.7230590425700205, 7.45201230147869, 0.29959555753217726, 7.821143953114325, 14.97054833338922, 16.930922517012466, 20.14595305201208, 17.040394939050703, 20.05831013160758, 14.831627010237094, 17.717526924809814, 11.69790593524225, 13.171955390093606, 9.28887274422259, 10.794027832097592, 8.06985358527188, 9.010525829697523, 6.297237555758405, 8.349345298835514, 4.561084924562824, 6.723903356592588, 3.596480192174944, 4.301489106293692, 2.5261613165192918, 2.795934004244279, 1.7487608738704803, 2.450986076633892, 1.449134655146776, 1.9113378044993377, 0.7854516986827758, 1.740056537547896, 0.7693095332798169, 1.2880707184015636, 0.38916052618349173, 0.905127780152125, 0.19912904164840595, 0.9778489716758317, 0.4988576804638629], [0.0, 0.0, 0.20465132048974308, 7.421034938521124, 4.910399603355913, 12.745748720288901, 8.506855304870514, 21.330882170873274, 20.031301910658257, 19.250011571826366, 18.09870316326533, 21.799184215451227, 10.956677586417548, 20.692868317390573, 12.288183278656424, 22.668634975395666, 12.099611319816407, 4.21974091961871, 2.0760601742319, 3.936407916587661, 4.619561246191427, 0.6675917266178144, 4.736839487440808, 0.08380983033632314, 3.8774282932072053, 1.9676616727349288, 2.659141363952275, 0.424460360858427, 1.4489560292711097, 2.1020958456053824, 0.3633898414208851, 2.2279513793232675, 0.306367265359561, 1.4443874245497998, 0.6724780551458394, 1.3454759579888145, 0.6003763010309011, 1.7020147305492621, 0.3044738690976684, 1.8599925279687572, 0.521648038025466, 1.8437233023794886, 0.4409559557923556, 0.9850974711675119, 0.6731172463192757, 0.6465940778781482, 0.4918490949881552, 0.6712010090083023, 0.27199741692716134, 0.3193804920134459, 0.5225710904282437, 0.17917400684801707, 0.7195936577819817], [0.0, 0.0, 0.04190273490656222, 0.14901562529676768, 0.033973600380882395, 12.714622734237153, 6.935035198372158, 31.754134941842338, 9.533432166134867, 28.244589193518138, 9.595736300295123, 25.118711245873545, 2.7933782350856498, 1.2708488729438108, 1.1496391247021962, 1.491653242267418, 1.0743069599541182, 1.5612642062425188, 1.2624525902154506, 2.6782546096053133, 4.576466832695935, 0.9745236724311275, 4.720374490206598, 4.162162897962134, 3.0970651243384406, 2.7024914306584247, 3.727239161543815, 0.598990496430894, 1.976855419208049, 0.34433743702376635, 2.2705193668404817, 1.3176637870339813, 2.192419017454657, 0.7143526840369401, 2.5036302447883876, 1.1598440451106307, 2.3708993224626482, 1.6393372260408363, 1.1043495308300801, 1.5258502658749529, 1.2400991236659322, 2.1707663543353157, 1.1959626285500309, 1.545311947455418, 0.7418822996832142, 0.7871942977005744, 0.07811225953532079, 0.8036650914395937, 0.2482140297890026, 0.7027078337749999, 0.17291197398144176, 0.23308077444616546, 0.44257129175980253], [0.0, 0.0, 0.5551028317265249, 12.277930001765615, 8.0738234024955, 4.705514128985412, 0.18466498708603976, 10.268788684403486, 7.608259169747511, 29.582224034263845, 15.416184441530728, 24.249108508660797, 8.82539524063953, 21.221889498803524, 9.603137523628815, 3.7636514260209184, 3.6030425213852046, 1.2758248228196962, 2.133194452362388, 0.8912858595807486, 5.001501689400083, 4.6842799651754135, 4.5732857719400455, 6.715200883029029, 3.5308234081006145, 6.421887005101809, 2.7953639269506834, 3.335081209178969, 0.8464060171397478, 1.9421024071436326, 0.10465216530916582, 1.597167364440274, 0.8544437611796314, 1.3151445531390542, 0.6533457897713136, 0.7688771198433891, 0.7795054824542597, 0.17075468795024265, 0.45041700776332777, 0.5969935520313775, 0.6887174427562532, 0.2248126127501453, 0.6408957605697274, 0.23547993270697945, 0.7693296139009789, 0.0534201128119861, 0.5783941797682269, 0.25698654417752775, 0.3044492209919109, 0.22757147148836673, 0.46186694093398173, 0.2542472838140217, 0.25064488268364804], [0.0, 0.0, 7.972895192678522, 0.07059108940050596, 8.129734192393395, 7.7507803135060795, 1.3909233907471799, 4.27030161464553, 14.357584981481601, 9.714717254324126, 9.470094201296321, 8.215967981393334, 5.689696544047271, 2.9496849812215453, 5.984637975668707, 0.9515294907368924, 8.348902744578876, 0.4075445597746227, 6.939594648137466, 1.3773981045065713, 9.054803440193876, 2.4158961246978774, 9.161474040466034, 3.078318823097147, 9.54695691196183, 3.654226325546735, 13.366341399544481, 0.9264214121024691, 7.218287036952417, 0.7527010417600716, 6.166628324704271, 0.6833108446444581, 5.0148065783514655, 6.552014048218206, 6.13250472711417, 1.0158875375630156, 4.124607421142411, 0.6595916048711356, 2.6879491138740432, 1.5910504223314617, 2.094792707825834, 1.5497424112571236, 1.1568004170694777, 1.5607262011217022, 1.0155121379207903, 1.1371998584848435, 0.6821327391568373, 1.043005953045893, 0.624268531034257, 0.5955760308433121, 0.7670028475230293, 0.3350353004716782, 0.311793827939455], [0.0, 0.0, 7.626133636677265, 0.4348254994760225, 0.7729472177052993, 8.093757891445296, 16.367144844835597, 20.60808530315238, 26.095142434365023, 19.18270006270624, 27.34952850688757, 17.388377808381787, 29.250008345310253, 15.41748913162099, 20.039884016822768, 13.541277288985672, 20.72883890424186, 15.370948050592283, 18.614123063472626, 13.18832953485177, 16.360508621191954, 14.153866342422742, 17.790653416894045, 14.342021809234383, 15.890960583607521, 12.550225757091013, 16.477005218089374, 8.06348982770381, 16.22286595286181, 5.721681152740027, 0.6907821578460942, 5.626623606395875, 0.13169247886542915, 5.793307793992423, 0.6101949217963825, 4.524244154593413, 5.256700046030654, 3.103462424834279, 4.530985438327116, 1.5439637262136976, 3.268445235650826, 1.0443248481250607, 3.0278544862803494, 1.4235638479268642, 0.8853024177707411, 1.2347873495746744, 0.44487060638114184, 1.2359356839379723, 0.26312573912051757, 1.4871186938427092, 0.3126394969808953, 0.9185061646769775, 0.2851948947985866], [0.028692926838096194, 0.0, 7.728698659993508, 0.14988139351562785, 7.701500823678865, 15.094799588989034, 6.786365402688876, 18.67336415561487, 12.550953512794365, 8.189094600596553, 8.572686420497911, 2.6104359809545374, 4.70504329996773, 2.2400984831518076, 1.3365217755849663, 3.656257455123711, 0.5467382059498861, 4.048322822440533, 0.8598952684056407, 3.420747076823127, 0.1267826854858306, 3.093853650157457, 2.861339738272918, 3.901702907304695, 8.218720996443952, 13.704249142333856, 8.391300360199207, 8.8763971497882, 9.041204416878843, 5.659142226735472, 7.566128747790722, 2.2600860005191152, 0.6315935289147443, 1.0510948361629304, 0.935873929305321, 0.2362517724239735, 0.34375524133846286, 0.4463764596864551, 