{"initial_violation": [], "initial_duration": 34.58936548233032, "subsequent_violation": [[], [], [], [], [], [], [], [], []], "subsequent_comparison": [[0.0, 19.042880178680974, 14.817004990945517, 22.3837718641306, 24.060086697874087, 19.91496688647713, 18.963604707684325, 26.997203705216506, 21.54810589259544, 34.91365334763217, 19.575753354002888, 3.987711970312915, 1.6760093908606135, 12.751360889370911, 6.36336490717094, 17.198555980430772, 6.128573708251835, 13.820576697099991, 5.441998444944299, 13.928183161636195, 5.7948839634810945, 13.788368877482885, 7.527357164596544, 17.027439789803342, 8.941139237964213, 24.969056357348123, 10.371891661804005, 21.034781587497466, 9.441745385036379, 17.47196687974473, 4.842422736382062, 9.919480841727017, 4.139162090596134, 7.319893820095559, 4.3942640569112115, 5.895671432832866, 4.344089553540002, 8.706663886856035, 3.1196596498866818, 7.711968157016441, 1.9658993642908484, 5.864589585841004, 1.7645243550973906, 4.552432668644075, 1.1067244726588266, 3.7065260646086973, 0.8201773273866159, 2.964365765407234, 0.7819065622281324, 2.1867291505121127, 1.3973086403483965], [0.0, 12.43736941237262, 9.537020582217146, 30.27851577714418, 19.51935166641201, 21.371528453837694, 20.811124984554834, 27.925602297424195, 18.517566137678344, 35.787745061726326, 20.126506963612186, 37.34808145976878, 3.0587089746349068, 3.2274368042932, 0.13209214523495863, 6.3763663845635765, 1.2268710526661064, 30.487589345422787, 12.311283154406464, 27.735116651697208, 13.644382192625871, 24.12674596723823, 13.170699439070187, 24.866998767781617, 13.57434314931065, 22.386731174642325, 12.791112502113819, 19.189433436072996, 12.638972731530426, 7.3512870151172365, 1.4086460031889645, 4.731723969732678, 1.55469602612164, 1.6755664106358388, 1.2280421608042258, 1.3501362712153797, 0.8932523285599591, 1.0872905660946623, 3.158102497525513, 7.173536480727032, 2.0690671725623084, 5.244216059447793, 1.7975999155290323, 4.024460196452585, 0.21750956123433382, 3.16276510715785, 1.1481547263836958, 2.5113652915578513, 1.097709099374539, 1.6558972399851046, 0.8504264106243724], [0.0, 18.870811187781214, 14.894588599468893, 29.98511509962117, 12.315109991433461, 30.70041913513173, 18.960218752785863, 37.31571606769443, 21.710007663369396, 42.43742494001411, 17.835406689511988, 35.02245749309843, 21.77411486658907, 36.80786482422074, 21.39485549642197, 29.01301626926782, 5.857618270256241, 13.519861314686763, 4.678235115278902, 12.812898318855424, 3.3558746678509292, 12.05301558880765, 4.479918914468669, 13.115000655837843, 2.8755560162000013, 12.64676622835709, 3.0010849251033176, 10.296774428635333, 2.833099638016867, 18.61490570411805, 4.072971080585737, 14.5262340101391, 3.556497212084814, 10.948467396731061, 4.255610785847123, 6.3925632542125035, 3.947011860012242, 5.305265596305912, 3.1381220375776584, 4.975063269714514, 2.4000012609840815, 2.8459257067637833, 1.4669534779396298, 1.7499415046967102, 1.022193000411465, 3.289266355660426, 0.3086187772779388, 2.5346565786466253, 0.459087339637301, 1.2971410095436062, 0.5680763829131199], [0.0, 9.372538377975056, 7.748364370851684, 6.913773183903368, 0.17368485238965004, 3.1853531732433176, 23.916444331341303, 27.064294692192885, 16.97185768071495, 13.968267449544943, 3.2847520480420953, 9.668548337919988, 1.560851300868037, 9.490114265917608, 1.443531954261617, 31.87202466424728, 14.403218751695894, 21.814737850497465, 0.05590710258427397, 9.898918144294159, 2.0029761040683653, 6.320292992716478, 12.58985264794219, 24.587921759360974, 15.367594150162777, 19.330651433279364, 16.582631915588266, 6.385295044025647, 2.7416984779256546, 2.554263717737314, 2.2481164305382806, 12.155976797173643, 9.409781758013448, 7.8145822801908364, 9.065672519722844, 1.005740252156379, 0.9856356849766991, 0.6069650108554536, 0.04829622777871398, 1.4593889141180427, 0.570045952119448, 1.818385542341817, 3.5076384762063837, 3.617901878288586, 2.741204512487832, 2.8186090580714778, 2.5683909168128087, 2.0247101167834396, 2.0553961459272974, 1.4499668363112008, 1.8419188261966877], [0.0, 19.097023938490683, 14.500257433584299, 29.978418708304375, 8.90609348668137, 31.629572129510706, 7.589300921427362, 38.27272000122991, 4.108990775072672, 43.52659684555547, 2.4545491442955027, 14.85962833964324, 2.407511626101585, 16.230057312236806, 3.544818892814716, 17.89887525847886, 0.5429959749400928, 12.39260516883576, 3.3837430021254176, 28.41391251925305, 4.4765529103349175, 25.231413930265536, 4.822874287782424, 25.52478108537287, 2.95894648950921, 22.67237805779749, 3.0981491047658194, 19.757995684285568, 3.802641309745396, 15.539855621934135, 3.7242978358087613, 12.916302312633064, 2.97238249155778, 9.818609714812252, 1.7696352265499755, 9.385024009845388, 0.35136990638553073, 8.516538298611566, 1.0671781414740522, 8.287730269367463, 1.5136849317737193, 6.195057746674266, 1.1347659810270951, 2.9802948901199966, 1.4120669203827847, 2.7042946807479313, 1.3085663694671865, 2.473275709025812, 1.1354204523313258, 1.9329980088646561, 0.9829988553105845], [0.0, 12.37957454596097, 8.855696086366994, 22.2515576090173, 19.60069471420575, 25.050887713885203, 20.071823717174357, 35.98862422710535, 21.059489666735292, 40.11975239626113, 20.222899369431175, 4.245899071794954, 3.884301813386977, 4.131690778491729, 6.24545704275837, 7.540207561432135, 6.022936778174492, 7.376872937931345, 6.195319587791155, 8.272246334255257, 4.960832671715695, 10.209450757297322, 7.271184979923458, 24.2213144192611, 15.779501571176224, 25.37100604719862, 13.964054981214078, 22.238528545128997, 11.338281812743968, 17.75468207371838, 9.300013805134384, 15.012756598488899, 7.936452142018672, 11.774394553768929, 4.032543938981923, 10.921874632273742, 0.9939642304336328, 2.1019904008879102, 2.200531677738497, 3.436304763540847, 1.9699069677608778, 2.921590699860696, 1.6009929421211477, 3.3521968410040763, 1.025797344045596, 3.1951055715618217, 0.30778532720808177, 2.553828399975193, 0.07781585623138587, 1.9593988239940001, 0.2372107602790737], [0.0, 18.945986302515735, 8.932468240412538, 30.15334140734453, 12.168403869799459, 31.837535365435453, 0.8702272156728784, 6.046125319640299, 0.038046202733311975, 16.726764400631414, 10.547803840259233, 8.44650964812117, 31.935759988612713, 37.84192633316715, 18.822851339802696, 36.7803514440898, 15.550479893984663, 36.295182845345074, 12.512546857232614, 34.65757650953093, 12.361343793342058, 31.68015571868027, 11.734467701375673, 30.682341964553626, 8.699006702067287, 7.588432856841972, 2.7964842703100525, 5.391539318225311, 1.6422050727829267, 3.620613156743566, 6.532365519211005, 16.867191297892596, 1.4999440221312248, 13.309069427548355, 1.5778301054251287, 2.3451180675981775, 1.78516638145465, 2.880625286967262, 2.1452683581092855, 3.281319887322678, 1.6855960421595355, 2.0894497564634715, 1.1515148589676842, 2.3013524271099706, 1.3569598201451503, 2.059648167792576, 1.2456732307422544, 1.23835916357493, 1.3936689896252035, 0.7144391918858467, 2.2795392121895697], [0.0, 12.691832028305747, 14.859065416864587, 29.76938570045139, 16.584294391475055, 21.39146099889424, 18.401103261825256, 29.102995487837873, 7.6921740971826615, 44.51558506010809, 2.833280609290235, 7.075134120878809, 7.323955116756715, 18.920176166982447, 7.66360079424835, 18.966123371876705, 3.9047161477839896, 12.83251325289533, 3.8093886913865243, 20.18635640339878, 5.777573009853474, 17.705498490116167, 5.973834294103523, 18.606504150475384, 9.768681093958136, 24.32096426717788, 6.606733560260532, 22.284389931356912, 6.702633886801912, 17.413481024094924, 7.259026974001611, 14.03753900370976, 6.143272479766845, 10.944136721519168, 3.6770875938809717, 9.300624525455067, 3.084204881060118, 8.58744576246523, 1.3808580693685402, 7.672256175930525, 0.5554761861217755, 5.701103431637912, 0.4301588495124924, 4.497870734475991, 0.3270036533161432, 3.725922426788522, 0.7913508379042499, 2.9690126828023784, 0.22491962552365258, 2.1356965392410414, 