{"initial_violation": [], "initial_duration": 34.76889133453369, "subsequent_violation": [[], ["destination"], [], [], [], [], [], [], []], "subsequent_comparison": [[5.379036392758032e-05, 0.0, 7.820029467809249, 7.239227036737699, 19.382967351624618, 24.224268763279387, 7.831060613837455, 8.124783529661633, 9.088393274499905, 19.58850289758311, 9.922645493708211, 20.65608491164827, 4.431167840885485, 1.6950223396513984, 1.4232222070026601, 8.823991490124266, 2.313496719783661, 8.29476690612606, 10.89563608978393, 16.90994173159043, 3.7466915019727542, 3.463752979744582, 3.262980083992007, 7.347343226391357, 10.337442862141666, 16.57919578883519, 6.302588241796328, 17.141250413164798, 2.2296466169410167, 4.031586865403962, 1.7270013983754926, 8.525189636382855, 7.594102726308138, 11.196447545905722, 5.137432093784733, 12.029785179729348, 0.8420779720160086, 4.230575621127563, 2.0969022169519937, 3.813442342590895, 1.5252741892698116, 3.45863993663757, 1.25956237828838, 1.406339540377102, 0.4833735589243299, 1.3834056587995864, 0.5921642760634136, 0.5652517131456531, 0.14599324728689625, 0.5961933554638684, 0.23700361869793232, 0.2597198881557366, 0.8757621849142793, 0.504970600697513, 1.0717935223497455, 0.2775296168411116, 0.19954726669447004, 0.10913519190300966, 0.35947548968453447, 0.07577487958193686, 0.38500401558093156, 0.8216717218292265, 0.11762306500027817, 0.48245614656238556], [5.379036392758032e-05, 0.0, 12.231064701643442, 14.719647385232399, 34.056654659848654, 18.996623338151228, 38.78155097663688, 46.00328316468164, 58.66981326870293, 51.74941380132159, 79.04021422621457, 79.09075680538102, 103.73889883766289, 98.02332067914683, 120.20695045884887, 110.10692674200223, 132.0459265985633, 127.38287746679126, 142.02610765389866, 133.41924965371854, 150.89862780348133, 141.98149438008437, 158.4113889616622, 151.6112372760838, 166.4646281493091, 159.34308981547466, 173.8770183391368, 167.00636672721276, 182.5595172376556, 173.66332419831073, 189.14856822344117, 180.8726756250742, 194.6664794652939, 188.45021853601287, 199.73864304776313, 193.81708135200367, 203.8583883239556, 198.17324639433687, 208.06579148540072, 204.7963525689242, 213.40839787717238, 209.6705182418291, 217.66098358435468, 215.54941013057626, 222.6921091186009, 220.00578808627947, 226.59537481921365, 225.3318904722813, 228.76709392983614, 227.9820547595598, 231.07580837255506, 230.1721693410883, 231.8422474916577, 231.37266368500462, 232.5928125397787, 232.64166309694383, 233.77723337678407, 233.0954303108266, 233.55513587154496, 234.13636569340363, 234.2873281276028, 234.06648569461743, 234.7057526232691, 234.59271252710244], [0.0, 0.0, 0.16717980507630414, 8.153759534109678, 4.645280168714489, 2.986161883694779, 11.060250417997612, 12.547091428568166, 10.361511302680219, 2.0995620200576757, 8.88228666274266, 11.045430955734941, 5.098877364421806, 11.067924787386994, 6.469282227549414, 4.869593236157362, 6.144056435335302, 4.419769603335156, 22.410953547037664, 18.65566146437499, 17.931033408851093, 23.253898090192994, 3.9422354068404752, 4.746425620256653, 8.929834077589852, 17.45597244596636, 17.654520521878762, 19.72473244403274, 15.49903574234017, 5.251271258961756, 3.27062222102101, 2.5194843590035103, 5.400695499466942, 13.079003463867616, 13.528124512689997, 14.278813207661887, 1.5119758373132355, 2.204313515828747, 3.2664913263766686, 2.162974115964446, 2.14754185449795, 2.618903607737867, 1.3094349970819041, 2.4025466869415495, 0.6412463115064255, 1.4935799065258137, 0.4133628680015304, 2.1408801554591794, 0.6221391385783341, 1.4909095718914747, 0.8968775734570494, 1.4770169332243626, 0.9173407155331323, 0.9562528221448231, 0.9591530876874901, 0.7446399117308464, 0.4176634801643736, 0.851412123910014, 1.0122925072075253, 0.3598670611617126, 0.2413023539419706, 0.12982086571261092, 0.22355608855897047, 0.15596213399444925], [0.0, 0.0, 0.10903910344657929, 5.617836971861808, 0.4873331467064654, 5.043280793729959, 12.517475820669404, 7.1697810637256625, 14.048385859332964, 25.020701981068925, 10.041344964164407, 9.997839177718307, 6.977270900777321, 2.894348308172506, 19.941282757251976, 20.172880258354084, 10.755473979910978, 17.90231244349505, 0.17349236048316363, 0.3193045422582831, 5.353751484651406, 6.3449473699329735, 13.017157836935763, 17.742487911401167, 6.477244733971087, 2.1497882154527326, 3.831348524127472, 6.925460139845453, 6.5701111232362, 16.806102814724973, 6.423375741117484, 16.564470894005105, 3.6311403052190943, 4.124831387897543, 2.019511451992157, 5.233720757302701, 3.2715499203987126, 10.066962223526573, 4.454010391144941, 7.6468007802694045, 5.021605551158589, 5.554582468616197, 4.703501410813842, 3.5855854485571323, 4.617091729790072, 4.204878065583601, 4.115983561108267, 2.3640925226192038, 2.7365307459751484, 1.9539211003850405, 2.375913304905126, 1.4079819125885351, 1.940086457068649, 1.1545804357877991, 1.313706453819154, 1.0100268119040978, 0.8416693692719402, 0.7933701354568673, 0.9736041314382848, 0.9502930206684708, 0.4479598928668619, 0.33866821874862796, 0.18385569562435264, 0.02966490653118509], [5.379036392758032e-05, 0.0, 7.705195233228967, 8.325368766677506, 3.695722866121213, 24.62929914141598, 8.774986540910115, 15.669214091919761, 20.191054870734725, 28.53523905405083, 21.7355071127259, 17.03976145297701, 21.38285949590031, 18.87020376920601, 20.7216160149573, 19.84886916804171, 17.76515459193755, 0.5846853608875419, 17.469120685448008, 13.134224226441052, 15.978276977197417, 13.283933113143831, 13.714115077617127, 11.116142153720979, 13.262767004366447, 12.326386618649199, 12.23070666945889, 11.558401861511074, 11.545081277046082, 13.890406043085488, 11.143881830974708, 14.401537715740826, 7.2826272103559955, 1.4830284355524275, 0.7052110862928129, 3.4877364146558887, 9.362087319885452, 8.752094045346457, 6.736062314785906, 6.335158637585107, 6.658107550302151, 6.070890966705966, 5.849231700453332, 4.6036805978601345, 5.721383641651544, 5.073279026867517, 4.733653681327965, 3.057325274716822, 3.337339638159087, 2.9810289360191926, 2.8811225989181866, 2.442581310510739, 2.1683131405894462, 2.0324226157604963, 1.7566366316905202, 1.3967058653065854, 1.0906972590542927, 0.9676799387520675, 0.8679070177161461, 0.8396263164228607, 0.5634182499999102, 0.7922582289679856, 0.47821790405597986, 0.46336255177239355], [0.0, 0.0, 0.08840461027406583, 8.220670652090659, 7.606173308349321, 3.32800682408947, 6.564263784471999, 8.29593874742654, 5.129285327102498, 2.2743733787856577, 3.5491651346113287, 9.832952627832189, 7.216932875121818, 8.905975887669312, 1.387104980509061, 0.2158492454970407, 24.01951536857425, 5.08699411263795, 16.172666373499936, 11.898630618841887, 13.810494277827035, 3.393713768849986, 5.626554240898815, 2.0297136685069828, 3.626306125273322, 4.976601760289931, 14.45918578081775, 10.342019802412915, 9.706888190801488, 0.5635001930949324, 3.737422955630754, 3.4467742779830757, 1.0022823468762394, 8.545849615131832, 8.460118087349988, 10.661498658747057, 2.389314085880048, 2.899022085534875, 1.6948810942224115, 2.4016603224457707, 1.1871595264122148, 3.22178087931859, 0.5270311184675751, 1.1595939706911729, 0.7667922792863482, 1.775773631292506, 0.5515209458127157, 0.8421793282751229, 0.7048285944686127, 1.6676690204186317, 3.486214379851253, 1.4063263533246824, 2.806709554485836, 1.2277492553276763, 2.102771791009422, 0.9427578763949598, 1.409867964529671, 1.1212351597525092, 0.9521060466923303, 0.7158065741784196, 0.6666065429999161, 0.9420018292193537, 0.8332789903508333, 0.660213093055104], [5.379036392758032e-05, 0.0, 0.22225058560533495, 8.348455534002566, 7.5826457562977865, 3.3780390444028, 0.09902293161799523, 4.277520495190469, 11.652545298106759, 18.392443392159358, 21.801605890313564, 20.801862852201104, 14.682841736616188, 8.936164459492034, 2.697013015366627, 2.6043627633304878, 21.567625742987925, 12.088293581396663, 16.09388085106634, 17.28749127924524, 13.018362253252162, 2.6128526313981677, 