{"initial_violation": ["destination"], "initial_duration": 34.74907970428467, "subsequent_violation": [["destination"], ["destination"], ["destination"], ["destination"], ["destination"], ["destination"], ["destination"], ["destination"], ["destination"]], "subsequent_comparison": [[0.0, 1.3663211249701646, 9.607926015670284, 3.497529423369832, 1.8758288740000548, 2.911123663762318, 0.18690476683688048, 1.7326636954022316, 1.8795049900731997, 1.5504894753622522, 1.8053466175631248, 0.7213755664717257, 2.4948430388030682, 0.6921272103842622, 1.9898992253016416, 2.5884601317089286, 3.2208689359505214, 7.124802660570705, 2.1226119679465874, 5.663229068739897, 2.518372143004686, 3.790979971645424, 2.02905887742134, 2.723972279750052, 1.3476013216453706, 1.4555259692149398, 0.8088520885059595, 0.13048842728313612, 0.355710164599264, 0.09163017760654231, 0.16648377433531172, 0.10901465836234028, 0.056380266091083216, 0.07612028092991592, 0.01795139843888008, 0.03410344008452393, 0.025019776412798515, 0.014721239615311585, 0.01680978855775638, 0.01097221637975049, 0.0021205215374621987, 0.0026284357329232773, 0.001743903769346762, 0.002416923649615642, 0.001471840256477768, 0.0023737477849884365, 0.001289869467083143], [0.0, 0.0, 2.7449714996896963, 11.557413944467656, 10.023188137038687, 10.209149343948894, 6.690253442871979, 10.457653960601952, 7.05867106572717, 11.862942685758357, 7.438158881071546, 11.845478067661997, 5.152374846114845, 10.665867868370023, 4.34267953374638, 7.624523985515342, 4.106475985880647, 6.419532468320603, 3.1573566037158445, 4.938625212872732, 2.5766019207159023, 3.2865823937652676, 1.4465832795861602, 2.610552432372465, 1.0136949379003435, 1.5147254565487598, 0.4882974209456507, 0.7799099055505847, 0.20098416741442973, 0.41958653960604575, 0.03549634166669622, 0.20684148963339663, 0.03331118884000917, 0.07334865056236309, 0.01920201660741736, 0.0293306665387141, 0.008425184148382926, 0.015629100432149892, 0.0031416758640530357, 0.013428556916614704, 0.0012631183818329627, 0.013184008435703552, 0.0017072466297342014, 0.012008394298826774, 0.0017138647878570535, 0.01199923862182127, 0.0017123033375739843], [0.0, 0.0, 4.881800286738494, 7.999892570230933, 17.742573123086142, 9.803958506433872, 20.821075429126523, 1.3571558756816113, 4.762945515318945, 1.5954356721145753, 4.185182203378671, 1.5682048698396291, 2.8089432713148845, 1.6404842221689289, 3.2336080464542465, 0.36593001921707197, 2.5061505517410105, 1.3744510874715936, 2.575523428111742, 0.5277611354932858, 2.176697032923972, 0.360467867151006, 1.928020493352648, 0.22346764309985487, 1.238020538063672, 0.04617827596080695, 0.7156169625297312, 0.013772100605407218, 0.3220574325354294, 0.05416455587325407, 0.17444874934668594, 0.010440406152429443, 0.055083526709244095, 0.010777457685423033, 0.019309498316170546, 0.009981042646807367, 0.005651622560398507, 0.00970501886011128, 0.00249902400067665, 0.008571623388014092, 0.002447882566567285, 0.008470751907719452, 0.00242644482552841, 0.008449349677799811, 0.002398471307071202, 0.00844727820761062, 0.0023872078020090747], [0.0, 0.0, 0.005998808599010497, 0.107587994986684, 15.119393026645309, 0.7909521212068242, 1.6656140006620428, 2.2570597951534235, 3.02816769046339, 0.14560199254632647, 3.250075536034441, 1.7258932612080553, 3.9891113294371863, 14.026645313814544, 1.2777958961715767, 10.491975112594558, 1.12572729154938, 8.688455154152763, 0.616774304793688, 7.166772225958027, 1.677260932422158, 4.447998372865994, 0.42697299588055593, 3.1319020254771384, 0.2639816621316852, 1.6680816068867768, 0.22067163512629986, 0.9110146575821693, 0.2484235287835037, 0.4567686639561291, 0.1403657203729907, 0.2031427543997672, 0.08990952747106769, 0.07257646209929358, 0.041876636778180265, 0.014430794643923045, 0.014373987510057357, 0.012462566225570444, 0.009666624895235067, 0.012608381877401683, 0.009229716961470584, 0.012432564024511154, 0.0010733447764056778, 0.002726911771414738, 0.0010149205118051524, 0.002553135844577667, 0.0009631095577344345], [0.0, 0.0, 0.480539035384784, 0.36339291145857444, 15.202678357525667, 7.023904396580797, 17.972975751650598, 0.4832688121833487, 1.1332229666940534, 1.842646501011214, 2.507176803696292, 0.6228920943576055, 2.1321738533706944, 1.3344845817437139, 2.56782470662579, 1.6423781819335612, 1.6637401455797047, 1.0643265196358827, 2.4822188715317077, 0.7200502434879595, 1.8350299139655404, 0.6846198738339699, 1.7405891799554651, 0.22641985584211688, 0.06608462898288958, 2.329044610670465, 0.01225849847219193, 1.2484121597907603, 0.0519598111032285, 0.6045776177539668, 0.036878406266385236, 0.2642780380268804, 0.016280332734467145, 0.09261167599386061, 0.00491647349553574, 0.03169664399592223, 0.010607273577545014, 0.011633180255879252, 0.004183044224246059, 0.008672749610450428, 0.003249481980290015, 0.007922477511399588, 0.0032049756989587894, 0.0078009524654620455, 0.003165633576647696, 0.007727962017440617, 0.0031474974672034955], [0.025381640422609982, 0.0, 0.5588584694795411, 7.713380573936233, 19.17062712193541, 14.299950444903498, 18.104637660455197, 14.935363683394128, 2.9462847402551056, 14.354257556141608, 4.306345006188278, 12.237097925081065, 4.666030433248021, 11.412183105828102, 5.409428073325576, 8.623028826872837, 6.13422007763214, 6.890142836622105, 4.836514553076461, 6.06873573077604, 4.710656703901648, 3.9308967872602802, 2.616196792479342, 2.728155600457566, 1.6337658756715434, 0.15718684883153225, 0.7851465672405283, 0.20323914035665638, 0.2956388087690289, 0.20001199487559315, 0.1398436764669011, 0.23181856288439762, 0.10422741251492229, 0.08427027898609821, 0.048555704766590796, 0.030816383205120302, 0.030062136929133485, 0.009529108965872715, 0.025489749193182268, 0.009232411377082096, 0.025393366690488035, 0.008624269326914942, 0.025363686981962837, 0.008503170995593506, 0.02534739877436652, 0.013942435878017918, 0.02533986611069443], [0.0, 0.0, 0.48641810817531933, 0.027259107776042766, 15.231011230765743, 6.845458484320661, 17.803123275092748, 24.792713913585985, 7.7212758970780895, 11.045641253378948, 9.543594754752363, 1.517376353843658, 4.550365303651989, 0.7810549217196839, 2.7031295598261544, 9.014521376447505, 5.16871227734599, 6.3587752095548336, 4.963926374454597, 4.406553647615527, 4.2863395860613185, 0.39490773589358047, 1.7845227935884902, 0.5306092994965562, 0.6224383789577511, 1.8411637419402502, 0.8472149252945044, 0.8975593994933058, 0.6209972795011257, 0.38298154870363593, 0.4079080942674042, 0.025697873398035666, 0.06918208693307461, 0.02476056327272074, 0.02278042791055575, 0.03001864360268872, 0.014166936354329694, 0.012257129358624984, 0.008364344524427586, 0.008109681254038182, 0.004544639168971438, 0.010540891676775934, 0.0043529117395078865, 0.010513042944332368, 0.004249765067961635, 0.010506132227372558, 0.004195221691187139], [0.0, 0.0, 12.590352311324516, 0.020166326762971847, 17.559092548436457, 13.597772109885915, 1.9387352283469559, 13.348680737678265, 2.7191697628483023, 11.91373727741799, 4.869197905419753, 10.589680260523641, 4.837405014309261, 5.123180204566008, 3.228994092285935, 2.9712598441343747, 2.610587448176163, 1.6685619972845063, 1.5369875413480274, 1.2019380663885246, 0.5708525011567315, 3.564412993609136, 0.9257051869504647, 2.376515190483573, 1.2980953668203672, 0.6734616382806109, 0.5945918269874085, 0.2631105184842074, 0.17950101170836238, 0.01349364974721239, 0.01497967538328686, 0.14653552439552678, 0.053693750766989706, 0.041378638899866454, 0.027087825593658212, 0.01038637107642578, 0.012842117316925203, 0.005068995253876381, 0.005191625428255991, 0.0020821764857681772, 0.004277950862829148, 0.00867678104405796, 0.011882834133424182, 0.008632143661400608, 0.011850045908401744, 0.00861043344052693, 0.011827524399391554], [0.0, 1.3663211249701646, 10.82019933109554, 3.2731968432780376, 0.5677746935189003, 0.024465931465255955, 1.2769850557658171, 10.969905355526414, 6.980749914583346, 10.493578096162281, 