{"initial_violation": ["destination"], "initial_duration": 34.769068002700806, "subsequent_violation": [["destination"], ["destination"], ["destination"], ["destination"], ["destination"], ["destination"], ["destination"], ["destination"], ["destination"]], "subsequent_comparison": [[0.0, 8.306294765774158, 31.447573055583423, 28.426812557258156, 15.524455794305684, 10.261963188295914, 8.870438676600985, 6.835075707779974, 6.797990481669307, 5.615741049849145, 8.187677651577838, 7.600545740509592, 7.172484979836368, 4.951350151219078, 7.898647935785369, 3.025556894199615, 3.705185885594278, 1.961852708071552, 2.785865073685333, 2.3467837999479917, 2.8509701122506073, 2.1622143559602685, 2.120706107084829, 1.549824275136925, 1.2269384781713377, 0.7256215792163672, 0.8900030476061824, 0.46185590947118316, 0.4922617369565121, 0.17899425620701326, 0.41858979424493103, 0.05914427820929553, 0.16460770896782484, 0.05350842989488329, 0.07134062782081625, 0.010511520632451041, 0.030947323566075793, 0.007801740087772524, 0.015536634607847485, 0.007719842391028307, 0.007696618303814694, 0.005856146470611127, 0.005022179430893353, 0.005048071904354112, 0.00420346218885359, 0.004966073279276212, 0.004062464038478202, 0.004939790233551082, 0.0041239633116598], [2.445234209252255e-07, 0.0, 19.855998335839217, 15.045443190809928, 5.371922213585442, 3.4137109620951263, 3.5334139759785828, 6.860633003853927, 4.675420301028518, 5.199627283947267, 4.159069892013219, 4.678569579627168, 3.4851424318123465, 2.996843008790682, 1.9216938926510605, 1.2293785653681923, 2.2247017246126193, 1.622343480512922, 1.9807750853314134, 1.1749303932632422, 2.7412469641657213, 1.4587141308426672, 2.1940826446275024, 1.0392204054367815, 1.4434396025454481, 0.4806157930806341, 1.042000899513268, 0.3240512399662213, 0.6378903458169806, 0.13044541290611197, 0.32094754241959783, 0.05588316007058784, 0.18524015362306864, 0.05183904281532206, 0.09190407513529905, 0.02474843987972948, 0.04744436280911102, 0.024643625657793936, 0.036804863411376273, 0.02368324155001309, 0.03492357271337173, 0.023317275007827768, 0.03463609537334924, 0.023089344406957917, 0.03456370184467826, 0.022976003875858384, 0.03456057540889262, 0.022979613125065038, 0.03456477133734654], [0.0, 8.306294765774158, 34.05896738152851, 28.73526417050523, 13.020615408224511, 9.162254648762254, 8.599726438282664, 6.595777097557098, 6.562128838474357, 6.9353437708799115, 9.345435834431502, 7.881652581581699, 7.93890284949291, 10.52583248503939, 6.0875194939305395, 4.041925580624304, 4.945432956240044, 3.310400787191742, 4.322768812107439, 2.6487554788074514, 4.421994545209181, 2.186958134594616, 2.2846708762408507, 1.7790394912676692, 1.6031207232226805, 1.0607843311960012, 1.2223216878381988, 0.7057857808721243, 0.84882843490487, 0.3655024458199219, 0.46252880415896547, 0.17293954634036762, 0.23486291163759038, 0.07838198634866074, 0.11113352039511118, 0.03050151246510631, 0.04434347531887974, 0.013334134296440403, 0.021440737483522543, 0.006824017122836901, 0.011659239338547898, 0.004367693380832805, 0.009075274353202828, 0.0033991068633827423, 0.008625051707397805, 0.0033221868384685806, 0.008525378517715631, 0.00329906951771869, 0.00480492059074822], [0.0, 8.306294765774158, 22.637043672849376, 32.64406801147822, 22.509912101644304, 12.684119665153156, 14.011000679952584, 12.326735403234538, 8.450733591609719, 8.823059594752422, 9.530236732985658, 8.749821656600991, 8.49017900622464, 11.18941915313227, 6.72539884860948, 6.232791431456651, 6.085585698306155, 5.80957895973004, 4.968754345384261, 2.7649896824945537, 4.701763958932925, 2.845050389264722, 3.770626311158998, 2.153126023980755, 2.5720621682269074, 1.2440607755790798, 1.7553244561397023, 0.7528294132711533, 1.1049664049732932, 0.40330249457447803, 0.5696027092394005, 0.1833190366531867, 0.2415604420035608, 0.06353648978854023, 0.11060065829977914, 0.020526456258672058, 0.04486687321191425, 0.0077709175331596965, 0.019520351139206974, 0.004109700293549073, 0.008501132957045385, 0.0025504517940069197, 0.004596775631560361, 0.00170221051390834, 0.0035263660600179637, 0.0015275423460034971, 0.0033815969453089016, 0.004829753910602823, 0.0030617007283236315], [0.0, 8.306294765774158, 33.52181256609108, 28.868977922075572, 16.800174201211227, 11.486335978991388, 12.93792011255991, 10.753679800779016, 7.601004278406395, 7.844289874679719, 8.7910197933544, 8.47349048478017, 8.175945365696256, 11.309465666531583, 6.736077962159922, 3.9188668603937096, 5.186710946596703, 3.45980176250466, 4.024454196668458, 2.897598390035469, 4.2163005676040894, 2.85785208829335, 3.3887951048222815, 2.2153564906673453, 2.424746009589087, 1.3538616741432312, 1.7184543601805538, 0.8117628268774895, 1.0598869853926423, 0.41293508904822884, 0.5537029853024822, 0.186924623361822, 0.23123322893229648, 0.06100055691796353, 0.10503074070582132, 0.02057915263496716, 0.0435398699903694, 0.011662273375643357, 0.019605535060763193, 0.00589671709450953, 0.009414025989275604, 0.0041192304996119184, 0.00582355536238415, 0.003251994934764807, 0.004833089966717525, 0.003079447925561382, 0.00468780220251931, 0.0031207830634689057, 0.005350721754810134], [0.0, 8.306294765774158, 33.98519714316228, 28.456064824912463, 17.950975568067182, 20.98088107024354, 15.64147437398819, 13.666133485769908, 11.497071521220471, 8.75061735601595, 9.077287271852931, 8.381975770739528, 8.437752818401467, 9.795590414460651, 6.138015596912891, 4.990432747791818, 5.6566806450425435, 4.721094214220524, 4.685093949704408, 3.9955865265960093, 4.979809147799665, 3.754448666041079, 4.088484575991894, 2.3474433359551403, 2.339376788205115, 1.4036567339303487, 1.6147095876232953, 0.8653134497909077, 1.1472114711299917, 0.5130380579946131, 0.5787859415677411, 0.22042849535864942, 0.23812018867554918, 0.0806034931056965, 0.10545182489984813, 0.03518284281402252, 0.0373711414659125, 0.027555621020659154, 0.01636586726825327, 0.024242439045314933, 0.008604646544331698, 0.023443781119283472, 0.006176248134947986, 0.023255771561762985, 0.005585659047211219, 0.023207376220457498, 0.005618384016409976, 0.013145101868073626, 0.005356000950744763], [0.0, 8.306294765774158, 34.28660380014856, 29.12616598185095, 16.042940331654542, 10.747358058804485, 11.465590275179807, 9.289160199441518, 6.159446134378754, 7.842331425445637, 6.210610647745747, 7.0315873619586595, 8.204674551816254, 10.155891262027666, 6.060397385199939, 4.273619906810084, 5.667635818484397, 4.137472288358063, 4.768870917076298, 3.558150557422276, 3.5130572772027597, 2.690219165709089, 2.888256468828714, 2.117108978029661, 1.9955999188826166, 1.175957279581224, 1.3793619530205932, 0.7367147792087609, 0.8838779050018076, 0.3734509655002782, 0.5544883142699767, 0.2103732106735229, 0.23730012846726212, 0.07558489515001551, 0.12307285539867377, 0.039560884893815984, 0.07600962319173624, 0.035593713587590135, 0.06538201323770378, 0.03394238760890956, 0.06315876990173223, 0.03349784793412313, 0.06274647820406022, 0.07046324394958917, 0.02581436878698078, 0.07044573708214442, 0.02578887961482841, 0.03338326636326357, 0.025587669369652812], [0.0, 8.306294765774158, 33.8504425718657, 28.408810770230787, 40.030570738732415, 51.76990622957179, 8.29661144538457, 24.45081442122507, 19.469644466191507, 37.907413464856695, 35.614505998165754, 31.177836278665353, 28.52007974006784, 24.918793240775013, 21.08529060132856, 17.343345629339122, 10.58496784768064, 7.826749928506074, 7.613287914379358, 5.1193197988380295, 6.287553842612388, 3.8172205686511376, 4.324552480094172, 2.4638381066238177, 2.742343395963415, 1.9374460023553313, 1.842085531280006, 1.172208945164451, 1.0894111268382207, 0.5684243135223472, 0.5513758271262595, 0.24745595500080236, 0.23535697463410804, 0.0981951923049271, 0.1243478988693687, 0.03830658565817231, 0.05433696194004026, 0.022627155338671587, 0.03032460114879862, 0.016440758095705856, 0.02387476814296892, 0.015046595392135893, 0.022488341224939354, 0.014672595643536304, 