{"initial_violation": [], "initial_duration": 34.80959153175354, "subsequent_violation": [[], [], [], [], [], [], [], [], []], "subsequent_comparison": [[0.0, 0.0, 0.9130848305480839, 0.4189136977186571, 0.8090330025317568, 1.8517927307171047, 1.8629493056549442, 2.4099873541221903, 6.34515519955885, 5.635172676540543, 7.332445750618463, 4.285296911834001, 7.239567076627716, 3.7825360437684235, 5.960134707051701, 2.812547681196732, 4.240334373340753, 2.408750419706223, 3.3973173699561348, 1.8523719785449841, 2.8046446958313935, 1.3136572718467658, 2.1771289473694972, 1.4508283708580805, 1.7172672353725376, 0.8728961720916331, 1.056019572069392, 0.9114071202533027, 1.0774967837006049, 0.526109164515006, 0.5824537108047848, 0.7240363239882083, 0.26073875860025736, 0.2937532028077956, 0.14690952382723912, 0.21075230534337522, 0.0826645021003293, 0.3983535243185657, 0.23496245901833712, 0.06280713179986437, 0.08457318439533923, 0.035781422670613336, 0.14646194164836507, 0.062494242064531, 0.0932220972154244, 0.03567207465563949, 0.14647265148746558, 0.062435410978311526, 0.14647796172548955, 0.035672855104907454, 0.14648323944412053, 0.062376666847488126, 0.09334920016236589, 0.062347328550092056, 0.14649370496715083, 0.035674035180633876, 0.14649889003978256, 0.035674431490457716, 0.1465040391729893, 0.035674828470990946, 0.1465091481316367, 0.03567522720280383, 0.1465142181438219, 0.035675627061931225, 0.14651924811882971, 0.03567602757095961, 0.14652423791894187, 0.06234857620423928, 0.09381570422029314, 0.062319222565470976, 0.09384696889838375, 0.06228988238156181, 0.09387819778430649, 0.06226055441036354, 0.09390938890103762, 0.14654379003237636], [0.0, 0.0, 0.7426274113278812, 0.9671803627261286, 0.3516640943178124, 1.0997080518202562, 0.08568967917632081, 1.2987167851652457, 0.6008147304755214, 1.6278728334265125, 0.2745871218986455, 0.8511819346522016, 0.4382918623023161, 0.7132608069798384, 0.03950510618776071, 0.22517369147165614, 0.3457596320302221, 0.16520972697859684, 0.6592518176253125, 1.0618789968730316, 2.2388415421316052, 0.6758396844217198, 1.7677864586592922, 1.0932023456599145, 1.1409717837360593, 0.8101725289949023, 1.301830317600836, 0.39699328394653255, 0.9671045431415548, 0.35456030643950437, 0.8097445881603883, 0.6955199648394321, 0.6402974961063851, 0.2209148482343288, 0.2958868261585577, 0.20647070803872303, 0.4000139986041896, 0.26225830426762564, 0.38332143531155655, 0.07657598022671158, 0.057589287953058114, 0.3335905963632267, 0.12013651652588499, 0.1663135641420679, 0.12015185465795061, 0.09346403982568945, 0.1201671629184514, 0.15250902981269987, 0.12018244397555784, 0.15251645699850602, 0.12019769516082586, 0.15252398687984095, 0.12021291623629995, 0.1525316212830439, 0.12022810743964712, 0.15253935984828307, 0.12024326853293141, 0.15254720019118748, 0.12025839963491498, 0.15255514433774164, 0.12027350225799763, 0.1525631928311789, 0.12028857616429156, 0.1525713454923742, 0.12030362019776913, 0.1525796023228154, 0.12031863575195417, 0.15258796204076147, 0.12033361980162509, 0.15259642354500533, 0.12034857676542089, 0.1526049890424286, 0.12036350536838987, 0.152613660178997, 0.055069394796117846, 0.055069394796117846], [0.0, 0.0, 0.0702816426171748, 0.5477357574069659, 0.8078802291303878, 0.06675010675866788, 0.1665971280133033, 0.7303474982044973, 0.7028334959152552, 7.021564774375056, 4.6018373030250554, 4.84891631121833, 5.436376412792238, 4.520697627900924, 4.8273822571033005, 3.293028441419673, 3.9088809906704594, 2.9286404262540877, 3.328595474890039, 2.589392244924947, 2.480844933082039, 1.7721636256201803, 2.3037541358922127, 1.6862372391456477, 1.7649081696919768, 1.1669945382518772, 1.1968476525355674, 0.37066006316902933, 0.6196667400770184, 0.8139795777583986, 0.40439992580434103, 0.1945719439440472, 0.48973794975058993, 0.22581167584559986, 0.3039843890911605, 0.06552404956432344, 0.06406578862496062, 0.34015834899677844, 0.14994718522308093, 0.07992936650934168, 0.05660944675433158, 0.18512164167776574, 0.02778188346032713, 0.06021815721672554, 0.027765954603670144, 0.06020563474267919, 0.11955360579585973, 0.060193133217688335, 0.11956668190125365, 0.060180651026805844, 0.11957973096992698, 0.06006006976901749, 0.11959275281445578, 0.060047776915585806, 0.11960574895258538, 0.060035503229910026, 0.11961871501844816, 0.060023252427125064, 0.11939140742042954, 0.060011022049091374, 0.11940445191388131, 0.059998811065513295, 0.11941747212501369, 0.059986620752561316, 0.11943046368800336, 0.05997445072875056, 0.11944342963834337, 0.05996230133577965, 0.11945636561019632, 0.05995017283844343, 0.11946927711226024, 0.05993806521645496, 0.11948216167131814, 0.05982029565034319, 0.11949501900621111, 0.11949501900621111], [0.0, 0.0, 0.8776731045265123, 3.6333530983778286, 9.87166102915863, 6.416712290461155, 9.958837541279475, 8.4107829131868, 11.841711365661228, 0.8759937381321178, 10.427265078600959, 0.692828335029395, 10.12893461664093, 1.204332854305504, 9.467380761157797, 0.7889518620243524, 7.7205229089434155, 0.6568718984310117, 6.196311839301716, 0.434619788275797, 4.8095519284396575, 0.6593020323576374, 4.142264714453138, 0.9438238792875754, 3.1164336997032165, 0.32060661374918864, 2.34192635662965, 0.7918810839842783, 1.8225281200447052, 0.800419928560746, 1.26799068148805, 0.28024703754800984, 0.8858970299061217, 0.47286849128145614, 0.20292970253036172, 0.5745747571646195, 0.0922554713593173, 0.326661724430816, 0.4535178303509828, 0.4063920151461516, 0.05697375519437723, 0.12872869037353915, 0.4418864319272079, 0.05238596519444429, 0.05771525318441306, 0.04947617402999768, 0.04300119975880074, 0.04947246680292655, 0.07602847753869575, 0.04946875308568231, 0.018218675562349407, 0.09216501004372703, 0.06578557083246221, 0.09220340253045241, 0.06583079159058383, 0.09224175863724039, 0.06587597690848392, 0.09228007563717289, 0.06592112954036684, 0.09231835684430999, 0.06596624706081441, 0.09235660248036609, 0.06601133187390112, 0.09239481141331575, 0.06605638284902268, 0.04956022986612566, 0.018044042872383294, 0.04955636586054425, 0.018042231126218587, 0.04955249421303384, 0.01804041741495488, 0.049548615757046326, 0.018038603367946857, 0.04954473233882842, 0.018036788320335145, 0.018036788320335145], [0.0, 0.0, 0.4877892847632964, 0.20955073993025308, 0.7639374762135052, 1.9362630685467384, 2.2503458133127325, 7.384999606689938, 5.5264439773969265, 5.058093979616138, 5.771309335563374, 3.3044859811384497, 5.876115536453583, 2.774863962902929, 5.832237228142863, 1.687651614966403, 4.739169845675431, 1.4176082364598754, 0.6363622870904655, 0.5077387780164432, 0.37698802542019255, 0.9266947194989238, 0.6064445316740986, 1.085667062347777, 0.752380877721045, 0.9228899037096906, 0.4898597308860744, 0.40223332593482325, 1.025387720452736, 0.28843400155409055, 0.6929685530820714, 0.5833080667238957, 0.49456177368338256, 0.07726437451116232, 0.2696433650144363, 0.07620508357229501, 0.10293926167881305, 0.10080331227199839, 0.09155021471719023, 0.4247537236365537, 0.09895816868504909, 0.024454545745968465, 0.10661395708080738, 0.058792630369640775, 0.1066426057206269, 0.06341812525952964, 0.10667120912738622, 0.06490988334709293, 0.10669976729648098, 0.0649545761419457, 0.10672827788939013, 0.06508843082443509, 0.10675674178349781, 0.0650776540597059, 0.10678516061551453, 0.06504841552635182, 0.15477976613863142, 0.0650161529413958, 0.15478451926100173, 0.06498426027375885, 0.15478897881383247, 0.0649519080085819, 0.15479349327718225, 0.0649194807927211, 0.1547977233424441, 0.06488716002032748, 0.15480159612794223, 0.06485477099849236, 0.15480537460136015, 0.06481364853900519, 0.15456855697906413, 0.06478319076511234, 0.15457253394833653, 0.06475047303233604, 0.1548154861763514, 0.1548154861763514], [0.0, 0.0, 1.3667794478461253, 0.15092926779288188, 1.1894905629210724, 7.547870392432389, 6.586213553489394, 6.5725845868886825, 6.540562187438122, 1.4176117790262928, 0.6839334203673544, 0.9718571509575165, 