{"initial_violation": ["destination"], "initial_duration": 34.77900671958923, "subsequent_violation": [["destination"], ["destination"], ["destination"], ["destination"], ["destination"], ["destination"], ["destination"], ["destination"], ["destination"]], "subsequent_comparison": [[0.04314992640331511, 0.0, 4.307866578185634, 0.30699024898203026, 1.4556159334445213, 4.541317875789107, 10.706825051413752, 1.8080753350754246, 11.227373442486133, 5.657139832313341, 4.994587350394619, 7.543175010300526, 3.877838925512544, 6.502840694925566, 7.413085745678538, 1.8282156593581023, 4.699725081845656, 1.2452577061582468, 2.502879680178408, 1.727012754233238, 2.3110531716565865, 5.105899418296461, 2.312715099293113, 5.623290960297769, 3.9572165482562007, 7.201220054512583, 4.468843700125419, 7.583935466110608, 9.205594811725383, 12.700108151492635, 13.445484449115433, 9.504715436473356, 19.425112303163655, 9.631236053859702, 21.62921191476359, 12.628926211920088, 22.886632848444204, 5.441675448046892, 20.182072068508187, 2.8827176764447686, 9.712764792692097, 9.201831525365005, 8.49906840016968, 9.013364457517493, 4.401506828951625, 9.237121295827238, 4.046058516630045, 12.406160797631756, 6.667815259688306, 7.622938153240271, 16.19669649796913, 1.1526774054749795, 21.55119103092384, 6.430146491745222, 20.91838968373554, 16.309643498504546, 2.4516125439593077, 14.715775901631233, 14.848984238601911, 23.944675204993437], [0.04314992640331511, 0.0, 4.233763152289544, 6.028000495668289, 4.471922514567911, 7.686255678606495, 1.3014249175486299, 5.337034553881989, 0.76248705433018, 15.297118519778747, 2.91859748455834, 8.93251995239048, 6.099968777621722, 7.723967739208075, 6.834625626817078, 1.215117939222135, 5.684794333296076, 0.5733269848928475, 3.5448401433550125, 0.30686319104979354, 3.162887568012651, 3.083951262062377, 10.811112675179006, 15.610315287345111, 12.600030418382167, 12.121066992757623, 11.662786686940946, 13.122163961061075, 19.34274557162567, 11.649754452599288, 18.579864849723815, 10.567012821390671, 19.760584797724263, 12.447519042072742, 21.24240802515912, 16.614308785556126, 22.389113900677543, 12.99914823568518, 36.984876973170394, 7.7068141837134485, 37.41291705667122, 17.976857730632975, 7.5944434183193, 18.770757061756285, 2.7945481372870122, 17.514997349245863, 4.9459620239215845, 18.944288084415504, 8.398634718750593, 4.800230455054775, 22.3920016023361, 0.3600391451693588, 27.682684781590556, 6.124115979781853, 28.838334040025913, 23.315930001486365, 1.4168339996362782, 25.18477780795182, 4.895702986504115, 14.303842660578942], [0.043136695511129274, 0.0, 4.343367790451691, 0.1343224954727706, 20.368288334974157, 11.989395777611154, 1.8367584444853244, 0.8155125146077387, 0.31121948853683695, 1.82504521136673, 2.9365920617029895, 13.184912551691081, 5.10744488788675, 1.1986642822556368, 2.0441817906936266, 3.2285975574317685, 0.4065284420188572, 1.4814879646437402, 2.449036684296419, 4.940917966524246, 3.9375993159407465, 5.112655902884116, 5.651866757689099, 4.233502822018932, 3.568654169694835, 3.912038250940494, 4.798242655566612, 4.731934534159481, 6.46505178562474, 18.78446531446793, 11.046760393061188, 16.07641489089701, 5.838995161687811, 1.7016942755933706, 3.4038110952159535, 1.65984923747325, 1.8288338322064726, 1.645119251711807, 4.249163302457294, 0.9971191585125626, 5.812342179094425, 7.573988923860788, 5.246635306547549, 5.060286796565733, 2.6342767231665416, 2.733478612402717, 4.04280697430481, 2.9558627249176808, 3.0806533425227802, 1.6263047174209975, 4.0415778748820035, 4.62338710657875, 2.2610111989893853, 8.165876258875109, 7.463119072981786, 1.1175562012561329, 0.40976652332920793, 2.8732790075118495, 4.458271230576134, 4.693708963400257], [0.04314992640331511, 0.0, 4.434063457071957, 6.266439743223173, 0.6989783400899642, 0.3290841476004716, 5.707175098262394, 0.11414983221879893, 2.259940606606289, 5.935754111355726, 2.7200284482647787, 11.331101321051415, 0.37007031265443596, 0.2853925667529268, 0.7732530945084864, 3.595555123839977, 0.13094435470765362, 1.812603504396361, 1.760763385075988, 0.438497803569781, 3.9301989380747906, 1.232988415105845, 5.7949734913873066, 1.4023030503361653, 5.2537213668153315, 1.8848620508676301, 5.913943150972267, 2.2857742292999585, 4.550695631419275, 0.9553945485764753, 8.98694356541267, 0.3440429185166406, 6.782180633320656, 2.805565342656244, 7.743141946889531, 8.608010618225283, 11.086155331245829, 22.84327905109403, 3.336112072947041, 22.196156327856627, 19.372931523549937, 14.638590779371777, 19.722606577033172, 14.523479092128435, 13.974428336164394, 14.522768028179755, 14.70257274294729, 13.790747135619446, 8.563260931408267, 14.790971559457546, 12.386759156832577, 12.170248712153958, 11.614636430301216, 8.023784424004035, 14.278159822153427, 3.774054537814921, 10.15207219760503, 4.023851430359336, 16.63752788208585, 25.85179054150892], [0.04314992640331511, 0.0, 3.6129010746359365, 6.206177312293844, 25.047041744922932, 27.805301992057252, 18.1087329470191, 14.979915725437875, 21.046630114695798, 33.21642680642333, 24.64128086458105, 35.43794606462767, 25.68228665292928, 10.076991391170115, 19.42734167391763, 7.15287148082825, 0.21322710323715932, 2.2227363224350802, 3.895586164923606, 1.175549941725818, 6.53902092767869, 0.25517385899825196, 7.939243111528752, 0.5000150412604908, 8.96174173520829, 3.3112136333428004, 15.426709897491747, 22.67499792468361, 19.5914739303133, 20.63801508205406, 15.030585415257338, 20.956647235100498, 16.635631018806635, 25.17604021648262, 14.642071216699945, 20.55890037169093, 36.93858626738563, 18.270941565469617, 26.97250734086272, 19.099652352744553, 28.104614339588448, 14.952682628067443, 27.440644027220905, 16.525072721287774, 1.2660473422432394, 17.419911012567177, 0.8645621591847783, 9.637495536745877, 11.425474624293898, 8.131488418835062, 4.059917546894943, 9.92656112630464, 7.620197334035531, 16.476226823204037, 11.662142269550575, 12.842333458936082, 8.48521373729641, 3.9677856178051143, 5.642921273355288, 13.325815020957299], [0.04314992640331511, 0.0, 0.07142685269070093, 0.6733519380574616, 1.6178882094202143, 11.969450044196929, 1.5762127371574035, 5.835847675682063, 9.295315985944102, 3.927229348151382, 3.0888179838163867, 15.047025541073635, 30.023534682495605, 20.33919901565883, 6.258544983546323, 18.52764555745554, 23.294827037152203, 19.991156142915997, 20.01176721741561, 20.652607517843283, 17.690173453022336, 23.532055315631627, 15.503984544338701, 25.314216891784056, 13.768655547948342, 22.606644636015798, 8.577217666549691, 4.233446148733784, 4.437040090597817, 3.8935534965806666, 8.229126259062228, 4.882384291118914, 5.486123625236349, 0.891511702906726, 7.483614822001796, 1.2548963275247331, 10.661204072360272, 24.917708655367107, 7.818551656537294, 7.727734569232202, 4.32812789397715, 11.436468840573541, 4.44356677123216, 10.717920445171682, 8.640299376816316, 8.886580023590874, 8.520269558872242, 5.384509673362937, 19.64453786455639, 3.1266905275974928, 18.316238754786152, 8.900060951581468, 17.108655478873228, 7.162839524969982, 16.5548384568447, 9.600298097952175, 11.294090266830793, 3.6536226230947833, 0.5049479049344615, 10.1161679887569], [0.04314992640331511, 0.0, 6.787960762662515, 0.1490688540406515, 0.08753870641726437, 0.022203322305441524, 5.774941970385446, 5.845781057832933, 7.9453215051343085, 11.130796794997206, 9.355331022050926, 18.468607208685743, 8.132219239972288, 23.78465685919352, 4.085776297276741, 10.717017846685998, 16.662029582963424, 19.32064312411624, 13.070155486903493, 17.93005469692331, 8.674751055475403, 18.62654425187504, 6.40077613714948, 23.463867923555288, 2.0060872914930687, 5.0278265585281146, 4.514904051188515, 9.40361627903402, 6.274304210963072, 12.796159055657979, 10.765562221031185, 14.719475207037172, 6.956191383642469, 15.693999609365562, 8.763480975340512, 20.30347894528257, 1.1548473056178843, 13.664185719804742, 0.43458832226863486, 15.515782849969979, 