{"initial_violation": ["destination"], "initial_duration": 34.839274406433105, "subsequent_violation": [["destination"], ["destination"], ["destination"], ["destination"], ["destination"], ["destination"], ["destination"], ["destination"], ["destination"]], "subsequent_comparison": [[2.431392454148706e-07, 0.0, 2.5143538226402162, 4.079384444648117, 15.042388237865111, 7.047400497641124, 17.848843480382815, 5.827520036962417, 19.6181396746969, 9.943715129450798, 18.523294592170494, 10.00266122391853, 17.55436106288942, 7.85113316369861, 26.168819283310228, 22.003608064027038, 17.986076217855228, 19.97754010620962, 15.289795950903493, 14.746433367175438, 43.83002379406341, 23.292815141503777, 15.01268599921651, 28.636976297934364, 8.377297785128174, 22.722402641191906, 5.104913215645731, 29.821909973408225, 3.294772126921376, 14.506517189148713, 6.251358860910056, 9.515580472532152, 45.69092807370433, 16.14546397487721, 47.721576743703594, 20.496457420621674, 50.2063015542709, 21.283745786450854, 11.795454519007038, 27.422125889033925, 6.565964155620387, 25.7048771229466, 3.0560402585598823, 41.66715610212248, 4.731072087153458, 5.459635671963194, 9.571242376792297], [2.431392454148706e-07, 0.0, 0.5239049585658395, 1.6898125855683217, 1.4676431475931895, 0.7899955440587316, 1.7306195520885141, 2.0368038469613037, 8.246233019046615, 3.3359455089546386, 7.500445578625155, 4.864527522282653, 6.13606300519493, 6.095337414396613, 16.314212776602503, 5.269335174003836, 8.276741339400274, 3.4422831073036737, 5.093991150826218, 3.2632222541241296, 3.716024727330687, 6.170001167663552, 3.379293472198161, 6.888738787655045, 8.239504608847204, 11.528974420251073, 2.5850726997466347, 5.0767707891084735, 2.526544124623109, 5.458116625926706, 4.935347470296023, 7.439718634117575, 3.2361740004799096, 3.4479798923695664, 0.42374911515160774, 3.449778024243675, 37.24815949992171, 22.254739372908407, 37.76318148258247, 22.82735088177688, 30.664150780420563, 19.404815814832443, 27.96381705318589, 1.2014257863537607, 1.121955637776205, 21.48484386715103, 5.135318997067138], [2.431392454148706e-07, 0.0, 1.453428265181279, 0.46066664471389884, 0.027411447046358037, 2.8689002643908896, 2.5333107115032787, 1.2195953693531127, 2.3736021085646217, 3.6969823138451905, 2.3462633699988036, 1.7693409324541718, 1.252450665600281, 0.12092546303966495, 3.4605732413330452, 1.660928249922344, 2.63786136883665, 1.9142119661267503, 1.6617359743160884, 1.714218963830453, 13.606414676025983, 15.000920065461418, 5.468787184178576, 22.62923128716105, 5.435618188012164, 25.16488960052135, 1.4241172849696557, 25.56092998527225, 0.5517682884769428, 26.422020291105913, 4.579900671876487, 24.45149165740252, 1.1414664911529737, 17.497529827348114, 0.5121185295787699, 21.37475412390264, 0.9825897565215134, 21.396654832796443, 2.482412940009634, 22.163478423335118, 50.38589714581052, 19.945186587400283, 3.9029884224385434, 5.186497385525596, 5.03818087216925, 0.307359847830582, 0.7579547669924528], [2.431392454148706e-07, 0.0, 3.039897372494073, 0.049035263151495895, 4.540733647116257, 14.552092273470436, 12.549619526693029, 13.02429105146663, 20.489215891623687, 11.753510796991847, 3.6201511627415566, 6.954950819272622, 3.378079230501718, 3.165411081140351, 13.70207826837375, 0.24852065737984036, 7.234326081680402, 1.0326183653621, 5.73537740175732, 18.547531509962457, 23.92357068577132, 42.563851967186174, 37.68723586125774, 28.981053124511742, 33.18329392491922, 25.81573537795425, 26.301392074436087, 21.23359326821234, 24.697265754978822, 17.41030676578733, 28.547380519330506, 13.880423852785665, 3.070837001597883, 3.226063161763298, 3.634121152241037, 6.337368820771152, 4.347145549868448, 5.325684535710194, 5.261107210460848, 7.6270933547425495, 5.377199619640852, 8.577663911748838, 24.115155353369392, 2.825468895892013, 3.1000340357918734, 22.99154310453967, 27.06511567570025], [0.028601543676398285, 0.0, 6.190712181899062, 0.03809692560708731, 4.501849911751237, 3.1261378300948848, 8.077860865585107, 0.3170272477137477, 13.765990847976372, 16.24745976555666, 15.516817477182936, 11.863641301353416, 17.892130157123823, 7.702527429218018, 27.40750972210126, 17.118094462086972, 19.584953405575906, 8.06410288715279, 23.30493399408005, 10.181598070366546, 18.24457743968482, 20.40535281816038, 27.82630760176447, 24.233077476129136, 16.9461338980586, 24.732200810435835, 9.716126621753766, 14.303794019127707, 11.925556801308382, 11.244788637793071, 15.161754074569982, 9.080132167422517, 14.195128750778936, 12.626255892157822, 14.577783556516406, 15.40556521587531, 12.044833293921675, 15.404212294825287, 11.707732709861217, 14.73961369110734, 8.049106366697435, 7.852516453575181, 7.9715648746634775, 5.343742873912481, 4.607154559551275, 4.5115505901321775, 2.349573997942518], [2.431392454148706e-07, 0.0, 2.630735219984576, 0.3626859783562023, 1.4126141371694678, 4.042511016622933, 0.500077297816782, 5.423991216083151, 1.5276410000328846, 5.081812726165857, 4.015116579200655, 4.068990051592743, 3.269854377275702, 1.7072271650449653, 3.5884349773714375, 3.203109181700029, 4.3051083652510425, 2.3331991228077813, 5.091682770147107, 6.44808446319449, 2.3883175213029433, 23.175735736133305, 9.433639631071598, 22.356615722562218, 5.188772615193717, 16.963837794190614, 3.888415062712179, 11.59039484914319, 4.634302491871282, 9.167140738836805, 7.610163043912567, 9.907596612034707, 6.42340959278171, 12.731428852681644, 17.517108318749134, 17.198441394278962, 12.616384243817157, 17.97790598432042, 10.969113220027328, 9.710487157497976, 8.799730865604412, 11.107871671880766, 9.270985371595707, 8.629412657828635, 6.90066024626505, 5.236090225792651, 3.659560836295562], [2.431392454148706e-07, 0.0, 2.0486978935355324, 0.3035848935653384, 2.389529874029399, 0.4830686338609062, 2.6449058635353064, 0.051461417637785306, 3.280206549751638, 0.43399562360188454, 5.162558122690618, 3.4018503086131315, 4.476302022298571, 4.455851122799976, 12.363900653988852, 2.2886748786179862, 8.92201763107827, 6.482080293374107, 2.761187339719076, 5.939954150765528, 0.2921560864001192, 24.516365451342484, 0.8571502523306599, 27.291235401608255, 1.8604650841154204, 27.864742346945444, 11.204549411336405, 25.28592249260731, 9.583389208373092, 24.074739163692175, 9.49578845351506, 26.203055424720162, 8.803513131284298, 10.328035992656352, 0.376472922606403, 13.921300614816978, 1.539258654763769, 15.611695610458124, 2.069768621919042, 14.507008586837904, 0.8818243976113396, 15.756484469546471, 2.2978406986090563, 0.8423446423897625, 1.109083714765149, 1.0607963392841708, 0.9877362795802711], [2.431392454148706e-07, 0.0, 0.1153594714651858, 1.6907819905406885, 1.9269499088137105, 0.11835230722058021, 2.7541360957941023, 4.271369958595896, 1.6164675969290938, 7.692423306247148, 2.974648083538067, 9.313243527392688, 22.7521399805685, 13.340807459209326, 28.15779891195504, 27.54789758633711, 18.998681156381355, 23.970439747000103, 15.579337308294996, 18.88348390622058, 9.938722739431386, 46.27003400756858, 14.099261878688978, 34.474900989020455, 8.26496129388841, 19.75060557651589, 1.6396118559775499, 12.399614896138656, 0.8211486291635847, 12.123573720230604, 0.2187670050186563, 10.294924446139401, 0.3415037652554438, 16.160624645065568, 2.421699449001096, 20.108126858512993, 3.169411988229462, 19.66392158170925, 1.5450741711071736, 20.11046950364316, 1.1181623275022659, 16.3438864962904, 5.012934130638338, 5.056252878231992, 2.6518127552062745, 1.0245927375335298, 0.9454564840717343], [2.431392454148706e-07, 0.0, 1.9576770102489176, 1.6855025472494451, 1.1329248550725144, 0.14165159299003324, 2.846166698919309, 0.6663105368119621, 3.7710340206895454, 4.842853403326712, 5.094684134675225, 3.8119525646859582, 3.0022627124781742, 2.323115216964561, 2.1987745617207564, 5.656087779721867, 0.368252621513412, 6.742403418979997, 1.7250317417540109, 11.546647917329178, 15.598005566348299, 34.423351625440006, 13.09726603199545, 36.31289707510778, 