{"initial_violation": [], "initial_duration": 34.64002013206482, "subsequent_violation": [[], [], [], [], [], [], [], [], []], "subsequent_comparison": [[0.0, 0.0, 13.316176939882942, 7.081489945899903, 18.326109618864262, 0.03099536467490405, 28.337941731953137, 0.4350147748101803, 46.827113963775616, 1.5734742957372325, 49.638872835573146, 0.1805355245903658, 43.947890509553744, 2.100854154414602, 37.8467995862853, 2.1890714052865654, 33.78712764167854, 1.6455685675119982, 28.792394395341258, 5.433712574390568, 23.46586222378639, 4.95512458121648, 24.630927510968814, 3.181949967984996, 23.33892441430042, 6.1957234875743135, 22.38386962217132, 4.3078969222462575, 18.31772482886469, 4.872839493749664, 16.43766547794082, 3.712586514470894, 14.374161094695282, 2.2799190142081445, 13.624107857590431, 1.0766997263580227, 12.87938704095775, 0.3363775463506515, 9.300843590030587, 0.8877081826326039, 6.617275011810246, 0.32484335378788376, 5.476312862583502, 0.5252365307428918, 4.237334909330685, 0.11280936318507495, 3.252705145755089], [0.0, 0.0, 0.12588606285802273, 7.886428895018306, 1.1455012060012184, 15.77833602740912, 12.101092125961905, 39.326734269361715, 30.50795289124728, 36.57317582593117, 30.720808955794663, 26.760410008229947, 33.273017730850114, 25.714159150977974, 29.277310859560487, 21.415776263342078, 25.69853942897396, 20.459271614827635, 24.072647967867496, 22.44925253897971, 20.433174215819733, 16.242381628328108, 20.97545108328898, 15.176096139654272, 22.014108337942485, 14.978061541488739, 17.302666719123007, 14.861417814100582, 16.73211742904481, 13.751985966216553, 14.068795499997607, 11.285979136196397, 10.798736223077604, 8.613636114741992, 8.16927254747528, 7.95724342871146, 8.8709082520189, 5.396135945331552, 6.136910786822865, 3.790284216541261, 4.598649533263803, 0.7764900963870602, 0.8743601361391593, 0.5822304846353915, 0.9369181571637037, 0.29039871241957754, 2.334093963822899], [0.6366859522397382, 0.0, 6.923424294702618, 0.7686770296963696, 0.6521581859490023, 15.469138236225339, 2.4217774903329636, 7.287101249757721, 28.504650527573233, 39.577807414740775, 31.552375621199708, 33.256245276152605, 28.37628940417626, 30.672193678457305, 28.142572031479084, 23.625519845711818, 25.667588522696594, 22.664760686872288, 21.447563823354493, 27.268700149331433, 16.763229943296775, 20.58498436696033, 16.72558008479189, 17.161152719205525, 17.14164432906205, 16.061579890323202, 17.3701535715313, 16.064370685893707, 6.064043237798039, 0.9617586726526959, 6.146460559806377, 2.398831212896008, 4.176620515784619, 2.810571866670016, 4.6912686545725775, 2.14268651295986, 4.607381970447091, 2.623244593434796, 3.561683645964322, 1.4894573609380535, 3.099126399475514, 2.41117555743297, 3.7932875940197524, 1.4053935386230068, 2.933691240078784, 0.9644226790854914, 1.5793041637648337], [0.011179751984940508, 0.0, 0.21474545303495435, 7.19194853548296, 0.7039016986963325, 12.574974597390076, 10.782981707479236, 12.339224525657311, 9.524758517554117, 5.8402490437407195, 8.991155129808721, 12.766428285924045, 5.288671858389025, 7.629186234776838, 6.334824895567451, 10.404567155014202, 5.453107143958836, 6.566812456182732, 2.492543269673734, 5.641009236782335, 2.6541323053091053, 9.989229191753276, 3.0739344651722083, 8.2365014016978, 2.743967157777499, 5.513443344177669, 2.026611637974584, 2.38887387903997, 0.7466253603253598, 1.5146365628438476, 0.3301178095024375, 2.969133739453518, 0.32717327006338315, 4.05806192605723, 0.9078019126963249, 5.0659681359563455, 11.60940769514592, 7.4505028554304875, 10.268595426045618, 5.578136874452075, 8.038960042740234, 3.9718335699532603, 0.9366806509341863, 1.931741663273269, 0.1652004795371822, 1.7039105945543809, 4.070268677946263], [0.0, 0.0, 7.657814996237539, 7.099911101723052, 11.873040599631773, 0.2270842553787833, 6.381516200148587, 11.479389216166519, 8.121307467280094, 6.242067056945306, 9.634866497789291, 3.0561117552079744, 5.368590922007545, 2.3450552022770395, 5.805694005427198, 2.473069666070392, 7.66491861107039, 4.555288580323172, 4.457849591246906, 2.143412973226863, 3.3323326264667927, 5.4886812903502395, 4.814655335287801, 9.166952773909745, 5.945180094026547, 6.084615284382802, 7.884871391670032, 6.209841087310011, 7.05717401756559, 2.941583402614771, 7.175033371270094, 3.3120254579252335, 5.928816409690848, 8.114013094451915, 9.612193399789618, 5.787136607659644, 10.242485908611961, 4.412509488621204, 7.099553635712697, 2.9783704718018247, 6.1857002990804, 0.48018062137004186, 1.322574190833321, 0.8268093428634525, 1.1149427894692943, 0.9389943984995583, 3.2100483676005074], [0.0, 0.0, 7.322870417412067, 1.0724882318092022, 7.130682941942803, 8.070776230957875, 27.90981908641061, 28.892764642915093, 1.1764149866556484, 7.169412426834388, 5.083756326898503, 38.362547788916096, 37.392690034986245, 31.277790511448387, 32.15211326132744, 22.522724421615518, 32.75962913641587, 17.450841168051248, 31.875553363840517, 19.094369074719097, 1.2062800378158345, 9.467243282857785, 3.294029975217563, 20.435804796874027, 26.75252505187061, 13.029614250684878, 1.7176833495600825, 6.7121096520977215, 3.2054619033609533, 14.916814934957676, 19.496076618301327, 10.352167237404299, 1.3924820588268492, 4.828138266476082, 2.879662044501981, 7.727656098544923, 1.1766776418631382, 3.8988097886731383, 1.6234997822286716, 4.539199716200035, 7.220256987916924, 2.8671115809678547, 6.002263636546833, 1.5205873139253023, 1.5250065785073834, 1.427010948645602, 1.0024732471492648], [0.0, 9.384791904681562, 6.096945621372715, 5.4694114618902185, 7.295859176119273, 4.4604659633171995, 12.41331954453009, 29.209282479801324, 26.269355224208102, 18.47215585088278, 37.21544365031105, 6.590152743319746, 8.17680609586728, 1.4877053881377427, 15.156489506389812, 16.18050199060845, 29.457402740412657, 1.2851473137082503, 11.497365183323966, 12.557732009212362, 22.86094630830658, 5.4733559089337325, 12.552789751697322, 5.3787012188290495, 15.694210624519226, 6.134530154386214, 22.119018812996487, 4.186688118504818, 9.987754066875139, 2.431498781344104, 14.218740977646517, 4.420978882841673, 6.737388326726145, 2.628890719278106, 10.413403740208999, 1.3115543144029365, 7.068390988824714, 2.5923126296380588, 7.200831094883741, 1.3068868282539785, 3.19290173472003, 2.0915361894373317, 4.586113094418743, 0.1931759221276416, 2.579229738642028, 0.9815476280703527, 2.1293966242805378], [0.0, 0.0, 7.938431442994053, 0.2894345912139983, 4.3791718569213005, 4.5648186700478215, 11.832394324289362, 5.713250744937924, 18.605907596948203, 30.995761692669717, 23.743836235685222, 25.220181622360993, 31.70147849859123, 18.70629761573461, 3.1045176502602914, 1.5892585118838591, 7.081363161780473, 3.9078205652993434, 4.734681947357631, 1.7018286808508238, 4.140170857751836, 5.37162007134981, 7.4350401774108885, 6.076823705620082, 10.088122755488778, 6.459218871738595, 10.30950072215237, 5.874386877989858, 9.159049827993137, 11.626863206136687, 16.081873672464976, 8.246888933568094, 13.089569800921543, 5.902730557022916, 12.427864380969556, 4.10251097457742, 3.3484649365514847, 0.748338453991162, 2.5850866376043533, 0.6448803425561591, 2.216067964087652, 1.016337026082871, 1.9892390416254249, 1.309143753688379, 1.7379369613789724, 0.9349749531507092, 0.9336319565571791], [0.0, 0.0, 4.5819311290898, 0.7332183754148053, 8.58828858044325, 10.133707338410273, 24.30668654840723, 21.006314229913475, 18.592597853148792, 29.175360514053967, 21.435820670736977, 24.686683321588447, 24.381046257661666, 20.883528264773837, 25.322941302077183, 18.167172275504644, 22.679167300642078, 15.132127747032214, 20.287360040458015, 19.10627982544512, 11.345196198239135, 4.793067254013583, 10.74987350939449, 4.49980182425701, 10.080195622243627, 3.690853435317681, 8.561261785027085, 2.447529548452923, 7.3944476959496885, 1.7069183731842785, 6.347842254216852, 0.1923973123775396, 6.239908744417561, 0.9358222216833831, 6.444769238207371, 0.97164555854495, 