{"initial_violation": ["destination"], "initial_duration": 34.50008153915405, "subsequent_violation": [["destination"], ["destination"], ["destination"], ["destination"], ["destination"], ["destination"], ["destination"], ["destination"], ["destination"]], "subsequent_comparison": [[0.0, 0.0, 0.008367412777340795, 0.0009916220985341138, 0.0842681337331906, 1.0417564420861163, 0.029066108569472483, 0.09737815860631795, 0.20095637938784083, 0.7619515162668298, 0.23422442751907457, 0.9661576096425548, 0.42909453301691164, 0.26086505656172726, 1.0329834341455326, 0.8493170443818797, 1.2913569556292688, 1.0617528760384118, 1.0040036890250204, 0.9839337788522629, 1.2707494480912096, 0.9572971384370218, 1.109205778901227, 0.9375843647544185, 1.5382048326119058, 0.9303539482686368, 1.1029898604487156, 1.277936283090497, 0.9687335577278827, 21.788540241792823, 22.075395507676472, 23.161000321354837, 23.17540787705807, 23.32253081263632, 6.664495965565721, 7.153249716357654, 7.908832967531977, 7.612946168567903, 7.686155826443221, 7.325272859730747, 5.0348995319173095, 6.190195571033013, 4.4582409589050425, 5.263543104206677, 3.640559302208707, 4.695281207492736, 3.20721233785955, 4.1288054850578835, 2.4594557223286406, 3.393685428066623, 1.5540080558677343, 2.4835353557245625, 1.1559923582801421, 1.6999610850003428, 0.7631013036945334, 1.0169674152069472, 0.39193233423448154, 0.547078561442354, 0.201515837500836], [0.0, 0.0, 0.11853814119375869, 1.5138826743296483, 1.04901225688253, 1.6465759755747864, 1.23680964792987, 9.234402104432096, 0.7571638525499121, 0.3764085152807289, 1.6547764149434854, 0.8140898742194551, 1.025755943875304, 1.2014580475376866, 0.7952509512407434, 0.8680783964673937, 0.13111593400568275, 0.16103322920061952, 0.23990676889309723, 1.4284800105977398, 0.4569362147404144, 0.1725594728871421, 0.18686158631816113, 1.5422554396287513, 0.37420284519373087, 0.25518746217724536, 0.3497425317621916, 0.413830355369543, 1.7089577582661766, 1.2103185182323313, 0.5200148438984424, 0.4469885475908022, 0.3476486714601891, 0.2086601496711872, 21.405108134491798, 0.37578379570978265, 2.297240099867497, 0.4824334873253318, 3.175287310977338, 1.3644873301287168, 2.8045049812260068, 1.642344453318667, 0.7765309779648744, 0.7307533943388738, 0.6543155258269295, 0.24557303671809438, 0.27224829855997346, 0.7950462619076852, 0.6119178675218179, 0.11135678857629998, 0.8236687893809944, 0.09517650165601937, 0.8858380581860534, 0.17625969568203015, 0.7703634492801703, 0.19886703921779175, 0.24711076999512668, 0.25881779438901364, 0.22564424236081534], [1.0068183750721609, 0.0, 0.20135271480789044, 0.22401672648511203, 1.4996388223292958, 0.37163804625630753, 1.3825892959888104, 9.47670666481444, 8.92853860924696, 1.1585522936520796, 2.2989645130004925, 1.2817664483006395, 2.055440896432607, 1.3605338042802075, 2.087427924020288, 1.2532376153158664, 1.7548841543607003, 0.9652887710143159, 1.3539262093807167, 1.099085619351672, 1.0049778083554046, 0.9432172849952699, 1.4029369532214127, 0.6748220561958977, 0.3339388369537813, 0.9424097276288165, 0.35385597976288646, 0.7749157069539104, 0.25295451707099337, 1.166926068848484, 0.11836872350275397, 1.0933536663489731, 0.10707582606279782, 0.5005261197489032, 21.52895321352265, 0.4406343081487421, 2.572349619419661, 0.2659216522788409, 3.003766204203166, 0.19388439724668072, 3.2664042333299643, 0.31068916551554937, 3.0305731557456004, 0.7513086527712503, 0.13735406133291783, 0.6827855343170708, 2.1620347021293718, 0.2135736690402465, 1.6289597388905788, 0.17167498930213093, 1.7322603196035555, 0.2550175230950125, 1.1841055837204106, 0.08149431850248742, 0.17041518731941444, 0.09500998693590933, 0.11692435632691081, 0.16632766493041448, 0.11658342952410643], [0.0, 0.0, 0.02808202021796394, 0.09250865901869988, 0.06587948232506134, 1.6833202433206413, 9.552860089328076, 1.4834236499112106, 0.8402583354801861, 1.084290339085584, 0.6881781994262846, 0.4726711595052303, 0.32360671161423765, 0.8071483255736133, 0.1738110087629402, 0.9364128512916903, 1.4609468156591638, 0.8398827975379122, 1.0018333117504132, 1.0003755345432712, 0.9854983317952588, 0.42338191203598924, 1.0342558053788449, 1.2050025271485285, 1.0963960083302362, 0.4299954505423103, 0.6116061350241573, 0.2288165053186357, 1.520613380122192, 0.5699823527389208, 21.888047576795742, 21.211201102673733, 21.44840643206298, 22.829826900042907, 2.87047455451845, 4.884185229791259, 3.020104701122976, 5.64868120183215, 2.9770886336212277, 5.206323191991597, 2.69159098093972, 4.6437848780784, 2.347045226498852, 3.7862040947889137, 1.6219014855965161, 3.62501425204229, 1.6061065812527124, 3.0394256334807044, 1.0950664228024602, 2.4565732120964907, 0.6398598974961449, 2.0103758408803496, 0.4987643771775464, 1.4398309601630381, 0.3569553181794248, 0.901704616826926, 0.16822226412554545, 0.4934655229458723, 0.07447404910403929], [0.0, 0.0, 0.02228628561157028, 1.5927570992621831, 0.20069267768351956, 1.6829222104715642, 9.232770825818937, 1.5619911164752411, 1.1991539514948915, 1.7035712434936876, 0.6533314706311598, 0.994586938888897, 0.540054090775175, 0.747973801652042, 0.42463313828348564, 0.8333697990149438, 0.5085027286339898, 0.7296050609975603, 0.3537835610689501, 1.1383108618715234, 0.3825234802921597, 0.5035716392814167, 1.1540859731232653, 1.1408150653692286, 0.7692315562185272, 0.5328486560956616, 0.4065507614649964, 0.29653783804924644, 1.663278160183018, 0.1639311487852032, 0.7055273375981053, 0.19537206224709444, 0.2062740925300242, 0.15790576694172748, 21.222112000655606, 0.1522379030904484, 2.3611221665447113, 0.328206021182432, 2.1253914278296286, 0.46079454476433973, 2.3957496390821023, 0.4653074340873253, 2.303239571698262, 0.9153466080535315, 2.100908584192543, 0.6516141036278242, 1.445940323806317, 0.14529625779159847, 1.1582529538105095, 0.11233219462458852, 1.2310442818420828, 0.07572095516376687, 1.0329663765959631, 0.08240088775819278, 0.7282081997383831, 0.09970198065627543, 0.6250869687145272, 0.16582439365958362, 0.4337916056579544], [0.0, 0.0, 0.07749713661635868, 0.015166557283843262, 0.005858594427515288, 0.12731339862820212, 0.1911637641143069, 0.18027854780828198, 0.07063802275351386, 0.8296648403790191, 0.06437867916890559, 0.8039773895330546, 0.11413069596711926, 0.3430148411526, 0.47193150716380583, 0.8372991377895663, 0.5490960384003675, 1.2136960442448457, 0.5876190866584126, 0.9523146025008994, 0.8041920510104331, 0.8490019831669674, 1.1086645386271003, 0.9481029229248591, 0.7796688876870042, 0.938822948029681, 0.6702216969094653, 1.3881735505469972, 1.419071863308664, 0.6874433097362211, 1.024386853272238, 0.2575333374411259, 0.349406990278391, 0.485232473223213, 0.2508591869594969, 0.3741735064663962, 0.6688513846916108, 1.0017974470760147, 0.6556493022802734, 0.35190269989885836, 1.0941705110920668, 0.08347590108232458, 0.8549962957826214, 0.1989430269511111, 1.0487082037322042, 0.35267297043875523, 0.32848743954534654, 0.814163711921033, 0.21386705432525335, 1.138323956081435, 0.18696392529028114, 1.0294439420926313, 0.13350724190135943, 0.775560441179786, 0.12921777819407493, 0.5038367474551855, 0.1335373694041859, 0.3075681411035073, 0.14155881021348124], [0.0, 0.0, 0.07840753651958964, 0.016300208610832256, 0.008692246382704983, 0.07068173579667411, 0.04663986852683024, 0.5921814343341641, 0.059911537450631464, 1.1473770632197178, 0.5128769413374689, 0.3536979858611005, 0.20537031192580013, 0.8000053153996376, 0.5879735709186763, 0.8617097678972904, 0.9758493069869809, 0.9608276310545776, 1.0439923513910982, 1.1107212006310583, 0.802551095571674, 0.5229641401948738, 1.0812937879563391, 0.9830922845892816, 0.768438189285736, 0.9141398429164403, 0.40013910904123695, 1.4717537546260628, 1.6718198131790292, 0.5664234142261755, 0.6896229326287923, 0.20034247793807194, 0.23061984298930202, 0.29300921685435943, 21.072614801174108, 0.2962148225688168, 2.0197856874171363, 0.317448104080351, 1.8447207168044844, 0.24880001784471753, 