{"initial_violation": [], "initial_duration": 34.430219888687134, "subsequent_violation": [[], [], [], [], [], [], [], [], []], "subsequent_comparison": [[0.0, 0.0, 7.381729889074763, 7.6673931890183615, 8.109786051021086, 8.237099015071843, 0.4123363239644922, 11.440809217230884, 1.9965676415868028, 6.450513251405979, 1.3681614544778211, 4.395113403987762, 2.9143476302941727, 0.15797590825295654, 2.5787388542696594, 1.3490218608530944, 4.070621647552845, 1.3407068940599083, 4.140595712568673, 3.2381879066480974, 4.601918959860545, 1.9414088987574905, 3.4519579207847206, 2.8811645443870377, 4.610571379996048, 5.2150891349982595, 3.5326730699569406, 5.312292139589783, 3.3161623082480145, 3.342227126087367, 1.6208632049278244, 2.709324747801961, 1.2319823221485038, 0.9029263237344901, 0.8052024595729577, 0.6748157190941431, 0.3954886784290844, 1.5151614502437851, 3.2530565981163053, 1.6428480466098405, 2.34996359148818, 1.3479898141929503, 1.6784363364077066, 1.2387812065259576, 0.938081460451326, 0.7682211636143127, 1.0369479299717015, 0.8330715410680787, 0.7588828054452603, 0.3252808173071161, 0.5189206420994708], [0.0, 0.0, 0.2578308359900811, 7.695400617922311, 0.19637527463956544, 4.829535181072349, 10.07239995345889, 0.5185807965564586, 6.776017548545225, 1.7436423798452634, 5.3488690970463795, 2.6067678640150422, 6.648391582914411, 17.79132931246811, 15.343288347666864, 14.270812049019666, 5.197108262784647, 1.724208204802084, 4.253503656303769, 0.8379391588990481, 3.4185512635623434, 0.6701813580686568, 2.7855239282785154, 1.531800232797941, 1.3718348028743557, 2.2359845267928775, 1.112797783442282, 2.2411815494662024, 0.1760565552327571, 0.9351347251053784, 1.3035901879385579, 0.7902953845154105, 1.1693541125008995, 0.520637606145864, 0.6668220910387296, 0.19709613113013189, 0.542740051233889, 0.5973716426921926, 0.27339978983963853, 0.7953300631615529, 1.8305886484439813, 1.5955876581571373, 1.3550269102467454, 1.0465394389833351, 0.8546627788189831, 0.7706089568732579, 0.6378101294230825, 0.8522596203733652, 0.2548214135280961, 0.3892860509287705, 0.4995966772593456], [0.0, 0.0, 0.05620458194227433, 7.728238970061527, 0.013089084341976824, 10.96130598948375, 11.36427604893224, 5.813013859018643, 6.992329961891442, 13.790476606029804, 8.452432749408414, 16.080171422273708, 22.161511907494237, 12.735500389802226, 19.650426878649057, 9.646989451583234, 17.11225823128418, 7.873677597242821, 7.01908890914718, 5.349709523887191, 6.165537205986528, 5.399259284439665, 6.05074545120619, 4.123772021474259, 5.2813364284132875, 4.465184094404143, 6.886693680276509, 4.610444777037503, 4.67901360359095, 3.1156097866499524, 3.8554478156070036, 2.2343691845708924, 2.425960937194274, 0.4910802343927145, 2.305351347464285, 0.3877371896659678, 1.3812071800059764, 0.9600446994390969, 0.9415158486423175, 0.9333950286009713, 0.7528395298685648, 0.7331522372254676, 1.480903609978929, 0.7348811008166038, 0.7998802389126044, 0.5792890844720097, 1.1281188573293346, 0.7740296271273964, 0.06649804580691558, 0.03453589141613606, 0.566908888371937], [0.0, 0.0, 7.601096146291738, 7.669212968870517, 3.3706196263802877, 0.13569542330572992, 0.6898957022813208, 6.465685418909589, 2.468898945916145, 3.130084045028458, 2.410638220924335, 3.5369796085894105, 3.96774564083024, 4.957050513044468, 2.8488524482190534, 5.588084936621953, 1.6091858160898371, 2.1348176216502432, 2.2939137041673985, 1.2551653693862221, 3.234253414836536, 0.15590853353196243, 2.748097279015658, 0.1459266529113107, 2.758554631339598, 2.795592134626462, 5.729510746760183, 4.411243318439781, 5.326096052570279, 4.8082038437187204, 2.3908019590524385, 2.025659576333841, 1.5225922368655072, 1.4166247904397358, 1.79551253449843, 1.23115842870108, 1.4860558871322704, 1.0245194655439354, 0.9765922080290548, 0.9046997035432105, 0.7880456392110631, 0.7456117474799364, 0.6697270249002817, 0.7482942697807136, 0.4089123213767144, 0.7591670404539278, 1.2330343704943922, 0.8070348270143519, 0.7782950049197161, 0.2805394034057354, 0.6967149476719124], [0.0, 0.0, 7.513719573723584, 7.663000530472017, 3.539192007250356, 4.803466284230293, 0.6316620697661169, 6.67064813153936, 7.347833167831084, 3.7640580002617803, 5.709855746856898, 4.023749850757214, 15.015568163775782, 16.425248475690555, 13.313614935956323, 15.993829619671505, 12.515460128831444, 16.68291488838059, 11.455936290789953, 3.4616891839520294, 1.7070829819721929, 2.812922789415646, 0.3507657022768136, 2.4136604149084295, 1.031667955646177, 3.7914366864791673, 5.410637235624059, 6.136006644701233, 1.4050635873494295, 1.4898700345885856, 0.24727809872446194, 0.7419942991151468, 0.5402191286621798, 0.177159357707683, 0.4272053583223198, 0.694483651973063, 2.299744592582536, 2.41227395372479, 2.040640490720177, 1.8317009469732768, 1.4832779542628287, 1.3444960264533672, 1.265582502168005, 1.1377439290886728, 1.0004378201946835, 0.7823014682954499, 1.2841905748724498, 0.6822405611272825, 0.9950912792915749, 0.1501127831088402, 0.6707370072629696], [0.0, 0.0, 7.696372061608834, 0.4530000458996415, 0.4442662705103526, 3.838762284117475, 12.098691931747664, 38.72304972794912, 24.12580426168987, 19.67809893641115, 20.1961712033883, 19.48736309286257, 19.6432710675744, 16.286441641790223, 18.611085416330308, 13.628938365883057, 16.244875527018415, 12.72036700098491, 15.778785233116587, 11.19165651403748, 15.34122178864311, 9.593743652893846, 12.577432019343576, 7.040149586159234, 12.761055338312168, 1.7045128153184221, 0.7587300982412324, 2.1388984074137825, 1.46707513876038, 0.8429885113848433, 0.203098062871442, 0.4838607079557451, 5.489727711479508, 0.09757625251058646, 0.6169560723754653, 0.6652468499640231, 0.6759615318930762, 0.3718834982009007, 1.1764588526361577, 0.3118614643945728, 0.732455423340019, 0.454451868651215, 0.4089574481806621, 0.12922987585780596, 0.5695217610733379, 0.08424650386558252, 0.5825443590201326, 0.2300231618451441, 0.5114680432994675, 0.1000452098559249, 0.5634777379013541], [0.0, 0.0, 3.245017043520377, 7.673182730555555, 15.909998277471349, 0.08659919116748337, 1.1401643858570027, 6.120958676262985, 1.6510019789411325, 3.7541811773819322, 1.966443187060912, 4.399119648128947, 4.2062877753690335, 5.941338364716212, 1.9766830088339182, 7.093931447683961, 1.0110030593281825, 4.982284932362894, 0.8963775746822944, 15.37835256182126, 14.980962209583836, 13.45789873113663, 12.435501480682522, 10.137570514524926, 12.061404136041398, 6.912855248888002, 10.584186861356853, 4.627320962421744, 9.95230933614469, 4.55449098969986, 8.9105165621146, 2.9821421741901224, 5.863919811326205, 2.7514451272471208, 4.976797361171888, 2.0716398062066115, 4.233444148918992, 2.1194466571808617, 3.482940454249023, 1.6962522202816128, 2.8255804538105673, 1.408239756789081, 2.2348815678813017, 0.9883661958237403, 1.6494335371858455, 0.7492995535947067, 1.3404533111626256, 0.584331919270997, 0.10496332816625945, 0.6564091401389142, 0.46162471679678646], [0.0, 0.0, 4.797255307023741, 8.215761916537254, 15.732676682870895, 12.69802564503242, 31.299772399275625, 34.24878506698492, 32.86193160340925, 18.5257625653998, 0.24302567568795533, 1.9131706935817738, 3.102006222812238, 4.882893553104163, 4.086072895636026, 4.065417209109531, 4.7852284253407635, 2.252702890443944, 5.3403346640415394, 1.7249038823494607, 5.997738923548551, 2.580758540437928, 5.417233100019774, 6.772685943534089, 9.566118995223027, 3.1963612097145426, 9.364280955500258, 1.3375355270341138, 7.849689698318032, 1.3224509803216464, 7.302700592536634, 1.1294655789261667, 1.4677566307792183, 1.0216049417105737, 1.7526081648563714, 1.0578128398795466, 1.4565565202101183, 0.65434722960695, 1.3308449952231864, 0.7638058759971954, 1.777113415068155, 1.1143257460683786, 1.3908113934726416, 0.9464463689761016, 1.147989710680716, 0.7654414463258439, 0.40836388702117143, 0.2724628963033222, 0.33088291150536936, 0.16365098691529542, 0.651059509982001], [0.45065574667114394, 0.0, 3.368162080724327, 