{"initial_violation": [], "initial_duration": 34.77932000160217, "subsequent_violation": [["destination"], [], ["destination"], ["destination"], [], [], [], ["destination"], []], "subsequent_comparison": [[1.9977937694200347e-07, 0.0, 0.48037102360560874, 6.486329210538757, 0.5760847456043722, 4.323845373496976, 13.21612363175613, 5.447873593026268, 36.65585873665762, 2.73266864151624, 10.63574233082934, 2.535430027032246, 31.701345575813313, 19.532975763233626, 27.706428047976107, 15.915093884319411, 20.242040449184074, 19.061007857889514, 18.008966521428253, 19.751527259813244, 14.420923905705402, 18.44466381299449, 12.988434862529129, 10.84059456536752, 2.8150856891867027, 5.911669352644572, 1.6151584457496988, 6.001475013267518, 1.831921084461583, 2.1569427505259626, 4.059910091475073, 3.4248500993058153, 6.5839546337256385, 7.022088920074633, 12.156824995732533, 8.813637986116394, 9.89762550472218, 8.161490330028489, 8.558830430876553, 8.80434567859806, 7.030705013647816, 4.488218983912301, 0.14438735323394217, 3.7680092207416442, 1.1407089002146116, 2.929495566773699, 1.0510437134864448, 2.0266872499926656, 0.9614213846390967, 1.151035445231913, 1.096480706871331, 1.5398396086618562, 1.0547527717907224, 1.6544534538199371, 0.905810207060401, 2.105879522334272, 3.808935473812362], [0.0, 0.0, 7.683615455877626, 6.463691002555163, 15.054183144716944, 4.591561272918602, 21.79903238252505, 9.589742955630097, 11.100814001057536, 1.8802223262435689, 15.934085000527821, 0.5884469578837006, 13.802439518557145, 5.1952682299115756, 8.104636907913434, 1.0099779507479314, 10.288798051329705, 4.527923718382826, 10.001137682966316, 4.254918943594827, 9.109535770493919, 6.345057837577931, 8.198567800880948, 6.187887429032252, 4.17398742829184, 3.346099673241514, 4.36403220375896, 6.435086948341875, 4.2577986701869905, 5.741568918935414, 10.765726963502827, 14.028864497058297, 12.637586741201028, 12.678495580100083, 9.086608903160297, 12.50970626046309, 12.681314495355362, 9.643936813587182, 13.49033545086037, 9.682858689023549, 12.016790076270615, 8.273524627575156, 10.719278468573574, 6.21745680783166, 8.268057292024407, 4.657350791428625, 7.542456168944851, 3.7649163337979084, 5.8435191798910076, 3.9261617507383746, 4.986640168934077, 4.054435726988026, 3.9388342989106655, 1.9326700124862655, 2.6572211560361922, 1.7050468361034081, 0.6871714851532009], [0.0, 0.0, 5.15670998239591, 8.122156513778428, 14.764193632036388, 22.56599290653741, 9.18623368598614, 5.721733082147135, 7.370866051628742, 14.874571782786301, 17.438504863358844, 9.644601032393902, 24.329772702057955, 4.690793533750431, 5.825376118018397, 0.17299531588043848, 4.726184720855512, 2.14538530928263, 4.17741611248503, 4.517696983437673, 8.014398038899815, 5.895409981681242, 7.09073298960338, 11.445165350215389, 17.048093094195572, 7.3122154603464615, 16.95335473056504, 2.392267300973736, 2.6662975347960605, 4.6034522611046915, 6.540095062673155, 7.711848156206318, 6.800204818512894, 7.330634384673354, 5.231866871411204, 8.248030007235952, 6.690219541253887, 7.782931109821319, 6.764815111483922, 6.811189505090733, 9.20520139262165, 2.155854129333691, 9.959676400457136, 1.054695012165901, 8.64059028423572, 0.5325746216977284, 8.423248492701022, 1.1466704189508503, 2.8738206419140027, 2.488755860330043, 3.3660136869953754, 3.708836559368536, 3.37607565964484, 4.531712759759952, 2.564013580082258, 0.8000616177939811, 3.217208522086691], [0.0, 0.0, 0.10820822813391721, 6.892686795473257, 4.572593379038153, 7.192737914680984, 15.891565482478626, 21.84734623406688, 25.747416925464304, 3.3443160056588463, 14.995591932625253, 1.5289880510149807, 5.457754012213393, 7.6450561369757, 0.5221223764767456, 7.177249762094452, 1.5717486002907202, 10.420928964846139, 17.272606876030416, 21.63103460068223, 18.20407548998646, 14.474492781378615, 22.84164106159221, 11.939644917823205, 2.0388795896983054, 10.272241524002066, 1.0877498060266462, 13.384654260303323, 2.5930554004702255, 9.966387068480898, 17.109834464992172, 4.622312384769099, 17.19875796890038, 2.7292612730936945, 1.9252647256508042, 8.934785281554577, 3.5143152910979523, 7.857282672656785, 3.9705418543497597, 7.272615197742634, 9.765599951830593, 3.2969203006405707, 11.05279646320478, 1.4307844299677863, 10.109808964091386, 2.5331258001935413, 1.3814021123518905, 3.623146699168095, 1.386122994294325, 2.86391628033679, 1.4399862558967838, 3.9040823016470205, 1.1893072010384222, 4.021819919366898, 1.3622631808642338, 3.092940781882501, 1.7670228494403522], [1.9977937694200347e-07, 0.0, 4.5614273890654875, 0.46622410779539786, 4.498718803747186, 7.078912525480683, 15.746706961857063, 7.931007618184827, 1.1007122509919796, 23.69723316419974, 12.802600292705167, 24.90194835055104, 20.841420688949107, 14.19653175098678, 6.719663551063447, 9.40149142643334, 1.408942361356023, 9.451856148314636, 1.8478597330899098, 12.110026816873619, 1.9116985830723063, 11.374803784685858, 2.9426487490400843, 9.719793751484703, 4.269137887456486, 7.623466345396453, 6.095444881755169, 5.474313275312908, 6.637746470048045, 3.6522442340526147, 5.459824392663547, 6.019689084933356, 16.735949892507158, 7.140655019752152, 14.041282799471638, 7.396674933235875, 12.506541264376603, 8.8501640957596, 9.185738409274899, 9.148604878698055, 8.021321653846428, 9.200543095794165, 0.5722770621906458, 3.854666632816801, 1.0498311996951628, 1.7991164864698062, 1.3452660381051766, 1.0063742405797476, 4.700347393418235, 3.7557116325732074, 3.1501948602045293, 4.623855751620295, 0.8406918884007639, 0.9861307000786926, 1.271796956918013, 0.7678748859320663, 1.7626082265374847], [0.0, 0.0, 7.314898160583072, 0.2526414458827665, 0.3071958669001681, 0.6405779665571308, 10.251137319561025, 3.6910142165164084, 2.8525314030292206, 1.4486152082760684, 7.780021801284747, 3.6478476898784438, 3.421292701956328, 2.0904128203633103, 3.263455596430882, 12.145643929259526, 23.36393731788279, 15.402417000304105, 25.415551621870986, 13.926631600943104, 21.697607513120676, 10.83569021845396, 21.384456860902315, 13.11200985039494, 18.336596100305904, 13.424326822253207, 13.683394775772678, 13.53018734506126, 7.963274570953067, 6.837689574628264, 2.603167226192011, 5.3236936056877235, 1.8032932341830696, 5.089594535488251, 1.8599730971357722, 2.4663261197212814, 1.9746415504903019, 0.43077582470506265, 11.07641834935601, 3.7153648680472515, 8.90425325494638, 3.82048196857081, 6.768181453989616, 3.944211866937347, 3.3281648051507147, 3.4886814731214195, 2.2495796442999865, 0.6843869462735004, 0.6265108282755604, 0.8304106031713946, 3.0906413491674565, 1.6481329259897364, 1.1086848966542986, 1.4080666369147001, 1.4996710117099068, 0.795412195264753, 0.19299126068137826], [0.0, 0.0, 4.521891996568869, 0.030041061421356673, 4.263229301024168, 0.6332159038301141, 15.82895259596694, 1.3789014103687918, 3.886698652352957, 2.3397386732216794, 15.069873364741703, 3.173644943571052, 12.875661283775127, 19.608362707594356, 28.73293894610165, 18.00208306274825, 22.443141860140102, 22.701568359831796, 21.93082632644711, 21.452907439145733, 20.60429387588385, 23.174339737166054, 16.562702443213592, 14.414937993492014, 2.6663270614965224, 7.81329450820045, 2.221569593136407, 3.8630998391250984, 4.886090016024607, 2.505686893240752, 3.8146344804743983, 3.8536181289148055, 4.949244759957044, 0.08431816758942241, 10.624320605055084, 7.532619493256317, 9.080889612830987, 8.000812035532244, 5.146954598704099, 10.329183051442218, 0.7783750160447738, 0.24842577553775083, 1.5867714308910572, 0.792737571101754, 2.699688885983714, 1.5656772986568561, 2.5833291388999116, 3.5149961639948613, 3.93377641357275, 4.583028101580764, 2.218974561272738, 4.421536229658566, 1.2057587762832245, 3.1517164919868317, 0.6911380172122114, 2.817364315399254, 0.7430919658205576], [0.0, 0.0, 0.05555833356058264, 0.7247729125713461, 0.28206742900294896, 7.739439167946971, 11.414898797438882, 9.36409241724577, 5.802007769350723, 3.0609564820687756, 