{"initial_violation": ["destination"], "initial_duration": 34.429858446121216, "subsequent_violation": [["destination"], ["destination"], ["destination"], ["destination"], ["destination"], ["destination"], ["destination"], ["destination"], ["destination"]], "subsequent_comparison": [[0.0, 0.0, 0.06440212607504052, 0.15645579296859558, 0.055216621435123146, 0.14385897631384875, 0.18468839886490365, 0.23280943714979063, 0.27493696361951026, 0.6500181633972557, 1.467112893991351, 0.9404128062231731, 1.0971395944679578, 0.7488630125174609, 1.0258190952642918, 0.594579343186404, 0.8069596646070466, 0.5490465069112724, 0.5956671225392242, 0.37617570952307455, 0.04497776213035442, 0.02508760489106165, 0.03997211341323931, 0.0403667912094299, 0.04041345061423603, 0.043238887421968755, 0.008793300825740154, 0.07053230381146577, 0.017489746416593635, 0.1897577257436762, 0.08036052051810551, 0.8790889329040985, 0.06722413096973692, 1.0943648498604328, 0.5244240150833092, 1.1274540215758866, 0.6635007490349836, 1.1855705893637225, 0.8280451003421564, 1.0280355729179578, 0.9464690531256329, 0.8564043135710631, 0.9393848338611767, 0.7274995945131018, 1.0510618050996725, 1.221908340007625, 1.4404927162721082, 0.27955297901422377, 48.49756213138966, 0.2486419472613093, 0.6095094887655894, 0.2740494904554047, 2.187484864243392, 0.3820649819037176, 0.24182273347562527, 1.0898919157401212, 0.3339113184690331, 1.4464372932879026, 0.36621131537357515, 1.5094372373532425, 0.005719862800418348], [0.0, 0.0, 0.014767866060412712, 0.0883557006043787, 0.24063294544683275, 0.05703939814238282, 0.3788167817836189, 0.19194424799142124, 0.3517624164547043, 0.4545764054245219, 0.18783748658818286, 0.5097032425506619, 0.1261505446327269, 0.45651124519478686, 0.14103702437167379, 0.34493435812912265, 0.1393540854099339, 0.17081312256124956, 0.08329969952160607, 0.30422035785993135, 0.0793335671989726, 0.02422752043041741, 0.06739535099902923, 0.0421953274879598, 0.05203641371932667, 0.05277954516280079, 0.01169258457149281, 9.725577167395059, 9.792504582541445, 1.064577459240039, 1.2933493490427208, 0.9049276848941773, 1.012898481856918, 1.3512818719015778, 1.2665652178297913, 1.5594249373903124, 0.9200539953756597, 0.9653278636199967, 0.8660897400240007, 1.0294768492925925, 1.2472343319690704, 0.9034948081496569, 0.6980276105198412, 1.0554310002882603, 0.6222422893565164, 1.0779041950958856, 1.4228458725334383, 0.7286921102219346, 48.658780619500696, 48.24261392334776, 5.386426810549593, 5.5346554353614374, 7.130053671110142, 8.506915721999967, 7.56679885327606, 9.130069565137793, 6.660825064706862, 11.68841241705081, 10.6662649584711, 1.3397496064742167, 6.241372753361954], [0.0, 3.583615519861393e-07, 0.06291876696607937, 0.014775517734802556, 0.13311241846896374, 0.05773055018533648, 0.26794444361256625, 0.15628920978060873, 0.28022373435133097, 0.43859637507444327, 0.1812719505189565, 0.6274327969418995, 1.0042873722057117, 0.7650001190729507, 0.04901563982092203, 0.27440543141089885, 0.8334466797974817, 0.15711078772293469, 0.02065184518300146, 0.27615327388353317, 0.008005269261057579, 0.022799673880371147, 0.011801706300803983, 0.022532383965197036, 0.014206186098298561, 0.017259248912090033, 0.002289306792156214, 0.03697441355128454, 0.01643990613412807, 0.09113452195601082, 0.041793501139934165, 0.1487464889618488, 0.19947118485563928, 0.2200953826068176, 0.10865121299035464, 1.0639645964468392, 0.2246427447534939, 0.2869441070076936, 0.14421561595883897, 0.1034772060973346, 1.3475978776267714, 0.07429279038601265, 0.13530793350978068, 0.032444541940762545, 0.0829709136072961, 0.2278691271705659, 0.3150353470401358, 0.03535029601182309, 0.2906472291896257, 0.09315109855025137, 0.049606182969841095, 0.5365793643064903, 1.7122255722711703, 0.410701681028683, 2.1152347416564012, 1.3138977782116064, 1.422712815860648, 1.6860002635771092, 1.535931115696191, 4.1001939377113406, 1.5145367327357935], [0.0, 0.0, 0.0707974992482705, 0.03390288096216556, 0.09399312363343208, 0.12458580750700245, 0.040935826362534906, 0.23143736068873447, 1.4397620188965905, 0.23896495225140618, 1.4582974782568185, 1.2182375981825302, 1.1656671271586863, 1.022945102389857, 0.9401910688061251, 0.8924362212750102, 0.7187872796320438, 0.6160511785738948, 0.7418006562252117, 0.5148312928124834, 0.3854196322544742, 0.2532746406450888, 0.32380383982457306, 0.19101032235180715, 0.22385298893335318, 0.15741994336973494, 0.14119791900251547, 9.720322762486827, 0.10342534064164069, 1.0278092810621082, 0.11872501612750315, 0.8413033899701428, 0.0668310447184602, 0.6778341577112322, 0.12188573378391983, 0.6675791629111727, 0.030285147819299904, 0.5003326626688024, 0.18312988269833802, 1.1617380469661678, 1.301687663468115, 0.6060642694443137, 0.49124630662243624, 0.6760713328057665, 0.12779544571823, 1.197388686386716, 0.38533784092331597, 0.6079270079456001, 48.12351690005301, 0.27100722633989316, 5.070993296935318, 0.5707324804543217, 6.413793390721199, 0.09955851180040073, 7.139753918794881, 0.8680913268640577, 5.528166531423665, 0.7906649881788249, 4.067057078577495, 0.7124074930466463, 5.439639743345474], [0.0, 0.0, 0.06382183852448685, 0.020013958922796192, 0.09517026160588332, 0.11261302544362967, 0.21736031981185167, 0.15571059459583755, 0.12648851394513141, 0.4436442664623743, 0.013986187164767879, 1.0316079477211846, 1.0684949747475647, 0.9440334496378222, 0.06162741091950121, 0.27969368637584535, 0.22535256367863316, 0.18060375502517237, 0.18193697521320643, 0.531557452421749, 0.1299299552189636, 0.07931106289126987, 0.2248005361054183, 0.20668855124705773, 0.12407091955981635, 0.15417210735601333, 0.04104432401525309, 9.720607792558091, 0.02694722465066239, 1.0324889995751252, 0.2541300981660376, 0.8617901922949004, 0.2214592621288325, 1.093533458080406, 0.21227441848223835, 1.1499895311673471, 1.0523022454396203, 0.8005999698636722, 0.10558912725070897, 1.0150896282221753, 0.252635203831267, 0.1932972182631367, 0.10377794026918453, 0.12338082780786422, 0.06109262109899363, 0.2124480301446582, 0.256809967891185, 0.31936971753490445, 0.22630556929594228, 0.374467458933771, 0.5682853155088947, 1.282310940368374, 0.841807414014159, 4.208363412881809, 3.1197688756980084, 3.902556593177846, 4.558518102149603, 2.450608249832816, 3.1923725177730184, 2.0099972923839275, 3.09369664837645], [0.0, 0.0, 0.09442249429661598, 0.13512016983070776, 0.24046632088534142, 1.503338074005834, 1.1898780937906166, 1.1396174490224669, 1.1044471020693267, 1.1000883044245513, 1.250485620006987, 1.0804095566022565, 1.1635924857197908, 0.40642360117077664, 0.08720700463500784, 0.06493394060330676, 0.14786643079094747, 0.0357105248434138, 0.7649989851525694, 0.48910673890569584, 0.40829973363595473, 0.18171633250352062, 0.3262865897809747, 0.1436625191450802, 0.014176904014145147, 0.04244671081711054, 0.02051612901079669, 0.025149497811591374, 0.008911708354392416, 0.01632129381273303, 0.3205411568540501, 1.0335873343222848, 0.7636739798527262, 0.10112766924174077, 0.9153913467967594, 0.6748286758942466, 0.76656327633024, 0.8850229777681896, 0.8662828636290895, 1.050648400761574, 0.9537496922921201, 0.668628593956601, 0.8013106294445522, 0.7990581937145521, 1.1397484603837273, 1.175275283250196, 0.5631614909640164, 0.6923851891542682, 0.18235944178979321, 4.6713512940011, 0.5897508194072941, 4.96419111827297, 1.6327127672211745, 2.928830502907339, 2.592462259083898, 4.289811921073552, 1.5370697442620527, 1.2186165057133482, 0.1153979832612511, 2.586212941960514, 2.527489831136888], [0.0, 0.0, 0.3880090452436107, 0.054352029037408656, 0.4977831598438359, 0.23310972700080182, 0.29596271227091453, 0.45036458750196895, 0.35202401341752787, 0.5905501855937361, 1.2922732031682975, 0.7795468275071967, 0.8652331241347655, 0.5834298890809977, 0.3424431177920623, 0.37957273387815865, 0.41714396430554906, 0.2118623437777273, 0.11442636633670974, 0.3127385494551076, 0.0825682988882042, 0.03384686329517139, 0.04951420902768369, 