{"initial_violation": [], "initial_duration": 34.6496798992157, "subsequent_violation": [[], [], [], [], [], [], [], [], []], "subsequent_comparison": [[0.0, 0.0, 0.04008928098508463, 7.774915533001929, 4.871226582338614, 4.845075276191813, 16.91948240696208, 0.34500869742908186, 5.187914776922847, 1.7029688551815116, 7.388610769569929, 2.705027231510195, 9.049291354198239, 19.729375943264607, 13.0566503294907, 18.25452228511391, 13.657257570533172, 13.010449972273024, 15.547966503121025, 11.306853743209516, 13.256578897583406, 9.655218150871164, 9.565789729310916, 8.272015157553612, 9.32426152242847, 7.102153371086604, 7.437899547881336, 7.087763395037565, 5.3571556762931225, 5.539224126513573, 3.816492462558666, 5.351521671806022, 3.019575686511202, 3.9547927786030392, 1.748065186349782, 3.0330704470997354, 1.5177464839080843, 2.33299922421715, 1.4414289697942444, 1.9226528901006594, 1.0345786995208492, 1.296420998507273, 0.6626077471345495, 1.1232046201617285, 0.632610732652349, 0.8751007450968372, 0.6784748335006063, 0.8066935838373958, 0.6166509632623509, 0.37329470257988695, 0.32072790665795303, 0.16378898111182297], [0.0, 0.0, 4.933219426715567, 8.129695099995121, 4.782361493275238, 4.845251447918726, 16.9222628864668, 9.875938496157882, 8.690498634906186, 14.06156367833014, 6.765753432643941, 25.011092637146778, 11.170692891164725, 21.807938322724038, 13.99785894193456, 20.36400567753269, 14.171565966085463, 16.75022456029397, 12.88687653911777, 17.55027415887427, 12.33582602507014, 15.466170823377839, 9.801658614836386, 13.110328940417801, 8.984803723049547, 10.551352543528036, 8.470262241525704, 8.181938391269862, 7.241152135263245, 7.227636735701313, 5.727330815278756, 7.595521538847808, 5.029351047244131, 5.42844392325761, 4.051882476006202, 3.8397942698740803, 3.0858833047849177, 2.9629782949421726, 2.72192175118989, 2.528669704507355, 1.9377693215923817, 2.089639311959758, 1.7024277269851922, 1.2574718480516285, 1.1509193427070399, 0.9756111753722982, 1.0541759480776238, 1.0060901488392264, 1.0385681252297847, 0.5696533309338783, 0.8635252537013468, 0.5507571730888665], [0.0, 0.0, 7.786880045817281, 0.00764968360862238, 8.45571367536135, 4.752629720064548, 11.779995366088569, 5.859461444687025, 9.599621522962368, 3.0577902794489042, 6.189488599267356, 3.864816764437024, 0.8954169449286236, 16.996083475125346, 10.247560667742931, 16.89862267034276, 10.534310800840899, 12.688151784536633, 10.276729824773469, 10.170994549456402, 11.025898040144881, 9.057024808979738, 9.245680927808793, 6.527251762841555, 8.896544160265941, 4.4030519515415705, 8.576729333135939, 2.7612035661636263, 7.810816443632719, 1.865733392213871, 6.86449618585441, 2.547372415898792, 5.574564654991689, 1.7813412431273012, 4.810164095846276, 1.3503027946572725, 3.833162060036182, 1.1218879912775916, 3.2446413333110633, 1.0221845549919701, 2.4012661085621523, 1.1146929850063387, 1.834604590704677, 0.8322649734306513, 1.5175055252140364, 0.7818844165266716, 1.2118034594141234, 0.4297615051243919, 1.238132895214751, 0.718269520161559, 0.12530314043724108, 0.11229202176232962], [0.0, 0.0, 5.735423437238497, 9.191671952382212, 14.970436210421378, 15.656090894477991, 11.00597002234308, 0.9318132764655845, 8.137944206233145, 28.348881510871863, 9.363831209997443, 9.078718811568923, 4.314603449631408, 16.937897559128906, 11.404287359800458, 11.050248276020811, 2.1139849791840555, 1.2717767811029717, 5.862751112744796, 13.076928622648362, 8.214788578279071, 2.7726549267571046, 2.8229282501143595, 1.6011576945362433, 5.3187207739905915, 7.582695664376403, 6.594369326849096, 5.494292384986126, 3.003398967233272, 1.5183609424034241, 1.0540947754631325, 2.3581148404016807, 0.6424100627239298, 3.382376409906771, 3.1583984910410696, 2.0804496608431395, 3.331311857996434, 1.1244730122744344, 0.7386737366982865, 1.214484447255915, 0.5690506671011001, 1.3924442512239537, 0.5881081495660451, 0.9401201608640567, 1.3574663252613113, 0.5411184795867198, 1.138486901186962, 0.5658419335536214, 0.5606700203829541, 0.5404894780104865, 0.5577679349296809, 0.40461042920290596], [0.0, 0.0, 3.4166118629344404, 5.357046408185072, 25.861039509595223, 23.77734042747454, 5.56504035787338, 29.150160765945273, 10.719416456591214, 27.76848034486721, 14.934815275125361, 6.149980198539362, 10.613808182607608, 1.2630859878983383, 7.793368475067584, 0.4539303805959627, 4.927935333937219, 18.82261015384492, 8.835862574189246, 17.90161568415387, 8.64723801200228, 14.673329371218497, 7.908043747092015, 10.785133741087634, 7.163190618692808, 8.022951899936269, 4.953347963695886, 6.461883798721514, 3.83213427055129, 4.98305283825424, 3.4117748480230707, 4.937064869843921, 1.050199892584761, 1.8795716844177, 0.9847353766151592, 0.9850704943112656, 0.7797900882952586, 0.5840767374008541, 0.7554026231536097, 0.2713558212785187, 0.8497959550190903, 0.835973648656216, 1.1842571824225214, 0.7157554919080314, 1.1779629033555266, 0.6960706097065053, 0.7138962451178786, 0.7659348376470564, 0.8435173525346883, 0.5424781710855255, 0.7615528746787633, 0.18613460586434197], [0.0, 0.0, 0.29104012667901114, 8.12621373400091, 0.12120215291165287, 4.664439602738056, 12.276478823896039, 6.45053403800478, 6.145729008024197, 3.6276453861400695, 8.095290341814728, 24.314744577747163, 12.241952497892829, 19.065312645435657, 15.832684894697932, 15.949932294428292, 17.409422714015758, 13.51155005467575, 8.066700591645562, 2.1077846309615453, 6.979217954667749, 1.8645470552715095, 6.724658753410777, 2.7672295226384795, 4.88019828634753, 3.8874668789054954, 3.8080060462226393, 2.328512067414691, 3.8623455570624077, 1.4761862799889625, 3.51739444059393, 1.0079571979279922, 5.983191129736725, 1.3279725413226775, 4.993274244617683, 2.558258824654257, 3.4114601868474073, 2.4319242447810594, 2.556312672325716, 2.431162360944009, 1.9319152746202912, 2.2438353690702972, 1.227871387212613, 1.5548885630588913, 0.7769966942846617, 1.057011093680741, 0.9066286758468762, 1.212740553564848, 0.9852123801454825, 0.697410954282919, 0.3048510654579328, 0.45967577009706106], [0.0, 0.0, 0.036514471583457365, 0.7682431982445683, 5.023111230529108, 4.913454941238101, 11.006287016181561, 0.18138922339044192, 5.260893211787761, 3.957591048548293, 9.941060533713811, 16.92719659231373, 12.42325257288035, 12.356169499474019, 7.025052049126795, 4.005751916526523, 5.205319162884528, 1.0994587995217697, 2.872736530745715, 1.6437360414327806, 2.4768351574992042, 1.8616786544652704, 2.538956812712364, 11.779271097385765, 5.641811953818105, 9.43826592473243, 6.333671622343929, 6.624880676571389, 4.634541336736358, 5.405648257532249, 3.9047792557113414, 4.943742846718932, 2.978841470077928, 3.471794824903757, 1.8574804090131074, 2.9198439969745618, 1.3923635779920873, 1.474596078861631, 0.7885098013427342, 0.907042344763043, 0.2826949059229826, 0.9192895827488479, 0.6836569613127451, 0.9797097302398421, 0.1354451896293618, 0.4649429850623554, 0.33947490754310244, 0.7662006692060451, 0.31631386728902827, 0.03460256989554703, 0.4487486122775405, 0.12185357951740264], [0.0, 0.0, 0.23881793386680228, 0.0488540915983394, 0.45817758041076373, 12.640307732580569, 12.394157294364572, 11.003848574674892, 20.149936480399344, 6.541387787536921, 13.49629356102798, 5.782179818852823, 4.97756583655025, 20.93528199898962, 5.898574523022818, 17.77550256988304, 7.516150795976477, 16.48299858515817, 8.201886297021645, 14.644469376453461, 7.719795415263829, 12.621503410617635, 6.618916463828118, 5.556660672755985, 7.422779359399339, 4.31573552564695, 5.08755579084275, 7.6361896876294, 4.204807028237007, 6.2065452442939195, 2.8679935321502388, 6.561756202022995, 1.0631230403894352, 4.889827885492401, 0.8477287318320335, 3.9469700065495754, 0.4705488086170268, 0.5720047137282682, 1.069427652367649, 0.15394855884309658, 1.4183379285942344, 0.5288626386869768, 1.1355124017955185, 0.41809037638738167, 0.9800462382673025, 0.9593008477799947, 1.0033703255817632, 1.26487465956751, 