{"initial_violation": [], "initial_duration": 34.55039429664612, "subsequent_violation": [[], [], [], [], [], [], [], [], []], "subsequent_comparison": [[0.0, 0.0, 0.08574284058920799, 7.962524231247699, 0.3737012665009785, 3.7799818033927295, 8.376456250192337, 16.727508567534727, 16.141502252949596, 17.804957071216116, 13.323158226262622, 15.812887803293867, 12.539095357152014, 12.492767850735211, 11.953682419269503, 10.655139617026576, 11.220872385303231, 8.506820151241959, 8.9449755825193, 7.425757107991838, 6.944286179187507, 6.184551333249344, 6.1828140065390444, 5.342148245903357, 5.457991368964313, 4.995992240589256, 4.371149011408373, 3.6013964364264037, 2.980418011038161, 2.4748006576219415, 2.5225267413829617, 1.9323952835279359, 2.148964466823659, 1.3994589414497884, 1.595909723920061, 0.915926786989581, 1.0884257611456933, 0.8656068516802135, 0.3989724298286828, 0.35388156010107585, 0.30160103721989523, 0.22279140533012226, 0.3569448306237632, 0.09119869235083133, 0.45840007183110265, 0.11145413035030112, 0.28840497056261355, 0.07220820504744062, 0.42326638422812884, 0.025798048224276702, 0.3512528891941285, 0.07220962543321839], [0.0, 0.0, 7.64152013404814, 7.578010476291371, 4.7038649282649185, 7.881528310159314, 0.06035792134291853, 4.7625587781045065, 0.8576812288907429, 1.9254698646125743, 3.3774607677521105, 3.687530234284078, 1.6563970897703157, 1.2186764263911316, 2.2522128965787758, 1.1173247989662989, 1.652210381098951, 0.9392418235375429, 0.8597891259189219, 0.7674260683706731, 1.4634974736271327, 0.2992023796254518, 0.8757031526240915, 0.08184160678531814, 0.7358860206349307, 0.8023573282864859, 0.04556225873449146, 0.7973910805014295, 4.456609347296211, 1.5589945341580738, 3.4199828714924196, 1.3317070555239279, 2.7172543920550725, 1.0932026328562074, 1.9166067774864914, 1.0990570044557897, 1.2905429214805815, 0.798218760401373, 1.246422658509646, 0.9853175809996625, 0.6334091117634731, 0.654331634744876, 0.6423666372580641, 0.43752012678877716, 0.41217031877994037, 0.43188798429080555, 0.4452800739844018, 0.3359124067319058, 0.3524873032859189, 0.39907097714715245, 0.41560603836831456, 0.006582475763247842], [0.0, 0.0, 7.443522038691546, 0.5227280295868294, 0.040508974259540656, 12.576808422375404, 1.3471634710084999, 9.569341883964318, 5.485048557950064, 4.347168101063322, 3.1466923011892773, 1.1328970446383297, 1.8260027990733303, 1.6456359945344148, 1.0446788074331352, 2.0594834574211554, 2.042693759839902, 4.660981741811054, 1.195708919912478, 2.3035343182301293, 0.882974488244965, 1.7509769213929092, 0.0557061750202283, 0.8229280762281277, 0.14042127948477773, 1.3864511920599043, 0.5033446273858346, 1.1235298255653305, 4.164223798465478, 2.0222560071562867, 2.8038716461252755, 1.5347772126785513, 1.930228498807712, 1.1064314104885582, 1.1281263461598323, 0.9584546785811928, 0.7690623302922097, 0.694760815359833, 0.49433687153927913, 0.5743551842941534, 0.18506957198052834, 0.2851961581388591, 0.298745514196607, 0.36198524076306, 0.33913651434180553, 0.1552939614210974, 0.3078663195780283, 0.04797656032401157, 0.30786282695634487, 0.026588227462765165, 0.3078593330379445, 0.11484103641363551], [0.0, 0.0, 7.444790900508969, 7.926764101442135, 0.8771021981776519, 4.913898650595208, 2.7817765332152824, 9.924183424507685, 4.59846712819015, 4.315339787403517, 2.1322501164731316, 3.363596505147654, 1.2525626084801278, 3.4058780008296314, 2.8107528391182113, 2.9224154027895275, 1.3053572709912624, 2.3485476328477852, 1.3760549740420411, 2.0344644074629756, 1.0921185664960475, 0.6575714367601134, 1.007794512531888, 0.2492058258825729, 7.857556513894828, 3.4775849922993856, 5.737202955533076, 2.7918097330894223, 3.619974600246025, 2.457217819322586, 2.9834387085864496, 1.9199356700393246, 0.19905316055653105, 0.6283706027934824, 0.15882960961951656, 0.5149651041720612, 0.49039161784703966, 0.7832253890177459, 0.39755428939453435, 0.18487823948661836, 0.852074735532904, 0.22240826655893128, 0.5717589803183816, 0.13945413135655824, 0.3498720403781922, 0.2952412665943375, 0.32231768435122354, 0.275995879437689, 0.238626772010083, 0.275997066224346, 0.3018842630925543, 0.12211099148230342], [0.0, 0.0, 0.7476028690233151, 7.526670474652304, 7.973601879928321, 7.770845859089974, 4.6115066524033805, 5.013970494090594, 2.5445435754163435, 1.231755997433318, 4.240462554677758, 1.0448790646174093, 4.2284721832902825, 8.276982873417623, 15.162315373900931, 6.271427741717025, 13.393705268500407, 4.565087213825751, 11.700820541481791, 3.9857582658556914, 8.031802647657855, 5.048176533336394, 6.414633892291453, 3.896389493541609, 4.811057530010627, 4.297867464406837, 4.262246740677751, 2.76004704449488, 2.774299493100542, 1.7507210755010418, 2.257697535655848, 1.1568435083427338, 1.9234904385871858, 1.1859746161988234, 1.2067750911745934, 0.9434252108308628, 0.7757679490643729, 0.6921276856435286, 0.8572043297997878, 0.6912516583075371, 0.21683317673238411, 0.13630938619562527, 0.3695311586121046, 0.17673576871290075, 0.13196120152797425, 0.17981891561147803, 0.04046852282485426, 0.1727284411512279, 0.1033034685485738, 0.17273021487922913, 0.24939044877363423, 0.17272541169440572], [0.0, 0.0, 0.050108430547032484, 7.597884519865275, 7.986582596484619, 7.883413417919431, 6.034430638864553, 16.196021840586887, 5.612577704492481, 6.2012450981161615, 1.1648511419395962, 4.558412816606057, 1.2853865086479603, 2.566956838372989, 0.44030996922715393, 3.9623876105082, 0.5131222757529095, 5.047130671492081, 0.15728675825301777, 3.909446003175413, 0.7939565424550609, 4.179087321032163, 6.475875709719589, 6.896433220785537, 6.156207296547109, 6.105933291844857, 5.708092385046627, 4.194583669357283, 4.873362634513675, 0.33150233046774036, 0.1425890633799312, 1.1875645666498187, 2.2178628202352177, 1.7103670347635276, 1.7539370182571399, 0.9857211845420933, 1.6186186105014002, 0.34395111332179884, 0.15294761441874027, 0.41077964000630834, 0.1639074894906066, 0.4255845521098926, 0.6628082959033066, 0.4006889947513674, 0.5098435941622687, 0.34200736471099413, 0.3510208771190382, 0.18271983537736833, 0.3606164818620751, 0.24514860002449723, 0.17846742203446012, 0.24514381869842586], [0.0, 0.0, 10.127246204177426, 16.553887970933097, 11.314882732770334, 25.331467233630836, 13.657760113159233, 9.834023929281209, 1.3229496236286091, 1.1118121677712727, 0.4993294544654929, 13.088451767550897, 11.720282766211517, 8.598047092865556, 2.6618133738651992, 0.3840928716704904, 2.336691973838901, 8.347889830453468, 7.922160929284713, 3.8026499093070854, 8.071513077486493, 0.6075378535175711, 3.25618677332114, 1.5901247642653842, 5.113615430527729, 3.224116999489167, 5.773096531462623, 1.3747753780566605, 1.3830519822915586, 0.2847975415913585, 1.531060870459602, 0.41678667717810886, 1.9074358598725811, 0.9193879019567119, 1.5418961890128937, 0.587601669463692, 1.385461069046958, 0.09739196051762371, 0.6537823941180605, 0.21709742502186943, 0.8041584800209954, 0.21569489619577503, 0.6458782301214823, 0.11644008082052358, 0.40033273544801196, 0.2095680998001908, 0.4821996288541022, 0.20366378152691517, 0.21858461304598428, 0.04892129507438832, 0.21859562372466265, 0.048921659174193353], [0.0, 7.02598623157972, 5.0215451909277835, 12.724371606423338, 12.20905310735801, 25.645170269939854, 9.428718211864858, 3.8061080026662513, 0.13579513943897226, 0.33431941072068677, 8.751665170152767, 11.469129833811579, 3.242438373264146, 1.5353184237334405, 2.9316641428381667, 9.60677633505725, 11.31362087550549, 1.0808068496027043, 1.3480417655062429, 3.8166012928613546, 2.8299079314706717, 5.352826918459284, 7.236906546503919, 3.2454785715678636, 7.307732367898446, 0.31476214813652514, 1.3044693252600001, 1.0412319030205264, 1.4511579121817673, 1.547550802275189, 2.8123216102124915, 1.599447811854481, 2.5941019917371086, 1.0710522631051302, 2.22761922407481, 0.8358874493790256, 1.8081453993463197, 0.28537454265527995, 0.3105764257361027, 0.4664659744458374, 0.12840137495640713, 