{"initial_violation": [], "initial_duration": 34.72055387496948, "subsequent_violation": [[], ["destination"], [], [], [], [], [], [], []], "subsequent_comparison": [[0.15661853169125828, 0.0, 5.042505644429168, 0.6474764471067471, 4.940806256732111, 7.56037353668775, 5.943839565680461, 1.1417642338876257, 11.065266795033903, 0.44703979868121896, 7.095758864411631, 2.8362764923958497, 3.430202796271868, 3.498443475215426, 3.3888328748114427, 2.8334610894675496, 3.0639959943650203, 4.4395244256709585, 5.150849802221125, 3.4583586220191163, 4.411781596761878, 2.7751317944716676, 1.749152247039964, 6.11926405059881, 1.080684991884038, 5.143058552002779, 1.9460754462567864, 3.8633074263063145, 1.2981332740272467, 7.172436985417387, 8.435836497784935, 6.851117480556022, 7.57165155504664, 5.655645509994181, 7.988025931997489, 6.2698114342061375, 7.679175119815411, 2.9843818355501277, 8.102228636310812, 0.8917075625180733, 8.271460022300651, 0.8775418983737765, 6.399053409209889, 0.7865332840399695, 4.801652771365497, 0.1340934998770802, 0.4970676549717686, 0.9216239578898711, 0.7344072148035125, 1.3677267935193689, 0.9423731233030074, 1.1345599794321524, 1.0102592230717533, 0.946347512328077, 1.7111070257089953], [0.15661853169125828, 0.0, 2.9380432129652543, 7.509710033829327, 4.11017969607986, 4.813439953993191, 6.891137861193319, 17.962972445597142, 29.785449074143784, 15.976827095659056, 29.856456499505168, 20.654638125381215, 26.454192307154038, 17.519729227656423, 29.131667297332204, 18.57465105197092, 25.580400506479943, 21.100079601234356, 24.26989839072121, 19.616572941384533, 24.62827871914617, 17.191568306027133, 24.962242284551923, 11.159628298425751, 21.82360363942718, 11.7399598948489, 20.83672543387182, 10.267509209365304, 20.739662843111326, 11.509234328059817, 22.13189678566912, 10.141628315933156, 21.514155443250562, 7.315042666358759, 8.101336154482588, 9.646073681370412, 6.808687027743718, 10.925978779278433, 4.907686995339854, 10.228548651892543, 3.4063186728866643, 7.56968703872698, 2.619231557486828, 6.246306200358237, 2.3003434354533043, 5.77052432723119, 1.2904508301860698, 4.445280242340309, 0.8521990527340676, 3.8249269915645825, 0.6926247540811254, 3.354729223080532, 0.6575082461065047, 3.099535960219963, 0.7202607186435254], [0.15661853169125828, 0.0, 4.999782943537161, 0.046043766269587026, 0.19853912170086113, 7.671771094856362, 0.20031857997661529, 0.7568882382067976, 1.998428031768122, 10.999770512042014, 2.7027888127115016, 18.15951997890212, 28.857348587557404, 8.391663473746608, 1.6592666994302399, 7.194621432948624, 2.9606327822207645, 10.657645667477917, 6.4305224318036185, 9.62804132625608, 19.79803501798361, 3.923399426138515, 0.9964898101719913, 9.903236337362404, 4.919804309881891, 14.197665381406797, 12.240646973880773, 5.938064704754142, 14.065164113149631, 7.541068275040436, 14.632227579622961, 6.180096970645912, 16.398417577787132, 3.626636107428196, 14.355399137287327, 4.4179002550109905, 12.899469596763407, 2.6534499808102217, 1.6076398371302714, 5.199128549170643, 0.389196073747013, 4.528530028547938, 0.6112272374463438, 3.1633728163834443, 0.16672026424568684, 3.4038247965316795, 0.7910073071361896, 2.7552694895111327, 1.0392219013321435, 2.796430105132365, 0.5913985098269791, 2.1651225571749335, 0.6244955551015029, 1.756988486198991, 0.1814402217867076], [0.15661853169125828, 0.0, 7.572759617585159, 7.8984371740040045, 0.3404225113536244, 7.501028626606572, 16.71363483239514, 0.8874951062829755, 5.457605035348958, 16.935225260811173, 10.292640439842787, 20.507172446760308, 9.826237057258139, 13.589225036204798, 26.14930952971192, 10.64634384911397, 26.04441690527784, 11.495648863658696, 26.57899317551048, 7.43814557279556, 3.882564861366386, 8.049622591756366, 0.344888066231986, 11.20529328437215, 1.441462415979896, 15.646302357702771, 1.7352478161620917, 15.920975281541603, 14.648170297224771, 6.838537578377501, 12.753361971601821, 4.917584807548005, 14.136272168129217, 2.097218014011996, 12.806979810934441, 3.6195745220797226, 14.758192192695873, 2.028394670066826, 0.5313692998467855, 5.455729810500802, 0.4984360542048117, 4.886741708513914, 0.30248410749062377, 3.5671568455876934, 1.0581470887487672, 2.6146641814506992, 1.2603347751739489, 1.9403796588336337, 1.2885049419724037, 1.650822644548587, 1.179714058524496, 1.5965435393483716, 0.8555043607162536, 1.159610057387264, 0.6218073084872744], [0.15661853169125828, 0.0, 7.683178994407716, 7.93087209501286, 7.99361807174789, 7.682455197017289, 17.259949860794453, 1.2013706181093233, 5.699113661652247, 10.554293130258566, 10.645320083409873, 12.402147617152455, 28.71459732789773, 7.086681583339491, 27.783771952093293, 8.140789418859846, 27.42615088947811, 8.612189432110076, 28.717535140114677, 9.410885060144878, 1.6389732229505887, 10.815784482515593, 0.9357762669038403, 16.874114011913072, 2.803100428860938, 18.00831165645708, 1.5131968425321143, 11.520972490634511, 15.988160285715535, 11.279604367399353, 17.397468216053916, 10.368990369891364, 2.7784089860016756, 18.952957817857378, 1.9816949292353965, 12.570976722142989, 2.4763109543170416, 11.760313326020974, 1.5552321503630058, 11.035533279840731, 1.7965919849284908, 8.315241870443431, 1.2347077651447582, 6.9674169854973105, 0.7485106399652656, 5.911495246193426, 0.4174531689872259, 4.656847020413228, 0.20559552581789714, 3.8246360834452244, 0.4097057073206022, 2.8067560610940356, 0.9384441399216061, 2.510184406854331, 0.7301962907515992], [0.15661853169125828, 0.0, 4.898189044186198, 0.5883035675393052, 4.764159527148052, 4.731938184507807, 28.684696020749257, 7.732387283150877, 29.695691303122093, 9.242989634377663, 30.587977273387324, 10.643682406285597, 33.02557487629408, 5.312662865028159, 26.914099643534662, 7.321870955496771, 25.849525698116697, 11.172082912021072, 24.15090346420977, 8.267213098035601, 24.142640592033064, 8.506272879885854, 24.729468197339774, 2.3039026640555242, 21.886504606974313, 1.864544621483439, 19.175013824860905, 2.86279889050447, 17.440590081576673, 4.2732326953892255, 15.47056987505424, 4.274145441774846, 14.00688797650405, 2.8699574432142176, 11.180341482011286, 5.408475910091061, 9.99867416789944, 10.390975714381904, 3.3420294069719185, 8.289841222380646, 3.3913948489881394, 6.3849147569203115, 2.2215718115164735, 3.5661331504909546, 1.1019252210456494, 2.715633107986246, 0.8371136634870742, 1.4456153482670613, 0.5043886531454673, 1.004287412346464, 0.1812226134234289, 0.49820978828993356, 2.2193029004050207, 0.7603395656891815, 1.8182588182493087], [0.15661853169125828, 0.0, 0.2694419281581877, 0.0939009423897965, 8.144289764755557, 7.854013388665705, 6.141461328854371, 0.08774309497156808, 0.9625686037758076, 16.00106990492148, 1.7466236620127609, 9.839795737185147, 6.964362158996764, 14.18769087890893, 3.6625064730490653, 11.265468775957428, 6.406140454131004, 9.969485010726753, 6.039323346837868, 13.949022560008178, 11.658027595249154, 13.104331202819607, 15.810999711993821, 8.232536206106138, 13.804889021452077, 9.669989027344053, 11.715138327171063, 8.83307688128542, 11.272475124415331, 8.751655095070218, 9.655074076269702, 7.701778526362587, 6.416136614294349, 7.190539549091942, 4.073258024123217, 7.699313773792998, 4.249333758842331, 5.856473423999053, 4.906460444502205, 5.37200156862079, 0.8158395007529526, 2.5111695938190755, 0.08587860794465109, 1.2395244594468902, 0.2971310192518589, 0.6767157701548803, 0.1166937728929749, 0.556111599576927, 0.14234952932223818, 0.29552690681338106, 2.7770025014468067, 0.8010971303849729, 1.9454342642458238, 1.0386759449295013, 1.6283248632458012], [0.15661853169125828, 0.0, 0.20771950940300457, 8.15083948699924, 8.577406575902929, 11.132179125316672, 5.870302976213505, 9.460167959383181, 2.60783990060571, 10.58891236602057, 0.969780915676203, 8.75517753422929, 7.544195978561218, 15.936867651908432, 7.179054397046897, 15.483527796094268, 9.219226208827152, 15.264335821505407, 22.454238873664707, 6.5672045527011536, 