{"initial_violation": [], "initial_duration": 34.81052303314209, "subsequent_violation": [[], [], [], [], [], [], [], [], []], "subsequent_comparison": [[0.0, 0.0, 3.1387256715778764, 7.235457205531728, 14.1978064161737, 6.9306159372255225, 15.08244201574274, 10.581293326892471, 15.988630712981655, 10.631732140714295, 12.078368985658944, 7.929403204154849, 2.9323530357372, 4.369394191719949, 2.027467029489636, 2.0374791081133097, 0.5398511559007328, 1.6907234414973324, 1.1491094463512912, 2.39997582010668, 6.77448999252142, 3.6204376046684397, 4.300914777522199, 4.498114722266882, 3.6279532303967943, 4.032096383466493, 2.6727161066818628, 3.8835423144437, 3.615783795639679, 2.897199326353171, 0.5446317305400035, 0.8809127799810652, 0.8316989624077942, 0.6137938372665447, 1.4062627484024885, 0.7839962173011695, 0.5296125521389842, 1.6451161306813733, 0.46803327284631185, 0.7331673641969905, 3.054283010942519, 2.354735541597915, 3.0151473360008287, 3.78245104273896, 4.077702087161234, 1.7638167195068462, 2.7019304601146072, 2.3165256011514046, 0.026279747789434846, 1.184527841872259], [0.0, 0.0, 3.279902169756817, 1.4249625725350084, 7.546202009915492, 8.415960760170085, 12.263449389445075, 9.68495149279346, 8.096571845173381, 17.631253935170637, 0.9407684144909567, 5.093079240424407, 0.4425444562845566, 6.407981077593606, 3.213726553335288, 4.180031797560624, 3.7204096156366937, 6.6550149879429625, 1.1216036814352266, 4.518022218402204, 0.9785123663188253, 4.244026766898276, 1.0964009072013656, 3.241972062190321, 1.1002907965719055, 1.8206044441942113, 1.158842944134003, 3.296852727804058, 0.43732832028040314, 3.490345040368318, 2.0772731882378377, 3.7572626460323937, 1.5424367817108382, 3.182138202761252, 1.0456270408309984, 6.92024468065181, 5.874996972335334, 7.465022337722734, 8.798972274233748, 8.570669018131513, 5.533834060157609, 11.752357376285271, 5.903355428804869, 14.026801072302613, 6.09314734325076, 9.533566179066897, 5.714928393709868, 5.235261542239138, 5.375349207979853, 5.615648984708813], [0.0, 0.0, 1.4004967036742593, 0.7702766828983534, 0.6103442807455984, 2.583032545830977, 13.079610145625406, 17.75308215768801, 0.12205589977496555, 10.246140406724477, 0.905976581442821, 8.553191785615669, 0.09393072099660914, 7.816692304338114, 1.7830455877052764, 7.29062331201806, 1.1039637254218686, 6.986631561196618, 1.1691078356335853, 5.220506938368091, 1.265214538623475, 5.771493651193364, 1.8403015965171357, 5.500914729688757, 0.6156809690353795, 2.6783076253441878, 0.9685073105411443, 2.6583488346273594, 0.7427904801834365, 3.688237900524247, 3.863872283011806, 5.534933387879238, 3.6468412941733175, 4.533478383542541, 3.4157765755101352, 7.298509359758249, 8.476363577437843, 9.916012572963373, 9.646001675030547, 10.109347739839178, 6.766757334907133, 12.29676684187585, 7.866127410230973, 14.232943281921077, 7.415347986890467, 10.087510208495111, 6.933460869173592, 7.3088602133928, 5.753942788163618, 6.277571392192359], [0.028115058682943877, 0.0, 0.40261510860199234, 0.4420297340986497, 0.9533343261069676, 4.188475635313929, 0.7371547581519183, 0.2559633808499558, 17.881606123045096, 7.313942330216269, 14.112387944194982, 8.898648121348739, 11.259716011610006, 9.076707098208079, 10.14810507351897, 8.558490799153812, 8.186984664561045, 5.590241087720662, 1.1845772993212114, 3.576822449173163, 1.2688262867646587, 1.0984804823316248, 2.9824931481908235, 0.3609159671428395, 5.266022808814843, 3.515467248057969, 4.206848972515508, 4.211594804619823, 3.606390875777735, 2.8918257147712914, 0.4229123216403345, 1.8262936376143086, 1.0127119915943545, 0.371328293607133, 0.4965894655918346, 3.9465816841011696, 3.044833314828421, 7.334869726754294, 6.305731326769157, 7.025896269818073, 4.74725213905506, 6.659498065490042, 6.085430420997626, 10.769245192147016, 6.749437214420281, 8.214917343569939, 6.065222443682375, 5.964736614297618, 5.31992015090304, 4.818173398435838], [0.0, 0.0, 1.05390397865737, 3.4996883124095786, 18.6090859976808, 2.2162741510758894, 13.436091386433505, 7.9770521152017055, 18.849376784654343, 6.114614960128977, 13.221216630291018, 3.590511525736974, 13.513224405747497, 4.172425760014628, 13.437359687083667, 2.901089815364461, 10.545719723340335, 3.1607806589867904, 7.3994552920850065, 1.7334554701083602, 8.402665180805029, 3.855258152296826, 5.31908335513671, 1.3046140008685727, 3.5434209729838786, 3.1854788685950166, 4.295719648921526, 1.6209081453892467, 2.343055278948126, 1.1230353508006377, 1.657754491503434, 3.7072491299058012, 3.2510063408830634, 2.5245120682469215, 0.44072785971854483, 4.321262282216017, 6.076061234207809, 7.667956269291593, 6.620086935970667, 8.450001643770872, 5.358172285560693, 11.195227593745148, 6.488351260062143, 12.77716438632238, 6.2904161129955956, 9.140962234864261, 6.4943733049665555, 6.440786382002987, 5.281503497016145, 5.580782054994355], [0.0, 0.0, 0.2841822019187561, 1.9935074618204487, 17.123100483842705, 14.195006525771346, 10.466293765457788, 4.996208959761635, 15.69006967782898, 2.063538751365043, 10.025723896823937, 5.878104877510472, 15.093933779203844, 4.168096456540284, 13.79650277193188, 2.883437012484678, 10.760213594055772, 1.8761459824959066, 7.304084273654522, 0.8697759312454585, 5.098054391136967, 3.6346530583931758, 5.505830509722595, 2.056992562640393, 4.101394690288657, 1.55435689307513, 2.848171776302409, 1.1123594950554863, 4.2715254627839805, 0.9800642216008512, 0.8117598416700614, 0.6296105099909378, 1.9925970280875747, 2.7037093681931763, 4.423819348935056, 8.597416778460095, 7.355358154197307, 8.87666572206053, 7.7760571137013565, 8.198869854410251, 6.462172468157591, 11.611477556558743, 6.790420172763419, 12.198078790856856, 7.661972028876687, 8.764176417222878, 6.046457227519124, 6.215371861075, 6.842969918688731, 5.078370770219725], [0.0, 0.0, 0.2879846845718841, 0.3293569587530981, 0.04143893353843913, 1.6368416144509406, 1.3893687419657441, 0.779619326459246, 1.907775064142738, 7.334883408795665, 12.113202419454476, 9.168433525642966, 11.424071634098816, 7.252347582997973, 10.82234649395633, 7.587130203149324, 8.690473220273061, 6.767487686804796, 7.138088071655863, 5.1491682037241455, 3.805497147480552, 2.360967666696532, 1.3076978705725262, 1.3452755723731158, 1.5303600225330969, 1.2665263497687094, 0.725409542629099, 1.0676763361128228, 0.2688902407770255, 0.5789371426154117, 0.43043084306220847, 2.484298947026153, 0.37541605407307777, 2.8460002716042982, 0.5729947151872502, 7.28761194724197, 5.857989884105928, 7.463741789975441, 9.912157022707502, 10.377109263738298, 7.006936625807973, 9.99379563531222, 6.110746707427126, 10.05049959659824, 5.205750632475422, 13.313965866921793, 10.460041775845268, 9.167297346164464, 8.140787245188308, 7.531759229516681], [0.0, 0.0, 1.5526774578571099, 0.011651832694422305, 15.158225364369336, 12.225341483463076, 5.194534953024426, 0.3795490577159006, 8.706615268122787, 3.3864026855814693, 11.925670932073219, 1.670218150121555, 9.32290727595399, 1.496257029793131, 10.47676660303938, 1.725052744583164, 7.363201598490464, 0.5226926143865498, 4.911543879039643, 3.6628636387112605, 5.600266364782545, 1.8506370662511356, 3.233719326436383, 1.0663545745433096, 15.38981435664022, 1.2885571863408949, 5.196117163649765, 3.6484056595482794, 3.187653294725788, 1.6029302061123956, 3.074271682948798, 1.7653778753642269, 0.4179874062282562, 1.1336535965405024, 0.764650012284065, 2.8886233276221605, 1.2652345543775154, 2.2521612981618175, 5.5803555915492025, 5.927778195251534, 0.7961042552130537, 7.488845463342999, 4.061575060732377, 4.7370621658619205, 4.754318732048537, 7.349219586143462, 5.084283802364878, 4.046264215874346, 3.966388596542059, 3.444904217448536], [0.0, 0.0, 1.62919722109559, 0.14955912201996785, 0.502614515412747, 0.36679878567429247, 1.9572890242078287, 7.24928737831811, 10.590786413842142, 5.172533551364351, 2.5566558398561328, 2.748252489533697, 0.6175450054390638, 3.371983219263218, 2.185615842479201, 