{"initial_violation": [], "initial_duration": 35.17916226387024, "subsequent_violation": [[], [], [], [], [], [], [], [], []], "subsequent_comparison": [[0.0, 0.0, 4.987371356603799, 1.1534872640842317, 7.660230731185702, 11.278099601822019, 11.562797522123862, 9.905939959579758, 11.27013878964919, 4.164609445067166, 6.3964873261945145, 6.290183809337706, 5.4121558405898025, 3.4894389056474067, 4.465745783843169, 5.32670193735219, 3.6322781068520227, 7.991841195251167, 1.9646709576230332, 7.508270400576393, 5.5285632289984425, 9.08605309534237, 7.467197405035336, 5.242917039895385, 7.486731378452305, 4.193445777949264, 8.011337800077063, 2.205107048804593, 8.309812309640023, 1.2895800133174484, 9.856194621535787, 8.955247194067681, 8.019739261005855, 7.14389738251289, 5.849008810029537, 7.4854737000942935, 4.630219879098039, 6.0059265888287, 3.237546407659641, 4.688869038354916, 2.581292762737374, 3.749188461927611, 2.0513460730792223, 3.001186741906953, 1.2607152352606221, 2.2545451605609204, 0.9808562009784383, 1.7817644273036493, 0.3755517336753975, 1.2094719440264377, 0.1781902423435624, 1.0807317723883334, 0.3461394327945552, 0.38783360920961957, 0.12962768764115104, 0.48717525055724414], [0.0, 0.0, 4.7990442866958185, 1.5800163497151667, 18.587298354761757, 23.114348598631683, 12.357760098588276, 15.49878210399761, 31.23952474926718, 3.906904574244148, 15.091909064921499, 3.8496141618574993, 9.11504476375593, 2.875495367190744, 10.23549496718103, 14.225120607655661, 16.878526094393216, 14.092693090942166, 19.71882302918341, 2.2553283143204066, 17.188837119066367, 2.6483983334684664, 8.72116017945914, 13.035270550262258, 12.09366208580469, 12.294502483826559, 8.913887599990701, 11.952355334192013, 6.144911366578713, 9.92939970674487, 5.721419562287031, 8.46750658545463, 5.009534567934283, 7.085159688187094, 2.969958327510973, 1.890929855114798, 1.1254489380459372, 0.6380505616522406, 0.7603705351877912, 0.25168204167895253, 0.855212774996261, 0.47900955648232646, 0.9779271793906883, 2.6811356639169226, 0.6763050961792323, 1.8947128994490448, 0.712047695485853, 1.3641976535169327, 0.264334963146851, 1.0178129933236226, 0.11509223368222694, 0.8885866066116295, 0.11753758830519115, 0.6457511297376458, 0.0456274238002252, 0.1238409079684525], [0.0, 0.0, 2.8940364880603235, 11.689021721568288, 18.725903607783685, 23.81764773008702, 8.722110181929917, 12.486727944694744, 18.780468095789907, 19.197527208313463, 24.696990674635366, 24.00930698806234, 17.22161511125779, 16.705645023533265, 16.158979133019553, 15.989365619304072, 14.169347860950953, 16.883274323561885, 18.123447128107003, 16.39710398401038, 15.08013854683795, 14.712676143842556, 12.132917729222996, 13.972550230858255, 10.038750604957245, 12.412935487917895, 7.669365819977018, 11.363165394430956, 5.752437230495536, 9.178792162812528, 4.787076518726562, 8.410278681189006, 4.620558580986749, 6.448004325261263, 2.7974628252022766, 1.782692789244033, 0.6980099276743882, 0.9649390803373685, 0.8005370619358588, 0.3663682582901776, 0.6854722190345333, 0.16133082443958388, 0.8823713917430916, 0.1392415693611098, 0.9496201612328435, 0.6934971351154848, 0.9144798853935552, 0.20512205040157186, 0.8369633730965966, 0.15951618483989022, 1.044099710388672, 0.11110322036793162, 0.6912865753566402, 0.04154744914100773, 0.42397559457541795, 0.5175929667640917], [0.0, 0.0, 4.858961450934953, 1.162801145918378, 18.885553749135727, 15.759115470140134, 15.682764914926548, 7.5586092419972974, 8.261592614964023, 4.186779300094957, 7.8002875534779115, 0.9945249835388911, 6.519940077325949, 2.3694239124219867, 5.5810685216881, 1.988709259926653, 5.346764867213819, 0.7216621448824284, 3.7880073106271213, 2.1003429474072037, 4.361231538829485, 3.8977167123242142, 6.962965500327046, 4.125646614249785, 4.763078378968071, 1.9306223389522021, 3.9718016842444874, 2.095366076614008, 3.4342561179304747, 0.846835484867867, 2.210368508085536, 1.7430834497342371, 1.4488634169599481, 1.0241438068760487, 1.6355713077128082, 1.4420880479868068, 1.6957852540597689, 2.417258166299734, 1.0222891153367994, 1.2199843434706261, 0.842442957980143, 0.9174428463812502, 0.6135888717326039, 0.8758337444453749, 0.4549467178126661, 0.7451846127033288, 0.16359002073238074, 1.1594606760384087, 0.21061413021022773, 0.4348230047508944, 0.27591389706380803, 0.7809377866652453, 0.17175626990562093, 0.4619547614114219, 0.1356569270132351, 0.2172466120974097], [0.0, 0.0, 4.993356200597207, 7.89445315630121, 7.532016435942293, 7.907998935889653, 0.909718098788936, 4.00824664154168, 0.8849013112125546, 15.233923465648656, 2.4831057684566336, 7.113950637691121, 1.7099788978780162, 2.6846702120998693, 1.932003263263462, 3.3126622023649586, 2.65037678264065, 3.3364428408721043, 3.791417560581746, 0.28473887523386887, 2.2334498262606988, 2.426815641343251, 0.216995236139077, 3.0004191750654043, 1.3060162332728065, 4.269366151048935, 0.16660552910984258, 4.205049422592837, 1.2337808525829086, 5.783016661177999, 6.564461600376669, 3.8755110591887787, 5.956536812422612, 2.8551652514438004, 4.601811146313291, 3.223040662456862, 3.909126835983466, 2.997902051137732, 2.711253193830941, 1.6561568603751766, 2.651063138592431, 1.0305527793385016, 0.5797894550258552, 0.8681313764882123, 0.35175545726506285, 0.7814502609583208, 0.6212079759855387, 0.20175329624598476, 0.24905040871469297, 0.27218047728104733, 0.5307025979062359, 0.3896670417304542, 0.9249806437135172, 0.17873850424908747, 0.5271191474529644, 0.47979464986435183], [0.0, 0.0, 0.1217828316937583, 0.2871398000221206, 7.904351053505732, 8.097294847641635, 15.743530329524141, 3.925173683320519, 6.22848251014235, 4.5994778552464, 6.9193479276112395, 0.5949652575620145, 2.356743119429813, 4.569464153016678, 2.3426855379152416, 5.265904334653543, 2.11646488610079, 4.691952486332952, 0.047344392185246977, 2.7389821861678985, 1.6381904187715641, 2.418607324123365, 3.550082678869072, 1.8442195060864794, 2.153989010598966, 1.5575616032627788, 2.926307169923553, 0.20866536849838055, 3.6437427590824183, 1.0043657879752426, 2.930897114167856, 1.118806287176583, 2.5567433920939515, 0.13508263006391627, 1.9777279305249875, 1.5028096018837447, 1.901571689624591, 1.6404130905366534, 1.2255217667339764, 1.2975680903516766, 0.7593633977928425, 1.397336647408026, 0.7033935247007892, 1.1266370754396307, 0.5330691492698117, 0.8579158003277725, 0.302468283596514, 0.7828738919776395, 0.1455472872647904, 0.36622237449304057, 0.05858815900558821, 0.25017669090214917, 0.03950948669037403, 0.46700934702543645, 0.11521991143365802, 0.10274683252894586], [0.028692926838096194, 0.0, 4.830770487938247, 5.3032493178228854, 7.977616182121879, 3.286527144131632, 11.190426422395776, 3.930543299476921, 9.205827998021453, 4.951935321197662, 4.3450960683056215, 0.31041508181964833, 1.485272656036187, 0.27749684965869414, 0.2249890369437995, 0.21756520660428744, 1.0840673931581852, 1.0543679050297043, 2.5114951586901872, 0.7996862605982717, 1.976019665955721, 1.2876250899277855, 0.26947570322252595, 0.39561365796780446, 0.6885241686201988, 2.1439612888672155, 0.2283212271761159, 2.5827476507034186, 0.6856238118666659, 4.473674216400547, 1.8154099567690278, 4.102821988178479, 1.2681397750510417, 3.9221714809832586, 3.9450314606974892, 5.041012804279527, 3.909326404056457, 3.641828866756506, 3.107741318219697, 2.6199076169160818, 2.5556412344829385, 1.9510491298397228, 0.7905502231116668, 0.25866346481719654, 0.5225173812211104, 0.14714563833125002, 0.3315215266543431, 0.21771043273535734, 0.6567307604570891, 0.9941635920737473, 0.7727767394929898, 0.6487078672280205, 0.17239156534930072, 0.039850705323081874, 0.07155481655949025, 0.16009925005227557], [0.0, 0.0, 7.665991702344077, 2.8435146481520683, 8.311096763596135, 4.865015789940136, 5.068136190012381, 12.545680792415627, 15.757506821549983, 5.024915882301979, 4.247629157712298, 23.218133282668564, 21.079529277986467, 11.741481422541675, 21.018365191576237, 5.2004856116714855, 