{"initial_violation": [], "initial_duration": 34.64137935638428, "subsequent_violation": [[], [], [], [], [], [], [], [], []], "subsequent_comparison": [[0.0, 0.0, 0.42468897741396655, 0.052519941382683115, 0.885219625375598, 0.25173814064003974, 1.0533993598049218, 0.2674641275181516, 0.6280578546447558, 0.03125762706052801, 0.7998061910474659, 0.07846365715359678, 0.27204084987980426, 2.3408794128397292, 0.8112221448298244, 1.8194959565643483, 0.8402917879693719, 0.8113160579924283, 0.32125939287280536, 1.1351369989706326, 0.19396615584272558, 0.2437756416079335, 0.4652069820509298, 0.2080507944885898, 0.15720787430637143, 0.15942921423603726, 0.05252124358610775, 0.01348947849457, 0.03759609023784245, 0.02354484047382191, 0.1496035361971387, 0.02354485132983838, 0.14960356999551105, 0.02354486025537356, 0.14960361642493225, 0.02354486918090877, 0.14960366285435345, 0.1263015600661198, 0.04684694139198707, 0.1263016047078778, 0.04684695210796654, 0.12630164934963578, 0.04684696282394602, 0.1263016939913938, 0.0468469735399255, 0.1263017386331518, 0.04684698425590498, 0.12630178291984795, 0.14960343606860038, 0.023544390592583737, 0.14960348249802155, 0.02354439951811906, 0.14960352892744275, 0.023544408443654418, 0.14960357571526756, 0.023544417369189805, 0.1496036225030924, 0.02354442629472522, 0.14960366929091723, 0.023544435220260663, 0.1496037160787421, 0.02354444414579614, 0.14960376286656699, 0.023544453071331645, 0.14960380965439193, 0.12630167933644657, 0.04684655288787827, 0.12630172397820466, 0.04684656360385784, 0.1263017686199627], [2.5765313688793882e-05, 0.0, 0.08272448137355069, 0.18747032829393176, 1.2003489863058387, 0.3664359020484998, 0.551424105784212, 0.8864914222850169, 0.25065154570612896, 1.1872579275613047, 0.8332951171451726, 2.454303611948127, 2.3051644380139327, 2.2103550683045308, 1.9099942583802394, 1.8573391956603822, 1.1352942162754522, 1.0986488415042355, 0.827185647077089, 0.9430917237550579, 0.8146813589336716, 0.5797474592185594, 0.9214319141497779, 0.38752048313664467, 0.35596209261913125, 0.16670352369238958, 0.22135647945314166, 0.21103226781035306, 0.37604433090985084, 0.20353173916065367, 0.18023015348605134, 0.17219658101537855, 0.18023016841593228, 0.08039007110802351, 0.1802301930548116, 0.1436356424891622, 0.180230217693691, 0.14363569248815655, 0.18023024233257035, 0.1436357421317235, 0.18023026697144973, 0.14363579213071784, 0.18023029161032908, 0.14363584177428476, 0.1802303162492085, 0.14363589141785169, 0.1802303408880879, 0.14363594106141858, 0.18023036517390997, 0.1436359907049855, 0.1802303898127894, 0.14363604070397987, 0.18023041445166882, 0.20353203969053293, 0.16693778808038345, 0.20353206611835348, 0.180230463023313, 0.14363618963468058, 0.18023048730913507, 0.14363623963367497, 0.18023051159495715, 0.14363628963266936, 0.18023053588077925, 0.14363633927623626, 0.18023056016660133, 0.14363638891980318, 0.1802305848054808, 0.14363643891879757, 0.18023060944436026, 0.20353167468295183], [0.0, 0.0, 0.1045833725121192, 0.3156643895271698, 0.6138138138836207, 0.7123221417623375, 0.03924362983292066, 1.8810051277725388, 3.6611495628890336, 3.0934055793819075, 2.3313894373008517, 2.8074654596181543, 1.0117635613681562, 2.2846050564926434, 0.5339152839037431, 0.8495977214530223, 0.24845699032940805, 1.1317647523282846, 0.022126623161657193, 0.24506740634844165, 0.3260390913211969, 0.46363464259998555, 0.26515118830684903, 0.2023752179198698, 0.22853129214727266, 0.1716642390922928, 0.4070822507857777, 0.25430927312303364, 0.22048251480123016, 0.2353999043771032, 0.12007616264664818, 0.0850344406612075, 0.18332166707196731, 0.14828000656862636, 0.18332168921396017, 0.1482800579985643, 0.183321711355953, 0.14828010942850223, 0.1833217334979458, 0.1482801608584402, 0.18332175563993866, 0.14828021228837818, 0.18332177778193146, 0.14828026371831607, 0.18332179992392433, 0.1482803151482541, 0.18332182206591716, 0.148280366578192, 0.18332184385346761, 0.14828041800813, 0.18332186599546046, 0.14828046943806797, 0.18332188813745331, 0.14828052086800592, 0.18332190992500375, 0.1482805722979439, 0.1833219320669966, 0.14828062372788187, 0.18332195385454703, 0.1482806751578198, 0.18332197564209746, 0.14828072658775784, 0.18332199742964791, 0.14828077801769582, 0.18332201921719843, 0.1482808294476338, 0.1715824830445823, 0.20662399256232386, 0.17158253625854344, 0.14828093230750974], [2.5386803857752844e-05, 0.0, 0.11872548804410937, 0.695437089467796, 1.0505710962093093, 0.2431153334545157, 0.18724813875541435, 0.13436357294458473, 0.542293956735727, 0.5539668491652728, 0.7500809578290085, 2.3367490378339943, 3.399920271169728, 1.9278757929460753, 2.3343612040965764, 1.6948093556355768, 1.6156159217296417, 1.2059813130420551, 1.0262137536387665, 0.9382732625983737, 0.8901853138610161, 0.8363676112464021, 0.34126844197455514, 0.6080030990100984, 0.12193350267680281, 0.39738087700892727, 0.08240414811601365, 0.06459995122601142, 0.18939150006609118, 0.107129963545188, 0.2091288313778672, 0.04388451655932548, 0.2091288436413955, 0.043884528345270145, 0.20912886721064014, 0.043884540131214796, 0.20912889077988484, 0.04388455191715946, 0.20912891363670325, 0.04388456406010408, 0.2091289372059479, 0.04388457584604874, 0.20912896077519258, 0.0438845876319934, 0.20912898434443727, 0.043884599417938056, 0.20912900791368197, 0.04388461120388273, 0.20912903112777026, 0.04388462298982738, 0.20912905433974513, 0.04388463477577204, 0.20912907755383345, 0.043884646918716665, 0.2091291004127653, 0.043884658704661315, 0.20912912327169714, 0.04388467049060598, 0.20912914648578546, 0.04388468227655064, 0.06718798813119575, 0.23243066494480008, 0.06718800206583286, 0.2324306899449942, 0.06718801600046999, 0.043884717634384625, 0.20912923827455593, 0.04388472942032928, 0.20912926220107053, 0.2324307656601726], [0.0, 0.0, 0.614917046377195, 0.3183000799916633, 3.731814089363483, 4.908417805935623, 4.083592712387704, 4.9125081214300215, 2.7569081380518967, 0.40988912806428024, 0.7544303644434566, 0.5816654504069371, 0.9679533041691935, 0.5967374355077081, 1.116240043375916, 0.8463890134748939, 1.283023263870994, 0.1309840477559896, 0.8641248529253776, 0.12513705644250175, 0.9900637506122898, 0.7405728762592518, 0.6569418527370842, 0.5303303493495624, 0.17468284382399427, 0.4224564062425161, 0.15695843407872542, 0.4951353410943678, 0.4722760648132586, 0.07956805611816654, 0.0632892160278622, 0.1428127868976175, 0.17966543122242334, 0.14281281761224945, 0.11642106419024786, 0.14281284832688132, 0.11642109311509885, 0.14281287904151324, 0.11642112203994984, 0.14281290975614516, 0.11642115096480084, 0.14281294047077703, 0.1164211798896518, 0.14281297118540895, 0.1164212088145028, 0.14281300190004084, 0.11642123773935381, 0.14281303261467274, 0.11642126631894391, 0.14281306332930463, 0.11642129524379488, 0.14281309404393655, 0.11642132416864588, 0.14281312475856847, 0.11642135274823597, 0.1428131554732004, 0.11642138132782606, 0.14281318618783226, 0.11642140990741617, 0.14281321690246415, 0.11642143848700627, 0.1428132476170961, 0.1164214670665964, 0.14281327833172802, 0.1164214956461865, 0.13972127646030605, 0.11951410095550888, 0.1428133397609918, 0.1195135491974048, 0.14281278977211856], [3.992002246417273e-07, 0.0, 0.5801304037869339, 0.09154150673346476, 0.39603375100668375, 0.11455194549035987, 0.9258590523709387, 0.07577973691344836, 0.45238581671841593, 0.9276235246588584, 0.09590976961607943, 0.9303667951909443, 0.4608955252664169, 0.8637537806780424, 0.6548208029889113, 1.279526890427912, 1.089018929804186, 0.8233405231704806, 0.8592885402287115, 0.1696037810274858, 0.3288134026606897, 0.34856974495103915, 0.2060073913993303, 0.2529387689534337, 0.12373264728947425, 0.15489525021316863, 0.5200149003675042, 0.4300095888763039, 0.08906902142844828, 0.2537895328063746, 0.21931648214690683, 0.0708236910366381, 0.15607108522563, 0.1340692665124481, 0.15607113236734002, 0.13406931187044743, 0.15607117951102392, 0.13406935758463306, 