{"initial_violation": ["destination"], "initial_duration": 34.49111342430115, "subsequent_violation": [["destination"], ["destination"], ["destination"], ["destination"], ["destination"], ["destination"], ["destination"], ["destination"], ["destination"]], "subsequent_comparison": [[0.0, 0.0, 0.731503416596763, 1.7498684842756356, 2.5290016225337957, 20.581669278433495, 19.51980905423612, 27.415297652181202, 21.58041124932789, 24.73083865294086, 24.929306694081873, 22.241849250100486, 26.929874499619974, 1.6920502433213396, 3.4071263888545524, 1.1996411622766001, 6.8866629500424095, 0.07276333497567192, 2.5536128644039264, 0.6614695885548696, 0.9091772912221842, 2.575826535351193, 1.9647087353876909, 3.7373417935007476, 1.381092852243193, 0.10687694024588877, 1.463143289136787, 3.4964764306376686, 2.4687598199098035, 10.785619175340319, 4.977245932035904, 8.0824234704413, 2.103037082313895, 8.228063888448636, 1.0976132933189011, 8.177241616536538, 1.041073124317668, 11.019869133095606, 16.219994620718136, 11.065599484198867, 15.94292914908477, 17.29428570540116, 11.652657728299472, 19.824718710389142, 8.853676301264631, 22.53991096074928, 4.464880766503205], [0.04314992640331511, 0.0, 3.080275616239709, 5.8756654805310236, 0.1271810967967689, 4.387749134859632, 0.9008075907640379, 4.618323951917529, 2.4292803498303104, 5.128811427566799, 19.61920932941025, 7.8668085242137655, 18.011657706648137, 21.287664002854342, 20.475493766970608, 18.73427449905744, 17.883195318610532, 19.440301800706322, 20.31844400098017, 16.318411829300747, 17.89520197593922, 21.87386314562243, 14.627528382164252, 15.65371232153077, 16.776057061301707, 18.715876699992734, 17.09140343270164, 24.502294273568246, 13.14906822075462, 37.96360355041425, 5.108251362439231, 11.643163782146608, 8.642798740822183, 14.860294472868025, 8.960299242967947, 14.047624462205366, 5.484361999662996, 25.99257060723124, 14.347987120869849, 25.59372908111764, 6.58207587199797, 30.578983048663417, 1.3775040827336442, 21.60481046528449, 4.111317413255043, 25.589673195664364, 10.39615635202353], [0.0, 0.0, 6.824941567172918, 0.6085011019308141, 4.795108891014316, 2.687277856060284, 1.0646579311351994, 3.8638220882380776, 1.6951309293648593, 1.8629956148165432, 15.303246184490094, 35.588084444308095, 13.429791393126756, 22.06545919624965, 13.141132800298566, 23.035094361675384, 9.026622492431557, 25.21976953445339, 12.003758725817235, 24.334787651273157, 12.210501762694223, 28.454570614506082, 10.835955827125469, 21.108832585384484, 10.929511717968468, 24.110183021941047, 13.712268219636243, 18.507462547872333, 23.2486612339709, 10.866712180206921, 7.9767027041202745, 9.372370871806167, 8.519333266455552, 7.3932942066847716, 20.666323211747095, 23.158169100559117, 20.515201876882514, 22.469837609162973, 10.853536688863286, 21.69019168711852, 16.089348749765197, 30.63089280004186, 16.730208246408107, 27.742304132413977, 14.50067064281879, 23.72142328338498, 1.2991644076713378], [0.0, 0.0, 3.3255905441718823, 0.9448201444035226, 8.616308033694672, 4.718567221929221, 0.6256325533372339, 34.153048045971474, 22.01461540825239, 33.623827994997725, 28.9616254124035, 35.107167678911914, 25.069329997568897, 22.87281671102024, 25.535504023102096, 20.962645756053956, 14.567516088114418, 1.5543581116667002, 7.571143174077567, 0.7252182405510859, 4.025313844300857, 1.8842353383924701, 4.306891207466366, 5.7856722850052025, 15.622394496211555, 27.07505130453631, 18.453873083741314, 25.63632289162372, 15.093285912646738, 38.30592734732107, 17.86936061294563, 35.87290591240546, 15.53653950585242, 13.313677763673883, 15.415888670617397, 11.540729214421503, 11.795164735741164, 19.970557525664464, 15.414538244115665, 13.181528111063486, 3.2464603293885697, 30.408639323067383, 4.925013748858179, 27.486262754561295, 5.594604716166701, 28.645172857860633, 6.53717966409144], [0.0, 0.0, 6.718848090743063, 0.8516452839623806, 3.79240932640008, 25.500784736916884, 19.513428840703558, 18.547870655160075, 17.338488013638184, 22.962474945542183, 9.463856426818879, 11.365067400013892, 2.274940842363067, 1.6832899136939683, 2.0000113903262595, 21.542181551402926, 6.702583527960354, 17.76609772701004, 13.460368147445937, 16.20548121381843, 13.814878844323857, 20.256086962059687, 8.599524990461761, 4.804761557702539, 5.269285538126511, 3.5027285147438776, 4.70736407880707, 1.9856766682441387, 0.34327934271866495, 30.440654159344934, 16.916927073863604, 27.839114917849702, 17.034220408391093, 26.475508687331747, 17.58728149798149, 25.426704761790475, 19.86251478885852, 24.72721831613177, 12.772373779903448, 23.369985149606713, 6.860758110650046, 6.0550525347213915, 6.769803142219152, 4.778962638098681, 2.635315364875534, 5.995463111390485, 16.456493131863333], [0.0, 0.0, 6.714278996412734, 0.8937471211571164, 4.542820901150655, 3.9669220290916414, 0.420714112432389, 4.649622490511722, 7.273365843464467, 5.883941517252378, 5.551769392495344, 3.1748339437122377, 9.29974592019914, 30.56365420322043, 15.068620433197907, 27.92286616058206, 12.594937125258234, 27.533842697038647, 13.613138309328658, 25.152967565258443, 15.685451081220819, 25.85384770565133, 15.385669253848134, 5.259041117145524, 10.059309976424109, 7.88061314695715, 11.776822942124108, 9.747028843545818, 11.909517901930137, 12.701909955787638, 8.425343038561179, 8.807390101013862, 9.336302866568884, 38.42448298386774, 8.690133385456171, 36.49775218709157, 7.664117245769593, 39.41789584849615, 7.365338466568892, 32.993363406735746, 12.458765160290463, 17.954279638982452, 19.470805078946057, 19.725558660495803, 13.189678844714486, 14.619221281506727, 13.40449728414737], [0.0, 0.0, 7.088759344745552, 6.078045768920816, 4.696005511583185, 12.287669400270984, 20.892682221524847, 17.469431342149484, 31.905804474500215, 14.956966244737504, 0.47243359901053633, 4.469881670791901, 8.056789126752046, 9.155249051773485, 13.15766348383349, 12.216847917728233, 17.544631699446015, 6.166312532670151, 22.71732571777837, 3.320026700294363, 8.798206293709022, 1.876290951248247, 12.003404836364897, 9.076023306167192, 14.681333557899478, 7.355857629945564, 19.87222140477679, 11.241249571631107, 15.34010191540362, 29.475177657033964, 15.739964376226474, 17.903599895704108, 19.005135271736474, 15.370549845344787, 3.04212870045667, 12.104838348262238, 1.1127548310191724, 12.06131387158984, 0.25866917369622033, 8.310391990087345, 6.839112741030205, 18.731871299001014, 6.415949875956642, 15.64937110822018, 8.737945496987, 16.115766383425054, 3.2563322024706682], [0.0, 0.0, 4.138990490548932, 5.83916501808269, 4.533859716431211, 21.973175187515327, 20.55474910032713, 28.833146216111786, 28.243738900852186, 2.559835231421583, 5.478138447501993, 5.524912837069089, 27.772112071714897, 22.17030440489645, 28.249393225595856, 4.316619667451585, 6.115163137948623, 9.94808777414278, 0.7321759053164765, 22.58941189224902, 23.808783483224808, 21.45519329560688, 29.60736762407284, 11.31001280475665, 0.7573790713693008, 13.502068563355992, 5.57880688308849, 17.685074133130353, 20.01045293624418, 25.46640539215621, 34.20155828441081, 20.62895562456632, 34.628913330647705, 18.554166280526807, 34.08927483240164, 5.789250676073517, 2.5518456805141363, 6.493362155297469, 1.1028064916071847, 7.836075348750084, 3.796002477932426, 23.085262214185146, 9.058344975761466, 17.714094076083978, 27.324584914574235, 23.90299327075862, 19.38109061233775], [0.0, 0.0, 4.141275632287825, 0.541991789443708, 3.5014557141611813, 4.059746014592506, 11.297219305247285, 3.0075319914137775, 7.571295570989877, 10.962994196639283, 15.201422847497792, 1.186533574022147, 13.361164307730032, 14.217388245966049, 16.809385707556896, 12.959636510845874, 12.697853770040876, 10.097310281437254, 16.81652200072754, 7.968157846458902, 14.20267868533459, 9.942140275116062, 13.173479419307068, 3.6769320732508652, 10.407072606266977, 7.0798838172136, 10.17745307527496, 13.585483209942257, 12.780827087439656, 21.73665559987588, 4.640850149528373, 