{"initial_violation": [], "initial_duration": 34.74937701225281, "subsequent_violation": [[], [], [], [], [], [], [], [], []], "subsequent_comparison": [[0.04559559617232334, 0.0, 10.323165054068998, 18.305817807231072, 14.90670534900872, 10.105615828540937, 31.011310234306578, 22.15912432158065, 1.079187526771112, 6.2640083506580275, 0.08174175761208118, 10.110321872505663, 2.1353423506469658, 12.665733395408333, 19.572223764391428, 12.4136087170506, 22.055228877762087, 9.50089129745906, 1.4100415577484344, 7.966731234287927, 18.08198551761478, 8.621431537241007, 17.815165360868278, 5.2100204326662585, 4.16823221802671, 3.9952960546576364, 5.468178202844956, 6.681354937203396, 12.077961131093106, 3.006765071714653, 13.141911095260594, 4.421727795496155, 2.761119679067365, 3.1717323192657028, 8.377336209054125, 1.3393624975875256, 0.7680145697954601, 3.1610182456677283, 5.083079405900903, 0.8093418381736764, 4.462645542256052, 2.0089299288458817, 0.9538713926705297, 0.7500081532757867, 2.886601261006919, 1.550335032761789, 0.39331381347210553, 1.5307847726907862, 1.2934149381417526, 0.3135076470922352], [0.04559559617232334, 0.0, 0.27924173535302427, 0.5479385131149525, 0.07908085009651432, 3.616071204994546, 0.19644213485309334, 12.45432946270323, 3.1964414756502957, 7.920467799638594, 1.5650711138213202, 9.95659013692916, 0.8863868254174175, 4.835157065048437, 0.4813908093044473, 5.391312726621267, 2.562683416115448, 5.00465761419986, 0.0945631420194593, 6.411236982123533, 3.156792032809499, 8.087037702892923, 2.0759904752671363, 5.781416615258453, 3.8579094779849163, 5.519946528787765, 5.362735957035885, 6.306844965933458, 3.367471429934629, 5.831267420417593, 2.8670620464539898, 5.057896110191043, 5.982054139249962, 4.113505314073118, 6.314834931524911, 3.0373674757598788, 4.746541515433897, 1.1582657875220403, 0.4187563374309263, 0.25066258679592146, 0.1687079475947667, 0.1739238549922508, 0.8302280941141484, 0.0440262944842033, 0.2913189804759115, 0.0512362162648482, 0.20481131392190283, 0.31623579416684633, 0.12788691583500825, 0.07271448385211463], [0.04559559617232334, 0.0, 2.881838222508279, 7.503514452906575, 3.6528387638069173, 4.020018193232305, 11.232348479606308, 5.85776447161918, 10.53827466951825, 8.205180981989091, 7.668380379833948, 11.747246757592393, 4.497441670314786, 8.754852568935567, 7.433049096478639, 7.698518356932794, 6.605348434115101, 7.495536562478327, 4.772260833422311, 6.495247058906698, 13.234519270113532, 11.594369384055124, 11.498959772959449, 10.107263950694286, 12.351873892339846, 10.292684988501794, 11.158767012658487, 6.000733428492001, 8.47364930267564, 3.9180137154682275, 6.612146057567922, 4.3412922368504665, 5.166522084742773, 3.553651441570559, 5.245622545497318, 2.5057043646858053, 3.307364137277026, 1.5208053002071222, 3.199675106537252, 0.8635004314363494, 0.053570975522589964, 0.10043951179494434, 0.09821899273300175, 0.2772799495615671, 0.19080423169064323, 0.9126713268421581, 0.8111827664446152, 0.5345735737079743, 0.6845182302749724, 0.7782453976518974], [0.04559559617232334, 0.0, 0.4071269312580144, 7.713503870281014, 4.720625201680593, 3.9759971881355476, 0.23252203865726373, 12.275159231599305, 9.735069847483237, 6.196715204525531, 9.006157138653558, 8.899786146941912, 10.056252913916627, 6.806293894633262, 10.824041170641763, 4.663015387243791, 11.581734902521672, 4.751533804855441, 8.208732793187522, 4.023309343641844, 4.59720082302723, 3.16717196155823, 6.518167953530251, 2.942848725529423, 2.344131122684683, 3.6166044005757714, 1.5076009394743033, 3.2197353291062636, 2.627611196412421, 3.1340494264924152, 2.0069814343462684, 2.5258284958101447, 1.267025659757216, 7.601400187858474, 4.249612098999867, 5.1078819243541735, 3.481155734837282, 3.1276631676221363, 0.9701527634747054, 0.7273754435200726, 0.5811252215654205, 0.5966374492150147, 1.060461754168764, 1.219438497318729, 0.9713057798652823, 0.945232025584513, 0.45462285186543616, 0.333983641235159, 0.7518768740760303, 0.8492399594955401], [0.04559559617232334, 0.0, 2.9401550650393933, 3.3322482002992997, 3.4064952188992073, 11.698736817233275, 11.386767085278894, 6.4041723622219955, 9.876767742808314, 8.820487686043434, 7.203318076184033, 9.196797434934902, 1.4929849529385755, 1.9749234149848642, 0.26846958219671846, 3.175193552010478, 0.5442463599707243, 4.940310198679139, 1.9841371918146797, 2.6244667576620904, 3.505974460553356, 2.2161752455288486, 2.1769407080021357, 2.6220204298313354, 3.2012491709928907, 2.4030056672977085, 2.9657292469601084, 2.5711290685518917, 2.2401596950324123, 1.4843397466958088, 1.5914539159426246, 0.9744635812349128, 1.7011438966882677, 1.2609237464120575, 1.5177824731946619, 3.1074715982438583, 1.1339084301282885, 1.825180470291831, 1.075760404065147, 1.2727501922266986, 0.9433714463106224, 0.9900473952133407, 0.936908721275259, 0.821285304336515, 0.6674010349848499, 0.9201887272156198, 0.2454569105738968, 0.23615402456838938, 0.6081768056606726, 0.7185864309270709], [0.04559559617232334, 0.0, 7.500418302679345, 7.5159954944856135, 3.9323103184093497, 3.7808038558794106, 10.551978248771265, 11.799671441350739, 4.598710542066344, 4.596143656108092, 0.9012191462422096, 6.06292370261321, 2.5082636799100118, 1.7270182697614838, 26.136867639296554, 10.186127721311726, 20.842825020437527, 11.531373644712799, 18.379091974836992, 8.986757807763231, 17.56628584085135, 12.221081761146174, 13.853444714395481, 9.914583238815467, 14.468187214672925, 10.70435674109005, 11.944965746031881, 7.281835865338398, 9.734377954668338, 6.580593382907496, 7.759955008914776, 5.239111724165123, 5.778017356230769, 4.041841225998471, 6.133918226310131, 1.4728197208404787, 1.1591927406604166, 0.9172404156658207, 0.16250895073560645, 0.6055921093366358, 0.7650990942561127, 0.1254978325738683, 0.21443418328567762, 0.30534294601419476, 0.6757287346059796, 0.9477197364944036, 0.6574879797449917, 0.3340214455267061, 0.8884760259527774, 0.9971062565354282], [0.04559559617232334, 0.0, 7.417373502891769, 7.6893054690741, 3.032316335870829, 20.728161071284248, 19.06214540427718, 30.276668796836166, 6.708899056412648, 9.239252437200962, 6.474133625557043, 10.664082330956813, 1.7794606905526413, 4.857268446606978, 0.2799038530178781, 4.715297635431698, 3.0494720011519765, 3.6085069013913604, 3.6161231022611764, 1.8646048916806308, 3.0550044908956915, 3.250574792382022, 4.387459084967677, 2.67641322908064, 3.0394410668351077, 2.4650788733865783, 2.265771215599871, 2.521751744470823, 1.5681352574661271, 3.0378051574533758, 0.9030342418706874, 3.4706126605554997, 4.342450957884167, 7.972113943845824, 4.82457798913752, 5.248139873783034, 3.6752244907208906, 3.4006395396213063, 3.227920360263691, 0.5845884994802563, 0.9156420186853601, 0.1001157710214278, 1.057269051113693, 0.3084759316054114, 1.0243942097204763, 1.0953672487258035, 0.9691014891456156, 0.6253425042374404, 0.9306662375395912, 1.0289801477593752], [0.04559559617232334, 0.0, 7.43293913329327, 0.19255582846693584, 4.613469198957794, 8.147444582108593, 10.35068898720783, 11.884751239829932, 17.46089505576791, 7.335743583998647, 7.3732329018088025, 9.656353250986617, 2.568105303623503, 4.194266862752174, 3.4443007913610852, 4.693532018762968, 0.4860568705518243, 3.25510912845372, 0.8742468189758174, 18.660564920482447, 8.667749045044872, 17.124923973541165, 6.722286952498092, 15.507420773497367, 7.456189614832767, 12.573743081624933, 6.797086776319121, 8.710403477832092, 5.698741781186946, 7.078215129875426, 4.704575799346275, 3.992853043758756, 1.4134151302765072, 2.0898014624537202, 0.09579535936917259, 4.65764923148295, 1.2232475053143652, 2.6628162220290763, 1.8965600589559297, 1.4510266113052472, 0.8906177168734084, 0.9312017060415092, 0.8636188123078937, 0.8278252092735336, 0.6654831174560142, 0.8990242135000304, 0.34923633816789856, 0.3895180974912798, 0.3578170059485184, 0.4450386867613066], [0.04559559617232334, 0.0, 11.839783614490628, 22.433772516351457, 15.247958088626259, 