{"initial_violation": [], "initial_duration": 34.49999976158142, "subsequent_violation": [[], ["destination"], ["destination"], [], [], [], [], [], ["destination"]], "subsequent_comparison": [[0.0, 0.0, 0.587902849232936, 2.747956664880279, 4.027992366879279, 18.017148545488453, 23.883174822361187, 15.03044400172217, 24.33326651898745, 16.99961358062462, 8.96252984530435, 23.179567811427187, 11.469462561144558, 13.201281679722811, 19.22557089846389, 28.48935408475797, 10.303606079327528, 26.045375482692542, 11.220201030412051, 6.802898080361898, 9.518478357539912, 7.582542410591202, 12.916237819832965, 14.868001786996498, 8.74696494014609, 11.919064024286566, 8.31423032719276, 11.721570224878338, 7.198492435417432, 10.945415044453675, 5.0398442149010565, 12.157250520987175, 3.3033998747102844, 2.7135797269477067, 0.922456485853801, 2.7503412355576216, 1.4109453130860643, 3.422347388675193, 0.9295053080003637, 3.056801070686539, 0.5591258256350509, 3.086600298225197, 0.775429086256527, 2.6919287260730105, 0.9560615598269676, 3.0357495015251126, 0.5866332095705297, 3.3313227628122153, 2.833865892865329], [0.0, 0.0, 0.051225970961175676, 2.443237015158831, 3.037345166109024, 0.3298086518467736, 14.268527615397938, 21.937882738164564, 23.76527422665998, 16.45705712228091, 4.965222230745719, 9.936401875941018, 8.379196742076347, 8.96023759202125, 6.17898719854481, 9.865076408686008, 5.798264427224597, 6.647976433055679, 5.503504562715297, 4.182490600272339, 3.8472283347227347, 1.977347343278412, 0.4015634307415648, 1.6873912721104654, 6.047778055988893, 9.877521562875723, 6.787108795204634, 8.475219588766478, 7.177459961762807, 8.618778005160845, 7.118911186647476, 9.160481498531734, 7.629665574965866, 7.9877590603080435, 5.299081193153356, 6.939509819187745, 4.59456603666816, 6.766014138276787, 5.05005025969341, 5.790087209776575, 5.850100096030007, 4.567718144696505, 6.339975964872002, 3.2728558403385173, 5.193616980689968, 2.850727428586769, 4.680745737954682, 1.6963892157571125, 4.881939760050928], [0.0, 0.0, 0.010620383228795788, 4.907275949370845, 3.351195721756577, 7.04202915388459, 12.431598488295842, 5.41143144531932, 16.125667075055844, 25.429008105508924, 21.066265321808718, 18.4334844744908, 21.018163394446027, 15.23595388435127, 20.582833027211127, 16.089759870764734, 20.480221577776604, 14.550122077068076, 19.90463944432223, 11.694693865729056, 16.90323879381449, 8.737219021348906, 16.223027554859485, 2.9188736230647683, 13.11342089226639, 1.509656440105464, 12.983054788862324, 1.0524791582746125, 4.3846877709480525, 0.8001123535926881, 3.119541248022332, 3.9017972994771877, 9.30726422857088, 2.89689749668656, 6.922890468181801, 3.2589006075390348, 5.638574301177295, 3.6572664129727275, 2.312284047252024, 2.4443655423940944, 2.86316968332566, 1.8457452751339682, 2.8637147279733686, 1.3876363067193143, 2.07925425784597, 1.22333805808776, 2.3311280363747695, 0.765305483138511, 4.241422434338557], [0.0, 0.0, 0.063358584039118, 2.7368652688043706, 3.356707601557281, 3.647791240604401, 0.43782684892796647, 2.396048518012719, 16.052819679445395, 23.462076488045298, 18.570707891242932, 18.285838294468107, 17.47959733997996, 21.040230915584075, 19.109977127668348, 20.358597579794885, 2.952584091641574, 13.429733888004938, 4.868941875577835, 7.906770560915902, 3.490054180173047, 5.6576198672469085, 0.414914550017948, 3.351865670523385, 1.086166638672863, 1.1373612854249342, 0.7412868788004813, 0.6161311739608974, 2.6550008240163567, 0.2867324559916545, 2.355147600346997, 0.6550268378768662, 2.522848846300916, 0.3568339626586974, 1.950916763562746, 0.7570635252111035, 2.0396578122739792, 1.0693028268863427, 2.5816034957827347, 0.2843905651648978, 2.8663985958879463, 4.406463046645675, 4.9120912482445185, 3.942777352995408, 4.028071306465274, 3.581717514184501, 3.9321646982529215, 2.830146748254448, 3.204409580652455], [0.0, 9.065465243198195, 4.697494987076002, 10.931542913654125, 14.211190708625569, 26.895569397746762, 14.374536338832005, 14.34700289742975, 2.113358213523162, 9.72196050859325, 5.295079723694691, 3.363807014390288, 14.756404443759061, 15.683177187359249, 18.94801337558679, 12.9619054169791, 8.433351746316909, 4.718505186093106, 10.352460427817274, 11.615605449727765, 10.929799132160511, 6.116779719986798, 7.829023517244655, 4.015224038358159, 5.5368996775002435, 1.6576982014683144, 6.914629527372291, 3.202074018295053, 9.684528222282895, 2.5876326133095007, 9.680303957748086, 3.101196629757126, 11.236875055911739, 0.42014301281784905, 4.183401626519967, 2.7740284152548202, 4.70421951481531, 1.7577901662287523, 7.2395909176710145, 1.8305434976973054, 7.979728940695184, 1.4775099723191736, 8.488843909870432, 2.4227479090771267, 3.1897506486651115, 2.0031517707273663, 3.7929347736605084, 2.4270616639509135, 5.019475232058473], [0.0, 0.0, 0.14438695321264672, 2.8140728546721845, 0.8930495059274709, 14.820450931646484, 23.80617274054355, 13.798563786853629, 32.37002939956387, 7.508107225418403, 2.501106730776602, 2.5341727403014946, 1.401754040755894, 3.476055415525929, 0.41793725569311746, 3.2537497315949633, 2.5880379316967432, 3.4525221565229764, 1.7137703943704188, 2.3144141493494557, 1.622443449000457, 2.146551199004333, 0.5876542452284567, 2.2925791271453106, 1.5778022727401966, 1.1947933481411697, 0.6880132444465691, 0.5082257064079507, 0.23404191609764213, 1.751182485584254, 0.4324149196244651, 5.930968371989523, 7.2242315005818725, 5.781240518536035, 6.2994164029193715, 5.373796700090373, 5.222940568645306, 5.953926688648609, 4.7244208633930995, 5.635366179563005, 4.342876210620088, 5.194457898980384, 4.267946974384836, 0.5925068392627584, 1.7889797428717955, 1.0570272820079658, 1.6713654535462512, 1.031984012324092, 1.0218723500820164], [0.0, 0.0, 0.021784541497780044, 3.05154139859303, 4.312416701297613, 18.28337119780038, 20.74158802144131, 14.26785099176411, 22.1489992386928, 23.66321255082091, 19.723437493534664, 20.742455818352948, 21.791688511933703, 23.691051853935356, 22.60947664654288, 23.861212440757257, 19.108221310235685, 21.00960475062468, 17.812845021240655, 19.26807108612981, 15.059448935267463, 16.094312300515085, 14.245584379116783, 11.192430369317547, 7.553099400083088, 9.372953887717777, 4.359684033599341, 10.106469180103176, 1.5977259426203785, 2.2664922132761367, 1.6438600845742222, 5.454342045860229, 1.1575122607044965, 4.805247044704555, 0.16356364029001608, 4.493580076136781, 3.0184082899044764, 5.227124665321287, 2.81663707303052, 4.729145292984942, 2.1082899114339315, 4.477789451743995, 1.840665443931562, 3.9041348527061697, 1.0532110338298355, 3.7404511004563936, 1.0340920509756093, 2.4500008970513765, 1.682509356014198], [0.0, 0.0, 0.352751182657517, 2.4432532136180343, 0.08279220589724696, 7.48256435354779, 3.2216898548292425, 3.4616241306236546, 1.1411421535081387, 9.077762271891588, 4.012387488004018, 4.647705177823762, 0.6216629563961753, 3.7960397925033704, 0.18863348287739537, 5.693633151771547, 0.07509692195580557, 7.568024005043841, 2.4633840244917766, 5.798841215648291, 1.6883646986602192, 6.1222328568805064, 0.5132244259739681, 4.362257461544701, 1.2692080863592512, 2.1625637585918183, 1.7403281956784697, 2.831720758176293, 2.222276641179737, 2.8848536075107307, 1.5820364082031342, 5.620322687716821, 7.111239272846463, 6.7771032049483955, 6.088400965952871, 5.94604375131923, 5.12910955970459, 6.400362059844379, 5.129159727705981, 6.40811871565945, 5.367803924340115, 5.626244822719953, 4.916904293992212, 5.10206980197383, 3.8921832564170282, 4.893067712031424, 3.754968812009696, 3.594998234265814, 3.140374600778723], [0.0, 0.0, 0.010833074659239376, 5.489399454735186, 0.24982243545151012, 3.391767366338025, 5.115516849042776, 6.138328198338878, 4.863363682249283, 8.258337839839903, 2.0027785716308375, 5.753838316940295, 3.61745062720416, 7.11662851424111, 3.149042585116602, 9.175437042928666, 2.7325546877424802, 7.096865189952507, 5.990839547525977, 4.902191666359206, 3.644388051299247, 