{"initial_violation": ["destination"], "initial_duration": 34.81131458282471, "subsequent_violation": [[], [], [], [], [], [], ["destination"], ["destination"], []], "subsequent_comparison": [[0.0, 0.0, 4.666637800463162, 0.3103581454684508, 0.18610165652730976, 15.378075995959701, 17.20527655206508, 15.779106475310778, 27.3965076620869, 17.15050043344444, 26.636580293040662, 15.074781603817097, 20.79169157420911, 15.760922575583173, 17.024352278422192, 16.900045110710984, 6.102249155226813, 9.06401096808616, 7.570029197638819, 5.99750387306146, 5.223580023719076, 8.11093525004441, 2.9202504696631544, 7.314878015739852, 2.131724160943456, 4.5123610858989105, 2.901725429100281, 2.9595174095883903, 2.6557908208650955, 1.218240468903988, 0.4197244355212448, 0.32356881965658046, 5.651509167543787, 2.0622840339686968, 4.573325283428935, 3.019590469204862, 3.3539883425951706, 3.984705811185482, 0.568789152781885, 1.1370225566397236, 0.5133113840885322, 0.19308799086086545, 1.1856152579104726, 0.2134259237547942, 2.3499943602268236, 1.8097140729928605, 1.923236398927603, 2.196656292508342], [1.8213704477035837e-07, 0.0, 10.064147312066824, 25.274502982004414, 5.180318893955438, 0.019654060255561427, 9.017307805336602, 13.3809798118553, 24.947046374620857, 16.024117569347247, 23.60393493299268, 12.626609978808064, 21.89919374572951, 10.821458040939197, 20.641509845613232, 9.853624648142722, 21.90566683270838, 9.741180091964102, 0.5089814695363426, 0.3150872712764375, 2.536515242246057, 1.7687376516358717, 2.6880881360980426, 9.322185637568667, 5.777246277227359, 7.654300759610301, 7.01959971033052, 4.940736520453208, 6.487290413819486, 1.5719865165442983, 0.7256186892221324, 0.35429072973275016, 0.21281724874815708, 0.31596857314839993, 0.32254083918405174, 1.197543650986836, 0.9143320769424926, 3.5641732503656907, 2.77592801942884, 3.1908009260741395, 1.8215164465921867, 3.196409474354626, 1.69950760580031, 2.6662236020629964, 1.6798702607968652, 2.08044450344813, 1.7293832799582982, 1.7936317996782214], [1.8213704477035837e-07, 0.0, 10.318798330601057, 10.687792612275672, 23.28745584346369, 22.989077296367142, 7.51201382815906, 12.897416358920502, 20.627054095916588, 7.817696156785457, 26.763795217972003, 2.995968532702332, 9.26030300036688, 2.413299989078572, 8.400024359077138, 4.920812792334448, 9.893237306529926, 7.766667353596485, 19.58321523012975, 7.24000129245372, 23.038806523175268, 4.518059033491403, 3.706449082314167, 4.760030878298095, 3.598328505313536, 5.977074441708184, 9.055745907633728, 3.0336915182610307, 9.604470307769828, 2.9884548696912248, 0.7894737752151325, 2.8982200675575167, 1.2469352137927938, 1.7410025527364088, 1.1902417430929841, 2.334640150719019, 1.9695358669054173, 2.8266292558473656, 2.301478922225572, 3.1999083350528963, 1.397962737502818, 2.4919092902741853, 1.4924760181825791, 2.611699236532011, 1.2695744569703888, 2.064135996354269, 1.483279389897411, 1.011427046799239], [0.0, 0.0, 0.031076340717373713, 0.3492490335162173, 0.5837315073821431, 4.924396057374558, 0.13926695412043494, 0.16968604989602223, 0.13837919834271467, 0.5460315096316888, 0.9733176502783533, 0.37388332406832975, 1.9104233784912208, 3.7427537922469467, 4.207313802889029, 8.720793562772975, 24.988098212223335, 11.234513062714782, 20.534763807316217, 10.51157845078263, 17.65968043751819, 7.297464636291325, 14.391843710247167, 4.379496632791747, 11.944819052228857, 2.8725702213745072, 9.624405020443922, 1.844311884598558, 7.6289828241784665, 4.005005355932432, 5.432546958688952, 3.8945805395035333, 2.0844547526134614, 1.0282538374533037, 0.3743353284701811, 0.7654304829452286, 0.4075536775027706, 0.6700953928117863, 1.3403206352805253, 2.476314855082353, 1.8429680824678953, 3.146134970308898, 1.0010834002109332, 0.8250106562748973, 1.0887051578276918, 1.243863711197207, 1.5978145930152021, 1.5269317783014151], [0.0, 0.0, 0.04356393986905447, 1.4464474785563075, 8.10277603888924, 4.6413153383641035, 0.32855392405273426, 0.7237046405583396, 3.709931619566479, 0.5672493708811763, 6.478696336304772, 1.5065879843896863, 6.689366148557275, 0.31831974034801547, 1.3167323967456417, 0.10617939826185038, 1.9334568285840046, 4.766065239971778, 21.210788400861777, 7.042759787857337, 15.400421448460529, 5.766280621986656, 11.749475944055698, 5.5479159118692305, 7.521620711449197, 4.201402582620948, 5.9421117483408326, 4.889855264500637, 4.354683965715512, 0.8900470544562764, 2.2803142510362693, 0.9879480641768503, 0.6757674492225436, 1.127966261078518, 3.6919967484533682, 1.8488035969687828, 3.2601738962029887, 2.9612562466646026, 2.8461268517170986, 1.7303024113144296, 0.6964629451854333, 0.5131310132624121, 0.9786914289012888, 1.3945608476507472, 2.2139270467918184, 1.715263553868517, 1.7168362456130322, 0.9807849671528333], [0.0, 0.0, 0.21633375542513816, 7.244058828989417, 7.727355877543564, 0.19402737134078388, 9.148498973444449, 16.507059907157654, 23.265863346897948, 16.485647982534875, 25.673595919937434, 16.120392838741516, 21.696827570962103, 16.225655514813578, 18.100609704516316, 19.34346798223433, 16.75753733946311, 10.199545109539372, 1.9068844815415313, 8.458370720208917, 1.067098538605582, 7.51711018176312, 1.0921611986548774, 6.799463879754812, 0.7903503188448466, 2.3309028719524285, 1.420729898847986, 1.765015097440216, 0.2490037556314962, 0.22912734896786544, 2.0138995746623296, 3.959185035190452, 4.934477580804468, 4.520738573448911, 3.191343268476869, 4.364542264321881, 0.1754573439102814, 0.9877985316239505, 0.3995116315825182, 0.1813427666039797, 1.533909638325956, 2.617911124986741, 2.2518572562209638, 2.613256799082395, 1.1780789311429145, 2.6448100948695172, 0.9692231390813039, 0.23381944169260915], [0.0, 0.0, 4.677055420738253, 0.1818004874476203, 4.788305213806362, 12.295128662419888, 20.56792183127393, 13.696941381452579, 22.872420385443558, 16.557320891737675, 24.921565803893795, 15.949717790395823, 24.575930127649364, 14.818420028190426, 17.87458746250175, 12.821648683160996, 18.458004814430698, 14.928463565890809, 17.48255216115196, 12.336437844645086, 14.83526857831806, 11.882690414319379, 11.090480692539517, 8.911000792304874, 6.6665570267620975, 5.832677768792166, 5.996249121796826, 5.346592478712861, 3.9542174565081636, 6.918132283371653, 1.699472093915626, 1.0101314271509527, 0.5644174710230125, 1.117986319285867, 0.7961206487002028, 1.0888851134898765, 3.5075780920269346, 2.585871122262798, 3.0218658935141858, 2.4762017625824444, 1.2764022897933873, 3.4460388041323373, 0.8490905608204992, 2.7017061793774246, 0.4123901385875419, 0.5632376615699435, 0.47769693244119155, 0.50325944461658], [0.0, 0.0, 7.2685593008661336, 0.29873845195556775, 4.779305244573141, 15.374436391707137, 19.003018163907935, 24.562758739800206, 19.62842330347009, 22.99297538444473, 10.766487295808105, 0.46337019641586763, 4.702245065189745, 1.984156295938812, 0.19372806460363232, 4.552208384204444, 19.212207360114853, 8.953456929515802, 18.393755256500196, 9.852356539194316, 13.956730843129282, 8.955938618248826, 11.413979970919454, 6.028435259752992, 7.67040858130494, 5.0766581357736555, 7.099816585616348, 4.84523462035159, 5.8886028345551775, 5.880214568184198, 3.661265415439344, 1.7428970260119305, 1.493893334424776, 0.8928047773604211, 0.40631516664136574, 0.6431967327510324, 0.3933461374622583, 0.8489678952680058, 0.5338883038415376, 1.6284237795433443, 2.1643232227924933, 1.7339049541454103, 1.4465228753874413, 1.5308716034170091, 1.0388320386508412, 1.3044941833663382, 1.4905422792319811, 1.0972231581792178], [0.0, 0.0, 0.6840376124786917, 0.3498591127032162, 0.05721057097601473, 12.527281954780635, 8.16010326024653, 15.448686043017513, 37.12423084230283, 16.23546923143556, 32.66132352880949, 14.87632921928293, 32.689110523190294, 15.719178516690992, 28.828923723315143, 13.286618141355559, 32.02460070692874, 13.187277780165923, 28.754130327881867, 15.439725312814701, 23.938830108881263, 12.020978473328753, 19.52286661419368, 10.293656165247542, 