{"initial_violation": [], "initial_duration": 34.76903748512268, "subsequent_violation": [[], [], [], [], [], [], [], [], []], "subsequent_comparison": [[0.0, 0.0, 7.709997711400055, 0.2509285280444842, 7.944553611785792, 0.4288139466401227, 11.058074613564116, 0.4490739267570638, 9.046102904822432, 1.0716550559762867, 5.25778668898405, 0.04318950047984878, 3.125040296774065, 2.3336379507175464, 2.154312843703237, 2.140641550506778, 1.921491754696795, 5.6173243437764535, 0.7673598899919342, 4.857915927414548, 2.69899983007303, 6.703511021957368, 4.121859556891092, 6.973169787434515, 3.1746606247549964, 9.162568483864776, 4.83627890433967, 10.007019110246183, 3.6784061264684773, 6.990243478612899, 3.5224817580904086, 7.371156822480018, 3.638331353161284, 7.86291896371058, 2.547103125871414, 6.041982328265954, 1.7261636281527764, 5.42205288251954, 0.9448237255062776, 4.091129815790014, 0.7227340287668964, 3.136913832721971, 0.2293979995096603, 2.2567680865128854, 0.7916925755191844, 1.7063892873599056, 0.3119268960717173, 1.3478548987595464, 0.6134965235079661, 1.1613026893623573, 0.1812238475375576, 0.6937320095779385, 0.0766077148874404, 0.10041049432108383], [0.0, 0.0, 5.077180333420931, 8.027685579123832, 0.15478996591347524, 0.0320590521772619, 5.9443958808798625, 1.5170079497182436, 4.209671289166172, 11.38911697787776, 2.1405999335035895, 32.69888391427328, 21.57212960606839, 30.0708424669133, 18.14449219137871, 24.1425260091021, 18.05520384618734, 23.442308370794652, 14.438692500578266, 6.184528836784224, 2.4552593617713656, 4.19636792082264, 2.767576781202637, 4.334987102258985, 0.656804992619351, 2.68907731605236, 9.77692693829541, 2.37503216317368, 0.10704310368740372, 3.135018042320972, 0.855384742339303, 1.9435942023964812, 1.59570158184623, 1.3473517130645638, 1.5924642470862702, 1.6711997212698249, 0.8936753504157927, 0.7094174440137058, 0.8691252238507882, 1.3393528521811842, 0.15333873043440083, 0.8269818380686589, 0.3890110830546817, 0.9963933616243733, 0.7528264893134716, 1.5583615792253889, 1.533006301335453, 1.611537813483509, 1.4900198018389001, 1.059637159504181, 1.576881881435699, 0.936458050196305, 0.9995039603982789, 0.35312978567637215], [0.0, 0.0, 7.937373373749315, 12.227853270705474, 30.834058801371242, 16.149152761008676, 20.075909271665143, 28.56257120743179, 14.712168978580706, 37.333999858796936, 18.27487722322175, 35.214698148080764, 1.5440401478626875, 5.6712764111712195, 0.859840866933917, 3.1122783104584504, 0.8399237423272539, 0.2341578601483767, 7.750241192290789, 3.628148871798364, 8.778671141465432, 5.962649593339288, 10.14613805284516, 4.112890810080844, 7.973637800434926, 4.313096166223001, 9.001585514156696, 16.889033960295695, 12.28727615579397, 13.637191026059636, 6.7674841470102, 11.750010452956738, 7.404269317951738, 11.545751147677496, 5.851482571698473, 9.128037801380385, 4.1465538275460725, 7.817702259158292, 4.025636491137659, 5.7893702522661, 2.8270455804030035, 4.492795561147025, 2.066812644958594, 1.7251811471946106, 1.8204131351540278, 2.5536238700241713, 1.3274496341664348, 1.7918715936979988, 1.1929174754324605, 1.3844329109470246, 1.2261432765674671, 0.8250043318648665, 0.9022638079219963, 0.7723844339564004], [0.0, 0.0, 0.484557879723921, 1.8220010923825873, 26.30902331239528, 12.218810241513017, 16.441974256059783, 13.766073073289153, 26.442258677702917, 21.47701155095559, 27.217583436651456, 20.057940704288495, 26.3330928508518, 24.006560339480075, 21.742696303756567, 17.17039485284609, 22.75612261383586, 18.347448987726494, 20.48838690031836, 17.26856595519327, 15.649013341031639, 16.940693811339543, 13.759364026293557, 17.53657999008234, 11.478891881353617, 17.867289306773635, 7.8299693524745555, 16.359137157000937, 7.851360063628753, 12.670665446442827, 5.596053949440724, 12.12212152316593, 0.944632883583757, 0.43408449917734526, 2.2413643326530788, 1.0788388706263965, 2.7315904956254893, 1.4188072554223967, 2.861341724741816, 1.366593365694098, 2.455303479256479, 3.413875250594662, 2.6275060263124597, 2.725492023003728, 2.208738433534009, 2.0968146823063263, 1.2971873104542722, 1.6802664094019022, 1.0521020517683293, 0.370823013313854, 0.8145464597498584, 0.35736116202837664, 0.8337316624788335, 0.8345194057677149], [0.0, 0.0, 2.9322965866701227, 2.167958077933309, 26.084274263372357, 4.09785454896946, 23.481850519640027, 6.33470284393748, 8.130802609657875, 0.5806520283670115, 8.375323132281439, 0.5018130619902469, 7.395257496043413, 2.287540582846762, 4.816714281476782, 0.7922110637132699, 9.039304954938077, 0.024449367840065548, 7.9107071924575285, 0.34947633807541484, 6.359283558455506, 1.9347773630515297, 5.883525947761407, 0.4030455520985702, 5.984881692467207, 1.0367941661586637, 5.88083483058207, 0.2885384779972958, 4.921017228902912, 2.1994067160592246, 8.01488391270091, 6.368375567773011, 7.14689053521047, 4.755206642807366, 6.271951296242287, 3.509486334124688, 5.57659173420883, 2.4135561325697945, 5.240132363395723, 1.3089999663939749, 4.418185808082748, 0.9729861149226214, 3.6303047225417697, 0.26592868021297933, 0.7323524465935124, 0.7224838276028004, 0.5980459466741118, 0.5626785657480677, 0.7246012494852405, 1.0183728616320413, 0.4741193375830231, 1.2844936591291627, 0.8471781128960998, 0.8219711907317917], [0.0, 0.0, 0.46628728117189705, 0.15167487338309882, 0.20545937015499804, 0.1854951238203836, 6.088030632529441, 25.47392579356885, 26.778467235946284, 28.01309219137428, 29.4745285141837, 3.347000576226415, 12.060173420593188, 5.575314859475462, 4.639050241602772, 5.827320064206159, 1.031978996539751, 5.2459354600904184, 18.19643715308099, 18.538052589021703, 16.018758658821685, 20.16124608796621, 16.68652257505101, 18.235994383839085, 18.540763325721315, 0.9550976625850404, 2.412260808768594, 2.0434917869156264, 0.8902652718569029, 4.289402159075668, 9.901815963822349, 10.71805078831652, 8.502963384650528, 9.10032201523738, 7.423386416932646, 6.051136599205279, 7.529494994525084, 4.499044007646872, 1.336700079023411, 0.543311701283547, 0.7816570107780908, 0.6399665150811465, 0.26258277087511034, 0.9088147702960341, 0.7229371848834285, 1.1977344737461355, 0.6423609686100558, 1.3840217314704275, 0.8479823500780121, 0.6825164725593662, 1.0310786598295383, 0.2535508651891822, 1.0629427397595044, 0.9298974122723127], [0.0, 0.0, 2.7608791453088406, 7.897904905165827, 8.277695157854835, 22.30198307303539, 6.166991592999378, 28.901430338273393, 25.0503034721992, 11.220053556011647, 1.1567591164703246, 0.9137762828566214, 17.898133311417922, 20.735472286989946, 0.2992981818959826, 1.9266607839347856, 4.049122964889076, 2.3468067228021745, 12.785681012419895, 14.523866673981553, 15.592794117566184, 13.36028712889525, 2.383683236526018, 1.2390021898019652, 1.6290685009708241, 1.2949303214518384, 13.151471916025779, 13.016336106695027, 12.402290594450932, 8.12403842197412, 0.25497566926173504, 1.7305811142119203, 0.8228758788475133, 2.2523263283954718, 0.9871685409602081, 6.283215661397537, 5.948512088009092, 3.607447858707926, 6.8463968181870944, 0.9086058807823763, 0.34724251636513737, 1.4658386210390228, 0.8005866260271999, 2.1298072938366923, 2.7664501490768867, 1.0830267037484682, 2.6101342133299092, 0.6474818333245498, 0.17364239721154945, 1.4637060191625453, 0.12699781082103537, 1.4277897818483252, 1.1728589764580308, 0.34904656822574676], [0.0, 0.0, 3.639875856912035, 8.426915962665559, 18.462375508256116, 20.986323499642694, 12.704933814168346, 25.110496748453343, 15.59851294165143, 28.155349367374157, 21.230410294272453, 28.625424722115103, 15.502307583834085, 26.877837443107307, 14.923527420243564, 20.303101582728, 16.014339563563595, 21.553246987022938, 14.36009573691813, 21.83539408610789, 10.094100553962425, 24.722487582744048, 9.237424365276365, 22.695358895019016, 9.41435176568227, 22.57973284590773, 5.179225259489025, 3.1748221375388304, 3.529289957758739, 16.27094855473208, 2.706271440347508, 4.136027031878499, 3.2533477297058484, 5.103342955917363, 