{"initial_violation": [], "initial_duration": 34.821412086486816, "subsequent_violation": [[], [], [], [], [], [], [], [], []], "subsequent_comparison": [[3.0632161923629874e-05, 0.0, 12.667455891648963, 0.7277634926915645, 4.459567182472606, 3.0928875854387083, 7.77197110904206, 12.065136964721347, 5.224547725486276, 5.786839932980534, 1.4863740719876881, 5.429720626733388, 0.6862855460096104, 5.2888210561820035, 1.509540044573334, 3.930913297753448, 8.012619365445836, 6.643405581133743, 7.868352295895951, 4.994115814040591, 5.460398664489064, 3.333868541386074, 6.162056316054421, 2.859936547740328, 6.445621151108072, 3.1735837804380553, 3.5617032661816497, 3.023691255402258, 3.70764988229644, 2.4258956461182537, 2.220235708559409, 1.6662745274397885, 1.5244175712410182, 1.2755156020243272, 0.9882559447266898, 1.2876432286116761, 0.675614312265352, 1.265383398218102, 1.1215811803691613, 0.8077768313456386, 0.9056081294125133, 1.117697459434758, 0.326736764820958, 0.6107719486087974, 0.17593544557666213, 0.46877807589223686, 0.06902659910028824, 0.33000338512767163, 0.23056171292273792, 0.10140627553196196, 0.08212590950711629, 0.011620554142231806, 0.15099835676667714, 0.06751167077251401], [0.0, 0.0, 3.587389687427278, 0.6646671987025421, 15.647857204274969, 4.924694724425292, 2.454548837701976, 15.36206646616518, 1.8453408427444145, 4.0090049534695815, 3.806736773070064, 5.070621851241755, 5.929728949842135, 3.809275439727337, 8.107380734819696, 2.3686476245803663, 4.50417973293718, 6.1462423219068665, 5.396877818516254, 4.5253234545609065, 4.7953016877000225, 3.8338094377148515, 4.189324571837829, 2.5115641325878357, 2.4838132639243145, 2.8428098503961965, 2.867769715094446, 1.7772726611975014, 1.051598653896704, 0.7309975171893643, 1.1522825055090118, 0.50322455285205, 1.137820172876971, 0.16565743013645812, 0.9901204617598677, 0.4409509044972527, 1.0388789111432202, 0.19000835077079367, 0.23278098493821414, 0.11317225453873121, 0.16255756518854556, 0.255947945769454, 0.4078524012659224, 0.22549181002368848, 0.08691945877225142, 0.09182892981557426, 0.06511241727066146, 0.42451522652392976, 0.08095131760329582, 0.06955356187143445, 0.09700019841552883, 0.10579382063925845, 0.0319231310258872, 0.0448458551629029], [0.0, 0.0, 4.973906411384615, 1.326866337523633, 4.618235244657084, 9.903488917490455, 16.07713085846932, 24.14690868322023, 10.546205678520522, 17.50404065259069, 7.082474801765327, 16.940033733391733, 5.9226830199600204, 14.618194706681928, 5.138108220475301, 14.715916483466879, 4.371652608544917, 12.862847586843953, 1.4742421336289289, 11.924304263390145, 0.6963267945235354, 8.639051157461235, 1.9086531079049431, 6.287507373989497, 0.933932573138249, 5.817890205084095, 0.39292842786819787, 4.4746056768806195, 0.7065028454440156, 2.8751018088284703, 0.6888946899395106, 1.9372620636156797, 0.31966156971283594, 1.6553070475460683, 0.2855016143389995, 1.3104418079242761, 0.42960726770077734, 1.201663792646474, 0.2514130690241603, 0.8281586458097584, 0.3673493727047764, 1.006362510550063, 0.31280145043668256, 0.42047580354417813, 0.28025773306746793, 0.24927533215687786, 0.38296452764261374, 0.35962790172337317, 0.34743484165606675, 0.07453015387569434, 0.10615045177180961, 0.03471223336702217, 0.10226272516163668, 0.03446473902199653], [0.0, 0.0, 0.056740727568078214, 7.591977044528053, 7.826984107256561, 9.605332171567529, 13.572482810368504, 17.172220661855853, 22.895750731303373, 9.93307445836825, 17.602943808399125, 8.319780917541902, 17.49907712292179, 8.017692595068086, 13.809319351662737, 5.720653591587372, 13.490217064031635, 5.209649059535107, 11.830765465873723, 2.0175469928507375, 2.3465114169174046, 0.5956839977184741, 0.8985488268672099, 0.9857631995507024, 0.9314735001770759, 0.46597877995411585, 0.7987493821518687, 0.5182122063555401, 0.21995084735768772, 0.11945581621273134, 0.3701443437351288, 0.944678430626813, 1.8479043088620524, 0.7628880176719013, 1.4848536719853378, 0.7604631416904126, 0.12928382306685435, 0.985305333165095, 0.5041017804939354, 0.22868411648330858, 0.8842273168563499, 0.5174604087787147, 0.23451072183185803, 0.5133312158703918, 0.1899079628598148, 0.32442784842625005, 0.06945916793829962, 0.367824985382493, 0.4131677154908957, 0.01797084239581213, 0.26329865835517186, 0.12543257436556376, 0.2591966755203074, 0.18848933498728224], [0.0, 0.0, 5.033499780823978, 7.724831173039337, 0.7112958340464188, 8.049946614878074, 15.777786851958362, 24.21924027341672, 16.189512376454875, 17.08067925804308, 12.495546462788097, 16.601528663058247, 9.17875548902259, 16.022743827174107, 7.442719466598386, 15.679123550285459, 8.080562110336658, 15.519447562118895, 5.618469464373998, 13.139800528935835, 2.5252500787790506, 10.158243822514997, 2.29780946435625, 8.619123020715076, 1.5205256341048405, 1.2085641102839844, 2.6813735288575624, 1.4959780937279363, 1.0148446630703019, 4.05211837789385, 1.1434571544640022, 2.928783404179727, 1.2806888759138129, 1.1150010948227644, 0.8309567820757735, 1.5889313443736683, 0.7905529779404878, 1.28151455541602, 0.7239681626328575, 0.2774194506693571, 0.6111141524193854, 0.3383049977434165, 0.577648182853168, 0.5723808964018207, 0.2327722098898548, 0.3209704227381674, 0.2299087835902695, 0.3583138512141277, 0.37859719758747135, 0.3755697014364995, 0.22830914469641544, 0.09215514383019431, 0.22439272431873564, 0.15466348862481097], [0.0, 0.0, 0.16660789578640867, 7.553124772842514, 4.621205678999061, 12.763664914320605, 15.366810166612346, 23.34492706017812, 21.951515985262745, 10.865252953097983, 18.11869440857787, 7.837782642092971, 14.3591697180046, 6.477754818352685, 11.54879374528187, 5.161066404388726, 11.88334192509094, 3.985500078601965, 8.948503736433606, 5.252829367757693, 9.893205469817259, 1.6853583574928146, 1.4994389119123295, 3.9155735131968914, 1.7317038959159174, 3.368227446440648, 2.172369447548554, 4.668056705537114, 2.2556002036121625, 4.818335151763778, 3.6453929118344575, 0.8481127782141392, 2.811817998077709, 0.9229603962461993, 2.1802631524075924, 0.24052391461091913, 1.9156117488042046, 0.09115235107829489, 1.848535974620197, 0.1474869546498121, 1.5913734826572952, 1.0994931336209723, 0.2510862506121942, 0.854219514601193, 0.27313876377141194, 0.8361670877632001, 0.20014131599759769, 0.5290787013969958, 0.4122467141320907, 0.4246756562073252, 0.4308309283189551, 0.3639593938932211, 0.34838581051111617, 0.35042102365079647], [0.0, 0.0, 7.612608703551031, 7.555729532624881, 8.028860940659529, 12.807742639296572, 13.215692103508173, 18.930031427061955, 4.502257970140276, 0.593064721189392, 2.807100931659271, 1.0013329343803308, 2.1670117246532032, 1.6340203308338028, 2.5152054534607573, 3.7867365884884827, 4.529975658962758, 4.000910683208058, 3.7775374573581697, 4.78322486653649, 2.889185393427334, 5.169604612829595, 7.138293115829847, 1.6654801806442627, 7.506073578720416, 1.1486588183852409, 6.23490780893957, 1.288402041338565, 0.9034599704696177, 2.9824838859505474, 0.5671256169377433, 2.9326784502373675, 0.7389884681244969, 2.7197691026895727, 0.2616226884817532, 2.6434906837431016, 1.5171913075490178, 0.39330431424052315, 1.2980022332665175, 0.10284886402448429, 0.07095991409437236, 1.0829477438080095, 0.1481063737068329, 0.93468263218426, 0.7863955396529797, 0.06793123186722784, 0.5695811128599962, 0.1332248909336975, 0.5071302190461104, 0.43459091867227656, 0.06629625410187812, 0.3606867300203543, 0.34253177637733184, 0.34597246770040724], [0.0, 0.0, 12.612034166086671, 0.504677165306763, 4.468356448432948, 4.929265628442595, 5.411223844026897, 0.6330211704903838, 5.823595078180241, 0.5610126245092868, 9.03592352992536, 13.494716212829902, 7.992090511092291, 11.627834215280133, 7.391959060210256, 10.492168817821081, 8.788874095711224, 10.910740813510785, 7.8323619612003545, 8.266341000037421, 7.862638438635791, 0.4932653615303995, 2.4586558336383355, 0.8026455859761868, 1.4548240026623993, 1.1139646251758089, 1.0780923897656172, 1.8759747221078062, 