{"initial_violation": [], "initial_duration": 34.52972054481506, "subsequent_violation": [[], [], [], [], [], [], [], [], []], "subsequent_comparison": [[0.0, 0.0, 0.243299216563421, 7.36530736379789, 4.963996907404416, 0.4221991793847917, 15.276674182057732, 12.45257624305815, 0.8188699613665323, 4.342266956036061, 4.518745624618403, 5.684750094600237, 15.661281906728904, 13.610678876822375, 14.593713146847051, 14.496486948074278, 14.386798297542702, 14.813763105388235, 12.749345854883291, 12.978285314923895, 11.806232256314587, 12.915510315161505, 9.151051096675562, 13.238723934218505, 8.853269934836447, 12.477674196359645, 7.308810493307691, 10.021495283565832, 4.8686417962328115, 8.468949598337344, 4.111699048815359, 7.082394787578049, 3.0176367185705963, 5.141847026660831, 1.9382310569078611, 4.275527411778085, 1.4275588019910812, 3.141430120253245, 0.5467621234393198, 0.1772227232605279, 0.31770200196282555, 0.19644328872921057, 0.9782803031718055, 0.2723688787938782, 0.15116032347816583, 0.2068885349624626, 0.8138072675121837, 0.0988644397140407, 0.13734263468462402, 0.1402720108870258, 0.06944249081078277, 0.1492423788855265, 0.03290662647066445, 0.07274206753878312, 0.053024796268881895, 0.0643383705323018, 0.09342870352329284, 0.055857127549790005, 0.08373121686720517], [0.0, 0.0, 3.3883779786119685, 7.876632445791933, 7.185462873036961, 3.4419921905287643, 9.730166208354452, 3.8957971235789683, 12.502116438502226, 15.551552371744453, 13.334844051774338, 11.418979998699445, 14.50982994446508, 10.058322241388609, 4.31391458830291, 5.685747547975569, 3.74205312066028, 4.6180732162657465, 5.366898589193309, 1.9631372477355293, 5.138671163739402, 1.5356649627393253, 7.613378780537827, 8.9139080106741, 9.318050525790813, 7.781971768160231, 9.214375194583422, 6.037711054568218, 7.931849997244419, 4.614443541761598, 8.180686560975136, 3.8216803310776277, 7.570305736130101, 2.3236005204160524, 5.602468492749551, 1.605588038679703, 4.1050661539269635, 1.246420130917065, 2.983465640619849, 1.076307560152609, 2.3249264341988125, 1.128063650571319, 1.633136567478929, 0.8285527511811701, 1.276119822860569, 0.9014034487777731, 1.057740667823652, 0.9603187274431911, 1.024913440885577, 0.08868439749529998, 0.17811618725809572, 0.4590734045971969, 0.1068758150497251, 0.07182310603616501, 0.057259291024994295, 0.055253495601636456, 0.021153360864093203, 0.057442629013682266, 0.01875115001405605], [0.0, 0.0, 7.858816225621672, 7.811391699596863, 10.480210050379851, 3.144963689472692, 6.2862580910737655, 12.270121114551886, 1.9361962816702463, 6.900138333799516, 0.8739016581543546, 4.939254373845284, 0.5521584558770609, 5.917599422876509, 0.5871988228897937, 5.299834049881203, 0.4355801066432582, 7.068304131669098, 3.409470148617742, 5.517117664040367, 1.37868211380849, 6.302669382453901, 1.6855417605079028, 7.0298783646422365, 7.789118655576802, 7.947351610046148, 6.41251648988639, 7.3410692709555985, 4.540941543477368, 6.637054267158255, 3.3485124607778474, 0.11113998763081448, 0.8364680034979775, 1.1820888569198404, 0.3428035820013372, 1.671667321020074, 0.4106334523315449, 1.463822550125888, 0.7002651241700842, 1.6922112542661016, 0.9551425321176941, 1.4377807457202723, 0.08250114954708143, 1.4038342862679227, 0.254538467652696, 1.415557230752601, 0.2889194234415734, 0.9299551936016452, 0.21926961931785763, 1.2191844026750431, 0.31679980333772073, 0.4812344526612302, 0.25543651847690635, 0.47996376245117334, 0.35826387283183364, 0.4200571256630443, 0.3378046242403343, 0.33851355712562314, 0.19030561695155715], [0.0, 0.0, 0.2606800747656578, 0.028591255622821558, 0.4920067383000302, 7.560862976905822, 11.876121705238623, 12.439808079881432, 5.955796961935439, 17.680498948305043, 17.561252245611033, 19.224157274904353, 13.255917577093712, 22.05753081661049, 12.111209804588354, 20.73247225163789, 9.782977050267434, 1.4496532072730646, 2.811011171142257, 2.0336608542612793, 2.240200668735576, 1.6937570884410287, 2.2266918144302887, 4.016734967299846, 2.7358867501540187, 4.922203543211003, 3.02259328110301, 8.87645217587555, 4.630378736578627, 8.847231190192032, 3.1029954579346155, 0.6678280682634755, 0.2260026665223433, 0.5927955810162349, 0.3600423751286952, 0.8147908335340738, 0.7491476550494771, 0.9940481518444602, 0.7515144514338679, 1.120406292043673, 1.0937148518524376, 1.4773051903443728, 0.46326516345297913, 1.18542755046483, 0.3722944422368062, 1.2646427690342403, 0.8303743028842716, 0.8432494640716408, 0.16533733071604623, 0.9942834787100316, 0.221762401431267, 0.5076190424300326, 0.10699784005552528, 0.352324221205384, 0.10891346861843954, 0.41807214017859345, 0.1963194044804457, 0.3670622942270982, 0.20306791262235036], [0.034840582423312845, 0.0, 0.13347381170955971, 0.25505751688467715, 4.820048961945188, 7.554460648922699, 10.502317791937125, 7.971577846559577, 3.947954815280361, 4.362836730157752, 4.992869701830906, 12.781205378651592, 15.901176551430229, 16.87240468372009, 14.778598539587092, 16.630544951742767, 14.73308598136878, 15.615013056071096, 11.74529186383374, 14.460048661654799, 7.921649405608858, 14.36291146713742, 6.0809430296246445, 1.9966868400650204, 0.3210629715507638, 3.261514844666257, 1.1928264653795295, 3.0449842445942537, 2.4737180992674115, 2.5993507463944296, 2.7089739072508494, 2.240123671827585, 5.15211690765577, 4.971825980103337, 3.0015661262726163, 4.328707324117458, 2.06037711964603, 3.3306674240067045, 1.7331771445234265, 3.2856878718830376, 1.4358403941353108, 0.15431659282738294, 1.1500160685744487, 0.4000114239034265, 1.017070962139464, 0.6578619020463117, 0.9335483521807977, 1.1571706955351917, 0.8549955384779524, 1.3038724948425289, 0.4110678580139567, 0.9797237765773815, 0.21112273314110877, 0.6368975308011838, 0.13600547200772942, 0.40161837720165855, 0.5434315349228109, 0.35018039123553696, 0.15967853145924088], [0.0, 0.0, 0.3103988185293012, 0.9965266622031445, 0.9535241659150347, 4.914827781411729, 20.663753109038062, 16.428325237280642, 18.90705597790882, 18.269623112121593, 11.595546228999556, 18.009772020356436, 9.18307983719654, 20.623307202204554, 9.338781947582154, 1.2565959880898587, 1.1658997834607676, 5.535922938210376, 2.686938981582035, 5.321661175969764, 2.630005597234757, 10.565319702625725, 8.148678185985002, 10.763563740923324, 7.455407083463905, 9.765934681185565, 5.461134190803017, 9.006925813131028, 3.0754266711823273, 7.929260118029701, 0.9818192364333223, 1.6933172976236466, 0.15729806811397917, 1.6905930422245685, 0.7951018047923286, 1.6160686872763272, 0.8413497788776491, 1.7927501198516504, 1.618102658455328, 1.88785911989042, 0.9409719004314507, 1.9534690953316902, 0.12363577829288767, 0.606635821947656, 0.41538327443096396, 0.9977920370542286, 0.5373645045473987, 0.8269122903214424, 0.32848244622369865, 0.8924720350043094, 0.33301102689881296, 0.6416628309599202, 0.09364636699998925, 0.6256859178254154, 0.022812428062795754, 0.41945226664780333, 0.046098247539416784, 0.3389821063501642, 0.05029331321132538], [0.0, 0.0, 0.2578301532298129, 7.7231906251701545, 5.107439267573934, 0.09768074451015145, 11.139881726871977, 15.436443464102618, 19.360685190896557, 16.46605137031279, 12.604200225241158, 17.431607571868476, 9.122287436653666, 0.8865642543556376, 3.210012101310839, 1.7906052432724995, 0.977910135143658, 3.840380872464342, 2.913050009805696, 4.277706567640128, 1.3956400102904896, 6.36437556718659, 2.7016082990613075, 10.091177837160323, 8.350687655212269, 9.34245409746482, 5.785241404477269, 8.036697407223725, 3.3315993885218, 7.728975961420643, 1.1893840775321014, 1.0254404964650239, 0.4034471408213904, 1.3700246361981139, 1.014129399719558, 1.8297761624585285, 2.25120592071394, 2.014550230989664, 1.5497208727494127, 2.064023015000201, 0.999745982147501, 2.0763523215819677, 0.28077276332616596, 0.4290099972271287, 0.3754122536010191, 0.7621202544929541, 0.513734338579027, 0.7626394889948833, 0.5140021815196196, 0.43531708471764874, 0.3924800397408577, 0.2647720718752471, 