{"initial_violation": ["destination"], "initial_duration": 34.43982815742493, "subsequent_violation": [["destination"], ["destination"], ["destination"], ["destination"], ["destination"], ["destination"], ["destination"], ["destination"], ["destination"]], "subsequent_comparison": [[0.0, 0.0, 6.307424828856761, 0.1309707451467741, 2.732867337844304, 5.789523019268886, 3.9235991501454524, 7.380116264531523, 23.729900818565252, 17.51914229136113, 25.8006094340974, 32.25528767251145, 22.557904118928313, 35.32756218584371, 17.339836383585798, 0.4676450489815669, 0.9723262755032464, 3.924928482422692, 1.4059755567277126, 7.374278720363727, 29.42280395630683, 24.675594827363984, 28.318745233408176, 29.134122280861458, 25.982237753736833, 30.43646765492214, 21.958629622000778, 32.4481412746018, 19.068075500263873, 3.9163991304850327, 1.413639497483443, 3.6511105211734662, 3.8514399581422962, 7.485544925671956, 4.625490100515071, 13.472182724417317, 31.09368099090575, 36.165931672178075, 28.08964611747842, 40.816611397352844, 23.25443088952395, 3.0851630043927782, 5.743237378482296, 8.420443833236847, 7.00080905928091, 9.260397552000258, 9.263174963833562, 15.374754404715127, 11.698349569770222, 12.842644947979112, 15.276003091258566, 37.83858470779072, 22.641966760468147, 36.82425018666867, 23.596200677028396, 32.48453840251076, 19.0660288302227, 38.46896436644978, 18.77225944570302, 35.98933036856681, 22.577168360304373, 5.464822456960351, 32.83726077852051, 8.15886591559471, 47.93512895048057, 22.35474219623238, 63.66598145247766, 32.17498075431776], [0.0, 0.0, 0.2668915470080887, 0.24359385192475116, 0.2198780707783721, 0.10452803103382463, 0.3197641138970202, 2.291968665933155, 1.8217105963045128, 0.4658856765765465, 6.393097652937114, 8.958821822346431, 5.251332915583904, 3.2257894971409784, 1.0462318408697135, 5.586141868211659, 3.199263780165519, 6.142145022200954, 0.7206770778165428, 9.258553727458102, 1.5721738113758135, 9.763630233460805, 0.27231425358621447, 10.835854947729308, 2.699860518644884, 24.239637294897125, 29.67606484159449, 25.383119246577724, 28.550445293815468, 28.64025403320703, 23.479664989787224, 29.321645831603266, 20.361626469479393, 31.096030220691624, 23.056533360015464, 37.44043843781222, 23.78349667513698, 39.76385013867391, 3.7512209157383607, 6.348096948923526, 0.5893028534550281, 7.813464750700321, 0.510168118099042, 12.098487384019812, 5.395454474170375, 12.498253547609519, 6.120730306165479, 31.694035510876066, 23.503865787698807, 30.45281402857029, 23.549621537857366, 32.8651340973179, 18.988357751950197, 34.99481297637383, 21.022227458489997, 31.93632733929927, 19.779989634245737, 33.93031379881435, 17.36575424181642, 38.669454555435536, 20.27405844256771, 41.29699654005928, 3.0029986597206872, 5.015566643440879, 5.7890897537431965, 4.956847711855444, 0.15642954781894244, 31.65155433772221], [0.0, 0.0, 6.19055965195698, 1.148803476820412, 2.9646613252275142, 0.5593532483369746, 3.4408074484724978, 9.13159615290096, 23.852812393883077, 25.171245786997726, 24.02399957280751, 33.39632965043572, 21.820215676838366, 6.668811214849801, 1.5047791919365792, 0.6990504752058935, 1.652598927259199, 6.599635984165798, 5.888568939422923, 11.436179165951351, 8.33388137572997, 30.32742166603722, 24.599819159362305, 33.201693901889016, 20.79620150410096, 37.605086818166185, 17.056999398166273, 41.88042002812094, 4.197650043299166, 12.145319286428336, 11.506750035085002, 17.957238170965738, 18.888185536929914, 38.588089101139815, 15.279670259272697, 51.19686697892434, 8.712482475297197, 18.33466711588811, 13.018995705940752, 24.853168667042265, 14.52762882033084, 28.95093163481555, 9.371988691336718, 45.59070307244386, 7.088177363349726, 46.9629066381639, 2.2427508446266375, 23.360771607623345, 13.478598426828825, 22.567481359947895, 18.175151873791354, 28.116711774339024, 9.100438380733545, 47.3816331321017, 6.846153398038392, 49.553962605275565, 2.0383372778571673, 19.02231009154431, 19.821186182838595, 21.203658784416223, 26.27962587930891, 26.573527946630744, 11.730691476152419, 12.952382634407432, 26.829261651378168, 1.2510602404155768, 42.5722886270465, 11.06908414196291], [0.0, 0.0, 6.434110238370192, 5.779828357445072, 2.9868203282996575, 0.10435720064130702, 3.705011346936431, 7.873411324481158, 25.05201895822115, 15.450648353328472, 26.60294804410469, 27.93722408776567, 22.077788917018616, 30.419193214762238, 17.16955552147975, 0.6385407610715466, 1.35347052961022, 8.455292419605401, 5.295549394955727, 12.63454628608432, 6.9709443057810425, 28.962496605468722, 20.80078036775508, 32.80325739611241, 17.577298259433366, 35.3727374638162, 13.19483743839191, 8.229773882278685, 2.889786535235032, 15.993924356881442, 10.141978950736013, 17.734589899233807, 17.121029726560774, 36.822543427656306, 14.260237494242343, 46.60429495608564, 8.862356656023476, 18.184720207574706, 9.541448706873132, 25.410596983433194, 16.42912514880743, 41.40911270805515, 5.865639664901694, 45.684934897383854, 3.9798318295280226, 50.13067485919512, 9.425764651371981, 25.589584470300014, 14.8583642374311, 28.49468277898813, 18.74646154191468, 41.3106821323072, 5.50324302338896, 43.90286928528422, 0.6772574829466951, 49.27003281244012, 14.185576490917772, 27.81003048460074, 17.090114232058756, 31.220991312305888, 4.205103815536158, 46.600577688409565, 3.002840487274776, 27.67512788520897, 12.105260505708097, 13.479251284141556, 27.861749191087455, 3.667516423119314], [0.0, 0.0, 6.608456886543637, 4.779730597481642, 2.7115927162033966, 8.105437693809998, 24.88991001004229, 16.864124692152988, 18.867493341100584, 26.14155700283396, 18.711261808080337, 35.28599065498626, 4.820864952788348, 1.396818509017009, 0.7532527809767257, 9.067118546691452, 2.7118044318247945, 12.842927684076216, 5.468521315150175, 25.16981355612466, 16.097035986591223, 27.88975145813717, 13.615359675652277, 31.62698126829977, 8.998762159276993, 35.09583216677499, 3.925480784987509, 17.589320264853974, 2.6112691332527116, 25.00416353675102, 12.914556901230993, 31.46414157691086, 2.1708417848313686, 41.47281310559227, 3.0764800301969637, 28.91262635460514, 7.347206825731835, 31.947768069809516, 10.792767866855709, 37.32916701229933, 2.3682144886371037, 43.79496300884854, 7.875449982852111, 32.09249029435443, 11.280463328083309, 37.503622207822325, 15.245186279430918, 43.874466724598015, 21.494933277743396, 43.79000922888929, 8.904172293106573, 50.53535541547611, 13.107965236094033, 50.65095027745969, 14.008086535493952, 35.488281804962725, 17.985825734345745, 38.35698658570182, 19.041623703262296, 42.08740924897816, 21.192324424925832, 44.93503118376276, 6.63905530718063, 31.31524828981341, 8.46458426357924, 17.119500554688855, 24.22578322914545, 7.30280333194857], [0.0, 0.0, 8.513358767644059, 5.5452039697466216, 22.939517875017234, 11.308195026111425, 31.38754685317094, 9.467392796477542, 24.606999763161433, 15.219847224672234, 35.978320911202765, 9.653278219229453, 8.576830914203336, 23.84798949358658, 7.54743983308253, 0.1594533808249583, 5.216284360094095, 0.9516180936038764, 6.1769302066906135, 0.22486554794549762, 3.7295710859764535, 0.6353952195453636, 1.4186978602658706, 1.4591100884684831, 23.17983861965981, 35.43512271868927, 24.74844393735623, 33.67217999299321, 25.617350181026197, 36.9764079899663, 24.532792893809553, 34.02723186585973, 25.57079714153251, 35.98857828316949, 30.252005197241512, 39.012457649599504, 31.106167939972593, 39.66097653445217, 28.555630660981798, 37.4712704589594, 27.312835766655216, 36.977560472044104, 24.475744908960642, 37.82710632423023, 14.044472291257945, 13.336909508980279, 11.244188122049538, 13.553301679154872, 11.258042645502496, 8.661407631740211, 10.916246084946883, 8.459512112405072, 11.25049638684102, 4.573208518751345, 7.450977862881735, 3.944695864054279, 21.176204653074787, 40.99053596547452, 23.365786238155266, 40.505378498274915, 22.511000759699495, 43.46447540544005, 23.020610685878783, 13.017198372765392, 20.049235821057195, 