{"initial_violation": [], "initial_duration": 34.690152406692505, "subsequent_violation": [[], [], [], [], [], [], [], [], []], "subsequent_comparison": [[0.034313442855801055, 0.0, 3.6915249558993404, 5.583881097389925, 20.740945747050947, 5.583495711849741, 14.80514221628773, 4.061944824565365, 5.530854240602165, 1.4947395310764688, 6.9044356439579895, 0.6591185864214434, 12.577143832723433, 14.170333422401864, 12.305028241830358, 10.611174487868128, 3.3594766882898295, 3.3013605875745426, 4.833317058681384, 0.2716648037126962, 13.363974640755794, 8.902042705298673, 14.598992700688589, 2.9643608932933, 4.575415289893048, 1.3059689939178072, 8.641152782659846, 2.9562429291709837, 10.389048111225042, 1.1056884834226846, 2.3894340437569532, 3.474507466842297, 6.000028243936915, 0.9574242000030149, 1.1722881078103415, 2.838972464660967, 2.3980413829079965, 2.666535759415776, 4.310313710382655, 0.16382670102180527, 3.9534315114916887, 0.8636990161177709, 3.436247854973827, 1.1786573692547204, 1.3571908459442994, 1.0950619886939736, 1.2527391177243816, 0.9156743251516726], [0.07947172851982935, 0.0, 6.792077475766098, 7.284653715318303, 6.585407242254054, 7.251201382049639, 8.981409078893995, 4.606316725544094, 7.342820815860728, 6.364969919201897, 5.399376994787275, 2.0361263071273035, 12.974358061797467, 0.9267430002641408, 2.9631691748338684, 1.868739778216287, 2.3327990134883456, 0.9948809430293234, 2.024634662542895, 1.3805791941815049, 2.2828614569252017, 2.243206178800496, 0.5402873683915378, 0.7218401998923551, 1.8153460138684359, 1.522425731491333, 0.9772335072792501, 1.342014623818442, 0.9882941109849861, 0.2062961536416802, 0.37504076096667727, 2.7432276426738618, 6.617962931434602, 1.9329883218454589, 5.726670831765385, 0.8603661582252148, 4.9148931566909715, 1.0494184661089714, 4.3015682180010835, 1.0476335233086946, 3.611393977648123, 0.832268606615862, 3.192853899508362, 0.7768863816684323, 2.4225733871073545, 0.9582579164007975, 1.8753997267568923, 1.035353859144285], [0.0, 0.0, 2.4196797600065936, 6.563351891843003, 3.386188977261732, 0.09646552369682698, 1.5928058827578648, 7.498409027853023, 2.9431946946885956, 4.03783373887489, 7.297516171515698, 4.2468431515129845, 5.014564668147726, 7.2040138780203495, 7.509870011526999, 6.648240971982261, 16.55040014505474, 17.882458244170458, 16.509641236408328, 17.623468706337498, 14.43395574295441, 14.899085000655308, 9.39021649365425, 14.664220134438045, 8.002190740006995, 11.279582332816851, 6.838620077875753, 8.091923737599293, 1.4267115809464062, 0.37195278112455704, 0.11576131097549126, 0.34537789711904127, 0.2869823806498734, 0.3065556588208734, 1.02111058581871, 0.8796006290929915, 1.0648969355417621, 0.4280936023484433, 0.6891036950046269, 1.0320230618835962, 0.7249938132227693, 2.435412686324554, 2.035262904453447, 2.0284709317958636, 1.7241562426767532, 1.544304730897761, 0.6168724691870556, 1.2260129487131934], [0.0, 0.0, 6.5753009541947325, 7.173602936933944, 0.18941069426815837, 11.368606799275575, 0.009045986622780465, 3.6387862864169715, 0.9253702443481975, 0.5785439563550911, 0.10570272492779993, 1.6672571964439142, 5.053837153488306, 2.134224521916972, 0.8738851814516629, 2.749907700224618, 1.7824375999194721, 10.214159831590901, 19.574379059775186, 11.63845129160823, 0.7813754233152943, 2.6196378352420533, 0.2607021840692366, 8.107034965518029, 0.12455087526399078, 1.3513945726306418, 1.4184021203313393, 1.2727617507191527, 8.216429343603657, 3.442835770608224, 6.367742297134004, 2.0273405031957736, 1.1586730492177553, 0.19532006149642145, 0.7151300663205001, 0.24702957374605602, 1.249589338315238, 0.5515250729578506, 1.1821212755878172, 0.10691326214718154, 2.965745768326703, 0.3135651487620879, 1.3473150795675441, 0.6181598234273855, 0.9746093362676426, 0.8255723541426665, 1.0263286109963337, 0.36973160390636817], [0.0, 0.0, 2.372260493624709, 0.35067522206662527, 3.617128508452521, 11.36093794075499, 0.643318595097768, 8.193044357510919, 0.7925071092719532, 4.106020568619242, 2.1548607361917687, 0.3373078888795507, 2.0504594684539437, 0.8087119730369335, 1.717803625298866, 0.2884511268313477, 0.40356878540882485, 0.07886880959954658, 2.133131314828585, 0.5231599374876921, 1.2528969199659163, 0.6212747279704707, 0.4666770082538979, 3.2972387749859045, 0.6127150260326588, 2.073572738635719, 0.3746689832038926, 1.9716676043433878, 7.43992043765084, 4.960940710041034, 6.719414137817333, 3.8458385138127507, 5.576698559991046, 3.0084266694240216, 4.288963964508664, 2.541691191107235, 4.15824741476798, 2.413877491044993, 3.521028380923049, 1.7988351647130787, 3.1294817486163207, 1.3135482400753233, 2.498978556457911, 1.101057719297973, 2.0990520819031913, 1.1202274590550712, 0.9177832489015495, 0.5565660834124854], [0.0, 0.0, 2.9662302936006495, 6.555872886404555, 3.227866748537299, 6.814431553982738, 1.750773613645334, 4.8289754460040655, 0.7311667092099426, 6.460901322702114, 1.9798415464251897, 0.5155478351528687, 6.259704309877392, 5.489238654711267, 20.59842213183184, 20.241696927685336, 14.729762704432693, 20.649246246745385, 15.323055198546522, 20.755923962897985, 15.688439737751464, 17.562618428534112, 13.37719425260512, 14.826055745334422, 11.834703623566833, 10.470078393168805, 11.186399768240012, 6.619195419082158, 11.060581434197815, 5.634316659212978, 1.2013010500216135, 2.332624832515799, 0.5366041040489863, 3.1897449763448003, 0.08433448156328788, 3.3990450572596402, 3.8828320304625032, 2.902100088435239, 3.9102789062880277, 2.1457626717383067, 3.6026224957902024, 1.0824174878119444, 0.15898591842271884, 0.749523141868577, 0.13082912802171862, 0.9185323222325478, 0.20249765541828563, 0.9538351021284867], [0.0, 0.0, 2.524373649702854, 0.3906707883003628, 17.500272953417916, 9.87192678531693, 13.4782121030978, 18.104141592566098, 16.342620084421245, 18.00497765962832, 13.51895686417279, 19.92808975946526, 15.404669229647467, 22.71654773871054, 12.601765235916321, 19.868364220184663, 9.806665548925992, 1.5567251030636182, 3.3698516092939217, 1.306779235716372, 3.2581793663069267, 0.9415662203612554, 2.9674718114351637, 2.8161864480546637, 2.744106213944304, 3.1633083869982586, 1.1126784959533267, 2.479045113279221, 1.3666021005869748, 2.882525066985087, 0.3126934740013962, 2.190416726717874, 0.30917452273293655, 0.8904859220851045, 0.28393406386315934, 0.46262347749363886, 0.5852344590209911, 0.7938802322517008, 0.2339687029149082, 0.9155339880642358, 2.2941618993380026, 1.0492793669674358, 0.38675052105005714, 0.5443948121589374, 0.3099857282039862, 0.28709035780295994, 0.2349367597588628, 0.9623777746943561], [0.0, 0.0, 2.4880854388757663, 7.041094118599952, 0.6071264814126869, 6.99963466403989, 3.596022141111302, 3.768684570741612, 6.527232539107393, 0.06764696020660242, 0.7546541948904064, 4.547951830475718, 0.7415986167871558, 6.286024919154463, 6.244638678484805, 8.12867112352688, 8.53214030814226, 6.195575781959491, 15.297373459249675, 18.547712041014922, 14.5666684715056, 14.814765176128688, 10.232154634296275, 13.910257331851128, 7.934516277700103, 8.68914718106384, 6.608905661726908, 5.830270322557286, 4.786581779356821, 5.93191942830408, 3.5260702803999835, 3.704528085355167, 3.8649655461614962, 2.6781587604946657, 2.9348396106504255, 1.1602362346572033, 0.6757778800427042, 0.8762392860268352, 0.8156207377505038, 0.08889620970661719, 1.0017289763895332, 0.5312993754250138, 1.2489114089820967, 0.980095924887685, 0.9882631156408411, 1.1539784985313868, 0.9432933291405721, 0.23446247244692006], [0.0, 0.0, 0.0604443919085367, 15.98411558748506, 13.931618982574387, 2.8203560787626785, 0.4698426308199419, 17.27206799809743, 21.107422775093106, 10.676550782823501, 17.14063511621227, 9.01956770822831, 3.7066844167002895, 6.827582610024868, 5.044226147842048, 5.34832301966849, 6.584893519147115, 0.8411495373352191, 10.390173361079723, 9.208425406351706, 15.849397916646442, 4.065048041376274, 15.955051411786895, 2.335728352520218, 6.238584686003866, 