{"initial_violation": [], "initial_duration": 34.77948808670044, "subsequent_violation": [[], [], [], [], [], [], [], [], []], "subsequent_comparison": [[0.0, 0.0, 7.454590620189103, 0.3705932420023279, 8.089459536551573, 3.42457187651261, 1.6063169340567462, 1.6121939917919896, 2.4831124938872855, 1.19100588564897, 1.7719964168173274, 0.6897296204825287, 2.423932102999894, 1.563862020254939, 10.248179460208373, 12.058450791311298, 10.429263544399266, 9.599351516070934, 9.634267776740119, 7.577090081731203, 8.301054483292772, 4.511896675916682, 7.282406644732704, 3.4163735002432922, 5.8376170199776904, 2.416859013897176, 4.883080496160554, 1.689383970193746, 3.4234355422686655, 1.0069145312604635, 2.677090757716492, 0.7523691170341164, 1.7654197078336362, 0.8866695486951364, 1.3426995937298267, 0.8930102909301575, 1.1386614230257488, 0.16136904622916518, 0.3796679815179721, 0.3771010109149505, 0.05678241390759834, 0.06356951639827925, 0.07951980042871601, 0.15571775001526442, 0.1598752581025609, 0.1647545872752302, 0.16610955066491684], [0.0, 0.0, 7.405993732125173, 7.377960546184363, 3.697741750355019, 8.180261048814044, 10.220655216354208, 0.2366898178579569, 5.826191439869884, 1.202696667014998, 5.0674042293916886, 0.4430117684782286, 3.7625033968965855, 0.40729683305659464, 4.182885304154453, 1.0946379412622376, 3.3088748491959357, 0.8921361483621086, 2.380594982779971, 0.9633086208260008, 0.7264468132738021, 7.841403199521772, 3.607132397646629, 6.218326342847723, 3.9364116279487886, 5.024224701559937, 2.0878442245278763, 4.223205148989773, 1.7668699566306385, 3.1844888839085805, 1.2857716617541424, 2.230964278622273, 0.9350709359319617, 0.9366458924231543, 0.968560663654189, 1.4274048122073804, 0.3240066395477167, 0.36981910608314256, 0.45077004858747505, 0.44803053440080776, 0.2673347018500168, 0.3783397106049716, 0.3687314674556894, 0.10143082604063038, 0.16855697560345645, 0.17329083576808976, 0.17464563739397979], [0.0, 0.0, 7.514446756798042, 0.8775979338208716, 4.176009224213108, 7.9938267252820445, 11.22707747257427, 17.46439373267199, 8.216394827555419, 1.1977765832234326, 6.704031484075111, 0.16767459346337224, 5.345266251649683, 0.34017715272515364, 7.424275051490567, 11.504691786901468, 7.982742134878692, 9.817288732759009, 7.260025059021175, 8.803869111715903, 4.278166430895897, 1.6735407018958763, 2.052098275373818, 1.0015603415040062, 1.572842172460756, 0.8065165925080394, 0.6573168147245788, 0.021743241754717813, 0.5228215161344254, 0.137795089541648, 0.2020612275052439, 0.3881552905981249, 0.3953470555406727, 0.40698644171740606, 0.21287645886008325, 0.27667787370064184, 0.11372011643246684, 0.10436629768152914, 0.10741194609818012, 0.18681147843675625, 0.09047748952436929, 0.11398615479911954, 0.44694538506923365, 0.053341919888692815, 0.09924902679261467, 0.10397906352189595, 0.10533470722355692], [0.0, 0.0, 7.55907926172839, 0.7432641704773433, 8.301607822026563, 7.795226909546367, 2.0274045067617723, 0.540227424864153, 12.831087087013538, 17.488709563440516, 6.010565275744414, 2.947879604184715, 4.986906928798844, 2.8590140572332783, 10.743773697868965, 11.63068144599456, 11.14440943817962, 9.51845876490162, 9.7096879204735, 7.650348268858703, 8.274353572974288, 5.574533295708034, 6.404667826118231, 4.767338293499952, 4.843915273319564, 3.7112513997122347, 3.4394451145030627, 2.7923194862974388, 2.793571044322121, 2.0686608531575597, 2.203430504056738, 1.3510150817404631, 1.6104539624320031, 1.2217941932169978, 1.0435632680652565, 1.1831585335052666, 0.999153674464932, 1.0076367662701444, 0.7056846580272187, 0.5137442816098039, 0.32705196035321005, 0.16048992207732915, 0.1482405850458064, 0.37869549010268505, 0.09603917454701927, 0.0074456290901130946, 0.008141812901071036], [0.0, 0.0, 0.5713991219074438, 0.12288798212328984, 0.19536335881058572, 8.044542623969708, 1.5627236796889712, 0.04275321729495874, 12.497918515239697, 20.404077407053872, 12.897635811682132, 17.39900793229198, 13.445339941223788, 15.608581483303734, 13.141265850820947, 11.455588047951018, 11.873837393497178, 10.933218223806596, 10.042534594302838, 7.877504972426422, 8.064954492993465, 0.7526811380208781, 1.499228361813454, 0.8956949861062911, 1.5559678495823366, 0.28443593131211686, 0.8931563688625848, 0.3136817701099188, 0.5926170666469353, 0.7215062290428279, 0.6729987350975999, 0.9879027010593902, 0.6681532222053305, 1.1714774988374093, 0.490538303053946, 1.4364375038064798, 1.0130749125001945, 0.4447426037751342, 0.37430221247453765, 0.43017825609074334, 0.27313910280966885, 0.37906670612308707, 0.36305565559220404, 0.05187231373542552, 0.09468695031914978, 0.09941692888382447, 0.10077285478048746], [0.0, 0.0, 3.121177196135001, 7.600228641503086, 4.592937097426535, 7.771723667513641, 15.327181786558716, 12.849133302514385, 17.066727638550216, 11.889071326272727, 17.128823086746582, 9.834971607370182, 17.580419562916028, 1.7884018851408563, 0.9640269389818272, 1.6646144951270754, 1.0120127813727002, 0.2717571783346366, 0.9729684339787349, 0.16414313636993758, 0.8721035437842637, 1.1816965123164742, 2.2433109452551503, 1.8309903390916378, 2.2300954151253722, 2.058476346942011, 1.4802863805099287, 1.665219465395336, 1.3914248796222926, 1.7907540176231551, 1.1216756964914814, 1.9790968531174948, 0.8762549148106601, 1.6461176459956635, 1.2900778309467018, 0.47889409683877604, 1.1608936398376934, 1.0428228020971488, 0.6398742716180648, 0.3930705337438278, 0.2000968807496137, 0.1314488860048638, 0.05681279252513531, 0.12332562006899217, 0.10377730853219792, 0.17175241772778563, 0.17310711469643322], [0.6033370796794438, 0.0, 2.7810702814145714, 0.13841826582054642, 4.732854108503694, 7.614051562004211, 10.581954880120398, 18.117754764210243, 17.317800789359193, 12.021482583114626, 3.455020227401864, 5.25160870926716, 2.115654724996314, 2.583647258076507, 2.1296217930337495, 1.4960921843469572, 2.2682752995523248, 0.7180859173514128, 1.4377387192180229, 0.8745401871916607, 2.367425109789159, 6.533083461500309, 5.123094469921309, 4.21828626844033, 4.531338293787896, 2.6245206762946314, 3.5222295344792527, 1.709491447017097, 3.0858509195295096, 1.018859981643371, 2.7508069986471426, 0.6461677574366079, 1.930238637926415, 0.5871506952364626, 1.3946111088026045, 1.0543446949689217, 0.5585746829770731, 1.0689154092617872, 0.6001484560949236, 0.5702004535352616, 0.5471912956969344, 0.5581991881327835, 0.6816831359523299, 0.5434425321081439, 0.5419131807593971, 0.5423216465326787, 0.5424430739259928], [0.0, 0.0, 2.8593144500143803, 7.798430441269256, 3.8178032844114975, 7.888356967965212, 2.2247456224567896, 0.4118926079246124, 12.703836044596699, 11.868721994493693, 14.533865201060284, 9.618651237213285, 16.714954777374967, 6.624723385463667, 4.36090141656725, 1.2550798123760734, 8.075442881625223, 7.3259070540728874, 11.554993957926605, 3.2155985633175455, 10.157233167465643, 0.38957250669127025, 9.361980726673513, 1.3084175033959144, 3.932178618620401, 2.0372243184329877, 2.827607937318076, 1.4306940594682769, 2.079395549179612, 1.534171786939507, 1.2863907714302032, 1.4863542197661606, 1.022816466402169, 1.297903804475152, 1.0403642533951625, 1.1019150792799595, 0.7803132094510029, 0.9321447850831656, 0.8093743698782618, 0.9207504250508073, 0.13769246931482013, 0.06548530142441802, 0.03755262674733366, 0.042282557377012, 0.054732167583864885, 0.0497931674898459, 0.04845118107175905], [0.0, 0.0, 15.25972760338998, 7.280297408753153, 8.162686065372514, 19.307171094495118, 1.4506976992033365, 7.781880598189678, 1.6011324597917649, 4.51718456816912, 0.8993851292289973, 5.283505978736651, 3.1570499695335696, 3.98590423583847, 5.443140850743701, 1.9722218435993475, 7.020674386222009, 9.629573125871882, 7.072848594415521, 7.197384262144838, 5.521987528021431, 3.6893965371711546, 5.247632195286061, 3.0625899347737313, 4.419444333083303, 2.040919298906988, 3.4053855485328293, 2.0604899604236167, 2.214430036375945, 1.7488173855835092, 1.21497643827212, 