{"initial_violation": [], "initial_duration": 34.4408655166626, "subsequent_violation": [["destination"], ["destination"], ["destination"], ["destination"], ["destination"], ["destination"], ["destination"], ["destination"], ["destination"]], "subsequent_comparison": [[0.0, 143.0208205226063, 32.370231623417794, 150.48620764924323, 29.62280371227594, 170.8566322803842, 30.22776431866152, 210.61581441054128, 28.773829466402002, 206.09103427675424, 39.88168101091, 209.54888171088464, 43.096109389960766, 198.79988299838652, 1.4805924019508663, 168.8208657706648, 4.011197756600103, 165.91541777439465, 7.188666775651749, 164.33179292812122, 11.063759631404576, 160.8203354243814, 14.801155041709015, 204.4654991047358, 48.026529077744094, 203.1432051007683, 44.99470113191299, 197.72119151519132, 43.26433652416813, 190.8792991308661, 42.08282794851028, 183.02180963950795, 40.24324849509528, 156.48554537561367, 9.82076836189564, 150.6329774512499, 11.29189564412716, 145.38955330358436, 7.972206085761228, 138.4605774505412, 10.536870224575381, 146.31131430782, 17.285688640985803, 130.87380558982542, 24.248297553076647, 112.94347428226071, 30.110979363726972, 95.55937315098241, 34.939910624408235, 80.40856699143833, 38.90934948687826, 65.58831714381343, 43.293515539899666, 48.953653376193856, 46.39298523160496, 34.46125573996593, 49.20373696768232, 19.96104787357483, 51.24948395861998, 7.562199239655327, 53.02775863312909, 2.6924554922869004, 53.92503344180052], [0.023709997773002818, 149.53954818006133, 19.859552946700354, 153.65464117491646, 30.479234967690747, 192.21757496445045, 34.682115889258384, 189.8090422538795, 18.424301689010452, 173.56046750747836, 37.037539770730014, 194.09377417754388, 16.373019913958327, 164.80061325111643, 21.090632161560837, 160.64726158951441, 44.275014814077196, 194.13439388428552, 48.921483924097465, 193.0163819330778, 52.15757751436379, 191.22205040273693, 55.50942011619055, 188.07921177598408, 57.795464011303054, 187.31996804196112, 16.617556358211516, 159.40126497519208, 16.72156954187213, 158.18365682145014, 16.26665854916827, 154.78075800966613, 17.804220949354406, 177.90806422976263, 37.38477577221553, 170.4328858190199, 38.36891902320894, 163.04001734248695, 34.707386860618115, 154.8947472622915, 33.97432817823423, 148.633878815341, 29.921759702275658, 140.14887585310254, 27.483791224888492, 129.05964412543872, 13.719367745230645, 111.86338359087789, 18.58489113034593, 96.81543740916383, 22.579345625272616, 82.05171846278118, 26.836230812123638, 65.47159886824235, 29.91925519555764, 51.019051012801604, 32.74923434954628, 36.51996226640774, 34.797021603902635, 23.804828901139693, 36.586139784690836, 14.709496380095663, 37.49933432119218], [0.023709997773002818, 170.8832456867262, 39.53804920042377, 174.7045360388554, 10.03837684209561, 173.01503421711104, 33.35665342657852, 197.57488378754883, 38.10519350915145, 174.4513926810408, 17.895017720396517, 170.04609943194424, 43.29404250416698, 186.87996478821273, 15.891423578083012, 168.80985106376897, 21.829158053872316, 164.0884834907417, 22.7050402935691, 196.7276200627657, 45.13007552743348, 191.65616107824326, 50.673730238928684, 188.65396164546047, 20.54011482115378, 170.03612577258724, 18.092560673011267, 164.87307670042165, 19.195873943894096, 163.72229218922595, 19.636982649664365, 158.23277654852035, 17.492122844826874, 151.65820792157447, 17.37172348601324, 147.81905330516028, 16.882964726607998, 144.95954559197403, 12.156838720021566, 138.06390183045426, 11.944514061779502, 133.36743619374596, 9.218274374335182, 124.05025528795788, 31.378040163416784, 106.03036240572096, 37.21805911695376, 88.55664075563284, 42.03340947960428, 73.35714793065377, 45.99223254002988, 58.510581484431206, 50.40351617378662, 41.8493766441088, 53.50578489310786, 27.335742637357644, 56.31003356952725, 12.8547671520889, 58.35433995370931, 2.7409635572459043, 60.128831654219375, 9.316505951650992, 61.02126756439847], [0.023709997773002818, 170.91631356920036, 5.93345753170694, 176.6922386130864, 6.072278599008592, 193.92378740059004, 7.2756511456846065, 175.1735867222651, 6.635654430591734, 164.7096340021382, 9.332702297381346, 169.2976731256168, 13.631041781057716, 161.35776487038427, 12.487672364907253, 162.93519385552284, 12.50293487088115, 158.49155794203736, 9.758299377490337, 161.32352891686085, 10.503364032900887, 158.80507045313237, 13.514567533643756, 154.28009535166342, 13.468144279482232, 155.1209908334379, 9.328581274757786, 156.06869306274112, 8.68650283420781, 159.20669555342624, 7.500972731026833, 181.6893885688254, 47.642796941969216, 178.44738433516116, 42.96920429913717, 178.1934943476987, 35.48040407934649, 139.5709999248713, 7.208303398600566, 135.81144737361262, 5.653935655106967, 151.0126809906075, 36.53128826553667, 112.4028225117526, 43.50455260514912, 94.22294224475576, 49.303783405850325, 76.58520229151733, 54.09215285887108, 61.30121439964122, 58.03021456161532, 46.4159684033275, 62.47836819054654, 29.71723331785633, 65.58379689827746, 15.17440623479517, 68.37553113130751, 1.9567546517674688, 70.41626543210823, 12.652536256084076, 72.18314920475736, 21.42008739933725, 73.0664032582236], [0.023709997773002818, 149.80609966802388, 13.675280959829466, 153.36388193050186, 10.977566079067914, 168.16976165219157, 8.450003643785884, 169.86592584925376, 7.135353589386468, 165.9045130764916, 33.110007845380395, 171.41333327270434, 40.89635787218178, 157.26973508331523, 40.82488915318113, 210.58021296067867, 42.743680597364715, 211.09150067243849, 10.342716043637589, 160.19797325421476, 10.334153861070586, 162.35470441264906, 11.873808051069785, 163.84257929818747, 11.921162569851788, 167.3150323411334, 7.925766100614895, 170.7467412429807, 6.5843339754124495, 188.30473780611916, 38.30673287790941, 182.9382036366218, 36.10529635788996, 179.70987007017433, 30.057523951371415, 177.14585634812235, 12.48323095838902, 147.92263776925896, 7.414022119900847, 144.31730372166328, 7.450167137964929, 149.21990412495674, 28.273137760849732, 120.39596490647725, 35.243975940799714, 102.32064371872995, 41.076755389513906, 84.78830895528209, 45.88620621933832, 69.55501448611267, 49.84045274528431, 54.69100708477738, 54.258738461837616, 38.01150211132339, 57.36160163310593, 23.480625999644317, 60.16374941967569, 9.00684730599518, 62.20741289337372, 4.763388226396567, 63.98040411282084, 13.123774574121166, 64.8708577067192], [0.023709997773002818, 153.01813123587232, 10.066950839097526, 160.64016764970128, 5.562698540348382, 180.50683572823013, 2.5538244206889167, 184.1942479520638, 6.638776706382505, 179.0790819772487, 12.590589736160297, 185.6132588359477, 19.401389729188406, 177.99246299340794, 18.432793257489134, 182.11183014686443, 19.39208616588226, 182.92356386081258, 25.465270117060705, 186.04684414145407, 23.457763553953914, 185.35666588230896, 26.578263246237576, 182.25780345095558, 29.290565878502957, 185.15194990479515, 23.66654506203314, 188.2022236170552, 19.6577075525501, 183.62143091436528, 20.096189338558293, 179.14440151347694, 16.522941058549737, 175.78450426201985, 20.275411979674654, 164.70423768589916, 16.043262634779072, 162.72092571206753, 11.936758590227907, 155.96234814823327, 12.294602062224167, 144.13504070069538, 19.224007406723945, 128.70079157259056, 26.206398622206823, 110.7808626100227, 32.018303885471305, 93.42143425998444, 36.82684330742463, 78.30106249254565, 40.78160193612662, 63.50267453084093, 45.21758227628851, 46.8977158127071, 48.32272763879963, 32.44575540088216, 51.11940776933163, 18.093199269987682, 53.16242575580019, 6.313357412923547, 54.934206075719736, 4.883474097706939, 55.82417500371035], [0.023709997773002818, 151.9626677448857, 34.928243850431166, 153.213589288355, 32.83744731348543, 167.7154738387796, 32.74549013022152, 170.49424440281845, 31.65985035567244, 165.12973188314595, 37.475931320232526, 171.7818400195322, 39.51520017473916, 160.59871201334983, 39.37463337909009, 160.41565107433175, 39.05717407156452, 163.51441866540605, 