{"initial_violation": [], "initial_duration": 34.79902958869934, "subsequent_violation": [[], [], [], [], [], [], [], [], []], "subsequent_comparison": [[0.1070166761365485, 0.0, 1.2821766620122448, 0.0513876355574612, 2.5327771152316028, 0.2665485417542524, 2.257219383608592, 0.5096065907897609, 4.098167234280308, 2.220019592868708, 3.2274271611738583, 1.2098233939555916, 4.55650490956622, 1.4320901355667317, 3.3720551766200457, 1.0503051356491824, 4.581111184083747, 0.6876479210940066, 3.9466141830880286, 0.5832227130062368, 1.5839116007707874, 1.198426942226377, 1.609101182303354, 0.9439625601159589, 1.3282172774224983, 0.7177661423574175, 1.5927439215613601, 0.7201994340722165, 0.992573417522582, 1.1874131872005176, 1.1867666965264367, 0.7119214023392301, 1.4778790709343186, 0.6054865437063571, 1.1753761991051597, 0.6469898161091536, 1.2072313127888605, 0.47259370978257725, 1.697895073733391, 0.5319234822738381, 1.1466126376562027, 0.43087483690105643, 1.3969009465815, 0.41058171558569045, 1.1169663456789232, 0.46975883033534127, 0.954301249801124, 0.7306415876755384, 1.0792204912232508, 0.567624452786914, 0.8174434520842804, 0.4975230826590867, 1.094714522311709, 0.4422975930114724, 0.7633439670845213, 0.45893118422792034, 0.6983061202185196, 0.4693323710448871, 0.6508509297988896, 0.4707041688047819, 0.618423905029437, 0.4955368723937466], [0.0, 0.0, 0.811550758742375, 0.0899206078362777, 0.7569599091796667, 1.299719846279404, 0.1295089719850523, 1.6861124402539072, 0.3171109640879228, 2.1496291871673767, 1.6831383513525098, 2.960143323134732, 1.2565670858566556, 3.0171288973058057, 4.736317076725378, 3.3015630025077547, 4.714420065655767, 3.5633070305979757, 3.5710915714628735, 2.6322921786678375, 0.25769640515443837, 1.6769772812767056, 0.4965283544726829, 0.9606193721889638, 0.7524866790027684, 0.696548880625534, 0.5090396348270947, 0.6938459559527014, 0.8149535013180862, 0.4148134068253341, 2.103808361193031, 0.9329340560677201, 0.7301918637996081, 0.8557800314973795, 1.4781639619445763, 1.2102695365355367, 1.0376666251005109, 1.2467532786903766, 1.3643006681125631, 0.9430167267357649, 0.9325602898139258, 1.0480626582680368, 0.9639909157368515, 0.8900825711130577, 0.9579131631079786, 0.8986841969608897, 0.8962404982121451, 0.8873203513045469, 0.9799358912879853, 0.7067465718685408, 0.8181971089087857, 0.8888511203373042, 0.9240790903744851, 0.44297254434004557, 0.7781904572146734, 0.3862494068441169, 0.7609162405679282, 0.3859019595433732, 0.6685551543435717, 0.41187300453664244, 0.6794204344326277, 0.6065537761208466], [0.0, 0.0, 0.4644688155013237, 0.4030824720392301, 0.07797756485650656, 0.3170180096257452, 1.4869936212680404, 3.0987541048854585, 8.53994078889271, 3.2937471359863544, 6.393945024128609, 2.4240987685633177, 5.3500736452595445, 2.856715694259045, 3.7194250359949113, 3.3191079110453106, 4.586186232251592, 3.398968254859601, 4.147027203902391, 3.234642859799695, 0.9835097986139885, 2.509737105791774, 0.19559490282744874, 1.6699944470428, 0.1364210129452618, 1.4960910749716332, 0.2262624123808577, 1.0683029486204911, 0.6184771266927217, 1.0877788935674988, 0.3062866448784194, 1.3503735472970673, 0.24742366955806913, 0.8875669061861396, 0.7737314126426861, 0.7056817065221405, 1.8269443374200434, 1.0047211595394863, 1.5077798950605867, 0.9278788538954779, 1.1206002887126467, 0.709441831064842, 0.9229207244841127, 0.7941885335141223, 0.9631162020854545, 0.8097882311676345, 0.7213543763644245, 0.9823981736114432, 0.780261948190084, 0.8855037950764932, 0.33452318029857403, 0.8041098388873208, 1.0149033462418033, 1.0012186053439318, 0.34481107584979803, 0.1540469236761465, 0.39074533381900306, 0.11149721782283219, 0.39017954407713207, 0.10579205924143775, 0.2677766347600566, 0.20372969723062043], [0.0, 0.0, 0.9218245184181264, 0.12362726295521054, 0.5986397724472913, 0.016452296073957286, 8.584033676574181, 4.950703773675804, 7.214807047206997, 4.911709539045509, 3.9806266735938527, 3.8954540508646907, 1.552536047350251, 1.0904166672285995, 0.2932443377372277, 1.170484236142982, 0.5613975992804696, 0.32078502266851344, 1.0874313862513736, 0.3182306707429251, 1.1171089903681006, 0.3378037485978363, 1.4674769730466926, 2.0430690514514214, 2.339878383592776, 2.0439260508986146, 1.4716985248281416, 2.0081200010637303, 1.0686707116407643, 1.6832601553946598, 1.4004233436062805, 1.6825135199810324, 1.1740639725605377, 1.5428164104437223, 0.7293007563210608, 1.227966460301551, 0.8550351373803984, 1.4144262766532003, 1.3044936639633626, 0.8488480300339976, 0.8727493978832364, 0.7434171878835245, 0.5737824058095569, 0.1870648272191234, 0.5453948208334418, 1.1630406906893223, 0.5773867894930731, 0.25608888310579964, 0.45326614821695904, 0.34520056584677566, 0.9852133729790257, 0.2552896902897071, 0.39645801538955805, 0.1983792179291541, 0.3714355915778246, 0.20793962002041871, 0.31334728797636135, 0.1961110063399183, 0.29309888142802004, 0.3328081421208006, 0.23192432504507593, 0.22932656632585138], [0.1070166761365485, 0.0, 1.0200691123147843, 0.4879106715175747, 0.3174089935668394, 0.16629201460783138, 0.464768585792098, 0.07595130904421031, 0.6546523907584734, 0.3417272795689158, 1.302177916262949, 0.2866631920200565, 5.6960209456063025, 1.5647849547701893, 3.8572099833000824, 0.9917743848043084, 4.173960068579908, 1.332195494636088, 3.8097338654851365, 1.9471607635825945, 2.3059311697651212, 1.9476565450955257, 1.569294048664579, 2.285708878380005, 0.8740064656989068, 2.1851289868831025, 1.1768295977600058, 2.1549953305641876, 0.30141064267939793, 0.9005130391173849, 0.47206091370412484, 1.3660946998032593, 0.926164034136611, 1.167209632303125, 0.9651169037318947, 1.234318610729595, 1.0675414088196353, 1.1885419591675968, 0.9318594421437856, 0.9333195624039575, 1.0193360525850466, 1.006101918520781, 0.8823324169907258, 0.916550058572731, 1.2298536298855123, 0.9140142443565259, 0.9269499406681511, 0.9027759381033101, 0.943749063784284, 0.6996017549825986, 0.9220396914637863, 0.7878149883839344, 0.42801524334219104, 0.7847501298666646, 0.39232298760521295, 0.7813796596069439, 0.36854293305169283, 0.7870953397354331, 0.3794127284893948, 0.7853862212477596, 0.8386418872483625, 0.8014183202861318], [0.0, 0.0, 0.07430622936568543, 0.0649493651673063, 0.8251197896056534, 0.18431940058949936, 8.780345271466304, 4.6225377510817225, 8.469503248238196, 4.9854995456922016, 5.803974326679886, 4.495195319577952, 4.519355438445714, 4.704211835552492, 0.18621402563700126, 1.7559203263332404, 0.619478175701212, 0.8800790745102571, 0.705535451575337, 0.7379126419742156, 1.079958529207822, 1.1861539130555503, 0.9948651026182878, 0.5677299390717274, 1.4179610115850392, 0.39933501055886605, 0.895103652898581, 0.2970950368677687, 0.7538828111432311, 0.6945040227917634, 0.5849076155902124, 1.121771791046183, 0.41568290283608555, 1.086903165427737, 0.40105008125123104, 0.7332172928177069, 0.40246698997844255, 1.5178038042468556, 1.240400633277972, 0.9643517018628268, 0.8901550313994969, 0.9988292156890138, 1.0872138615031592, 0.7589139161305947, 0.8994595088789411, 0.5777864821735084, 0.7698148846589912, 0.2947419308282737, 0.4086045729660615, 0.3555224497760565, 0.3884037190607694, 0.3814116064303858, 0.3742034797695063, 0.9597923027944204, 0.4257558284064813, 0.4086966616712519, 0.4182982665798795, 0.32653523122545347, 0.4168150055046572, 0.4073263242024489, 0.35071550448861244, 0.33814232768328023], [0.0, 0.0, 0.35250093360031887, 1.4644846447954039, 0.3165730567648711, 2.840161763273308, 0.753210399284945, 6.038616798629451, 7.776011756853522, 3.6404489889748692, 7.2500549110368455, 2.122066640317243, 0.44185856198704393, 0.8571129966749357, 0.6189849003269585, 1.3763234173878525, 1.0856129772945737, 2.707929694064106, 1.384246740144737, 2.2759147074754424, 1.9074413629758527, 1.5862645987326962, 2.854898996021017, 1.0938833141040418, 2.785884627439188, 0.49599772901845846, 3.0465496900083266, 0.28560927479805903, 0.3077662002047238, 1.2565029033813373, 