{"initial_violation": [], "initial_duration": 34.860482931137085, "subsequent_violation": [[], [], [], [], [], [], [], [], []], "subsequent_comparison": [[0.0, 0.0, 7.623067589151549, 7.763929695061292, 7.6557270530855375, 4.1129400337706485, 19.675041761856797, 32.27675409051117, 29.55745681103265, 33.32696590302711, 26.49840244103638, 10.777778143861633, 10.713891112398606, 8.64641056554047, 9.648223552964456, 6.719869284192247, 19.931116829436426, 21.729289685058294, 19.486714654085812, 21.077049388001292, 17.724188509214468, 18.081414400876344, 19.21192256916402, 15.266820986003916, 17.150728284866144, 12.443058443861585, 16.39490332336958, 11.205998748993203, 14.498870974326433, 8.859728489265487, 13.970524991827837, 6.413717623029572, 11.00344291109383, 5.435920661011812, 7.649924417164981, 6.128362106458565, 5.473997856275899, 4.811359215932587, 3.6934120931019474, 0.6189203865695133, 0.8484379663469216, 0.18813999882634505, 0.4142970116004596, 0.5151721692334714, 0.3518455080191453, 0.4473306127444632, 0.029466978187256954, 0.7530819023662799, 1.3968288517502876, 1.1379153943902378, 0.7697317744573534], [0.0, 0.0, 7.773202558753918, 4.858896371686814, 15.771749182575729, 7.699134261247459, 6.223993121045972, 0.49575888376780297, 9.813168240337191, 5.499463646581666, 5.52900281903268, 2.525075307541494, 2.491320736846303, 1.598089432135818, 2.8517539010419966, 3.9166171012542326, 3.2994733020211995, 3.2606353348828123, 4.1478161743264, 5.873782417073637, 2.0360821793017725, 3.029689488913477, 3.5797171728806347, 2.435754239283564, 2.6272033117332456, 2.606742519618096, 2.6050001278992294, 1.6640074894275874, 1.9998791417198725, 1.474849028326524, 2.2756048220878635, 0.9137042262873216, 2.078841399192744, 0.35239122669605377, 2.4638846690368905, 6.326702528200478, 3.8366654521057244, 4.257118680097685, 3.1073726874145797, 3.3351052664089376, 2.8457082644402827, 2.2877480662397165, 2.333502913047247, 1.6594003767140846, 1.9373359647244761, 1.0814136925599191, 1.517840856269485, 1.2108841086945168, 1.135756315371582, 0.9561041320348481, 1.168714057432246], [0.0, 0.0, 0.46245930478093056, 7.82207916627986, 0.07300508151219232, 4.635461579865976, 1.2845850015176372, 10.234704527694984, 9.938550234014434, 5.373050183215691, 23.88377316053896, 36.46250793177727, 27.656139011622226, 26.729495006648232, 18.507301032891586, 26.29983595936606, 18.030177184256903, 22.32520552184006, 18.33494765808629, 21.72893689559602, 15.623170000966772, 18.62353702428745, 18.615381764552954, 14.895029213910131, 16.085399350977966, 14.757136692802028, 14.043702276850551, 12.98522287919662, 12.721404533079596, 10.882284207429874, 12.22720148433787, 8.208488549797533, 10.272650206998415, 7.104659001381084, 7.564172510242355, 6.467731442938664, 5.764887948926893, 4.777605989189394, 4.614076631098729, 4.080883627174557, 3.7955257699272846, 3.177844728593916, 2.982277668853945, 2.7917258855040004, 2.212694078966195, 2.099066956337682, 1.662883778041067, 1.8516644034836645, 0.2563736759978797, 0.2714217741073075, 0.26409039046850813], [0.0, 0.0, 7.564731751122377, 7.35769889481668, 0.3294218303111957, 3.9457022752770334, 1.5333022232352593, 5.229892964821514, 9.458010493931198, 7.916576088298928, 5.561867182111314, 11.854128675477758, 1.0647996279089504, 8.244237310566476, 1.158790220193693, 4.483071775685295, 3.2594983652195153, 5.766507241872627, 2.110367083845272, 4.920788849940077, 5.2621328106064205, 5.809330335036715, 1.9758940027623655, 4.622399761312538, 0.38643889924791297, 4.87119632232597, 1.5037492013995557, 3.818008146361604, 1.1223859035231514, 13.992030838921998, 11.910265000900324, 11.098423982448326, 10.677062769284259, 9.614730702667943, 8.213745391367578, 8.173988405294596, 7.04639288456209, 6.163311790941199, 5.715853890759252, 5.083801880938297, 4.767013003824415, 3.762803371466769, 3.866928760720496, 2.8981093221192684, 3.286320698456138, 2.1101548226747773, 2.540625387487521, 1.5244578403663003, 2.0456750685320086, 1.1431117028994984, 1.8248258911735202], [0.0, 0.0, 7.708312635571982, 15.1686631769982, 14.930345157212843, 4.637300968990516, 19.56004495419357, 23.5405790911737, 10.00546550737828, 4.438417638807832, 15.11858985463009, 13.249962675815512, 32.00685927264395, 14.294484410581862, 30.843513983042108, 2.640833712910762, 10.768320182966132, 8.347677187616238, 24.322244870718823, 10.514858063293682, 25.97889862646363, 5.466097728799825, 9.077448143086091, 8.96951184898015, 11.673688033096632, 9.647344895270516, 19.750161775561693, 5.982273326520805, 20.329686962098084, 5.820541854906579, 14.766203240719316, 0.8536955264891221, 8.247193191119356, 5.354273286105021, 10.038797501792578, 0.29881060934607073, 4.605712931971582, 3.770947165165511, 4.927007824987587, 3.100530003055915, 6.209705505767854, 0.6149931395776244, 5.492233545690077, 1.2988448591413102, 2.5115345688292017, 1.5507046226832204, 2.080058589722931, 0.23497917226573153, 2.2740532457538127, 0.1353033848092026, 1.9697207908193821], [0.0, 0.0, 0.49892191468229624, 7.7846877163238934, 7.660178737873138, 0.6768706086397481, 10.845537471066995, 31.27871787148703, 28.94623066502525, 30.877653014910045, 34.69885384780777, 18.726276464487047, 30.25052805575962, 4.074751029994404, 2.5283475659499395, 1.9713871801333858, 4.8989841303820185, 4.251147585349381, 7.463538289184237, 17.91026611239201, 17.08601498727147, 13.481353471937837, 16.444769703508353, 11.900264508088854, 15.661585936823077, 10.990714098066345, 12.98583157051416, 9.941293505221639, 11.851163265672936, 7.063325715973697, 11.582975443322187, 1.7484556910763378, 2.465181166290633, 1.7675832713504054, 1.9034278486430054, 0.23209619653170477, 1.753765313716374, 0.18498547578515187, 1.349510018050424, 0.1141154144850467, 1.0027785081924456, 0.02888720743121484, 1.0481060875939172, 0.06000607647850733, 0.980409020457634, 0.06035251915287479, 0.7493151280021237, 1.352030454323181, 1.435677112418901, 0.9390905661410549, 0.8621458851178253], [0.0, 0.0, 7.821709860702493, 7.5749704381845655, 7.763634193269444, 4.041444979218809, 11.73287049816275, 5.154201145561984, 28.12744881104075, 33.28233914297221, 26.948961850346837, 11.56768360685041, 10.594293176369138, 6.704490380504754, 7.698017268199995, 1.6008598897488535, 5.988473774075617, 2.545124722319078, 6.677803806480636, 0.535988994476033, 4.245484684072558, 3.535947015235145, 4.471762595233489, 3.621322833784124, 4.648071459626737, 4.164231313926861, 4.1168177334541545, 3.0216738904287266, 3.1377621467979906, 3.6804203599753746, 4.188547745158227, 9.517901223539258, 9.579881010011581, 4.254447924977879, 2.761229342020012, 2.52225869744796, 1.4686710274968207, 1.1144445699101482, 0.6552813008204909, 0.08537603241722326, 0.9429236235978405, 1.9216108533924232, 3.8777176958372648, 1.9861127778297545, 2.7019551376934805, 1.5037503877507177, 1.848563932510065, 1.2331647655319367, 0.668684343129629, 0.21431888277420325, 0.2859969289167733], [0.0, 0.0, 7.762877869015427, 7.338686612698263, 0.43106095742151274, 4.332249302312323, 12.47136071848487, 31.592640864944965, 27.433945533731954, 31.785874817352735, 24.27749861753937, 29.831340806657966, 22.907147827428, 23.52717683619592, 17.837326215035095, 23.89994616429167, 14.639662755650818, 24.33455534149894, 16.01973509781961, 21.35778386342964, 11.656491651574807, 1.8113895769607438, 3.8589091072435187, 0.7805931755823637, 3.1141495526521537, 0.11857312048627518, 3.0958782943101455, 0.9696422944769476, 2.865919655497525, 1.4577962276974608, 3.385649142990352, 0.8328269724007457, 3.072456408012661, 0.2546148755498529, 3.1592635800372846, 1.3297048440137795, 1.68678321611084, 1.2839244556782614, 1.2492578945902808, 1.5381568782873904, 0.6111132050226447, 1.268881187093743, 0.5738858506130472, 1.341584568668608, 2.149902223645643, 1.3468358697132998, 1.5500053917921799, 1.5852144428025818, 0.963553343885965, 1.010788425824821, 0.6364576588002726], [3.832876131207293e-09, 0.0, 12.203992259333667, 7.639580379110287, 22.137887158257286, 