{"initial_violation": ["destination"], "initial_duration": 34.58889412879944, "subsequent_violation": [["destination"], ["destination"], ["destination"], ["destination"], ["destination"], ["destination"], ["destination"], ["destination"], ["destination"]], "subsequent_comparison": [[0.09368225499361849, 0.0, 0.1302625324084122, 0.17588595155127934, 0.35826958920133983, 0.26712369752543935, 0.13490907155663107, 0.35242010303051374, 0.18754008459123522, 0.03878399854950408, 0.22260927258650512, 0.05639113533167898, 2.952282363161532, 0.4710157963804262, 0.46554435859645954, 0.36026332923240506, 3.344047898308584, 1.4751547630721773, 1.2963180564416215, 0.8717350686667745, 0.37089895082764, 0.5036893518321417, 0.18637927584796202, 0.5450646142409687, 1.267068096698371, 0.10015933882075584, 0.6109190151107108, 0.14901725364598206, 0.874089805640241, 1.5223124489450348, 1.2111313883071226, 0.1871415670477376, 0.6827988512946609, 25.197900271783492, 25.27953282696477, 26.68873022405982, 27.152773432785903, 27.032432663332035, 28.990672357723128, 28.444746372419118, 8.387799028262334, 9.732227863235655, 8.065560595931254, 9.888599937921684, 8.34136406596107, 8.9623575369959, 6.5059260772231156, 8.084463701074222, 5.392614088501001, 7.47844682729421, 5.087523241284902, 6.580343244117901, 3.9887194916674384, 5.031367145765266, 2.892867384546526, 3.6551027418757616], [0.0, 0.0, 0.08749067035894709, 0.15926454645526078, 0.18438997208882046, 0.3787892666850482, 0.03286639489948293, 1.2689624451668933, 0.2063262876642408, 0.5548611510843579, 0.6682272891719645, 0.8036140314879987, 1.0938614169666543, 1.7541269986943895, 0.9603994786649357, 0.5981807037049, 3.1808859956383233, 1.4151125281023795, 0.8522766664117968, 0.28167844794707303, 0.34356316138896437, 0.5711528614654406, 0.33992917017673946, 1.0932132419098275, 0.25391479859906096, 0.5944769752494332, 0.3813310333929028, 0.2437698503251221, 0.5385806200245407, 0.06597747832759422, 0.45625902123682954, 0.3735126045134108, 0.5234052944143848, 25.116867815595075, 25.26192461157711, 26.688613655764467, 27.151295792966458, 27.32866733858289, 29.28217081558371, 28.72634440592187, 8.841245907438298, 10.390963726157532, 8.180011453691277, 10.36881512254507, 8.6122813112204, 10.248056739380008, 9.048609261900195, 9.816927164868767, 7.492770046636045, 8.251664537824466, 5.384639359647098, 7.386209571991368, 4.358016243882338, 5.847067314310253, 3.134291603084218, 4.41148492091528], [0.0, 0.0, 0.07816051940521204, 0.17212034095852605, 0.15718359588403724, 0.08200474940443958, 0.3760124628216278, 0.931123866125006, 0.5000351685991803, 2.4917196238624797, 0.4319597818300227, 0.5148807345182261, 0.20729859344092466, 0.11766746781481059, 0.24538444778687227, 0.7283208145515542, 1.9942545591841248, 0.24141325167334665, 0.7882440002056615, 0.12884305400910484, 1.0648994030990024, 0.3879498146106648, 0.40860895463766234, 0.9184872886732166, 0.4425785739090793, 0.8200928592059036, 0.5828774997758583, 0.4511511764701304, 0.7478466634035436, 0.2800693430611301, 1.3288328581036708, 25.502869407760308, 25.69885821870927, 25.029627694479753, 27.341777149419844, 27.28228970204071, 29.579779320745786, 28.843536374906456, 29.605563820952977, 31.015195534702833, 11.141681872666277, 13.301464930040808, 10.698579512849637, 13.057968441923407, 9.875777566119499, 11.01236306767646, 8.045677083950169, 10.33469074737178, 6.504437505917043, 8.906146827809343, 5.563436757353378, 7.654497067061458, 4.088758759594487, 6.048306762614733, 2.7648991223003647, 4.429142082447406], [0.09368225499361849, 0.0, 0.10072264103176261, 0.174210825353485, 0.27734212081893667, 0.17804047112860413, 0.18689651143574515, 1.3638644848736412, 0.4540949131714796, 1.6053976149388063, 0.5823557487941047, 2.74931736771178, 1.402960839547552, 2.711264650957342, 0.22303523855909063, 0.698663631247122, 3.4302770235406035, 0.9323980467703517, 0.33009087340459964, 0.5556636026189811, 0.28264900994709713, 0.2484425610014349, 0.34027976426746137, 0.4236004104182543, 0.5544414748758207, 0.5786939114773721, 0.5495047701573039, 0.5435173482337872, 0.7361223994283947, 1.4631483341923166, 1.3241860908204446, 0.46631580730832534, 0.9773806764361188, 25.066695394976882, 25.236755942657634, 26.626256547681933, 27.08857196218067, 26.56447347447696, 29.079511253022133, 28.53216263520356, 7.599593200556427, 10.23270787267344, 7.191144499597356, 10.165088610951033, 7.770456215915348, 8.7238160562273, 5.846081948581051, 8.127372382946623, 6.659862921509343, 7.482309645769139, 5.712505686038766, 6.440884359989621, 4.6082704192529045, 4.7518816665772, 3.264880024943477, 3.6305102368248794], [0.0, 0.0, 0.08736295185148998, 0.15153983105321808, 0.32734994219696817, 0.1298056940905929, 0.15875458743261062, 0.6757853455089304, 0.4281847566706057, 1.6218256632247896, 1.1547901470010005, 3.1130517100239623, 1.38370713038201, 0.5867181684758568, 0.9073690556901749, 0.7020332820853488, 3.5335777895901828, 1.0835628705294504, 0.3638152815887259, 0.7628898887387893, 0.3466911476756873, 0.6737718876631283, 0.3439017822079792, 0.7631983262007122, 0.24141836922667556, 0.1391407229909626, 0.19640673054231828, 0.19493458261280536, 0.2544566951109748, 1.5363383581525993, 0.17886822506161823, 0.4194314889535719, 0.10453881022269623, 0.3715450099386605, 0.10727750663941214, 0.19843435877169063, 0.10569041878853849, 0.25403047485630614, 24.29520103704038, 23.85663940882077, 0.6365589040138065, 2.2639962414579884, 0.25986154601971506, 2.7324319941226984, 0.5461069407062185, 3.1232724724738334, 3.0168111079402267, 3.439422598995193, 1.9692296866382113, 3.4455104169550177, 1.479341302686677, 2.9095169352725736, 1.0208291606499023, 2.1787847223905206, 0.6977784385415389, 1.054166363022641], [0.0, 0.0, 0.05498730638191121, 0.14442130388991625, 0.199547015424945, 0.2752276721084265, 0.04166385328496, 1.31436470111662, 0.026754182650430502, 1.5955478045836249, 0.5535532811228628, 0.21508306005535607, 0.2971770340160267, 1.12885824244615, 0.20933730013012017, 0.034633783819523915, 2.757639643091103, 0.07366269153220034, 0.7752803363338119, 0.09833927047401557, 0.8354911594582773, 0.06295812003522994, 0.9073907004324094, 0.13985117513366543, 0.7494704400128543, 0.6281435266680465, 1.1674513892445306, 0.24266311161450782, 1.112387436925415, 0.2295010978829093, 1.1753152357465326, 0.6050665424020907, 1.2709419050161406, 25.233225054633394, 25.402074507235206, 24.988028112062583, 27.48119651839401, 26.216715453201864, 26.507752133011273, 28.629086036698354, 6.94174784375153, 10.37654590249619, 6.625131996390971, 10.584846400167528, 6.457498531093032, 9.796919674228162, 4.340288722242705, 8.958660563014503, 3.2532062426888064, 8.031829388992687, 2.445713076034395, 6.7934819942432565, 4.603788943743158, 4.140931029270987, 2.9506586162327078, 2.9014003685013634], [0.0, 0.0, 0.12970682146566206, 0.587358749825887, 2.1804877248208783, 0.45094045751899603, 1.247805460299992, 8.924753422659712, 9.456355571772662, 2.142762565435325, 3.1554835319020387, 1.8785796600283513, 1.3898012176173515, 3.2460793391126512, 1.3210334981697105, 1.6875250855583006, 3.2669538910902216, 1.8360458032250742, 1.9914009193709865, 1.494384563999473, 1.6208964237481647, 1.4388154018373471, 2.0600212465762926, 1.9009857601805473, 1.5040018141406155, 1.126032627335404, 0.9073547324377422, 1.358422462000392, 0.29269754818344823, 1.2933849102219597, 0.35926698723534534, 1.2410502663234262, 1.49889136205372, 0.9641492323258417, 0.5077433971274544, 0.8676068010946605, 24.84700146140477, 24.404969817989148, 26.460818289432982, 26.44302109362528, 6.208236670067705, 5.752173324154251, 5.121291281961217, 5.929092251181162, 5.769381639092091, 5.036153072594574, 4.359358465445041, 4.1322405370561075, 2.632560417060123, 6.244663378109264, 2.0115711525720146, 5.414053742880347, 1.7371117725559773, 4.111274570726663, 0.9730366604134193, 2.9536051029628423], [0.09368225499361849, 0.0, 0.12254729177414024, 1.3689707920232193, 0.609583238948758, 1.3581806520995883, 