{"initial_violation": [], "initial_duration": 34.60786294937134, "subsequent_violation": [[], [], [], [], [], [], [], [], []], "subsequent_comparison": [[0.0, 0.0, 3.653232448792179, 6.951525669310753, 5.018690236841063, 4.422589876547119, 0.10608032783869939, 2.1834228476935507, 1.9260419819329198, 1.079934487993094, 0.8554558435726772, 2.3241892228721563, 0.6562825992296243, 2.148230225970709, 0.541771958216287, 1.086573408861265, 0.8134461673339602, 1.2353661454857447, 0.25574001170910876, 0.6799981449715038, 1.864380347156389, 3.373867691007065, 1.4419894156011637, 2.4378110109933733, 1.3724745410950683, 1.8901626869646773, 1.3580464940406551, 1.1762389739309744, 1.280356604155712, 1.1757774148551983, 0.8791990605122547, 0.8234295066432397, 0.29953084206286384, 0.668997366633267, 0.2931112123302212, 0.3100540665562179, 0.40921342916865555, 0.2959808993430099, 0.41546345135256973, 0.3933917882829802, 0.3727961743243714, 0.3584025276971881, 0.2765210967000855, 0.22373616056206025, 0.3343002694682857, 0.27636144924671857, 0.3343323866988789, 0.27629265277475756, 0.33436441862725974, 0.2762239049871273, 0.3343963649697163, 0.27615519996716065, 0.3344282240841557, 0.2760865406775159, 0.3344599988421777], [0.0, 0.0, 1.6868684523803221, 0.5242805274374508, 1.378836829034342, 0.4072415854996684, 0.8818712416219779, 0.3377249540877342, 2.3017086905049178, 5.845698131070991, 3.9221501238369205, 6.542713121052755, 2.513477000821707, 0.7356203240244884, 0.4627928829606297, 0.6408133576935758, 0.23741090880776855, 0.8558628074534712, 0.9546172439881477, 0.0998029926088807, 2.707557769213306, 3.8538103501153578, 2.027394154255621, 3.211437812818458, 1.84634845294339, 2.3934362885461695, 1.3939344760034211, 1.6402893714721147, 1.0237827291046009, 1.192877772018536, 0.8162291441502562, 0.8625306374068668, 0.7322875648904458, 0.9862386474772392, 0.3383615919178094, 0.5296630123926778, 0.42609631063745973, 0.48119417621681926, 0.26790971265906155, 0.404758080224445, 0.15207060116826338, 0.24243058994312983, 0.2097858314007572, 0.21092874486411956, 0.3391200944755972, 0.2240604211236066, 0.20986476800569864, 0.2240329113879278, 0.20990410801831186, 0.22400536445582472, 0.20994336222029347, 0.22397777841485045, 0.2099825298932805, 0.22395015333012913, 0.21002161299854671], [0.0, 0.0, 0.5993576740207271, 1.2539336901090912, 6.1458242536590495, 6.908519625758883, 5.905546670015078, 5.17926360799146, 4.514846904005981, 5.629262811067494, 5.241714636146925, 6.810241654899264, 3.864146409643322, 6.935096387525317, 3.3775047454628377, 6.743574879707611, 2.2956018206888444, 0.9188080406770102, 1.3518675435820504, 0.40508270226452836, 2.2307418095778324, 4.638744578138156, 1.6621481418318584, 3.7596893229228536, 1.144245651152079, 2.7296357145943553, 1.4522372521792197, 1.900362608215387, 1.4373939027993214, 1.3700119741427492, 0.377653945234431, 0.9686905243538109, 0.2634589340305076, 0.6237191542938396, 0.22761657241657873, 0.31890951952712676, 0.25193045494730765, 0.32068493049338614, 0.27054878026115625, 0.3247627675372701, 0.269691052737132, 0.30602495987647776, 0.26972301186455866, 0.2821264393589292, 0.26975489646342216, 0.2815254631568697, 0.26978670555341094, 0.2815280206214602, 0.2698184405302133, 0.30962647773133434, 0.4781226715838097, 0.3095784714727308, 0.47812276609316795, 0.28153567248026123, 0.478004817358981], [0.0, 0.0, 1.7144600083402346, 6.8830763469941, 5.956883652800765, 5.915996032043252, 5.375072691359425, 4.430919565713955, 3.5477475759940904, 5.123267365033178, 5.096794557976633, 7.108548832863117, 4.197147017526454, 5.974895410670657, 3.338015211964765, 5.787879196991163, 3.3530215340811274, 6.807119670255435, 4.2078772658292944, 4.7976558164057845, 1.9984163649683824, 0.6922966119556642, 1.6789160555068372, 0.12976088164414895, 0.9500602854672863, 0.31363958604726183, 0.8054649662341583, 0.6983598481369196, 1.0619127358744704, 1.5248057674964357, 1.0028657913119057, 1.0234716138281406, 0.9226401858993296, 1.060401850214529, 0.7800456480540708, 0.5851038538989273, 0.5366365192571367, 0.5069836615576697, 0.05890749022349748, 0.3546768933374099, 0.05874149036173366, 0.2116726678112358, 0.05874451469685352, 0.10280618492814192, 0.05874753554239173, 0.13494214968860477, 0.27523377269587973, 0.32932455070311983, 0.27526223813791484, 0.3293022397639594, 0.2752907984571772, 0.32927989191687457, 0.27531945521525775, 0.13481204906437538, 0.2751843413707075], [0.0, 0.0, 0.5017267117622641, 0.29334035985760376, 1.3766407160993581, 0.41717285934431536, 0.3426518463883716, 0.8775845421120565, 2.1195106714504406, 0.5759513578112164, 0.5717454736465101, 2.617943711732231, 0.5520881983986191, 1.9226346559160208, 0.43814303423369416, 2.271372666271602, 0.28606753441776794, 3.2187604233762093, 0.6930849381867196, 2.4795446092859907, 0.24933417412148026, 1.306271504309198, 0.1714697394305646, 0.8307653138348854, 0.26196207709977404, 2.3526829051745524, 1.22711377826807, 1.521301461660833, 1.4601021450953313, 1.396495899940808, 1.0123214964228269, 1.028035765429873, 0.18619545191133532, 0.4765083741619482, 0.2103443185513059, 0.2427977130340193, 0.37353829712151515, 0.2531969164650769, 0.5307515236313115, 0.24211587202865878, 0.4026493408004466, 0.15705147003694525, 0.3523741215895724, 0.19083844256787572, 0.300935020627237, 0.13816219468291369, 0.35958402055244604, 0.13815527312942283, 0.35959973420270597, 0.13814837083807519, 0.3596153628725765, 0.13806550803855452, 0.3526263616436148, 0.1381346182620529, 0.3524932830322848], [0.0, 0.0, 1.3952408141883788, 0.2633843224458548, 1.9148173586972925, 1.2191826364337435, 4.386329722715064, 5.629583807847847, 3.732416783336319, 5.726683940771143, 4.76826849722186, 7.095243461571135, 3.466456354739595, 6.767763030690743, 2.887477124385352, 0.46815230272329444, 2.521300365731347, 7.59012951994959, 1.8911878610252457, 5.146716618076046, 2.940966336729048, 4.032286808310186, 2.1503873339552433, 3.2677700576291464, 1.1626605728196164, 1.3208913741724593, 0.840072465048798, 1.1693824454291089, 0.8355031036120142, 1.2641762692944607, 0.2668916100215764, 0.7175417383085968, 0.253690087598329, 0.6966350202491253, 0.2063028963153365, 0.6422233084793997, 0.36578974355439403, 0.43632676715709906, 0.42124269888779564, 0.45414913499652376, 0.4133642934076339, 0.1990981000271073, 0.4133658388121077, 0.20920319512448035, 0.41336732403527926, 0.18950510319341513, 0.4133687478857027, 0.18950706490167846, 0.413370111554566, 0.18950902524394994, 0.4133714153331407, 0.1883608830078878, 0.42134572849981533, 0.18836277443967447, 0.41337383932786287], [0.0, 0.0, 0.6434127407612571, 0.14007692682246467, 1.5049785983747452, 1.1159651871171776, 0.8686475748329949, 5.769087619805267, 3.2858218878130714, 6.011403112379371, 4.282926666542668, 0.6701846992154447, 0.228286352330131, 0.48596117283264556, 0.6825447765068193, 0.6017794723822757, 2.2009295180826327, 0.6453365328235743, 1.8610824739494514, 0.5536964618933713, 2.9824845588184226, 1.268267036326046, 0.954775888484568, 0.8126381717119636, 2.0256071472804145, 3.094356096118569, 1.8018511494591547, 2.105350463964061, 1.475710516120845, 1.3873214041499469, 1.2617962991051617, 0.8913560139501541, 1.0305365311202828, 0.31859834161397305, 0.24649810022885382, 0.3132567559569311, 0.34951209048811044, 0.15112720250384898, 0.361563819051622, 0.5200700822631728, 0.4155235624409894, 0.18927623506909935, 0.45430687834262745, 0.2279455262255723, 0.4543678846900953, 0.21614552730887263, 0.45442884205473083, 0.21614650406328442, 0.4544897509845727, 0.2161474848516444, 0.4157177256947251, 0.18991657824619793, 0.45461142087420964, 0.18987128093564515, 0.4544789515522713], [0.012967326996382355, 5.115993094083672, 5.48796693049407, 1.2294116212260306, 1.8303484527175191, 6.0400318720506405, 4.8805525510525944, 3.1867263970701627, 1.7696367327011884, 0.8103563647537655, 3.249422872776599, 5.231223899315789, 4.000044352242886, 3.8212543784069117, 4.783475824927657, 0.7395659498112834, 1.3882930158476698, 