{"initial_violation": ["destination"], "initial_duration": 34.92003917694092, "subsequent_violation": [["destination"], ["destination"], ["destination"], ["destination"], ["destination"], ["destination"], ["destination"], ["destination"], ["destination"]], "subsequent_comparison": [[0.0, 0.0, 0.06384372249226762, 7.195718760539537, 0.6008428935908436, 0.012251362244574234, 4.149936742756014, 0.035335824182828914, 6.128636261022339, 19.685207267659276, 12.405655631082595, 23.960277443843797, 17.492474555713024, 19.552633826121788, 17.171470719707447, 21.320726302776336, 100.0748781461434, 8.813435758066076, 21.17909353241, 7.443278063321012, 21.83481550658954, 5.698260276357569, 19.823264370228877, 8.91900930003976, 20.24161542119155, 5.864847505714239, 15.32574165581789, 9.18606967566942, 3.7971975637066984, 10.676543307677244, 4.628946062072083, 8.584836075480691, 1.6652159491016445, 5.72783446238195, 13.13327074319499, 4.304501353173822, 3.65271688617307, 4.122875402661362, 3.3596969145918063, 4.008132837806662, 2.5889153606139446, 5.821462967400609, 1.8756330745562892, 8.882777523977074, 2.1264849742804492, 2.8760562094465825, 2.181228457176288, 2.948614686527981, 1.3461527647129108, 2.009777430445474, 1.2358246034199343, 1.4130235982968844, 1.638425863099872, 1.203560831197937, 1.2106766540973752, 1.0096939832965002, 1.1598411769121497, 1.2610172701478062, 1.1997933947199855, 1.1998890691622643, 1.1167125133926938, 0.9901037269580198, 1.1402426233814316, 1.3171093971978223, 0.6553603747945373, 0.7105757219480633, 0.7265912381343436, 0.48824586076003007], [0.0, 0.0, 0.58246536648731, 7.211512224319621, 10.350805780607018, 0.20926176812193426, 14.096887443408365, 0.26051078535889105, 8.190534051097766, 21.080453331052144, 13.092910057905476, 25.668434771956452, 16.191824924667817, 13.635407191968987, 3.4155873999669417, 1.2152240834929307, 2.776652585142616, 90.94909941476187, 7.4578695012195935, 9.279851618061464, 16.766480934918818, 10.1953457884602, 16.74303942788106, 10.767334984386554, 16.85375309284813, 12.509845607599383, 4.9200161738352115, 10.15065415882598, 2.730242348394914, 7.859497893039914, 4.2683120273037405, 9.246121530786908, 1.959043922979362, 5.884047042407699, 2.2939815920482403, 5.51961761537418, 3.6101172252188842, 3.960043869375023, 4.015894079422787, 3.610835467457216, 9.229348069048031, 4.005814486339812, 1.9627073486041684, 1.9858055599700226, 10.451956688188936, 2.2507512801551623, 5.257791982687053, 1.6161318145301102, 4.242301293461385, 1.1964005512078413, 3.292640839743985, 1.13440297734614, 2.476397347242859, 1.4403669370386418, 2.2483421223742805, 1.0938824128174038, 2.4107479448843594, 1.428166197450407, 1.0546639457268039, 1.0362692832913047, 1.102319237309092, 1.412742733505458, 0.9874527116537444, 1.0260634301978102, 0.8401008965664046, 0.7581575446751008, 0.6657723334388868, 0.47850928126432296], [0.0, 0.0, 0.7132611587271802, 5.024276714250945, 5.341087551721525, 15.211011266417792, 5.7991007032256014, 26.00258702255288, 26.84574116926118, 0.7120465549512582, 0.8550567169802078, 0.22687161129848535, 12.43960426775268, 11.001503677328374, 7.662227359185942, 9.523180486364216, 8.662759762292538, 18.287501189927028, 6.2517948441957145, 13.92174476224553, 16.882178797938547, 10.09674414142264, 17.9832860982136, 10.827493290843442, 16.405668066125738, 8.272196678015963, 13.967234647508867, 8.09363054259234, 13.22455283888753, 7.998791710674047, 12.318552737583326, 7.27941696308563, 2.254312054119518, 9.455539079228926, 1.247478837917229, 11.630568450538577, 1.312624209052104, 6.113884401916538, 9.718999554051534, 5.696588674131678, 9.356491749152775, 9.198126835930028, 10.724517746198584, 2.392311118618726, 11.233098281833623, 4.003308157587083, 1.1878747148308684, 4.315583602632576, 1.1205618224047664, 3.4833331512325936, 1.0028180287539807, 2.6088928397375515, 0.4898878760438121, 2.2946377100829696, 0.39863799711450226, 1.8120511158899841, 0.5337746365714416, 1.3332263969126739, 0.572698568681146, 1.0595003632699156, 0.9847489620800426, 0.8627578503279096, 1.155580566479652, 0.5895341907096208, 0.9725626038272658, 0.6387820401124747, 1.0283591839747332, 0.4504081802647734], [1.0133731430059762e-07, 6.68755109251713e-10, 0.6951188259495599, 0.18534129916083017, 0.980453194058437, 0.7083313116597362, 15.424927790330917, 25.81182786627919, 26.77337857357245, 1.5628887294153069, 1.8355506141103626, 0.3613671199663905, 16.255490680163227, 14.829457087585487, 18.282067394079554, 7.089795694250588, 9.355964404164181, 11.482977624964889, 17.327160439736037, 7.941803540674187, 16.555761364083033, 5.813499004732378, 19.03331460276703, 5.413559698075538, 18.971833734326605, 6.273184127565435, 16.317692276342495, 4.7710341170860815, 15.527019417712603, 4.787035240344503, 14.643334769636807, 2.4705444232028673, 15.776856877771284, 2.561310566990273, 12.198874671242748, 3.8200413701680307, 11.592400072059014, 3.5868282628145276, 10.859069214431274, 4.0074590064887845, 9.218569898828404, 9.446521168335185, 11.434544153119756, 1.881053640297773, 11.78451835876689, 1.3925099633911613, 5.053903444765923, 1.1581371469533674, 2.176921812958621, 1.276623534312597, 0.600518992051762, 1.088564564309673, 0.5804034242714229, 1.2336397133969201, 0.7641146505630847, 0.8475389303912025, 0.9925924777786702, 0.29146489978202766, 1.6661399881493602, 0.7683554360688681, 0.531676792700379, 1.0272844397137744, 0.4173029352544875, 0.7950528931036822, 0.3961349172399611, 0.5823013922267725, 0.6923861123313444, 0.20401912374217882], [9.347099009053958e-05, 0.0, 0.11382652532434888, 0.3803446959454766, 7.258946345877783, 0.5159652058263303, 15.572386302524313, 15.62099263346413, 26.37867570887772, 1.5336767698993643, 2.5139527946882128, 0.9531831887445199, 15.477051189035116, 23.566111989683666, 26.406689330429526, 15.133121240623058, 26.757651290396005, 7.288893505880909, 22.198555486619007, 6.421055378396528, 18.97382130417771, 7.447411513936613, 10.26305811907736, 10.836587396929945, 8.248489818365863, 8.885930831322845, 4.302462332440034, 5.540639739206973, 2.985395904461943, 6.453215783429012, 5.614087530944135, 4.621455277840493, 2.7943422823046817, 7.632505728820885, 13.17621895018827, 3.6874200563872255, 3.508991765572595, 3.147733504445333, 3.5723029467814382, 2.295338565514494, 1.867805364533473, 1.8440883777845893, 9.520417792420371, 1.5494934605504875, 11.098180461388218, 1.5528759905115668, 3.63576604240124, 2.3591197148821657, 2.322342306449323, 1.5753841663823227, 1.5000683632601468, 1.351990206317553, 0.8099205920188315, 1.0963760072789006, 0.9572602907558786, 0.8976501381217322, 1.1094768347598891, 0.45795261226701556, 1.4901832114663056, 0.9447997135721194, 0.4819604904491574, 1.1322320638326582, 0.38788616610339216, 0.7482248137379186, 0.34335403088229033, 0.5885491929260981, 0.3277034880161134, 0.6210261809903745], [0.0, 0.0, 0.0839350290318598, 0.05840616015697388, 10.517353644937863, 13.850548096086898, 11.958845366519098, 27.422810323993406, 11.272856361490103, 20.948294028140307, 15.658192713054166, 24.275597133142007, 35.388997610360235, 1.9165016059797402, 6.8211443154022255, 1.2959025183533102, 3.7465464334642182, 0.4249269032979333, 2.2553030735482076, 2.3934951955517416, 2.7593360281324975, 5.326713081500097, 2.804791232205426, 5.272682946041248, 4.635616242312143, 6.946762916902557, 1.5318182985828013, 2.516316949446047, 3.164616188989546, 1.7929403704326186, 4.193524373281012, 2.5317604873808857, 2.1455384058924842, 3.0484536464549152, 7.772746591573969, 4.536171338747318, 6.2189060913664385, 3.830085030034392, 5.0364757154545625, 4.264740662057021, 4.224621753928359, 9.005480591430347, 8.912184617701312, 2.200535992523246, 2.093354584856246, 2.19670632504681, 2.2431201665229223, 2.1399924543192674, 0.5571316421563293, 1.044410947697481, 0.5033241802872934, 1.5720219705255347, 0.5022332170204745, 1.680008370728619, 0.4742970237354281, 0.48772239824361496, 0.64712589212626, 1.8130352300830623, 0.675432233773334, 