{"initial_violation": ["destination"], "initial_duration": 34.64904284477234, "subsequent_violation": [["destination"], ["destination"], ["destination"], ["destination"], ["destination"], ["destination"], ["destination"], ["destination"], ["destination"]], "subsequent_comparison": [[0.0, 0.0, 3.069604066929227, 5.159117099618507, 67.26677666688354, 43.36741006113376, 72.10394218094969, 11.868425505500406, 16.720213095642066, 10.08827356050003, 9.902515290510383, 7.139521569607327, 8.613790706515683, 5.54332457942488, 5.630014275055742, 3.680539149788742, 4.311291471326638, 2.357813007345918, 2.2321669113335374, 3.2918314527765484, 3.7944601111878993, 1.4088804550604, 2.097384634185195, 0.8959434871673371, 1.4129920221542271, 1.2934131382834455, 1.0744190361834438, 0.9552443159945102, 2.2477363898483684, 0.46323540662622864, 1.9611276333629546, 0.771195233075759, 1.936369593818143, 3.8247949772827834, 2.859456391856813, 4.156725362715173, 2.385362274039985, 3.409602931987837, 3.485769671080733, 3.6558548507312305, 3.2088641489620624], [0.02199965124669222, 0.0, 3.425384163594733, 4.944292354718043, 1.8794322211575523, 14.708121173859269, 71.03208853085847, 6.8859873275643455, 6.098591454615982, 5.940590581130412, 4.586613600210105, 4.290890421820069, 3.0135650299933174, 3.2504577511804316, 2.772189609990705, 2.7885608770922, 1.5700407791392332, 1.8849335152222058, 1.3053279966230884, 2.06991588158425, 2.2557175968312957, 0.72367054498132, 1.9795952371505614, 0.3191390844465855, 1.8394599854176545, 1.7045662797137675, 2.5583243681102337, 0.768653342180362, 2.902295779948857, 2.74829271332594, 3.0108448170783584, 3.22122788261638, 2.8484901571198344, 1.125472462057076, 0.8712064459117658, 2.505808237646688, 0.43174630737413594, 2.6100284685361737, 1.0810121060331548, 1.7603206735065975, 1.522147583819322], [0.0, 0.0, 3.3624888150981924, 5.7462025662609175, 6.776074108448907, 7.266951698735121, 67.29711454642434, 1.1736149133372584, 9.022803289114732, 6.579367263772115, 7.961931955283029, 5.496667393020773, 5.255306645076896, 5.038595890699436, 6.21874605025131, 5.7130529957811875, 4.218072562582958, 3.9380212457349626, 3.464538732557255, 2.3575718778416594, 2.9604970566548405, 3.154303946021384, 2.4503266363943164, 2.5209080057491, 1.6665341585745026, 3.6640544866507363, 1.7294790295858296, 3.2618175265951885, 1.3522305276520894, 1.1582848255583689, 1.0408808046964613, 2.0349572432239564, 1.0776707612770589, 1.4562122738918755, 1.059678086319634, 1.0211515553898078, 0.39169358640740365, 0.7761855471393923, 2.0614640962649315, 3.3856064663673777, 2.9649072034838544], [0.0, 35.381790118988654, 48.093933161894824, 48.948580020912566, 77.82641136867582, 55.41830949172983, 81.86837565993669, 10.197612655721029, 15.437484737453678, 10.912404375128311, 12.674210987584834, 9.584475024550711, 10.135865443418188, 7.813927094483459, 8.902440923149815, 8.249930958443601, 10.264868806711403, 6.910069455873471, 7.128759261969542, 6.8604030801379094, 7.3353333158087475, 5.537205473506153, 8.007028709019176, 6.13882293800482, 7.417687471044787, 6.4000266229254645, 8.376594334097259, 8.164536176211895, 7.631020395071017, 6.429186774084385, 6.150341390731216, 4.187378153944161, 5.307221419946084, 5.914497804699915, 6.504143199371245, 7.693068030173097, 8.206227312628046, 8.103258869439106, 7.620294343309938, 9.99166423074045, 6.789446673780418], [0.0, 33.479655017665635, 45.97029849749285, 44.7988707744586, 78.99134154187173, 54.61636084583109, 78.877324449479, 13.562536503004708, 15.37507155738694, 11.569913573657747, 10.885296539032053, 9.832130986412361, 8.816745579619518, 7.164191509374485, 8.522945758524457, 5.880066710349678, 7.615082130196989, 7.971979871680581, 6.328908231778859, 7.956091878479738, 6.365550741297929, 4.475239578259918, 6.1461514759332925, 3.7605060728401187, 4.275094889310575, 2.7530661356733366, 3.3050305139643776, 3.348598465964999, 3.3844164253027493, 2.147552664649449, 1.6476067232092237, 1.293049147139915, 0.994560487208707, 2.5772207813987147, 4.894263999392174, 4.6356411548216965, 2.59379698040075, 4.656574333965539, 2.8819836744285015, 5.951994739121138, 4.964112025549646], [0.0, 0.0, 3.7052250603415766, 49.22267527575239, 66.42972861841925, 42.78978972286027, 70.68188530604934, 9.673859917408093, 12.30102150405136, 5.66583703402156, 6.4564191127574, 4.18033937761713, 5.448357223693885, 2.871018981638029, 3.71520906884321, 1.8005552732614625, 3.6588743051215635, 1.3444046262396487, 2.2132668901265506, 1.096139973977696, 3.305905962163259, 1.2167330924512676, 1.916986306179048, 1.1925009529413015, 1.7774658871540001, 1.5419402811236564, 3.030718211329624, 1.6554934908847916, 1.4418721530083578, 0.4058527152232437, 0.9549816694186278, 3.4577126215083194, 2.226800013917108, 3.5641022285505275, 0.8749067465132464, 2.355581102434023, 1.9340578000736521, 1.6402856708994804, 1.7806460337740275, 3.760203902445452, 3.3331446644400393], [0.0, 0.0, 3.9316039715940523, 42.94146058537877, 69.06611829344422, 44.93737227869849, 79.12695799994266, 13.518455648389333, 16.422497600403876, 9.599511536059698, 9.493083567278617, 7.672306140403509, 7.652439421330805, 5.652407293181772, 4.252739479558882, 3.242296826460333, 2.0667534329684654, 1.9995055804648303, 2.734323536499384, 1.2058657820966676, 2.279515206143067, 1.5867093874293152, 0.7902690979614342, 1.409036719826333, 0.9353422646485844, 0.5797032543044033, 1.8754385384356331, 1.4218429212970987, 1.1611605835359835, 0.4057129284561562, 1.6564664913857376, 3.7411547347692533, 2.1171374267210084, 2.321278110082147, 3.0443130364727047, 4.084567888380483, 3.061535421807825, 3.629245617898817, 2.9876962285374, 4.570309026905223, 4.098837315026168], [0.0, 0.0, 3.5694886001534543, 0.7718996995140667, 13.948890391801623, 49.798078079577564, 68.20369389361551, 1.8475935747850563, 9.75608158263927, 5.923187536772948, 5.7964736055314, 4.2580356821181224, 4.798602099672993, 3.7321637247579833, 2.3813311239323776, 1.4563224362372584, 2.6804458023257833, 0.5301044981020563, 2.1259086424722287, 0.6763289894374541, 2.2267709353996303, 1.7778964000459645, 1.3634409612474465, 1.2324816194632986, 1.4467032035261422, 1.192762107801581, 1.7612277032639188, 0.5063551812478568, 1.420514620929112, 1.1028987369275256, 1.556974260448666, 1.0976784314849686, 1.5684986208510754, 1.7473635165625936, 3.9284146113572285, 4.430297406948326, 2.0382211338374416, 2.2980036894341, 1.8111642217166577, 3.5987861589536725, 3.8526873879768213], [0.0, 0.0, 7.167707580072772, 4.425798656569155, 9.914404782373348, 0.12437539420111038, 67.83639732367897, 2.8682853847370824, 10.672334487718095, 9.107815451331962, 9.37621792658328, 7.146599900709272, 7.10991028276971, 6.430985345999399, 5.5678885556032425, 4.764416430004368, 6.114006592940247, 3.2721824829438644, 3.7410900254070327, 1.6744828039881867, 2.756443498712101, 2.989211631513936, 1.8394018039446691, 1.362160930696201, 1.5009174918358181, 1.4310319538990834, 0.7141816174028632, 1.3059859168553691, 1.3595905404966566, 2.350770473508531, 1.7260831258834317, 2.775398555958252, 0.3167792680333824, 2.5696795390297367, 2.2274528239919706, 3.8446829330427397, 2.6199886520753566, 3.8471436254567712, 2.226828953918661, 5.172099744980473, 4.705800385059929]], "deft": [0.0, 0.0, 0.0, 0.0, 0.0, 0.0, 0.0, 0.0, 0.0, 0.0, 0.0, 0.0, 0.0, 0.0, 0.0, 0.0, 0.0, 0.0, 0.0, 0.0, 0.0, 0.0, 0.0, 0.0, 0.0, 0.0, 0.0, 0.0, 0.0, 0.0, 0.0, 0.0, 0.0, 2.6336223263865145e-07, 0.0, 0.0, 0.0, 0.0, 0.0, 0.0, 0.0],