{"initial_violation": ["destination"], "initial_duration": 34.689287185668945, "subsequent_violation": [["destination"], ["destination"], ["destination"], ["destination"], ["destination"], ["destination"], ["destination"], ["destination"], ["destination"]], "subsequent_comparison": [[0.0, 0.0, 6.970889135990815, 0.8575845443185275, 6.141848076749557, 0.25268767573243234, 0.8233620521973183, 1.0800385966527501, 1.1990085690514793, 7.160658061745846, 0.7951671702875687, 12.539155588294168, 5.185969134044009, 11.339064005050725, 4.94118709138103, 8.508210660196287, 1.7605280026490564, 10.397925677369852, 0.42924946655823765, 7.104860811898735, 9.314674103691717, 4.408961410369022, 14.048996515956816, 0.143002044194746, 4.526030452642359, 0.16990567918272292, 7.651504903415025, 4.196064674762383, 2.6572154604934903, 5.242915520553065, 2.43155004162349, 1.1418974076115582, 24.048279396876016, 27.324109847037107, 23.935602388695717, 35.12577719571921, 34.38052312683106, 31.51824116451914, 29.464870613944964, 30.638573223553696, 28.09592681926127, 24.69078591836087, 24.44200854348093, 24.925241902007578, 21.747248408251124, 20.46519807661756, 20.99207421981873, 15.681547395541607, 16.74239325575844, 20.158479536467254], [0.0, 0.0, 11.922433928619139, 12.983013546982303, 13.373502404097025, 0.027874098094337663, 10.358120683691821, 1.1940668109837302, 15.701062492851975, 24.559464620094275, 22.019022735201155, 17.482889198640855, 21.84054236319981, 6.444271726908543, 3.250256468302529, 1.7677324113224033, 7.114849395798614, 19.446888211016503, 18.09768015177675, 16.749338331930254, 28.787731803641453, 5.325378886358446, 9.047567386500107, 4.354057297425313, 10.187339218927118, 1.2805577557471035, 24.208304100635914, 13.354475631938138, 15.340665837646435, 10.229930452508425, 20.428884812970896, 6.772061815907997, 22.792580617694938, 7.33187934919515, 36.814273083816, 6.979019092028614, 25.617100563490055, 3.444227304543008, 43.11805221971577, 2.4072716324507692, 39.44611299642394, 1.10486016020625, 30.598322696809497, 1.7031098266695017, 27.136467029161274, 0.2609719696589602, 26.947813817342848, 2.1248407824904905, 24.568919261000683, 3.280810798423644], [8.575696401069235e-06, 1.0477378964424133e-09, 15.207857723754696, 7.116171926287635, 9.462272319478334, 6.067753137592765, 6.371880402894992, 1.5838893244361094, 16.61507830120309, 22.460838635133936, 16.979407786405563, 17.072366607561158, 21.216204356033625, 5.243316132055851, 8.245958548914656, 1.248852169300334, 17.204241292683623, 16.57418095761458, 22.274585623826507, 11.345865460982422, 16.809417010578883, 3.093562468302806, 8.860344488446621, 5.465111054888037, 9.880260323149066, 1.9106528876130282, 21.993835736876274, 19.87307165957204, 22.269292399657754, 12.36050706270753, 17.992266379972335, 7.173272358243581, 26.446791892135636, 7.667361250315751, 39.136559228488856, 6.917243020374277, 25.07544764163385, 7.99261578153335, 24.351887225336046, 1.7500544584712232, 47.10359629155775, 1.4410268098906034, 38.995900577621875, 4.970721723512005, 23.22327295288515, 21.045422930665538, 20.61153753722315, 19.81703746704083, 17.069537209935532, 13.669493986471823], [0.0, 0.0, 6.193599009308307, 12.743800125084423, 9.711597549245663, 0.07731682929437048, 6.112426637911092, 15.453958033366265, 16.207885586007563, 21.212085687644045, 23.154488036390468, 16.627827889843623, 0.23956952965675848, 4.398874814067321, 5.4440268964071015, 1.5062162245783426, 9.663215732790698, 19.21425254028254, 19.549705314514917, 17.43154672819859, 29.744923545139265, 3.4623819769196347, 13.796734475777207, 5.142415304587847, 6.698360287545008, 3.832976679734143, 25.12708438236301, 16.363967358997442, 24.190027416709906, 14.00072168354844, 23.251516232430266, 13.580038494088374, 27.55131429431235, 6.718443411157948, 10.034543810188325, 9.532268564550535, 20.63978249815958, 9.864523017254955, 20.433605446258245, 6.170727078395272, 13.034554227153711, 2.857464284598104, 11.09696603292041, 4.68389440623387, 30.241877689068474, 3.6820379190397463, 28.87238536507981, 6.203218239352842, 26.29923536954661, 5.698665872229117], [8.575696401069235e-06, 0.0, 0.1771066544090924, 6.991292338274769, 26.904948712381465, 11.086113584036092, 17.288540228297986, 14.274111042278887, 23.87308859282328, 23.58915314183106, 22.12148927012994, 20.00769335547704, 22.34341977830462, 19.400745120690576, 20.472700538130198, 16.758086062662006, 22.197535457211387, 19.884894683584186, 19.99216042704287, 17.36517705596719, 27.98750344256689, 19.756584340719563, 26.150835442217062, 12.656581095400083, 22.618848536501304, 7.471290279437123, 29.404861322838915, 12.58183114121956, 19.54815704439367, 13.64453115215004, 11.499106991664682, 18.04232124230987, 20.247638886007294, 7.028618707125888, 21.496711761600412, 3.2476932160772476, 21.979870350035263, 4.202189661822998, 14.28662885251421, 1.8030827738093422, 7.710103049832123, 3.58457751941363, 5.0748181828948695, 10.691169610371334, 21.183670846836016, 12.954303819221215, 16.310215066913084, 12.033528171099471, 8.517207764889614, 1.7465092980670152], [8.575696401069235e-06, 0.0, 0.32149774247662366, 7.049978363852683, 0.8424871687287722, 9.712941652149006, 16.813182267982633, 16.08067288568045, 23.418110390090074, 22.57916694474588, 22.28755845705062, 19.02461636012259, 23.64832604156611, 16.01161449302468, 21.177932617001694, 14.865186792054459, 22.460495330456254, 16.220435968753158, 21.935107006360884, 8.840621922394217, 0.6141011034517881, 9.814979454158285, 13.903074436023449, 3.6508776465658905, 2.210653734554955, 4.936651970379533, 7.824053387753625, 14.443745244101844, 20.176773561674082, 9.994496200059842, 21.412374350893785, 8.229328495991323, 21.350129573830376, 11.523243561823737, 30.594199759957508, 17.244284629180488, 33.78050313785106, 15.256614375123196, 29.051874518269784, 22.531125203801324, 20.81801983006114, 20.11917305743813, 9.882639129338441, 1.1858662949999985, 9.210058646375357, 0.4885252759264213, 6.51670768122313, 0.3493724208766088, 3.658420059364497, 5.976489472815497], [0.0, 8.065490087349327e-10, 0.19832561031437757, 7.012614926578098, 3.366164180320198, 11.034522249234122, 16.538115053088564, 14.123719918445438, 23.43833569664296, 23.74245439333231, 22.455514084655803, 19.555127036859304, 22.18098598363035, 19.260002027474012, 23.12855283054035, 17.37973844950844, 21.09259476558984, 18.87568938350643, 21.60999224421289, 17.299523424635776, 30.778943566535766, 4.520126190010999, 2.856439326984102, 2.9832299110412586, 1.4188475830338136, 3.1537796433432534, 30.933760617612887, 12.518049290762898, 25.830754217171293, 11.043675928594174, 24.648812437314632, 9.495405905404622, 27.893969080962112, 6.825818977657172, 37.39208254333154, 9.758424470229496, 49.91590200562927, 11.312285702403425, 41.1049209477993, 18.70448068574656, 32.322509999176766, 18.13547882250815, 24.924333344169785, 9.18836931893705, 8.056514853090965, 8.092482131322557, 6.566546370532405, 8.466688235329102, 3.5664406798537613, 3.087990647677595], [0.0, 8.575696401069235e-06, 7.231211243987187, 7.072517294873415, 3.243779304368884, 4.014408521986342, 6.398978582326471, 14.86982614423172, 23.81441277116784, 21.475788136707454, 22.23490419070503, 16.487237492132717, 21.02450623742919, 12.158291574783883, 2.13704536682012, 9.263130611640314, 1.7493272136822802, 17.785215414047, 20.052078078668902, 10.877207454233853, 5.944908423269061, 11.347801205388683, 4.39853772042455, 20.654874870280263, 4.24896643409084, 7.171431878873739, 7.077436267081643, 17.153155984408166, 17.374183020513865, 10.059625596695907, 9.251303799442521, 7.821076562940758, 18.440933908155944, 6.786006601799375, 7.316319728060158, 18.779287581852053, 25.220238859354033, 10.59282596891387, 22.5010302676628, 18.69051061931509, 12.172748146023897, 16.855977586265684, 8.946430055782605, 6.82776580516166, 11.086051974771943, 6.126027818438124, 10.132991381536673, 4.8204031258552895, 8.915725039311845, 8.920763513123227], [0.0, 0.0, 7.281958973513212, 