{"initial_violation": ["collision", "destination"], "initial_duration": 34.818087339401245, "subsequent_violation": [["acceleration", "destination"], ["collision", "destination"], ["destination"], ["destination"], ["destination"], ["destination"], ["collision", "destination"], ["destination"], ["destination"]], "subsequent_comparison": [[0.0, 0.0, 7.266794067350766, 7.546577404524071, 9.984588412807048, 14.548495142774634, 34.78847270285433, 9.983715573607284, 20.199755515433655, 12.65662023454616, 33.7152860641885, 6.71152588735869, 32.20178839696784, 2.636969467529594, 33.300184069414314, 18.007565885368514, 28.927624059448174, 47.93677196342395, 55.43398106618263, 71.76888580476188, 41.74942848439565, 22.476259816010923, 46.99270141586165, 70.65547784611381, 67.730076589361, 53.41373049692201, 117.96146323884363, 46.91421815573646, 154.2751535112274, 84.8921527997444, 169.26477191809786, 99.85522758411547, 162.68704514523364, 137.8768736388086, 98.15874755753843, 148.03619345668903, 114.74173521711334, 59.33257681246749, 203.24694230179418, 80.11423876368737, 212.88115222639152, 155.21268493436094, 221.273911755233, 160.52643606855614, 228.09172574569553, 167.55638048028194, 241.7272625124408, 178.04513164539566, 266.135232366566, 196.03503794906499, 284.28440480908336, 215.29990109660784, 307.06542199256666], [0.0, 0.0, 12.642793386246352, 15.05644165158816, 3.202440008733934, 6.887960448328036, 18.2405143968141, 4.006441351313705, 22.17829723112079, 5.041233142556827, 19.130802272677034, 1.006694055163857, 8.325255276648411, 3.755306679473618, 30.31798910176656, 15.845917128864066, 66.45519190000863, 71.83807745741017, 23.10932159471214, 63.287335038014426, 6.704571491317665, 20.207484187793142, 47.535395008248464, 41.20765257225135, 30.48877932173273, 87.07168522956053, 25.102483935195902, 52.88980192216854, 30.58793467532813, 73.13230862697996, 30.424790703249617, 23.42954363824827, 7.353800203109915, 32.333505650757715, 17.484308711435197, 74.02869466076275, 26.559036503920943, 87.87402414044853, 14.783652793009278, 32.78254327676397, 28.213211036740198, 41.47205232693426, 38.519269856379076, 98.4217605808968, 13.77642800563982, 44.13807669523721, 33.153074885929094, 58.89857440234708, 34.774359669438994, 105.43640570639876, 17.115286771556743, 85.78784380951807, 7.386905108052052], [0.0, 0.0, 7.266794067350766, 5.465231441937139, 9.728149456317006, 39.013341325800134, 18.439415573728635, 19.876756140980447, 10.373327817807334, 22.177476415246748, 10.184828692953886, 46.645035079921975, 12.308194498509058, 24.67440338377586, 13.371414405053466, 28.56593742170298, 26.990860410344155, 85.29034435283175, 10.75534733798392, 115.93660291118371, 4.999729139215298, 80.72650656727082, 13.666830264285457, 48.283698259155955, 34.21592728842346, 54.416829168482934, 33.96372305004321, 84.14633379039482, 19.135097838534083, 93.0751587791664, 3.4966092490324936, 50.42731453550492, 28.70971979469188, 61.386124692653084, 34.96210214241452, 91.52543808057459, 0.8593918273130202, 99.66827348954007, 10.928579487077435, 102.9967661351031, 30.894873655047, 75.37958504812525, 37.03051586172016, 90.38811003349507, 14.951571836856205, 112.23676980674647, 7.512774789221932, 125.17326683792672, 36.02400260265745, 106.67562231711764, 18.28518349192271, 87.03171145106417, 6.141272380305692], [0.0, 0.0, 7.703975233313957, 5.685741865996779, 8.941716580636555, 19.594067608907647, 40.171100812087566, 9.410471505250941, 37.42237867770643, 12.543197370740392, 32.78885093560372, 6.497426088292082, 40.834701151347794, 28.820275016182396, 45.53586586539668, 11.289740332574063, 20.094562099416613, 47.47875770963013, 35.15895593322874, 79.79975068454739, 31.79625999667602, 10.193074020776939, 27.827226268108642, 24.43486579258533, 23.591958649836393, 57.87312390060497, 21.514218680365264, 49.63049197572216, 24.240361166683495, 67.29905244442732, 24.33051499408348, 29.608198193650015, 12.036783445784751, 43.887076054095274, 2.8445452052828744, 56.847683916695416, 13.22603658547133, 66.25639203347667, 2.129668207962734, 49.65885615558948, 0.7090716199787217, 63.85189862416143, 6.586910273405905, 67.20693558514274, 4.373776599890896, 76.66174890851075, 2.1297830479936377, 65.53311828762145, 3.198889189352222, 74.38728897081248, 16.193961431544626, 54.47398539779052, 39.112879101416844], [0.0, 0.0, 7.266794067350766, 16.99034349284576, 29.415822103767592, 2.238607133789203, 22.681638272342997, 22.9763752598708, 39.306232092050664, 11.307440117759235, 25.931169557785058, 3.1573078267453076, 37.61521697429884, 12.145073031011, 45.422717466463446, 6.14190254629847, 54.611765271425554, 46.17414468577447, 31.463782598564364, 77.0420726723975, 35.15496401730424, 13.762569593039034, 29.46495798344163, 25.90654605717527, 22.27669965841286, 54.08711229477253, 20.943884210115407, 52.45289762826347, 15.949356834219383, 58.94760748549691, 23.991526530680435, 51.587581520811, 21.26466606262734, 44.72759463515451, 8.793654381758826, 48.02624654287586, 13.990306571024005, 65.93378066325187, 7.331447607650245, 48.48455172458297, 1.3182018556438364, 55.087298864448826, 24.9170321588893, 67.35472109447319, 9.83876366844954, 77.16602103756945, 6.587160721233345, 58.20051769526853, 0.5767546366987392, 71.94657192563741, 18.810563313570494, 52.0712369173086, 41.51157688578658], [1.2501002225546345e-06, 0.0, 7.266794067350766, 7.815788483598738, 5.495389654536284, 1.708297815610064, 22.200489821036907, 27.58544452059072, 6.274208411562261, 6.03763392124009, 3.723334815946775, 30.07868429394258, 10.325979000719192, 13.897170060382429, 10.168079422629619, 32.42250932118484, 11.669877270134865, 71.90428353877152, 5.125872900743516, 98.41464279892027, 13.637802391598191, 40.84663356944981, 3.4845911295460796, 56.18938143071884, 35.57297654780007, 78.10737181824729, 30.933790144667494, 95.2073231984025, 27.397128273256413, 72.44813611868412, 14.764931480426965, 68.06610194621979, 7.654289250462993, 79.77338664518814, 15.055914809206609, 94.8835481801658, 21.447690840525006, 78.05558144613343, 27.82810547723296, 81.51113013991836, 31.18500202448097, 89.58172039280002, 11.053533387452978, 95.9244744502609, 22.89424900465772, 93.21735937674833, 31.819765207509352, 101.9002982487074, 12.342260727780348, 83.3242653685992, 7.0499788597439395, 63.39883384388874, 30.305174072777884], [0.0, 0.0, 7.773458451673691, 16.637523238374627, 25.772429434520202, 32.8554074987309, 18.389538310423685, 19.075296813830597, 29.895147982872366, 14.34237860634078, 46.81235027400068, 9.535072553731638, 35.80345472592881, 13.030450900100076, 36.94707928284812, 15.8046066059984, 71.73983756328683, 18.118359022595506, 52.58537423906817, 57.66372916614195, 29.819681531990142, 8.871391068563081, 52.694636525918185, 11.847769049382155, 33.54604292800014, 30.56377572712455, 26.90024636831158, 41.23208598090276, 29.705421650295985, 36.79322111386193, 33.54882546361157, 26.431591197695294, 46.38768975768205, 37.72532402320975, 40.30396595095094, 45.50614560541092, 38.85605730171549, 52.90313563683932, 20.277251563712102, 17.030554614038582, 14.982636125415993, 21.01971275312074, 9.961332276482494, 52.753148373993206, 47.49647299105459, 58.357527791131794, 42.26109690169624, 22.28219441927868, 21.22210642390611, 51.78517491983164, 39.37979404138477, 31.613644801582183, 62.752366144730956], [0.0, 0.0, 7.266794067350766, 20.471798450608958, 0.5582960886684879, 7.570035063291654, 18.10630600471365, 17.210275554150478, 14.455181980749442, 6.6097328508708575, 6.003342383236625, 12.995097951722263, 4.829641900221947, 32.989365708136475, 16.360124661928932, 4.316294931734459, 3.5692133849172767, 71.86923084607795, 22.005226119358852, 92.25010792053084, 2.7284786432000936, 26.40138014214338, 9.228786742101493, 49.68763922136873, 31.986016568355886, 73.66163330980228, 30.187397709379564, 75.4677991222587, 2.4487646871810957, 71.77221220310958, 4.056038636213412, 63.76829781794115, 6.930138850038755, 74.49276329463262, 3.1843569218970065, 