{"initial_violation": ["destination"], "initial_duration": 34.66107201576233, "subsequent_violation": [["destination"], ["destination"], ["destination"], ["destination"], ["destination"], ["destination"], ["destination"], ["destination"], ["destination"]], "subsequent_comparison": [[0.0, 0.0, 0.8309102937697298, 1.3176606259557593, 1.6337248998395315, 2.7600668830966595, 0.7101065857557374, 4.0092352880560895, 1.5641504894069447, 1.5595949680196288, 8.304065157326853, 1.0541040923594873, 11.21118939750683, 2.4969980921351307, 9.785912339102945, 34.61223226155473, 23.047159199652633, 25.21438081592208, 30.811491037602302, 28.25718341364978, 23.19256293477548, 16.756047266924494, 17.89440087540471, 21.266085697272263, 19.289002345370676, 16.109294231834493, 21.355460337641006, 18.812790273998864, 18.605170677512984, 21.978097709213664, 16.5480697463617, 0.5786894111007791, 15.473593333229994, 19.867564952960564, 12.456996214245857, 2.0413653846479485, 7.242559243708019, 4.417964250648201, 6.330232475310088, 5.2479199671841075, 3.1111693249426042, 6.8336122917279205, 1.8187880654200037, 4.589248563299094, 9.04669792880674, 2.707895091898578], [0.0, 0.0, 2.3833478533161725, 0.10243736804869492, 2.8623650328213617, 2.5110987961771434, 0.8760556829740889, 6.35850093481392, 5.386868058204406, 15.498662209931343, 23.84239417573538, 19.778712071396207, 21.760100476938955, 25.678919837272403, 25.67750020119544, 23.263600866245838, 21.827827557017542, 10.202611392001499, 30.81270197200723, 16.006949157689608, 5.162337522799418, 11.567556857860023, 7.589559368465573, 10.246583802345363, 4.279043964791158, 7.0047661733065905, 20.203011730681457, 9.736649665390937, 16.139771337485794, 11.247797772801047, 16.42206993343295, 14.227525308428199, 13.298975115317067, 13.882858613750138, 11.048965289483247, 8.295500793481764, 10.452055243363356, 8.977561287953693, 10.015081467397795, 10.094471924809548, 6.614200890354639, 10.410120082099045, 5.0250352977024395, 7.864933354946585, 4.750606712114711, 6.4315638568296], [0.0, 0.0, 0.7749803674656974, 1.086421569783477, 0.3800383581041823, 3.981304143865949, 2.9437669808405076, 5.111768175695794, 0.6130166588817546, 2.0072099693672683, 0.7978920422869861, 2.290912452762985, 8.616538538128417, 36.52862345111023, 29.323089256682206, 31.915486798375156, 25.799372372993506, 4.519248513075308, 2.7252617730367406, 3.3691964839895414, 2.171302982093263, 1.1227925285713758, 0.381261355966207, 2.593272328735262, 1.298712964629405, 2.786814827309331, 14.7971141573724, 32.001393038660495, 16.71751753116796, 29.094842931650053, 21.62488255263554, 27.891654754832963, 22.814844311444137, 24.637228284249368, 8.74344740194494, 3.5276490613870735, 6.3417906388213225, 3.326876218481462, 3.297919975151969, 2.1067566502480104, 2.350882741079284, 1.5034592565653122, 3.2998071771757536, 0.1674687905346641, 1.4281225191068718, 12.195688774478906], [0.0, 0.0, 1.013149294244101, 0.7167701086230951, 0.04146966223315513, 0.6401280889989281, 4.0022921231182815, 3.7966158943402277, 4.066386348092763, 2.019043816986684, 3.3966078985437993, 1.0402197644327413, 0.7320109462932486, 0.4052649223374729, 6.0517758514264015, 0.9331092744952385, 15.114805863003713, 28.60967768733127, 27.60195771506693, 32.023735512196104, 26.25609761320782, 17.412503159505803, 20.12223023735323, 21.54768551795041, 22.185802700889003, 16.688726124385727, 2.20146492367695, 3.6349204216460063, 0.6260785426479292, 1.3459379281865826, 2.3800819913667834, 2.7384712288024042, 2.71601736907632, 1.261898779722517, 17.435349455763372, 19.87409458021534, 17.776204603120433, 17.945370571247064, 16.197566481219425, 15.04076450097362, 13.94180163183231, 13.42748275610801, 11.82964691097664, 11.260022595246868, 10.408479846340166, 0.4186422895943749], [0.0, 0.0, 0.4015825488653301, 4.747022814350406, 1.409739204964625, 11.783050544120286, 15.978942479313488, 16.71011311671291, 18.937973155911234, 20.239382796359813, 25.151609043082022, 20.213698362999637, 26.063119070985515, 21.013863758517946, 31.915640083083687, 31.85227801194532, 24.42248557316784, 7.218576171651772, 4.170773787308736, 12.317898979502187, 5.013913351501083, 6.819878204370939, 5.861991009486733, 6.538449408687488, 3.070090707297048, 4.624981871678725, 7.7071233741429745, 24.335588910637878, 11.97159642213603, 21.976944824654463, 14.718277086161038, 21.00275862643913, 15.05723152497161, 18.7236349554242, 16.448826999365824, 15.570493107586588, 0.9081539805340986, 4.434917531570304, 13.436240241531108, 6.0907314119558835, 10.418553403870346, 5.971954781269043, 9.966321097734602, 3.167983379834823, 11.070249887949029, 0.3162895137833309], [0.0, 0.0, 2.155768650102857, 4.301444265521861, 3.0977891544224088, 13.4433436217028, 17.437730548173818, 19.93095586404454, 18.77219687378499, 22.568827525521375, 23.562354714832566, 25.13934600171589, 23.90156846607574, 32.323593666301484, 30.433190210192237, 29.717305538642858, 24.48681863646484, 21.574385855194166, 30.492477571390932, 25.799458703866062, 27.566206567080794, 14.746415903062378, 2.6708235650978853, 8.235638843004088, 2.920391936638983, 5.905478148595723, 4.673895954286256, 3.052126342852909, 4.589654205316965, 2.093909175540809, 6.244660528751538, 2.3222892349962976, 16.13910843724799, 21.045210831500825, 15.556153205726911, 17.83496485510929, 16.567291155496978, 14.845437383889166, 16.224719421176445, 14.826700615984912, 14.593311021933257, 12.94182519596445, 13.394792421789804, 8.877549598233923, 0.8254549787675476, 10.585536873956107], [0.0, 0.0, 2.4563213547723994, 1.0527008096762072, 3.4279979371396845, 1.1606093302882141, 0.4507277364965625, 3.6455684386974223, 1.6740900133470873, 1.5894097010960309, 10.256783758930624, 4.3349660928429135, 23.5083850408954, 25.23579102134375, 32.335142905216266, 23.582372505523377, 27.581928267363903, 10.073637554627071, 2.6158551455634265, 10.299164886771981, 6.097218397753843, 1.9975973258901185, 7.187352239468486, 0.35987580630925603, 5.717773937385676, 14.284560663046328, 24.666338899415855, 18.83660921214842, 24.01951725258483, 18.514490399095596, 28.187188831436632, 17.02982931630948, 28.944279577854566, 16.992044243509053, 25.389140298955503, 16.679377987325694, 9.54299161921923, 7.208832349656832, 6.746782798307678, 5.490727890211767, 5.045926451069536, 4.456502960896907, 4.046612799263212, 4.794303187392589, 3.0188039281778476, 3.5803254594691727], [0.0, 0.0, 2.6455725309765046, 1.1172803171143133, 3.9493388224573924, 2.7716120054558875, 1.8719648901393222, 5.70261741760615, 5.081316538889438, 3.262185789363818, 14.63960230951767, 21.539943015888603, 19.757139933960673, 18.691679172775977, 30.79552090641829, 21.396049932075854, 8.659480982379542, 4.585741767129744, 8.395115362170513, 15.976692588876007, 15.291401367815268, 17.46604661772301, 15.348958763724433, 14.845247997304579, 19.47883937025849, 12.133208841458783, 19.62547701140477, 14.37287422111528, 0.16558076133310712, 7.862925072349555, 2.0528524048437027, 6.64812659349029, 2.182259460246807, 4.5909309245763925, 1.2249176700548414, 5.303103132471978, 0.673394654518962, 4.5618838146759115, 2.1780738326579767, 13.309656122802755, 14.755605043870592, 13.364012673863273, 10.852264309813563, 10.731653915471368, 9.03136047240743, 12.191384248858519], [0.0, 0.0, 0.27501059124673966, 0.11625561348412264, 3.0466146598524095, 0.05649778511178248, 0.052952410367005265, 5.449230596587819, 1.855932776069938, 2.8757672545799102, 0.8719657034825149, 2.6409510743772127, 5.956148245082127, 3.164895961596121, 6.687115111409946, 15.076386105535658, 3.8748670862046075, 3.6143904683728474, 10.39301914790645, 5.407879680257642, 8.878776667168305, 2.2496270492839985, 7.314290539075104, 1.186451501064774, 4.313211453547571, 2.6162505805179666, 2.745069723360517, 7.879609044973141, 0.3423279379702577, 11.762167946091301, 20.564885386070767, 17.6517936229291, 19.123257519759473, 17.425376979844017, 15.812080584321356, 16.03884936112469, 13.897253949379154, 14.094785042781957, 