{"initial_violation": [], "initial_duration": 34.81920409202576, "subsequent_violation": [[], [], [], [], [], [], [], [], []], "subsequent_comparison": [[0.0, 0.0, 1.0591259888838436, 1.5501800589788417, 2.172034042035324, 2.2876750767330596, 9.735551708948726, 1.3530916267848185, 10.469279935825561, 13.848412038912663, 10.565552246493752, 8.117407725253868, 12.022041373110799, 7.085969764463843, 10.06210871902669, 5.725578436551383, 9.424387305635083, 5.101310452045679, 9.291319308957585, 5.08188611509511, 6.838919602401769, 3.958633122806305, 5.20595138209886, 2.9162780617834203, 4.428636459364579, 2.7007451849940973, 3.4471120074149773, 2.482302756143514, 2.830474028457866, 1.7689209824391425, 0.36253885290228716, 0.5522483247957278, 0.5805349756988595, 0.20658448581515265, 0.3618601043199731, 0.6772315512757451, 0.392994862591984, 0.34806490881803864, 0.17723940085777906, 0.4859931238642265, 0.014305618097686386, 0.4008242010473348, 0.014149701240966959, 0.34857098038049883, 0.014149652707876386, 0.13768172706669446, 0.014149602733078524, 0.02963955380018028, 0.014149552758280852, 0.09288983459130247, 0.014149504150239576, 0.09289771745408229, 0.014149455542198673, 0.09290559898292985], [0.0, 0.0, 0.0979825986954345, 0.2589094309513385, 0.17138760783164397, 1.6965587962378188, 0.6660467956965064, 0.028754383399258978, 3.2036256404698142, 0.22476411844395683, 5.653453936097741, 9.054499585377997, 12.405238263726448, 7.542388728651539, 10.322995688021907, 5.813854590401377, 10.448231870912513, 4.781339206299442, 1.6449666344376073, 1.2091507318525596, 1.4742997573246661, 0.9711228904887041, 1.053136741460178, 0.839900840681095, 5.134956443365663, 2.384770395081597, 0.9823502316519651, 0.5626638998548479, 0.5745147870231456, 0.15179929682147986, 0.4519403466019309, 0.05930056292025712, 1.471363998553077, 0.9904789813438004, 1.1852464475525677, 1.2670726284038814, 0.4434654556589521, 0.07254581853835178, 0.1336101789355809, 0.5727528727520516, 0.47873974183826673, 0.4201459435611711, 0.3848397906390162, 0.3913290642148543, 0.019460460969908104, 0.08565858018775227, 0.0663222602208103, 0.0314113916924342, 0.11822057402832234, 0.03188575481694836, 0.019460197402799258, 0.10626585240298439, 0.019460109547099577, 0.10627377174687604], [0.0, 7.187748240942682, 7.0748323091373315, 10.19717796153726, 1.1707161349604558, 2.2733284883554767, 0.5744505675781256, 0.7016847739791576, 3.6889151017036648, 12.406077009556723, 0.12720553101801355, 0.7152681051433317, 3.6490840417554233, 4.291265385370559, 8.394364108409905, 6.555332613066229, 10.04121271548417, 0.9427719554676947, 2.2545476881005517, 0.3338971050276824, 2.5834959622167517, 0.6274441150585246, 4.120862849263976, 3.606858182583118, 3.5483534355479436, 2.7285113136251034, 3.1073976022111807, 2.3845414523907955, 0.9954084982688278, 1.0318691984623116, 0.8991540362870207, 1.0175955029991077, 0.8386758225644205, 0.8977304567270425, 0.7434384216367753, 1.1150403683413592, 0.5032524077186207, 0.54776496459912, 0.37177937519382365, 0.596320830823628, 0.45921009332852814, 0.43405623055905357, 0.013170150369103144, 0.34380780951554185, 0.1376332845705614, 0.11231983475816466, 0.013166354696859388, 0.12567801893345973, 0.013166350046428167, 0.18893035247339873, 0.01316634549426821, 0.1889380062880359, 0.13766816492954617, 0.0644378680207772], [0.0, 8.576535322155351, 6.671354478752287, 7.746730628477545, 9.060711434265007, 7.595626718320358, 10.370699613088968, 8.840396332745696, 11.187439616244811, 5.3940623403380314, 5.62885212614698, 7.8394841559869475, 9.949423854429472, 4.683605433196792, 3.177828458122003, 1.1568135725495723, 5.734554590830182, 5.114470997532966, 8.134472593429749, 4.429748939344216, 2.123501905790929, 1.6819814163300097, 2.4478078616883043, 0.4435653175292572, 3.104891216947223, 2.2018501404978292, 2.83189365209682, 1.8348771812529003, 2.5578310652731764, 0.9240557384572146, 1.1485569724429545, 0.8761362508294922, 1.3166917526600768, 0.9773483580541181, 0.8216822758924193, 0.6201452909769724, 0.6625248275344331, 0.1436528198542621, 0.42500305448146386, 0.25458197067126637, 0.10776610759673323, 0.12823988951919163, 0.06559312197983136, 0.06612660290560855, 0.06642566658564371, 0.10309031547290291, 0.11199721421484528, 0.009664153745721639, 0.04876425528626312, 0.05363150932077642, 0.04877217800729002, 0.0536314669236373, 0.04878010063223581, 0.053631425852305445], [0.0, 0.0, 1.1046174093514198, 0.6137065473679375, 1.5147177721198077, 0.1083372157666919, 0.0660283701529102, 2.985048675076576, 2.207416013460955, 0.9870101175892099, 5.428640733998531, 9.391259947598439, 10.034262666617414, 6.042488353684839, 9.831763432608499, 4.132325417812418, 10.304964712537853, 2.8029948086176018, 10.580017248795789, 1.1390282086701056, 2.456492818988968, 0.3422484027523924, 2.0230815671175804, 0.5573672301551263, 5.417167264039841, 1.8727897224388619, 4.312808912091271, 1.6607123430684887, 3.1309653349793924, 1.1910153931259522, 2.4462604450543184, 0.30494069290929726, 0.9134601515245441, 0.06460948594655505, 0.4900540507035048, 0.3539080352807322, 0.460585784852025, 0.3895350842434457, 0.7262582883653885, 0.5245469986649832, 0.40129419727138577, 0.07343380304687139, 0.207633214295349, 0.07328348698775722, 0.29538765587881666, 0.15402052851258766, 0.29539513681566115, 0.15410292682617718, 0.16607382563694847, 0.34668072051184307, 0.10283656989442226, 0.346688170975678, 0.1028443783926347, 0.1541220734644199], [0.0, 0.0, 1.0823245187933341, 1.603877490726083, 1.614158392434093, 1.0176054706874662, 0.020371382921150667, 0.7298297392473726, 1.810884272034126, 1.7771719496458582, 1.5522031238056957, 3.3795156706268346, 9.928135296923688, 11.10762234735121, 2.1033822322793747, 10.020551848510976, 8.31648257825247, 9.576356774631117, 7.655952455592685, 1.3908286516963009, 1.0757747686307084, 0.7387458892162057, 0.34765917181941514, 0.18189308120426445, 0.5623805861668145, 0.33506375962172535, 0.8918588139687545, 1.173604265271404, 0.2503595831789285, 0.8565516815097433, 0.1980117694952947, 1.012251111388642, 0.191760038017026, 0.7509637461519924, 0.09643322049726223, 1.4529724526544001, 0.5349020527727457, 1.0602558843940404, 0.4187849948089994, 0.5038189942004581, 0.336958296319201, 0.4579149289718459, 0.15399797101264695, 0.38095147616374464, 0.15974966852214617, 0.42482902299093545, 0.15975737083487107, 0.3250171596082411, 0.3369880733633272, 0.21104314129489982, 0.33699551766986263, 0.21105076471012615, 0.33700296188540324, 0.21105838821632572], [0.0, 0.0, 1.090400505225103, 0.3504158808600618, 1.471302706702666, 0.7153739668219447, 1.0649257117055895, 0.8522327844491018, 1.9806480112841518, 1.8102327136966447, 3.959908581514721, 9.778545062635644, 12.461063271018821, 8.333069169919602, 9.64384871194118, 7.011416341555179, 10.29031967617381, 7.254312993260739, 9.50783989676217, 6.379079017102487, 7.143792850045798, 4.964611842516903, 5.49113354137374, 3.89470766739305, 4.647230928538931, 3.6623766339990595, 3.242960967618608, 3.1827723991534795, 2.795363078306699, 2.2945769615955083, 1.9489689212058723, 0.6618277572584165, 0.3354896233166401, 1.0678723125753142, 0.384691232048767, 0.31359328959585536, 0.39751872452983555, 0.22009695668046142, 0.5797296225960815, 0.6030509010750843, 0.3715406613939141, 0.436827531992621, 0.45235062818921706, 0.10075180309666897, 0.08239797268687565, 0.25458506775369605, 0.08240588287563756, 0.23433479117079098, 0.08241379154660912, 0.1336910998379837, 0.183067868191412, 0.13369892973637562, 0.18307557978008412, 0.1337067597228266], [0.0, 0.0, 2.282557179390512, 1.5758888119945131, 4.2807921022286575, 0.7052483943018891, 3.8416782097296345, 0.7529957844314253, 1.4949303789514092, 1.324861127836264, 4.360768587564994, 1.7918121942196834, 5.473559152798815, 9.427865562504662, 3.6573396517776935, 2.3987559665886624, 4.500099037187706, 7.552813786310473, 4.13689259635515, 0.0774967006511528, 2.5766834224277746, 0.47121477512475735, 1.7991330169966144, 0.6957264067105456, 