{"initial_violation": ["destination"], "initial_duration": 34.810028314590454, "subsequent_violation": [["destination"], ["destination"], ["destination"], ["destination"], ["destination"], ["destination"], ["destination"], ["destination"], ["destination"]], "subsequent_comparison": [[0.0, 0.0, 0.005502545125207265, 0.0009239971285175031, 0.04875914146909523, 0.08678584519882912, 0.12138055937323758, 0.10783608153534928, 0.2180681930961499, 0.7598611636397319, 0.23193160802868096, 0.8252931097254492, 0.6688098624956197, 0.6497503587827894, 0.38892325769151154, 0.9279121692212775, 0.5408642823159202, 0.8822622765957215, 0.5495260619948362, 1.0604454390646414, 0.6771619802682118, 0.8277608638735358, 0.5112312522928852, 0.39501655666014407, 1.1656659583585054, 0.02302171800881216, 0.4892353637326174, 0.6840501806256251, 0.25821424313432473, 0.2621150832118865, 0.7206084716749679, 0.5374234196050132, 0.297974163435028, 0.5653074296885044, 1.1344027009872857, 3.5017649801099497, 0.26187734190562906, 5.425032495948667, 10.309983002128972, 3.059264572109289, 9.42054175013431, 0.9605827379855557, 2.2430609216818524, 1.478283085442774, 2.8210405509779592, 1.4787093860786287, 2.744222031986832, 1.5243736576627793, 3.8675297697511537, 0.32906414860671657, 1.5298048737994467, 0.9068712305253144, 3.6933675959898182], [0.0, 0.0, 0.11346612278737027, 0.17898828075766324, 0.5330077876561465, 0.07593873164778439, 0.304166914926196, 0.005928880395186155, 0.36145529614662797, 0.7206757512970741, 0.4051056031925014, 0.7065685668900585, 0.3268216171238688, 0.5205473331820154, 0.20045362688392984, 0.4646328552793702, 0.5195185189425531, 1.1367168752224561, 0.7587538780086992, 0.3237664834422435, 0.6037104732790567, 0.2695528295092633, 0.5847345306209663, 0.14665625298997537, 1.1523849482934612, 1.669918806707482, 0.5190959108946323, 0.5585977158804544, 0.5227012579580738, 0.5195964468261127, 0.6335678703682182, 0.7276690829530122, 5.017069709137134, 0.9036713456778394, 1.4348835873139796, 4.226187666259576, 0.6966082742693178, 5.375686878879923, 0.5158557001555165, 0.8778203218691912, 0.6628395825780786, 1.2519768835777476, 2.3276623671057455, 1.189645599857079, 2.913676164231721, 1.5155482125622277, 4.072289376804316, 4.396089418400367, 2.6927316995132795, 4.023092934469651, 3.0124483858425695, 2.7968524294695585, 3.823995404741377], [0.09368225499361849, 0.9631295121024027, 0.7119081904729483, 1.114983792353362, 1.3221543960321138, 0.8604601988037751, 1.2320101112854556, 9.386472757229217, 0.5942823882191142, 0.37441841154827915, 0.5993331926480788, 0.743085763865918, 0.8234264490365932, 0.9550213511979551, 1.0585795801973503, 0.38166401048873627, 1.6113796112062153, 0.20433910739287975, 1.2893070048654862, 0.14195881577258196, 0.8639397766141476, 1.1179057350667438, 1.1379066634206432, 1.177442276101606, 1.0678614100245394, 0.1491645270329197, 0.9206108028400957, 0.3158633350655715, 43.870380368674326, 43.553997696714056, 0.8700691471971281, 7.686933998703146, 12.353018322264392, 8.270768255082329, 7.7725128525011895, 10.032737938502095, 4.374845411520411, 18.703622681027724, 1.6590359308613538, 14.034165402036786, 1.1581914105653022, 10.876243101126946, 3.526558653864617, 6.875103904987049, 4.858242506644184, 4.450020036458068, 3.4904630960436442, 2.6197497875766, 2.6109087976830145, 3.049417103539513, 1.2231783607684124, 6.608079244846936, 2.266459517676372], [0.0, 6.68755109251713e-10, 0.27206275531497187, 0.4182585809610951, 1.8300350587681329, 0.35243263660484603, 0.8848552068528073, 8.692591899382125, 9.273622066702469, 0.5942711637725112, 2.0995951887629665, 0.7717444238513309, 0.6080524282533717, 0.7906356933914636, 0.48548085395683954, 0.9247143099014556, 0.634341202150273, 0.7625805308407578, 0.9301420556573965, 0.4494996787578235, 0.781290955542142, 0.3617929254929107, 0.8352855778017014, 0.4529797865069254, 1.1472852122795376, 0.2877939506234873, 1.1199105035602872, 0.34718338403282284, 0.6062173954912156, 0.2282523942815131, 43.76683245306517, 43.158740396540495, 55.4359008190412, 12.055054782891645, 29.08840252219063, 16.794270386431943, 30.250091856343314, 9.3338724223844, 22.960904940066193, 5.785569074614755, 17.655338020931865, 16.0427300947204, 14.826730472223598, 14.29472603228921, 13.990960402044813, 12.671499502136415, 11.000791541170095, 10.577696447354464, 9.520192512291276, 7.012144801342135, 9.203050156327315, 8.373836189563976, 7.000552712158204], [0.09368225499361849, 6.788121413957911e-10, 0.4765115534921701, 0.25898313484681185, 0.5592372840088968, 0.3242167396838861, 1.6437536984663659, 9.301479847260879, 0.9399700071023324, 0.6535963535289642, 0.7568648468176533, 0.33393584001421167, 0.6236527159300721, 0.3939031689574727, 0.3927168812312383, 0.3070885634662147, 0.638682493259993, 0.3010475115755451, 0.7302953917837894, 0.2495708243552205, 0.808004384535299, 0.22938105933926703, 0.7622811211484668, 0.23685084380134777, 1.1812401898965414, 0.2576716572439202, 0.9860414437346429, 0.23278517732452506, 0.49368800180233596, 0.22269921485793803, 44.00543170935149, 0.455100446550269, 12.662370739162622, 4.730635596526157, 24.257717803873287, 3.412276515143766, 15.070978514943802, 4.785384043637772, 9.758227970947253, 2.8378030651054096, 9.003718817012127, 2.5530207244131304, 8.49361103115325, 0.7931006929123332, 8.00693804005558, 2.1888552466486866, 6.906473836847705, 2.5277321131728985, 5.414687525126588, 2.8280968953593013, 4.119342251282913, 4.001652065766661, 2.8448453554264175], [0.0, 4.656612873077393e-10, 0.32080294621494326, 0.34249047442005304, 0.40516484452179025, 0.605891476613131, 1.4162828544197605, 9.322791615503741, 0.870969340911963, 0.4234131047258966, 0.7764778401770682, 0.23676340298859033, 0.8396586586316881, 0.41763658068395904, 0.8065768934165595, 0.23638164072218562, 0.7000297652663464, 0.11031093479025979, 0.8669966581887014, 0.09993421154104969, 0.8390356504355277, 0.04910717946081922, 0.83016975137958, 0.10874517791438087, 1.069897490686309, 1.6228175731645158, 1.0372429181434135, 0.3977932468092426, 0.6021796867629305, 0.15793518391403322, 0.7306539030714843, 0.14227879962303053, 8.306817356300515, 0.14967573980783366, 1.2648702378180858, 2.9048955375941903, 0.7215214698174686, 5.2471175488150195, 10.91325334468159, 3.5497404805783725, 9.53166294521043, 3.780042013614056, 7.241027911107561, 2.294140017707016, 7.842970086709104, 2.976051955366774, 6.0042390059231066, 3.2800029673717437, 6.12165279201111, 3.2298679623064332, 3.015622122503864, 4.126946803742967, 1.8007015066515684], [0.0, 0.0, 0.10703800351187746, 0.03043166394832047, 0.406937724844536, 0.1043405681126132, 0.12294048559943734, 0.15533223760118955, 0.4375997008959343, 0.46934081609327727, 1.3146227863293791, 0.2291902095546561, 1.1010227369318917, 0.05823226286945633, 0.6357611901496972, 0.29943210217685684, 0.9782791546250853, 1.0598173242629314, 1.3539597024579115, 0.29307251698076525, 0.8490604821847284, 0.17745526636913528, 0.8160120866851104, 0.127464163503971, 1.0968824301894813, 0.2228585473494443, 1.3264815544194484, 0.21907489062160998, 0.8188167080347862, 0.2858868220765455, 43.885791591791005, 0.4661482701753085, 13.323298026596095, 0.6669704590167483, 21.87370897253873, 4.235226213046877, 14.931994367837358, 6.189697801329412, 8.319790021070476, 3.809619370478436, 8.338302478374008, 5.077409180118965, 7.281758937411545, 3.589461073907075, 7.4828012254530725, 5.691365876116315, 4.831250766056041, 3.4182914020279878, 3.6761896975362727, 2.1503531272671124, 2.6687831180626027, 1.5933340077529803, 2.3667414986517077], [0.0, 0.0, 0.06185267411580765, 0.056879209926988514, 0.375340978754525, 0.22629247414701947, 0.14355163460013393, 0.6716827614665387, 0.07150836186393629, 0.8410016647256178, 0.03605835544866106, 0.8197229913428157, 1.0105660618560812, 0.4891326261215479, 1.1325798419563302, 0.16371700126053407, 0.18908487611099642, 1.2884444889522704, 0.3352327030925673, 0.1912492614704332, 0.15024188596933227, 0.3370313239751909, 