{"initial_violation": [], "initial_duration": 34.78017592430115, "subsequent_violation": [[], [], [], [], [], [], [], [], []], "subsequent_comparison": [[0.0, 0.0, 12.122339426370367, 14.633482210676327, 20.001357572782208, 7.737620090186154, 26.92572745970561, 16.618184910676995, 42.91823232598888, 19.093622916454468, 37.415381698739814, 17.160675999263344, 17.50833863619269, 51.11931992137902, 14.146972285481732, 49.8816755035296, 9.807008106268563, 42.270414941021905, 41.80877345576163, 19.38346770447156, 36.56733348097418, 16.934190408165435, 34.48529168624687, 13.541456328113314, 30.118525250226135, 10.203060627894647, 22.65433426400554, 27.180048274678494, 4.001558805492727, 20.486127780247312, 2.8658827840140164, 17.56768874238669, 1.8058929291786057, 13.826803940751049, 1.636193931417127, 11.507323762729365, 1.30294204168778, 9.716626876995065, 1.6041267159329755, 8.341613824345165, 2.0943470677448808, 5.183093021820791, 0.8926444516602569, 1.2752373450111083, 4.265914028628493, 1.130561699515158, 2.941318812453274, 2.852164308005269], [0.0, 0.0, 12.65125513813867, 14.489329351092321, 17.708638777115425, 10.683991691807854, 4.822228800499296, 34.48150416581433, 0.4775536313628527, 21.26718865091286, 49.3532339957134, 21.806317301343512, 50.45894551901472, 23.32304206003413, 47.49933359371935, 23.11709196273275, 48.18170718756673, 23.640498683029737, 41.8486814111867, 19.028779490743705, 37.46493589245768, 17.714480083513337, 35.657632235700035, 17.395039391422507, 32.24974144481538, 11.177296780063923, 24.496453882177736, 8.266886010545488, 21.002423430912664, 3.4922458012730155, 8.335431035913842, 3.091748013414988, 7.202632986335375, 15.72001692849656, 11.588358063676743, 2.1992441050070055, 8.947736896919935, 1.894836525730505, 8.5246332578178, 1.3384412087292574, 6.469046804702266, 0.41434206831219506, 1.215386157056333, 3.8717287922700345, 0.5483377705401911, 2.990232038468551, 0.2571018144248544, 0.9560667501407423], [0.0, 0.0, 12.058559470255288, 7.6326066138496955, 17.310239313148813, 18.41047498440261, 3.8443678376892763, 34.4350213351933, 11.229402038858472, 37.27147435721043, 46.120146364275826, 28.635578175852157, 38.67609916125426, 20.670074944241197, 31.894761675111827, 19.183572576674603, 33.39102092837922, 16.992702582557833, 28.172248391768683, 11.918614341175612, 22.519919039344018, 9.388684288362137, 21.362811422569667, 9.1421543464007, 19.14428679572958, 6.472167118250767, 10.288018894532904, 18.888368128281325, 6.846838843396597, 11.440835264778235, 5.0523587987087755, 10.289155024450245, 13.44861500847243, 6.697864088137873, 10.148340501870265, 6.243918151883846, 8.565742038341524, 4.412738158500321, 7.942558254055646, 3.909224824383069, 6.4056578480482536, 2.0189745075481906, 4.3005412219897865, 1.5491401239553007, 3.0772057599704388, 1.2670197128189005, 1.417442958259761, 1.4819607750970554], [0.0, 0.0, 8.484923851497264, 8.484923851497264, 16.46563651987086, 22.435430907866557, 16.094376113995494, 13.176392543974464, 33.759782519746025, 23.74225420592412, 28.72364246713832, 21.29920847253438, 30.67711239208418, 22.69857242273285, 27.83153146522232, 22.562473173580067, 30.578349487115556, 16.44686137062197, 24.587227151667353, 11.526347086549906, 19.852766255252416, 10.519486313460334, 13.60079203059974, 26.12280478038339, 9.863596193443156, 23.195014747029266, 7.477579544945037, 18.093563467204735, 4.0514042581695096, 7.956972292162504, 16.77054667747362, 5.47826980067277, 13.158387595108206, 3.6422557519216388, 9.218008959805703, 2.5310588659947584, 7.2607048271963714, 1.889865512378128, 5.678325278073453, 0.4625168786984153, 5.1790988112185605, 1.0894467089788606, 1.047348840589615, 2.991923736870547, 0.6414498604681226, 2.3896005409928796, 1.2059880690870357, 1.2373079865702803], [0.0, 0.0, 12.446321775757827, 8.584032284877427, 20.812423029901133, 10.61540520738577, 26.586177628084254, 17.414164527394547, 42.45108272712109, 20.60549021562334, 36.33860713520278, 19.362955385877733, 35.495732368265344, 17.68021970879878, 28.998186657752093, 15.761262560206049, 17.259081822342562, 41.2621040140926, 15.63030431344554, 34.24054248896807, 9.271914824345405, 32.079180026582115, 9.058511294479414, 27.515595717554103, 26.855941877075477, 15.071497717104386, 24.177345707079198, 8.670222184751227, 16.233671980119695, 5.314182807014948, 9.359123911454592, 15.51366441704763, 7.6853659690571074, 12.728204554726302, 5.085010090178521, 10.25849613420421, 4.267391288545415, 8.380882281691573, 4.291891887952596, 7.289682487889675, 4.684053912870151, 3.8906858637351758, 2.462809512028904, 2.7543893162827238, 1.602133441655431, 2.1542542517206646, 1.9119315083137212, 1.3634085453143716], [0.0, 0.0, 12.786692325623694, 7.578115108424827, 20.53259706962731, 7.572161247209512, 16.063290579679446, 31.751868462964808, 12.381850728949585, 29.384888644160046, 29.35716923146525, 16.818865638557224, 23.222738699503598, 39.81801104105377, 12.429465299071436, 32.14888216148947, 6.96719884463539, 20.246609881125863, 29.46061129575165, 13.253897722096628, 21.46314099439935, 7.190320414656128, 8.557336442740718, 26.497143701878947, 24.845813360311052, 7.281313795858423, 19.103679526013156, 19.72860069654269, 0.5034059864952661, 2.1793092580587285, 11.230226008391963, 1.605766874160546, 0.4527070986351558, 7.954491260344389, 2.071597017770221, 5.934750465236218, 4.252956995352316, 1.556253705719642, 5.126158791489555, 2.0155445132315135, 4.471101839339078, 3.8609945671434507, 0.8534194933987533, 2.233109730749376, 1.4972857820797758, 1.6248074924189186, 1.4844418408772537, 1.4335676449621353], [0.0, 0.0, 7.07944409247339, 13.82615360312379, 5.997849166633092, 38.30184138417813, 7.5689925801926075, 24.70715815209098, 38.70702816801482, 20.99807758060987, 37.173661409010585, 18.69607206644242, 17.281242138262094, 42.32806851628801, 6.277857645379839, 21.031540454377026, 38.71614893992341, 15.228171084440916, 30.281193184549437, 35.41685365654387, 6.0777145722454335, 31.412459548271503, 3.5833291315307525, 26.74839228889841, 26.69772280748403, 10.40370965900333, 19.728089120972495, 4.1914791857388405, 5.660989219996967, 12.926620162804488, 0.37335219034330386, 3.7703001259168833, 9.324385468083879, 0.17798637705492154, 5.8725549482708805, 0.9131968202853353, 3.580654618047989, 5.106254457821672, 0.502658700303181, 3.805408801123902, 0.3486308048397353, 1.1693337393074044, 2.2803995684976157, 1.2238497756318063, 1.3957124763908657, 1.8935501509210977, 0.7716708169861196, 1.6208001480311969], [0.0, 0.0, 12.089620492782606, 8.668413555345598, 17.345943391483406, 18.140372904216374, 27.832506953488313, 17.19526732799024, 32.22490006316932, 49.93506356851113, 19.500128148210706, 27.848987215564737, 36.07868461887791, 21.692825410220408, 17.835442283500267, 30.77694943266128, 9.543666316909126, 23.18914961882446, 23.833585453760097, 27.168787943202776, 14.211159165717193, 20.648952870605815, 9.77822941762412, 19.67877645809003, 15.105296397673005, 9.545270770642038, 10.901993608351244, 12.990194665132517, 12.758238521982717, 6.529063805196517, 10.396166500784842, 4.621308321212276, 6.615632526014566, 8.415281773045336, 4.787093063442168, 7.320226034508241, 3.7292176492650846, 4.9923499677119825, 0.9474654254291113, 4.520224936322478, 0.9603377005282153, 1.7794029491415557, 3.198623119402523, 0.14878732148095453, 1.9998283213152737, 0.8100537945148016, 0.9287725101140687, 0.5659757482721736], [0.00015116196932582918, 0.0, 12.348805989869286, 14.122407049238538, 20.49555772871746, 22.618343130323527, 27.18227566884518, 12.027988928289613, 41.852569529833985, 19.388021824875224, 35.67048216153533, 11.160737771196228, 32.49139669612319, 45.904801135211386, 10.331528587018058, 40.03519163297067, 9.14563081804301, 37.06188717178582, 6.598151239365309, 28.09383348917908, 0.6237970229478457, 25.10013581185868, 28.117137146222454, 12.436203123742292, 26.409663991467816, 9.392556113252178, 19.103844875919396, 4.929716796155869, 15.579373504525838, 