{"initial_violation": [], "initial_duration": 34.8993022441864, "subsequent_violation": [[], [], [], [], [], [], [], [], []], "subsequent_comparison": [[0.0, 0.0, 5.304810025664624, 10.108468192842514, 18.6424901445293, 4.118194648783357, 5.674064646383248, 1.7596583798439536, 12.911698752863064, 21.106312913735017, 27.905346326281048, 10.955237180043722, 8.973562516621133, 4.581649232861428, 20.546993079460997, 14.121934070203915, 28.36204008451057, 11.953873282624558, 25.420648745820756, 3.711078152708991, 14.475884524737285, 9.700600109565485, 15.157613013082068, 6.530971243039911, 11.402534409734201, 3.158115797522265, 11.703408744301043, 4.6288647560413825, 10.721977409768863, 6.159639385377275, 7.58182883491596, 2.2629158627407295, 4.64992772363321, 2.9714018410577703, 5.2302737785368745, 1.9388247250617243, 3.766463662893424, 2.088040306519391, 2.734457136332061, 0.4850516049263448, 1.262862117106046, 0.6516470232634259, 1.0587789416803692, 1.1116011473769556, 1.2710362053867483, 0.8706580654048205, 1.146127221007433, 0.4043994624569018], [0.0, 0.0, 0.010499364151975167, 7.460487670983163, 8.12627844772624, 16.648758643848208, 12.89892040888947, 29.054353237615707, 21.0063520437479, 30.37234171066889, 19.867560630108784, 25.318164337363918, 25.07838063691171, 24.322315730289592, 19.95475518010536, 29.198254461941044, 23.47745670600217, 27.088577802166565, 19.789019593288167, 23.254108957732953, 21.328019947093217, 18.284370401550838, 18.30587064811888, 15.490374116980455, 17.412099575119214, 14.007076835306844, 14.295876097705088, 10.971774488871862, 11.861110626874284, 10.900378529069984, 11.280521531141488, 7.284306940960845, 10.45578966313231, 5.464212504518688, 8.717726718395783, 4.179761846905833, 1.9337610417061577, 0.9625744436605098, 6.290727494664143, 3.4447390011522905, 4.493362837217729, 2.2845275036079493, 3.581523997898613, 0.7362981506346219, 0.7662578396971446, 0.510953841751537, 0.35137754071653, 0.6443623670412272], [0.0, 0.0, 0.32128221497888493, 7.4103212875498885, 3.6689695819535744, 16.592562988849924, 12.264001757762653, 27.068015844574212, 10.247454472692429, 7.379034643633993, 7.569822480080583, 12.346050821015133, 27.077408854344572, 25.539273701857322, 17.194378777752146, 3.838337161869665, 5.20015738563345, 4.918705344006954, 6.833620916252573, 2.507159604209012, 9.231302272063008, 4.47877506984819, 5.119071510141612, 3.511870023139379, 3.9152569097172645, 1.9346944467255456, 2.940384735164523, 1.634469338604418, 2.460926746262308, 2.154840544327915, 8.566779088179018, 12.855820505149012, 7.671738014803716, 9.293300786987464, 7.191449160205143, 6.939070445292243, 6.8765329729765305, 4.689914997171986, 5.368845961731386, 5.098873506561708, 4.205515804143243, 2.9939374387679245, 3.211077188558614, 0.7768335789290917, 0.37868510050633647, 0.612147452847062, 1.0428498428489454, 1.1346380595269367], [0.0, 0.0, 0.17003775826010245, 0.3276351144556268, 0.18052048605495577, 0.1768273672972742, 5.637326714820318, 0.9166755631224991, 1.355989296528813, 13.863106043636696, 1.792551295325944, 9.831776742063818, 2.39271388854472, 10.497521164929479, 0.9349275902035263, 7.861311474791201, 1.3199419102473133, 9.824137795692288, 1.3366727038894703, 4.7284248119983765, 4.047100564521285, 3.306865560430586, 1.8888920914067842, 21.118257819184247, 6.4116843963253, 3.951753875525193, 0.6311269492455636, 18.785713083380912, 4.384671396872416, 17.07241143140987, 1.1307588013094976, 14.043321006337704, 0.3029149384736146, 4.2996532480495615, 1.337049139976071, 3.368628649208635, 1.269917956942219, 2.757108487516802, 1.5491853530820912, 3.2131690716110985, 1.6476498590543835, 2.8507324781481724, 1.0756155272122339, 1.6721702024317957, 0.7480805124474501, 2.0260445303035772, 0.31118154132485304, 1.1245457868467754], [0.0, 0.0, 0.36964899002257784, 0.10836523347395467, 0.418286326348595, 0.5316334624593524, 5.337450209775491, 0.9042859757919068, 0.7971266121856301, 14.48418947324836, 0.6403609536576501, 9.647927271455282, 1.4675120835111293, 11.253087479956186, 1.5342136055545388, 10.18873542477639, 2.9207743311633285, 14.547979097317995, 2.555638463327697, 11.179442698254071, 1.2705180435066898, 8.999443944286083, 2.793205337620859, 8.453742334040792, 1.1040275940557875, 10.074683977308363, 4.362741775505567, 11.412721827985747, 8.823167275653665, 14.483300224968517, 5.4259542599328014, 8.407246757044698, 3.7989200854552863, 6.177250620716322, 4.488794736722612, 4.592629705031461, 3.35052292327416, 3.640803393491738, 3.264733397163233, 2.8849166385770793, 1.6402134421815573, 1.3131090390980003, 0.04376372232850329, 2.5766834177549023, 1.03888099959685, 1.143282757137444, 0.45125510774737504, 0.4717831749467717], [0.0, 0.0, 5.003485371394785, 25.966406211517647, 15.288542768086314, 20.692527980116836, 14.092596986099359, 27.042981356046656, 31.216283876050415, 27.608985861178358, 31.477972313090632, 23.34316723795643, 31.371865006783665, 21.94946075444725, 30.925922092213085, 24.783259442305653, 33.73027279106252, 4.258436185876134, 3.693233363137698, 0.32409704007339046, 0.35041993948080197, 1.7250405890254816, 0.6054954727147022, 1.063893761897074, 1.998423237025271, 0.3948693739410265, 0.21844449250755052, 0.8311966861461101, 1.2696629951860512, 0.3858971847853732, 0.9540280157010016, 13.362215028849036, 0.8693982434459936, 1.0399686553256653, 1.1331207193285804, 1.0901676145957178, 1.823867326018634, 6.633246110391967, 2.23342461739985, 5.412561316091928, 1.0984529778377863, 3.387984656158523, 1.2742366674151837, 1.2257960592632549, 0.20167534819512536, 0.661855947243677, 0.19413392764489004, 0.06441964081669457], [0.0, 0.0, 12.376238002740017, 0.12068707690910371, 29.892822143519663, 8.371714277353934, 30.06698151711209, 0.19901350245018581, 37.3290646786669, 17.392964955938908, 40.18883713616821, 22.69520179563786, 35.90566988582525, 17.861535469949203, 28.209944977246924, 14.847898778341554, 45.56167724688333, 12.870089093309057, 42.8248711271929, 9.212076917131293, 40.81759499141167, 11.769653308067667, 20.360672877868925, 13.26550923162834, 18.078046222747655, 7.778348969642768, 30.347123115838542, 7.731946452748946, 27.946182601298748, 6.733650743823626, 23.92780017671886, 7.050665759085176, 19.98322181685801, 6.228232819218751, 8.144818134735559, 6.756020042611609, 7.986363381675676, 6.355896804899367, 6.727462558373094, 2.081864150812635, 6.493983666070234, 2.211558399831101, 4.840148332993281, 1.7781603187420705, 3.0876032509786104, 1.6047833079380764, 2.485731396515399, 1.6917835901120242], [0.0, 0.0, 0.33534887759673154, 0.7050423346125928, 7.782674290277679, 8.546518177653404, 5.427115385703922, 2.5365490727948146, 0.341142602888304, 0.2401290499983886, 1.7638361244890568, 1.5913165789609094, 0.11453432970346426, 4.480951297600515, 3.3483875922072657, 1.68954289574285, 4.146006499609235, 1.905258573966569, 5.127644890633596, 3.037111560685766, 20.765901517763737, 15.967608250482291, 19.197968622388707, 12.379076973227784, 22.072411424666093, 12.66002877314913, 0.8057235845605268, 1.2003791852265173, 2.3239612846494864, 2.0259865072774508, 2.090218631085502, 11.52151747153364, 10.176961459343449, 7.511302311633961, 9.27067029715943, 5.127130870976421, 2.0350177556576945, 2.9393061637945928, 1.7311816099825696, 3.4534468333042296, 4.349886548139078, 3.099952936832351, 1.3002437605112576, 2.2086731185114115, 3.328751142811408, 1.6741734627470959, 0.42350183490985527, 0.6283209449909528], [0.0, 0.0, 0.17244104358468157, 18.367658423608862, 23.138737486741434, 10.209931720972117, 16.087844609753247, 0.673433077618028, 8.06220288854654, 4.789909723426897, 2.9906566154731618, 10.96957542755398, 27.5849946552332, 26.4992799395106, 24.97648765997278, 25.46212822402037, 30.471409903875024, 2.311797236626248, 1.8006617077665734, 0.8955732819172691, 18.300817755764896, 19.337102802243287, 19.774083365159747, 13.391080103410804, 23.061569192293653, 9.673523892522155, 0.22447881886249715, 3.7628751555400957, 3.0515192332159367, 