{"initial_violation": ["destination"], "initial_duration": 34.819873094558716, "subsequent_violation": [["destination"], ["destination"], ["destination"], ["destination"], ["destination"], ["destination"], ["destination"], ["destination"], ["destination"]], "subsequent_comparison": [[0.0, 0.0, 7.546322095892294, 7.926903891964081, 0.23984477398153872, 3.519047004064442, 5.9085856533640335, 17.244533329481214, 12.171352929152961, 7.955827654721075, 11.379865125974723, 5.033163471121792, 6.8350030999213836, 3.50208254263478, 2.3714349178346406, 5.986773160058598, 4.1107981808969685, 6.208743425677928, 1.1029433110738265, 32.17271028246109, 2.374629654848334, 29.680416061581113, 20.66527679398452, 8.70941127506739, 1.0546849594559964, 10.943981701899821, 21.03143073381176, 28.519433047171802, 21.767651001578557, 27.94653979897571, 26.399729297875904, 24.179416598847364, 28.91788894136247, 18.84372976233875, 31.512658900640957, 15.961597968531619, 26.497209033449575, 15.470593240933322, 25.55497917447631, 14.214033751544351, 23.54231062978538, 13.270423868024706, 19.568964311294128, 10.310158225378174, 17.73320868442115, 9.918947230475514, 14.131901123324063, 8.754323150680344, 13.621579616863137, 9.06769029100282, 13.985934309739138, 9.093441671209757, 10.570947701527652, 10.176880334865077], [0.0, 0.0, 7.773102588916096, 0.06828830409908926, 3.8122524314244632, 0.1066843970369201, 9.750360761463009, 34.73933146316378, 7.674176431093203, 25.856750379273805, 11.193082784916854, 17.053524463532103, 8.085533325706455, 20.7486557223974, 7.801218904615829, 14.910756707831364, 9.599944966906483, 18.82988927083733, 12.421996757341336, 13.505192972776399, 14.78096652875671, 11.854951546830728, 12.576901021074798, 17.138483944782056, 10.00820564767233, 15.473312043546516, 10.94889465070753, 15.050855548396255, 11.51683791965489, 11.599373979535871, 14.400785527251514, 9.6211598012337, 12.400257213385068, 16.127073566404235, 5.79368590361538, 12.398218514707054, 9.713722843482904, 12.273395201792479, 11.078205296336677, 11.726168429930889, 8.958377943924749, 9.375063600914416, 6.312201965484517, 7.062187499774445, 5.91409922676592, 7.317009098498857, 7.539163464728539, 4.6894511203036355, 5.205353927751029, 4.870919919133855, 6.20906147058096, 5.6030284449806524, 3.7294044227393157, 2.737788318875897], [0.0, 0.0, 7.462676847241966, 7.515747284523145, 4.618415936851193, 11.337989293914834, 11.195565192979752, 17.387359407010777, 20.054328507354555, 4.258809423374597, 33.79151819618521, 26.17955566126876, 27.535155732460613, 24.699769219820713, 29.675476163524788, 25.42414351171807, 25.682700325737077, 29.99569228711466, 28.774864775621502, 27.085293518312664, 28.047926508732992, 27.313231038815665, 29.513043639125776, 32.06981891855176, 25.416648914618545, 31.13316057314891, 23.824907098571753, 32.82349961307201, 23.12378915854888, 32.14800885936227, 23.428801420598834, 32.491774357190685, 19.968680764531005, 30.092228902110758, 20.353149800021697, 25.60757904241373, 17.29855529861162, 25.22464062329397, 0.8724646004720101, 9.229035325630914, 1.0936663467646328, 21.817367347088478, 4.100625778135376, 11.424205108109291, 0.5325216907941901, 11.871432595217804, 1.090248165237047, 11.503543879210474, 1.7312747826465225, 10.74561899065042, 1.5099155546824832, 8.984886604042167, 1.4311633543560323, 5.600291507844297], [0.0, 0.0, 0.026226826355165565, 7.505701329804309, 1.291482184727682, 7.699634171478502, 0.14291953313035888, 41.446899280476586, 7.235713199710697, 35.56217375967522, 14.063185044875928, 6.353438891231306, 2.5238254805542155, 30.962586589351393, 13.5817460563005, 28.595423658477376, 15.132516248442684, 31.945086411898238, 14.648458746631125, 29.540492214435613, 14.317147547846702, 27.04906651631892, 18.235564765098566, 27.50037405559907, 18.531187465897585, 23.642162045482404, 21.588109782964473, 20.93158396494877, 24.154186561610416, 17.907466825037808, 3.659278710533859, 0.5925635616045101, 3.591436619284605, 5.431668846267067, 0.6807359120435256, 5.709347110249208, 3.5677642107750716, 4.867473624815297, 3.422238480637944, 4.64367231237076, 12.880464418702608, 16.01715485183684, 10.72887527579756, 12.739547077107847, 12.887230937179941, 11.587864126570615, 11.360568834267767, 8.528142585539657, 9.649683533162303, 7.94666171137175, 9.899479707734773, 7.433269854689498, 9.27928398976892, 2.9039407838778217], [0.0, 0.0, 0.18076542566429632, 7.4543740827446525, 4.6458405333243205, 11.251906124048906, 18.023193560885627, 18.00970989772337, 26.08858464762411, 18.402254432427817, 31.197458911140565, 17.97422916514402, 25.41659472564701, 15.434816257970652, 26.76680226282928, 14.311886877636091, 24.075901434203402, 21.345247913252997, 24.25021186720349, 20.19580764123543, 22.276195276930284, 21.72285595138409, 22.885066670092414, 25.409818004762126, 20.669690035796506, 24.587685654250816, 21.07857676919364, 25.298058660970145, 21.985606877721096, 24.20242371224123, 26.785484663864388, 25.222717019262724, 23.394277978218682, 20.43145531275478, 26.11255850941465, 16.32334295507479, 22.257722376906937, 14.578116462913668, 21.791811732815585, 13.797741049211124, 20.354438916882568, 13.66058369859214, 17.10997183849416, 11.253811700736058, 18.892867637799792, 7.355981330815483, 18.620731406155258, 5.952249520709212, 2.325840570489779, 1.8877878233043908, 1.6276128096337763, 2.4780600586823702, 2.7301991416333022, 4.081702263788209], [0.0, 0.0, 7.465632850122233, 7.516909470063856, 0.17133508759804575, 11.55712798785877, 10.32955536872635, 0.4257303446992715, 12.188160064145809, 3.4137675910001177, 6.772103290492553, 4.027438433454904, 10.685235600859725, 1.5151238871546409, 8.039356228293675, 1.0221835584185808, 11.340320958642033, 1.1279823404381324, 10.902767937077346, 5.823992099588311, 9.044195890358303, 4.6677375141674675, 9.618387102570843, 4.475118616595297, 10.350677845357017, 9.053189799492838, 8.054884156829909, 10.257312745418808, 7.210288408613925, 11.838966044885076, 26.390521625412934, 34.20784850095807, 30.613966697884866, 28.31106011931041, 11.517963687091953, 14.390859028487286, 5.761363050679288, 13.968215670363078, 3.6031745973142972, 15.263948972538495, 22.96396389653872, 20.416359198166038, 22.649994144123315, 14.931369023827724, 24.84554854019668, 13.900697708198466, 26.044729047950515, 10.808548473481464, 25.224112923430816, 9.987230619566576, 3.1110045488837303, 10.773649590372829, 1.0558819683627083, 7.258461969127297], [0.0, 0.0, 2.9335646974945826, 7.8652622471002624, 22.638004623427243, 21.33736483319973, 13.764399131603634, 17.224401455858256, 3.9144410449479374, 34.78648084766077, 20.7028296026982, 25.291720621261312, 25.0655430857817, 1.7986015353253075, 1.4798503386530601, 0.05069799800374342, 3.4954766465328695, 6.464713191093803, 20.683497242902842, 20.4061983995571, 24.9594399416812, 14.854083411838584, 0.15110789804892305, 1.7422261191974768, 2.494799997482491, 9.63581983487483, 23.576557413248878, 16.020948959830438, 28.488334473357757, 3.803793772005513, 5.644142320762032, 11.088156574460792, 8.258309733686083, 17.053369337597594, 31.30205831269273, 9.044817549811196, 5.616738175623769, 10.172098032771368, 10.477982275826845, 10.874071533764054, 21.122513625320515, 6.714843557785329, 21.543047967671917, 2.176018655746416, 3.675567124752891, 9.059672422488292, 7.508508935633674, 9.985345848523716, 13.926199444903059, 3.5929971237919442, 17.721442209034464, 1.2684322380933644, 6.13770757184369, 0.9100231937991159], [0.0, 0.0, 7.462781722046798, 7.456686268972748, 8.438709395227969, 23.377370522940005, 21.229693737997504, 28.876248789349095, 17.212993399999913, 25.308839655745096, 23.547243320503718, 16.14660166431714, 4.491164000846244, 6.038199170851917, 1.116368894250118, 1.5539486506667408, 2.124902095084074, 0.2662841314852493, 6.8495830727895886, 3.1473821904353434, 7.778098062209888, 4.767686689598579, 7.465207146605338, 2.259796643610686, 3.441592844763175, 3.3371106588599204, 6.88058995037187, 6.346634268268856, 