{"initial_violation": [], "initial_duration": 34.76957678794861, "subsequent_violation": [[], [], [], [], [], [], [], [], []], "subsequent_comparison": [[5.4568369769916194e-05, 0.0, 3.597397876647492, 7.490447657335338, 21.799250056501762, 12.150937883446552, 23.780097699330824, 18.310425228300076, 22.025075635410627, 13.790326555737703, 18.346859845040367, 15.348387655217788, 14.87624037487814, 16.724362148900862, 14.635391688597355, 12.667607714270906, 11.837711542111384, 10.504047977269611, 10.709733941318362, 10.414986717775632, 9.93622450913871, 2.6751339825830884, 4.698465545258332, 3.834859991270326, 2.8530785029933576, 2.250626016606464, 2.2491951283920044, 4.592920014252409, 4.679140818818742, 2.3596550538778382, 3.234732342169344, 1.9424420228087105, 2.4456377313361353, 1.4389550355340124, 2.0390854070219264, 0.7938665423524164, 1.5804904751575273, 0.6886318991734963, 1.1979708450483293, 0.93894561500308, 1.0633412037937602, 0.1158653628065384, 0.8790585759237275, 0.5165041522381236, 0.607071799716851, 0.516719351325931, 0.2621207081459031, 0.39181367037167625, 0.16902575682660645, 0.34720037852051266, 0.1716927960506369, 0.4083737384613994, 0.07414261520438829, 0.06137456036398288, 0.3730661468320323], [0.4506082038153921, 0.0, 0.48430947471785907, 0.8730488485259901, 0.5490960252360321, 15.912083560529494, 1.429438233370653, 9.961121053993438, 6.2091102369577955, 7.816051475107014, 5.677024999256171, 3.5210561628682218, 6.003997252862503, 4.009279201500266, 5.594556085007615, 4.5417969120469515, 1.657777522865844, 5.342383066673627, 1.7550228904229483, 12.628348594155083, 1.286039659260229, 0.7047279468866101, 0.5784936024731809, 0.4292990822189148, 0.5339054698612654, 1.0149584883909362, 1.1138317636173525, 1.3584990031381161, 1.211735644455679, 1.1951318287912722, 0.47584175966387904, 0.6819079774122916, 0.6257544493075833, 0.5333511136199657, 0.30823869872634313, 0.44697925868204796, 0.28973163146548936, 0.4413445122943672, 0.2970120333253984, 0.6122463661526233, 0.3096640999840392, 0.36665791266514847, 0.2903779938160074, 0.4803997860288156, 0.45454582975147434, 0.5071758506221449, 0.30970302927947574, 0.39763493649394316, 0.29358684042489536, 0.3581325120973823, 0.264387073364893, 0.3162734671100345, 0.2779613131049268, 0.49952553454993864, 0.27137835682363465], [0.0, 0.0, 3.092609224978021, 7.668512379799188, 4.008983305569832, 0.2197242395320405, 12.469878973697899, 6.864372148407963, 7.627789147938205, 0.8980658532152653, 10.731063992776278, 3.197772242588129, 7.838789909366248, 5.940179491756506, 6.895949997278305, 2.366985383911319, 3.715812335326509, 1.484039878425036, 3.4571700017368756, 9.225848471037011, 2.2405232419707746, 0.9796766426442608, 0.15594801972417832, 0.4695636856230185, 0.862420162297566, 2.501152070912861, 4.249894608844216, 1.681595313133743, 1.8753871554525212, 1.108583592900334, 1.644701457900562, 1.253045898557217, 2.0684691687908034, 0.9310744782184895, 1.6509937237972905, 0.7900371275763297, 1.3412456484499935, 0.7241289643458939, 1.1371646262769721, 0.9621685657401517, 1.1752040763547116, 0.3183827884358242, 0.8541771273078124, 1.0074354707494007, 0.7908021570779373, 0.43790259600610226, 0.8862140830027527, 0.2250357843316977, 0.4621026236513738, 0.25341683567090434, 0.397137911828501, 0.21399492555173955, 0.421579615648998, 0.36771678748228476, 0.09039895777451934], [0.0, 0.0, 4.936759451593672, 1.0463465956450575, 15.425637571081573, 15.92768929810703, 12.404104074561582, 30.729494690921058, 16.39474610658516, 20.660942422028388, 19.638263152745715, 9.33927757943211, 1.4935432497479786, 5.00256953316909, 1.053005819037871, 6.247743365536893, 0.7489673457718821, 9.357184047191275, 1.5172746078780657, 6.363137390236269, 2.112480528768745, 4.171476148653745, 3.213613828364004, 3.198964076001004, 2.649420195924591, 2.665048541868722, 1.955345207565713, 2.811610632037874, 1.809093005679457, 2.756762725089952, 1.444674043878864, 2.3449400022487548, 1.1780641544977124, 2.219869105956352, 0.9915613982719694, 0.9828370724437225, 0.7395776111713824, 0.7025200766038057, 0.891063758557141, 0.940971206416521, 0.6934606159830431, 0.8114483208266821, 0.6205173106381118, 1.347656493409935, 0.34352813318811803, 1.1172307696538017, 0.3305554449541339, 0.3990887632378621, 0.08227015341633367, 0.5524900491634802, 0.024154092432748037, 0.4029784219756252, 0.12220794233901136, 0.4465970159496096, 0.08804429054389973], [5.4568369769916194e-05, 0.0, 0.25625950633046385, 8.062923380272196, 14.735159663770027, 5.499487014080527, 12.364676757610189, 18.550327025224533, 15.018491826131235, 14.535355131572851, 13.058272684287596, 13.485530151484253, 9.444723539519826, 17.066148118559905, 9.040169056617696, 11.542006978164874, 9.59216642463463, 8.406220384685009, 10.176501769020957, 5.880562013503112, 9.399688823049987, 5.2923750491299115, 4.997467025813608, 4.263442740757446, 3.195647362393966, 2.396719372707228, 2.105759716163405, 2.4791887187913315, 1.200532423526004, 1.6042487759949537, 1.1065199247854265, 1.5321878148508292, 0.753622796580203, 0.7795767457768721, 2.642894054618664, 0.17397931343649364, 0.292480895853625, 0.8942126011443421, 0.812557897756514, 0.9704375071183398, 0.14451677129101276, 0.13299587266433469, 0.8797657590731581, 0.9899052187242261, 0.6088047856516903, 0.3343854176487329, 0.504703871186771, 0.3226884200750349, 0.14627101166726042, 0.25149789459814625, 0.08398829480962294, 0.20195267315226717, 0.06324863457271158, 0.37021275888992183, 0.060968867337837275], [5.4568369769916194e-05, 0.0, 0.12729646762652416, 1.085889727322828, 4.642736912309423, 15.934938793338388, 13.044900892521051, 30.188232092142538, 25.398727196046604, 19.70784282205712, 17.795026353472714, 7.530335945407223, 6.35276378908168, 5.305078852738977, 4.55426288483926, 8.761990362949701, 2.5469170346311016, 13.040566804362708, 14.496101018691835, 5.822380772332658, 13.433084517909888, 5.782097993028254, 0.8480035119996171, 1.785814785766141, 1.0915754518331406, 0.8165163590448478, 0.5714951249277387, 0.5136009447464036, 0.5240746819362752, 0.6415307913863181, 1.00883795504638, 0.6775024505122457, 1.0647726405007203, 0.5896762196273418, 0.7662438276363772, 0.3973777659557273, 0.6862712062909253, 0.47119843176089327, 0.8574904433592561, 0.18961774623423056, 0.5239750190685935, 0.22634522365280416, 0.85786830359669, 0.9069646475215947, 0.21915491651744357, 0.1509532970645126, 0.10158339816331514, 0.04742435508351888, 0.07951829630070048, 0.046620716699094414, 0.05280800907593765, 0.4289241417036138, 0.4226443472835809, 0.33326974690299543, 0.1988701013072534], [0.0, 0.0, 0.06720794604915004, 7.557413232696532, 4.622369710529159, 7.647095931032127, 0.7186160829408812, 6.65801645789649, 5.859839522650244, 12.377868396031243, 7.631700303467024, 2.88316430177001, 5.755625407374467, 3.880979201552236, 12.4310836471479, 14.694159814692293, 10.918609692316128, 12.2086646416049, 10.898816149618696, 11.025105201364063, 10.264126641819209, 2.25199519267932, 2.6636664301700756, 2.2725306748914256, 2.3699319875543723, 1.9062902346540829, 0.38388041957342606, 0.517268338398087, 0.8198489487302099, 0.6361820887044266, 0.9676598355341318, 0.8626782459641709, 0.7704558081207831, 1.065070343063491, 0.7128172265135103, 0.9361983512425278, 0.9115866810743521, 0.7136239380011181, 0.8501698860378586, 0.9832648727665105, 0.5326429376246246, 0.4452579316256388, 0.22038150350381422, 0.5349406105238605, 0.39634083844020074, 0.8419154851681498, 0.06682041771471253, 0.47419636551865485, 0.10364045328481857, 0.07859431668403895, 0.06194243365158856, 0.07105800932552575, 0.43639118572677466, 0.041593915958366943, 0.3579781196602401], [5.4568369769916194e-05, 0.0, 7.775530497013977, 7.61745451719974, 3.9753643534555057, 12.628727509207316, 11.828614108853781, 6.370071294575264, 6.1156565836573, 1.899335450307775, 8.798183737943466, 2.570375868673716, 5.742494949894004, 2.083317922615716, 2.678152338649042, 1.2540766462571467, 0.7809569843292171, 