{"initial_violation": ["destination"], "initial_duration": 34.75894093513489, "subsequent_violation": [["destination"], ["destination"], ["destination"], ["destination"], ["destination"], ["destination"], ["destination"], ["destination"], ["destination"]], "subsequent_comparison": [[2.431392454148706e-07, 0.0, 2.9554809982675514, 1.761063751608779, 5.599144273337529, 0.14581430907683576, 7.402766203872072, 2.0218088931036653, 5.696106586749449, 4.147965104920235, 4.942583915201752, 7.021056298805436, 2.1916630303237667, 4.568208768832834, 1.461078182724273, 3.503250357296691, 1.1530742017732727, 2.804279751884098, 0.6912724759108508, 8.627564479414993, 0.9955358588709943, 2.33093997819491, 0.13015584250412168, 0.7267355455160774, 2.4260130358036562, 1.581545975777963, 4.0178518389837, 0.8913276502490878, 8.317384606895104, 13.950552074750798, 8.365276580583258, 16.410633146815464, 11.22686873197658, 16.658467878947405, 12.343234710808735, 14.297604243911067, 12.086556908560704, 11.975622385910794, 11.053437196243184, 10.893946170032489, 8.777881289546201, 7.619329189169443, 6.534054515460142, 7.858750709226858, 4.635656624599567, 7.65709350784581, 3.0744249713746883, 7.360294837469284, 3.4742011698141813], [0.0, 0.0, 4.884968499071943, 1.495006177138077, 5.272099000418532, 1.9025108272840934, 7.853690593709717, 0.45083049227533784, 3.7691159314748672, 1.3758230169874526, 0.37543381683605986, 4.14417177250688, 0.03925813155648803, 3.0733442943998233, 0.12260583734950137, 0.14259424503687315, 0.9413847647546948, 2.346754999565896, 1.5585974242846048, 5.432976160220816, 3.7600368465839185, 1.7927134414402872, 7.453574725354471, 2.689855458533649, 3.2587152547570826, 8.093263107092548, 3.5545054104872578, 12.171859191949977, 14.51885125548283, 12.643852839152284, 11.797937385395272, 15.319134840911236, 14.45796691372792, 15.42681711886896, 16.508818215177143, 15.248779203092074, 14.693287728625338, 13.276635635978504, 14.008339515892326, 10.838522183775439, 10.29495272756943, 10.28901914814035, 9.520178200526873, 9.631464498141593, 8.488762310464883, 8.624179615983778, 7.707343369761291, 9.209555901142533, 4.733442435110652], [0.0, 0.0, 1.5487081175276933, 1.7968190762443597, 5.2683523752343495, 15.473363985644617, 15.65336226284694, 18.970810716482795, 6.191784050661431, 4.022275685642981, 2.7118785467935194, 0.2398222385241574, 0.9649055930104801, 1.5111913215879853, 0.05186351361289134, 3.50220291496807, 1.9190370032683222, 10.497623639634236, 25.154933358502994, 12.770559822457203, 21.504560650102917, 25.178123319681596, 17.23517933954395, 17.083948329296494, 17.87735608024238, 17.583261121604558, 13.448858984024051, 19.472767409138974, 13.828416402994945, 16.724437894690304, 11.111218655207187, 20.944188940636234, 14.492590617136157, 21.63275040082711, 17.329012789989566, 19.760766534124784, 16.893594346199173, 18.316947855024786, 16.451153159616815, 18.985268659914652, 13.365412082218816, 17.270323923243563, 2.1014310003710475, 2.4375014344640493, 2.813520667448615, 0.3626203809219035, 3.4417397140490285, 0.8624181856523623, 9.870411341667161], [0.0, 0.0, 0.08772241739549018, 1.775236451628574, 2.623861343781517, 2.9163957733425585, 4.765738645371425, 0.6476856679699836, 0.6945003692386217, 2.2096880815908353, 2.0788608762406002, 10.458212659334299, 16.525402100960722, 18.593899182985535, 14.119766610002982, 31.30776528654349, 10.002715375992718, 29.360208394248396, 7.69826618168423, 1.339759372720714, 2.0058489460404143, 1.9908629257869408, 4.006209126009302, 2.862054774496219, 2.1327084808042187, 8.704071702639649, 3.628889309171665, 5.676356216376774, 2.970932317114586, 5.034180926489881, 6.052291142170487, 5.8523849453430765, 2.1021441987114002, 2.518566685344955, 1.396357882589365, 2.9987532145245557, 6.625048555177177, 3.9789858821406843, 1.8694353018275869, 3.145878019526594, 2.4878486337755277, 3.278700681597899, 3.204490024840431, 2.770784716241297, 1.9445819160288287, 3.141087702581694, 1.0845909151310607, 2.595467912355651, 8.053625365241947], [0.0, 0.0, 0.22336812590807842, 1.309241727176257, 3.7784703569217504, 2.9236958673404065, 8.002180795662937, 4.50150318936385, 4.280155034919031, 1.0001055394972451, 3.155707324352943, 6.094414915667299, 0.37913659973844777, 4.770622958096962, 1.1952745141078942, 3.339544327717435, 0.9903373372984895, 2.6893965265127857, 0.20652373406197938, 5.842947482676248, 1.0542528806313267, 12.163397379942866, 0.9151268594562754, 6.937991147623069, 0.5162106007601599, 4.678097411503635, 0.3217411738002319, 5.0468883883748665, 1.2659677748528666, 4.327612988070644, 4.593139259844661, 3.8025724056675876, 1.169278459208064, 2.130157805019097, 1.4904168765803483, 0.4599920134371545, 0.8234893202724162, 0.279577798972903, 4.203575780071591, 0.7087362490601005, 1.5163800975554518, 2.2435521523869415, 1.7704109189444674, 1.4056421455494672, 1.551805826930498, 0.9471855645481049, 2.9974091472299342, 2.8094292424828784, 13.232337787752385], [0.0, 0.0, 5.018899922476776, 13.191370250153076, 14.587471527637707, 9.549004717241722, 3.215614554230555, 1.418620585435893, 4.621003339190509, 1.3474667275732781, 4.000923373969959, 5.150675375652911, 4.477558655928031, 2.988094289448585, 7.319160061265479, 3.080508676660209, 7.884368321589316, 2.973989836222414, 3.907946932123073, 1.2367833075128818, 4.117488017327184, 9.943745262798277, 4.485197094943019, 4.873614943696106, 3.1904978395663246, 12.679872376675938, 4.481980011900781, 15.349310840715331, 5.907806617052897, 11.40207355977223, 6.548037252968923, 13.566692725708279, 11.38490085721864, 8.65219865889684, 0.47018418466262135, 5.100644415072683, 3.7683901593121143, 2.524136951750218, 4.516971203300608, 1.3904001200666691, 3.465607051758152, 12.5081634767502, 6.809975506415605, 10.535222670076907, 6.723799889083115, 8.448010616203367, 5.867449384391006, 1.1432570648451545, 9.96139198112364], [0.0, 0.0, 2.301692794456705, 3.309126694338164, 18.683156615152704, 0.22868830192245018, 13.386798333913644, 3.341137637957298, 19.11329092549331, 3.985705836099589, 15.740799607671743, 0.5389557738414347, 13.41214752052487, 1.0062099034969512, 14.775816097004862, 0.8048465278142706, 13.88276991707249, 0.9844947370750147, 11.329943661217103, 3.025803876616034, 11.252006705147199, 3.2465235076652066, 6.1881244416660905, 2.809195526403516, 5.965436958305436, 4.78940857924147, 6.488428768352772, 12.820333841298034, 6.023756538457573, 10.074429384607908, 4.610970568568983, 12.134224984223689, 9.510147874147046, 9.64264260575617, 14.507570165623049, 10.254885072921047, 14.582533006210328, 7.615779942766619, 16.539116211529688, 5.098796839517964, 4.772476030797192, 1.6322283273360005, 4.365089271925317, 1.3491745679331961, 3.772597439624893, 1.6858773549513904, 4.983231470118052, 2.466027495218569, 11.85862907288145], [0.0, 0.0, 3.0604899697958037, 13.331653535774073, 13.09378970153108, 10.506519904909663, 17.69615064849457, 1.8790231535068214, 2.7891577409584825, 0.6335461994628265, 13.631640206273218, 18.32930098950658, 17.321053253535357, 5.478235347168599, 5.205077987655606, 25.129550232073242, 22.717001845058785, 12.496225343851703, 0.17244537173511143, 1.9804727088955956, 12.192599431832274, 27.52284291686784, 20.959361035915773, 2.9247651579344187, 5.4483703150999565, 14.69283049651561, 10.041706572718793, 13.681299935018679, 6.548028494820542, 0.4837543436384815, 8.61279966578318, 11.638991774480909, 15.905503882003597, 7.343467548549781, 8.783612529445572, 3.6013541641197344, 11.302104082221739, 9.291066265174361, 17.90694604992401, 5.106282553402492, 7.496964897581677, 3.002036945222018, 8.130893878815542, 4.748763798088552, 11.405034539929394, 0.5483186745753251, 5.389418103638684, 5.260889889186432, 7.960345164915135], [0.0, 0.0, 2.4428817965939778, 15.70292301370958, 12.062383892802917, 14.854068350248886, 16.274298486788314, 4.890341134034141, 0.7953550418367834, 2.401671696646706, 2.1188184993727486, 2.972997988607407, 11.910619108865573, 19.84617282240151, 