{"initial_violation": [], "initial_duration": 34.779834270477295, "subsequent_violation": [[], [], [], [], [], [], [], [], []], "subsequent_comparison": [[0.0, 0.0, 0.15607730819763077, 1.562716116210475, 3.1326769913396864, 10.963521146586997, 13.147855176269351, 13.257610467431961, 11.481815600396418, 10.06105722914968, 11.967772341626544, 8.319550523282917, 12.300273996932157, 6.231832315028187, 10.481756356130699, 4.592026831612142, 11.412065243790106, 3.6831833690295066, 0.7858775485551256, 5.299885169053698, 1.613381091751711, 4.20551269638113, 1.2199214433034158, 3.474631651527467, 0.9272377002232376, 2.0889408890808334, 0.550517517701752, 1.5661533645531753, 0.642769622673435, 0.9105341866845807, 1.2229091609491736, 0.5810546078867787, 1.1386956478411463, 0.13143058860557363, 0.7528970745799755, 0.10191798404142781, 0.46089601493183385, 0.23365330813122556, 0.14574468940912347, 0.47882316953985277, 0.053333635691363845, 0.19870571269226098, 0.053350909706335076, 0.28185193480014664, 0.053350909706335076, 0.21861441967045475, 0.053350908351943435, 0.21862204012453315, 0.053350906915989114, 0.21862966057861602, 0.1327749378733222], [0.0, 0.0, 0.06444599901955328, 0.08289132388699666, 0.3182425197046788, 2.2508528660929277, 7.928186878979179, 12.450248983815131, 7.426480356253287, 9.70584454442316, 7.055821440378894, 9.674905478783026, 3.1788743248092914, 0.8201131993036734, 2.504119147085651, 1.3679865786849168, 3.1974768123515274, 1.7128275501345227, 2.451087068140253, 3.239347255010393, 3.0396444006005234, 2.1180102998589088, 2.309825752747449, 1.5436409938107605, 1.6977582068830253, 0.7096627569848063, 0.7459720051364941, 0.7009424945399387, 0.5132977286892488, 0.3333706692404775, 0.2925371877558811, 0.8605640226083006, 0.10449791185926481, 0.29695480281121894, 0.11325867006854744, 0.39647167579515274, 0.15686175565093152, 0.19605950717418738, 0.24523811545077198, 0.3820095738653563, 0.24524578426881988, 0.44526240700888936, 0.2452534530001696, 0.4452696585920046, 0.24526112324936697, 0.4452769116035357, 0.24526879215418082, 0.44528416461506687, 0.24527645962789632, 0.44529141619818247, 0.2452841271016292], [0.0, 0.0, 2.4982802237516477, 0.21442622252900678, 0.9547444827478713, 2.592482671546357, 2.4572855522618324, 2.278899559706275, 8.241069331519594, 12.48437712436893, 7.699035234322067, 11.344515583156872, 1.708602692340159, 3.5321905071247057, 1.0702361644207647, 2.944906568749537, 1.7651952618726587, 5.753305974082726, 5.8194626013614705, 3.3036692396503566, 5.382976659811959, 2.3422971642214723, 4.084291885498743, 1.489388617334865, 2.794241084929405, 1.2240349570189424, 1.9899403142399248, 1.1751122386945974, 1.375815187766193, 0.9106834042875176, 1.2374961367659307, 0.6814808316504356, 1.0369764609778176, 0.09449639489149225, 0.24682413644897955, 0.4043741294373005, 0.4237468071718633, 0.14621413904725344, 0.320043795086676, 0.05353502392740302, 0.14876861747219, 0.11676597078724038, 0.05626034197662966, 0.11676572491224185, 0.05626036119131366, 0.11676547903724345, 0.05626031261964636, 0.11676523316224507, 0.056260262706765776, 0.1167649887202646, 0.056260212705559545], [0.0, 0.0, 0.09346994489691761, 1.4812659141541276, 0.4616643195119314, 2.7352161000843407, 3.514357909279986, 1.732547240667592, 2.6411297293701206, 2.503689090019151, 1.8035290527155126, 4.46630720981252, 3.4854901040066943, 3.5693715507616934, 2.351698181155956, 3.530896554428222, 3.4587427886431463, 5.0740230124111765, 6.575040294520463, 2.39611778305725, 5.339670095618837, 1.3184105534813728, 4.150627808013501, 1.0388570568621067, 2.9037652288394504, 0.8732353825092305, 2.562604407452679, 0.8036263306447388, 1.7504136102451122, 0.8044352088588099, 1.3567540350371832, 0.7145005348074955, 0.2627479032229587, 0.5422594743154636, 0.36409839460216237, 0.3628779588243709, 0.1919060236960907, 0.18632968193360572, 0.5759264353439317, 0.19223709973714417, 0.3765118703131702, 0.19224463759734178, 0.3806764335996125, 0.19225219712747654, 0.27226527528949634, 0.19225975674981238, 0.3355170668160786, 0.19226731637216235, 0.3355246114129865, 0.015872035530983285, 0.33553215743999815], [0.0, 0.0, 2.0663535868478244, 0.04103123032953057, 0.432740613865677, 4.88996148855717, 3.5899095986463814, 4.388145809015023, 2.630223111560158, 4.121750836613609, 1.265165994156011, 5.174592247167201, 1.7840314213583321, 3.937329989759188, 1.7347915093922777, 4.4941218953524364, 1.7202830994315297, 5.858532272815127, 7.164506869294423, 2.3344155625238017, 0.2849937651676284, 2.1547043458375623, 0.33327657178249404, 1.9901234451781225, 0.8246238754679653, 1.8215466767015225, 0.6449903463770472, 1.6926102504026297, 2.2131281462750225, 0.7578348973790702, 1.8564309238441492, 0.9086356355632286, 0.12317413418863138, 0.8666883128131194, 0.26431144739332435, 0.5554805228693784, 0.719399798081185, 0.10027999566893195, 0.510354121351793, 0.0028987400311314597, 0.3762033416249135, 0.06551996181360031, 0.3311731503869694, 0.06551979330787855, 0.17423713898663148, 0.06551962336471201, 0.2858914297210132, 0.20528438581410177, 0.28589911416399433, 0.06551928491582498, 0.28590301687764996], [0.0, 0.0, 0.2955005060278778, 1.4565170177964615, 2.5149677183491925, 10.09061747795257, 0.5789567537455813, 0.7026544473304738, 2.5237642466929056, 4.467112094211786, 4.22702580338557, 5.094352892566783, 4.021436406862703, 8.048196110338177, 10.506765544594666, 3.0502224693234576, 10.471146089521431, 1.311473483916756, 3.042204696592046, 4.6361727643468535, 6.9604613284509425, 0.061621358061426774, 6.1596243056935815, 0.8390759679921117, 1.6799131265163822, 1.809026626224763, 1.3725962445421214, 1.5778940095999114, 2.0045913470666497, 0.7469588387979829, 0.6551141654832237, 0.31482586599330614, 0.40412972442646466, 0.5486027786736921, 0.39729518023962346, 0.1867006139121926, 0.3943253727638078, 0.08400462289740757, 0.3036171709622032, 0.4300589864390609, 0.3691551205005659, 0.017793184944878453, 0.369162625395942, 0.017793171286128555, 0.36917012886146283, 0.017793159049511124, 0.36917763241498847, 0.01779314539076123, 0.3691887355192483, 0.01779313324965021, 0.3691926381801936], [0.6278963890250354, 0.0, 1.2806014270447919, 10.267009233912855, 10.114037210027512, 0.5288335156383173, 11.639659492213955, 8.077388603855935, 2.7634741267687066, 3.9138491680228853, 11.651055440721347, 6.404926557186494, 12.299982311607346, 2.1940701712530797, 2.2499501124021513, 3.3830832487522335, 8.776730714339859, 3.9028224956820465, 1.7313409669665114, 3.1162435838113334, 5.446392141690454, 1.469010296888686, 1.3314949192093444, 1.860673108951169, 1.5111788750024135, 1.3399939801432985, 2.528771922241367, 1.101219399489753, 1.079631954534275, 0.4225064885068182, 0.9100294900369106, 0.967516930777767, 0.9720242932372886, 0.20294152152155925, 0.41586131220643163, 0.05769099268239247, 0.8714445857950398, 0.07815334546951647, 0.8490095624184546, 0.6943103070563612, 0.2656770617913202, 0.6945133945709421, 0.26568605554771685, 0.7346394628364872, 0.26569504805638916, 0.7513361321601302, 0.2657040391888444, 0.6868629652159356, 0.2657130303250346, 0.6630388827334359, 0.2657220214649596], [0.0, 0.0, 0.05782081825299249, 4.103741800905416, 1.347393409955688, 0.171083787661795, 2.107707873822012, 2.191689001560322, 8.661034399186523, 9.823549426204165, 7.753499788459476, 7.97291647089464, 6.813082193824069, 2.6022643760058464, 5.350465164941853, 3.932887133085267, 7.126679900788913, 3.126064868658087, 6.547162582791222, 0.8181713411366696, 1.9032229036819923, 0.517764387785113, 1.476523953180745, 0.7083424553646214, 0.9998556232521321, 0.5259592158542954, 2.4275785029159938, 0.5707248967730362, 1.6956500273543331, 0.06099676420791933, 0.28214560487524754, 0.22165413728422428, 0.2570597151607201, 0.212969373772278, 0.38297263732323483, 0.11661195622565024, 0.47275858365043, 0.227605910873166, 0.31945271366628364, 0.2414750464067221, 0.046671469665945195, 0.1283570808922281, 0.10989823245463244, 0.19878185667629011, 0.10989819594521348, 