{"initial_violation": [], "initial_duration": 34.91949415206909, "subsequent_violation": [[], [], [], [], [], [], [], [], []], "subsequent_comparison": [[0.0, 0.0, 0.00434677350890733, 0.14000578466596864, 0.40498230736338553, 4.120030699895459, 1.9433577816405088, 3.210708807496923, 1.9218351394377342, 3.1776898350985805, 1.815901035360543, 2.3568626144267, 1.4766469850621315, 1.7372402329865893, 0.994803057689477, 1.4663953200968298, 1.3731619802207102, 1.2731488408498657, 0.6980181522370492, 1.3301280357652918, 0.16528784642827124, 0.1968135516297364, 0.20864284409963532, 0.1483762144137088, 0.10537381768832596, 0.056270405614982956, 0.07749024600951088, 0.03138943251991176, 0.5699666618001139, 0.4113054379395286, 0.39578456589039585, 0.3523410295163512, 0.3161527115394958, 0.4303353174868444, 0.20973981774980177, 0.08347451737982339, 0.12948694712024117, 0.14565732401215772, 0.19273243075503732, 0.08241192662658166, 0.1868107775297348, 0.08241194769687533, 0.18681081574404665, 0.08241196805047692, 0.18681085395736674, 0.08241198912077062, 0.18681142610673307, 0.18681146432104492, 0.18681150253535678, 0.18681154074966863, 0.1868115789639805, 0.1868116171782924, 0.18681165539260428, 0.1868116936069161, 0.186811731821228, 0.18681176967746058, 0.18681180824985175, 0.18681131288718844, 0.18681135145957958, 0.1868113861020248, 0.18681142467441594, 0.18681199682378227, 0.1868125689731486, 0.186813141122515], [3.992002246417273e-07, 0.0, 3.341362086175681, 2.4125953039828296, 4.885269384692014, 0.3646552958843752, 4.3326951848017226, 2.525989165561235, 2.9883152298426734, 3.175597181426284, 2.141508565256348, 2.54301268811467, 0.10191870135343936, 1.2784771848091698, 0.2914648889982112, 1.1387173768492644, 0.4148529883463979, 0.8618145573407276, 1.3627552248896573, 1.27616411109214, 0.9785804023495899, 0.8533738771266862, 0.42514664998852936, 0.8276845601490712, 0.335611203958671, 0.26186907776312, 1.0849434806820186, 0.7043793135291079, 0.5359887930935567, 0.5228461517811078, 0.5149834550389429, 0.366274617809885, 0.35656090359540477, 0.07323235063782321, 0.23375570865970902, 0.10715627112528987, 0.07215049791899054, 0.09254364806462634, 0.07215050006229068, 0.09254367878179537, 0.07215050220559083, 0.17654942140087612, 0.07215050434889098, 0.17654944140054085, 0.07215050649098582, 0.17654946068654348, 0.07214993434555499, 0.07214993648885513, 0.07214993863215532, 0.07214994077545547, 0.07214994291875566, 0.07214994506205584, 0.07214994720535603, 0.0721499493486562, 0.07214995149195641, 0.07214995399126788, 0.07214995613456808, 0.07214995827786826, 0.07214996042116846, 0.0721499661354302, 0.07214996863474168, 0.07214997077804187, 0.07214939863261134, 0.07214882648718096], [0.0, 0.0, 0.9559946400655817, 0.4853099575099149, 1.283747193713603, 2.4621219842875823, 2.64740620337318, 2.98019396084057, 1.5883135503808432, 3.5167464914779667, 0.03837222916189177, 0.5373721164071465, 0.8083689819665828, 0.3324654342842209, 0.9384097240438204, 0.0739996785122339, 1.5927693473147557, 1.006487728055473, 0.9599592352648842, 0.9795230489823332, 0.39809489923924696, 0.868878125155133, 0.24707483072071285, 0.07913681037465904, 0.16257337656349416, 0.20424891561145525, 0.07488484166280854, 0.23257080885971318, 0.33448256711771335, 0.2479987070193325, 0.35689254548493904, 0.07636843794675986, 0.0883738772280154, 0.4217854001591647, 0.09153915509468644, 0.07213797696295501, 0.028294497594394744, 0.0889558776122461, 0.0282944933048761, 0.025711765632670122, 0.13010950555117706, 0.025711778829365775, 0.1301095359041887, 0.025711790991353397, 0.13010956590834483, 0.02571180418804905, 0.13010959626135646, 0.1301096262612425, 0.13010965697164986, 0.13010968732466155, 0.1301097173245476, 0.13010974732443364, 0.1301097773243197, 0.13010980732420574, 0.13010929518603892, 0.13010932483279936, 0.13010935483268538, 0.13010938483257142, 0.1301094148324575, 0.1301094412626569, 0.13010947126254294, 0.13011004340048185, 0.1301106155384209, 0.13011118767636007], [3.992002246417273e-07, 0.0, 0.21282333142024612, 0.01926405715796776, 0.15351854455195152, 0.12055491429289211, 0.9200802236153761, 0.4392375637191746, 1.1315977512864177, 1.805289139348182, 2.4751618735589758, 1.8449342735912169, 1.5749043603893662, 2.0860698619643614, 0.7699015650093078, 0.6364550449205028, 0.21995264905607387, 0.14323624311489405, 0.8720233538468309, 0.6240672541707907, 0.6198485474744592, 0.8868623297706802, 0.41263288741191073, 1.2509173131722635, 0.274521170986303, 0.5306466446629132, 0.46599844448955163, 0.17200929062753212, 0.368989648831654, 0.16519653373301793, 0.05831422613394336, 0.3365386109668403, 0.10460104114193171, 0.39523685249040813, 0.04135604809164966, 0.09240583857228371, 0.1968660577094331, 0.00029914356824723863, 0.1968660994955801, 0.06304417737704382, 0.1968661412817271, 0.09246726965315491, 0.1968661830678741, 0.09246729358014436, 0.19686622521112676, 0.0924673185819958, 0.19686679736001403, 0.19686683914616107, 0.19686688093230806, 0.19686692271845507, 0.19686696450460203, 0.19686700629143317, 0.19686704807758018, 0.19686708986372717, 0.19686713164987418, 0.19686717307823148, 0.1968672148643785, 0.19686725665052549, 0.1968672984366725, 0.19686733665107914, 0.19686737843722613, 0.19686742022337317, 0.19686799237226052, 0.1968685645211479], [0.0, 0.0, 0.4189838912449764, 0.3530710463828934, 0.16433705607402846, 0.9387517478678424, 0.8930300589631048, 1.3313275848253572, 0.1901081440304168, 1.3003572919260575, 0.08353578905589897, 1.2209875268555668, 0.41164772954756845, 0.6509624095162809, 0.9505114493871751, 0.6363712538557673, 1.0036913317325056, 1.0049866654255497, 1.3360914831472812, 1.0337245802791721, 0.8688517215973534, 1.0553554794906703, 0.43950992809624195, 0.8382827959864846, 0.41717121537603913, 0.16513481810028133, 0.16206489816374725, 0.2676876110236142, 0.40290615588986073, 0.13574689962980635, 0.4324203171609917, 0.40013139860870367, 0.31325750495369376, 0.5007791448727916, 0.12490256053001556, 0.10435287278681009, 0.1881481292484017, 0.14699477443072131, 0.2114320430245633, 0.0837492628159962, 0.21143209231076107, 0.08374928710191568, 0.18814825353491502, 0.08374931067408728, 0.1881482949642345, 0.08374933496000676, 0.18814886711109385, 0.1881489085399316, 0.18814894996876944, 0.18814899139760718, 0.18814903282644493, 0.18814907425528268, 0.1881491156841205, 0.18814915925600362, 0.1881492006848414, 0.1881492417569866, 0.18814875246780283, 0.1881487938966406, 0.18814883532547838, 0.18814887318305565, 0.1881489146118934, 0.1881494867587528, 0.18815005890561215, 0.18815063105247157], [0.0, 0.0, 3.341362086175681, 2.111935723584231, 4.673998152225154, 2.0498732550959184, 3.3100804939937176, 3.1261012962135246, 1.8185181216156343, 1.1929750551096616, 0.6342847379300215, 0.9739134265276465, 0.8601662238764631, 0.5634643202163789, 2.4723513734764087, 1.0178651246599564, 1.7458403254601718, 1.0427091083769189, 1.182079540477113, 1.133982832335714, 0.12706298910562322, 0.6013010677208991, 0.2945521432688752, 0.8322060278914599, 0.29419130657003534, 0.45022344690592403, 0.8778973256567426, 0.33369652550179835, 0.4206914582760178, 0.23309664182544346, 0.37162386627756977, 0.04607097185530717, 0.11981921216200975, 0.4993757439584536, 0.035710400573029114, 0.05951169216705133, 0.027535379581844217, 0.013618806124996868, 0.1532667279396277, 0.076863764261962, 0.1532667632965294, 0.04886823814440584, 0.1532667986534311, 0.048868255651222096, 0.15326683401308042, 0.04886827386542152, 0.1532668693699821, 0.15326744151193428, 0.153267476868836, 0.1532675122257377, 0.1532675475826394, 0.1532675829395411, 0.15326761829644284, 0.15326765365334455, 0.15326768901024623, 0.15326718722753804, 0.15326722258443976, 0.15326725794134147, 0.15326729329824315, 0.15326732508482302, 0.15326736044172473, 0.153267932583677, 0.15326850472562933, 0.15326907686758176], [0.0, 0.0, 3.341362086175681, 0.08931982748081538, 0.8782290243081567, 0.06396626648548792, 1.4962730066119327, 1.9891104776727373, 