{"initial_violation": [], "initial_duration": 34.509180784225464, "subsequent_violation": [[], [], [], [], [], [], [], [], []], "subsequent_comparison": [[0.0, 0.0, 0.3213073870407192, 2.5173743481065523, 6.752744482979503, 13.396949131369018, 22.97227287194955, 13.538229816696813, 22.082762931370386, 8.483750390895738, 26.665693207214453, 4.2289220967038235, 0.43522945244356565, 0.7802463752438843, 2.31159876636437, 0.7483774730863488, 1.4315553462873716, 0.16133157234120185, 0.6757944711805424, 8.741046808388106, 18.31719267252439, 9.011319260940981, 15.990083126549886, 8.146946293363408, 12.402228598751844, 6.786351705739488, 8.6106956699603, 5.771988571799975, 6.757190995110093, 4.554234643711111, 1.6868752042363766, 1.564737839949452, 2.3283276097165473, 3.00898317420625, 3.1803077134498827, 2.8074075558626874, 2.181593460993649, 2.420414505510637, 1.7035551377309128, 2.4291759257565446, 1.1106477195553726, 2.6296668394022125, 0.8228497682761596, 1.9685933754169347, 0.5163992042366283, 1.9508100604690028, 0.3433035959065471], [0.0, 0.0, 2.7613746083381576, 2.5359478160551396, 0.6739811282495357, 0.6760188261155651, 3.903675449803182, 2.6692356582206758, 2.1990062399598473, 9.080678214063113, 0.9361594247208201, 7.7958014627489804, 2.9469238110465596, 7.307481914536599, 1.4333497696754778, 6.5763054259874085, 0.6700216212560012, 4.778872295644732, 1.1619239613542207, 1.279259286868406, 1.326351917507553, 0.40320908127693283, 2.1961944586434896, 0.3769460805510859, 1.9721574115085092, 0.8278379449429741, 3.3757445639115695, 1.6687455239058655, 2.5991150362061264, 1.0394230946549838, 0.5812419697034477, 1.4969423267461113, 1.5806125286348898, 1.6977934685974179, 1.2744311101216013, 1.3423490323578273, 0.9058942726128365, 0.8295052437580513, 1.140298856794931, 0.7538944588169174, 0.7759950150661272, 0.6733924864132319, 0.6822338813916593, 0.2946542261015036, 0.15198581568566197, 0.4344235202985568, 0.3436819425109656], [0.0, 0.0, 6.851272923363888, 4.687837774731214, 0.4481365589652665, 4.376687305147881, 3.743762165201933, 23.558088655851257, 15.105764490262334, 13.287075155525233, 16.640835743749438, 10.832673490010876, 19.437037679549928, 9.639095283527835, 17.06902962334212, 10.356175286285694, 15.664295852834817, 9.555172931737792, 15.807356230359025, 12.297858441542045, 12.557918275321748, 11.172292345687724, 10.354747110225473, 10.544470290255292, 6.89808227707764, 10.102286789416599, 5.199042574801845, 7.806536857277739, 3.9983718627053624, 7.050793597982521, 4.430239847223526, 5.501380134892092, 2.2057982932183577, 4.856621913531224, 2.293080335046653, 3.3663122274482578, 1.4203427861622262, 2.968655645326693, 1.0504369159531601, 2.5840987288801287, 1.1455065618033822, 2.108279198845594, 1.3306567813242036, 1.3450778273222348, 1.4371631181855702, 0.9812814166915373, 0.9543489236654058], [0.0, 0.0, 6.704224533137101, 2.433603717468937, 0.07934314706815193, 0.23212127466882704, 4.499700699901536, 23.04843058162879, 14.486085356166107, 22.10441277766812, 9.339703640607034, 18.92595949744507, 11.005663689164878, 19.435194129974395, 11.252335667810973, 18.854071878220985, 10.118516272350567, 17.983173416203737, 10.728055352566846, 16.73812501418773, 9.638674644636481, 13.21794303829983, 8.942066652644787, 11.40987937501102, 5.951376081184757, 9.57194061403564, 4.668774239557317, 7.9696568228723565, 3.059390989686735, 7.019936350227468, 2.852622589705886, 5.588107029241735, 1.1022181016828, 5.906456703742263, 0.6357635078942683, 4.617963764526175, 1.1059892432046863, 0.39527881523230196, 1.283782006580086, 0.4840717153533165, 0.7704821170867021, 0.5518790864415578, 0.7227672570476593, 1.9491467650886065, 1.060084928205507, 1.6637159965780954, 1.133658993124883], [0.0, 0.0, 6.698440014845067, 2.446543576576937, 0.0421490788896185, 0.17922806427262547, 3.3057215524810735, 23.21198893754101, 23.430649674812365, 13.926432250681065, 16.643790171225568, 9.484222215557855, 19.77767493123784, 8.973498538261275, 18.650870683083138, 9.674056523391794, 5.672375948630426, 1.9652922927478935, 17.47363788317841, 12.746035564674562, 15.14247541063585, 2.896473231245293, 1.0586211417921265, 1.2637812526304248, 1.5622896237547887, 1.2059514993134453, 2.3120636659923335, 0.8808082395450684, 2.511939550336601, 0.8984302811708424, 0.6319495016730992, 1.2303582469265881, 0.5756906755075125, 0.6533823687209208, 0.19241836289191921, 0.22926296090651724, 0.1965829646281257, 0.7159650717811693, 0.2987244247270904, 0.5238906932851919, 0.6826198989895462, 0.6478181435022357, 0.5302983569261662, 0.8292103141576099, 1.4184721430611746, 0.8081481878940975, 1.046495979597048], [0.034313442855801055, 0.034313442855801055, 6.759987536601218, 2.439893837125359, 0.040555283556230205, 0.05758472502542931, 4.1102772116717325, 23.11972757383143, 23.403442707408168, 14.199794033726587, 15.681024125630797, 11.416281376996576, 20.148796228634815, 12.39420563486994, 18.659584765634524, 11.687740739812611, 3.892760908795609, 0.9572749893748654, 1.7986202073398634, 0.09898109927915369, 1.6026883970012313, 0.11902319341155379, 1.421321878401556, 0.3368421865814338, 1.798763628058023, 0.16152629442841818, 3.061673561853255, 0.23121145808468047, 1.8543167672058556, 0.9979874726645159, 0.5499813998202232, 1.05315822403258, 0.26380235775663663, 0.5350458942329798, 1.9179278264996868, 3.185162741064836, 1.019808222464318, 2.327101282507269, 1.540068901368535, 1.4375737744385717, 1.6106625113370412, 1.1788495597627984, 1.4667136715774522, 0.7316457217779458, 0.32500056999837573, 0.22589519820873163, 0.33647134685761604], [0.0, 0.0, 0.40722154218357925, 4.558255112777265, 3.9806402181996217, 4.386638930166895, 4.615047138830339, 0.5300058397825255, 7.652892394717287, 0.6119442737780824, 6.996998445320686, 13.219094265462665, 5.1667718957102275, 12.781204392222463, 8.94635293184208, 9.47552443803396, 8.48836028737857, 8.16939172194957, 5.049698166415794, 7.495466887483126, 4.34566599091076, 7.339409904241185, 6.83664760820801, 6.957123439390725, 3.3273938611927503, 3.6592899317450556, 3.4989037975616304, 4.098166939956296, 2.3726991402376294, 1.9774505283958097, 1.5232026869886637, 2.8771720793013236, 1.5016310983245234, 1.4311583861539658, 0.2524407071392169, 0.7856005889154297, 0.4917942611711761, 0.38607969136723236, 0.812235658870324, 0.47683061635675644, 1.2415827761140474, 1.0414465614061106, 0.802347604309617, 0.39050608792189, 1.218527995426591, 0.39215420921801003, 0.47230475821342893], [0.0, 0.0, 0.8932188258010838, 4.546361831366315, 4.025481356761544, 10.300883269104204, 22.733834464858575, 4.770618926423977, 20.372064461527973, 6.270173873371914, 1.8411957537628776, 2.555071469138555, 2.5547802860933686, 2.596828765669294, 2.2471030270394694, 2.507656987811102, 2.588704528075146, 3.591514185488622, 4.4164419405740265, 6.420365015223487, 4.761283583929374, 4.174443717502588, 5.653513651552307, 11.312284108713506, 2.1874445282494612, 9.37564260195624, 2.8298843655099906, 2.679616181574371, 1.6529889952783365, 7.811735553008399, 0.756150059566246, 3.2853373854023826, 0.9821658842460415, 3.019534737075056, 1.0320412211217251, 2.6624051613037767, 1.3830675133323818, 1.6677289894281673, 1.3773366824082567, 1.4068798219228098, 0.8314440702188567, 1.4433207781543753, 0.8429844907444148, 1.0347638714341674, 0.4830999307524249, 0.8900746660134808, 0.47713784659724534], [0.0, 0.0, 6.910931223314525, 0.32528991111005534, 7.219415860666186, 6.942802016787302, 3.901714649046771, 2.8470796421191817, 2.558449627367008, 1.32668254410614, 4.710586765727387, 0.18767265619380497, 3.2411079450097717, 1.9570913543386468, 4.720365404903077, 0.9655726354589543, 6.222073779835024, 1.2550107680293698, 4.726066608432322, 3.751439803464512, 3.4329397965241797, 4.162735193341095, 2.5349034106774373, 5.365079766850601, 8.165849212122248, 9.349916602523923, 4.375027245068902, 9.115315667383804, 2.3258252682262643, 7.279472160248344, 2.404620371015524, 5.784812856404272, 0.6269999776747418, 5.4263380928322755, 