{"initial_violation": ["destination"], "initial_duration": 34.55102062225342, "subsequent_violation": [["destination"], ["destination"], ["destination"], ["destination"], ["destination"], ["destination"], ["destination"], ["destination"], ["destination"]], "subsequent_comparison": [[0.0, 0.0, 4.3680621147367, 6.971822069374439, 0.29531886451172573, 6.964839036930592, 11.644661402728197, 3.7605825975089986, 8.081578042352438, 13.999470313667292, 8.386771023088517, 16.055528644081082, 6.676762761722934, 14.101027927988921, 5.761379572896664, 12.896823629005931, 5.768535436569369, 11.30095995732331, 3.9392682590275037, 2.5986478066202476, 1.2411349638237483, 2.730352347071203, 1.5722968147722065, 32.36562534107645, 1.4951028126539314, 37.46832252200508, 2.4803097160625533, 11.889133997430202, 33.15355547473754, 13.036522355963973, 4.684118463233064, 12.60993215451521, 0.21906245446207687, 11.783350574935033, 0.624761568852152, 11.807772032436107, 5.268663763267925, 16.508026938657505, 5.266834464616039, 16.458391178448814, 5.245091622332081, 16.433874063490606, 0.6235999762601924, 11.842098302105404, 0.6242115977879248, 11.84057002106379], [0.0, 0.0, 0.5084400694033566, 7.297743034126256, 20.331344177599345, 19.690738405537346, 9.3672722474858, 11.174196560967175, 15.65140461654915, 8.494051940130165, 13.229647172093502, 13.395655718127081, 2.6901245956509037, 3.480652042155884, 33.49284696614201, 6.837284030028705, 5.38372107560211, 2.8292675225885895, 4.521051679725768, 2.8284874624489, 6.04060922741372, 2.4042816325942167, 4.747102623168157, 32.627456649115146, 3.1628918367631242, 36.33379961599028, 2.1229638257214476, 12.905976593244052, 1.3254751781348286, 14.102666034125054, 1.4268535434237393, 17.3316582868721, 0.7125790207423471, 17.688889613343694, 0.7189673244877957, 17.04386397102686, 0.6178370944840265, 16.562875863838382, 0.6096328252742254, 17.228090905306935, 0.6035112185672866, 17.067340502998647, 0.6069711391402876, 17.013931796221684, 0.6051827179701765, 16.99748596284863], [0.0, 0.0, 7.139522677533821, 0.3235756348774378, 17.253146596079368, 17.738681628702953, 5.823671381394347, 11.777773528010073, 13.257382897364803, 20.022407677016957, 1.1895553506065382, 12.90921758872872, 0.631920930730926, 3.982322931904644, 0.28960701792057797, 32.345666103673004, 0.47150042622447585, 3.906829769937386, 1.2980378244589978, 3.4924911967789805, 33.10479957910198, 3.742719951645821, 39.04313569460582, 31.083266981692162, 15.712480484151913, 36.92514639895619, 20.235539264096996, 10.663941742513304, 20.710204346077816, 13.831447369904218, 22.809738771716617, 15.49884554395741, 44.64644065428709, 16.404690018531785, 23.04193613837134, 16.799043080119077, 23.247287679240777, 16.64707521239766, 23.343721094620285, 16.5725985391784, 23.36955902604818, 16.545075770374968, 23.386794917762582, 16.541505973551384, 23.386384729220712, 16.53418820661793], [0.0, 8.715154831234784, 7.544099906833773, 9.718249406659949, 13.314512837753828, 11.933545062125203, 7.1535380142228275, 11.595843310409936, 12.709581264230955, 11.645600601738154, 4.5207225732779825, 12.908882008887732, 23.28267099862745, 28.596548473902473, 33.41370844795823, 6.900637065875084, 1.1679212585371401, 48.708204642777545, 1.8321639522966873, 26.17501666363735, 32.08640768275852, 7.368618458425282, 30.974688821678143, 32.85325741681286, 31.790644927683, 30.02191083043849, 0.9311234991144777, 23.5499043520632, 0.19742138655692007, 18.6761947169213, 0.08803885437841737, 15.290969124406889, 0.09354136359024583, 14.200236413530163, 0.09685291500506216, 13.739264521460234, 0.08865553092222385, 13.71320910086993, 0.09958227395743256, 13.755338058684208, 0.09698034328324234, 13.807487764568357, 0.0978363333177771, 13.849138004093875, 0.09663776234446851, 13.880986701005492], [0.0, 9.529004772045243e-10, 7.0734565772547615, 0.44050355744141917, 7.9038196121477275, 0.8516450092059522, 7.918447224388919, 0.02210061199520902, 13.770965263611341, 13.49506831886283, 1.4400751934856162, 16.402169832910975, 11.188956077360766, 13.505447532373315, 24.864796357719595, 12.867908817008093, 6.938368390393745, 37.40491131845738, 6.6440090058501005, 11.127164878936473, 5.733762729381129, 11.591974208033998, 5.132168352392035, 9.685766461512646, 3.985558676576709, 37.063895887411405, 3.4587404096788323, 10.604113102801849, 3.4186644071829684, 12.944809980315945, 2.6076989583742463, 13.914928810233553, 0.8950586647373274, 14.314781535822947, 1.3066618848815017, 14.66635920514292, 0.40436707144407447, 14.706206059408261, 0.510574315377061, 14.701845918743391, 0.5563442406638123, 14.682379274634323, 0.5617119182323395, 16.51701081959306, 2.374559717886375, 16.506693280764516], [0.0, 0.034313442855801055, 4.3602268168540474, 7.156927445154167, 6.1690147508356175, 3.6790942843743375, 2.505041648936385, 3.4112957678805094, 11.587056397106862, 33.752106531581205, 8.14399438883616, 25.514270088691198, 8.381396670235606, 44.99872111893765, 6.7715421664498985, 23.83587078215206, 6.270351039192771, 49.95735818451396, 5.434604867001039, 32.13135313186421, 4.389505328073836, 52.152572268966566, 2.7157967946197497, 30.8492402845266, 26.64570338567201, 37.16669484441161, 44.53349933256206, 11.87669044819664, 48.507864892367664, 14.904074052476904, 28.669052041067943, 15.675723484336826, 1.3258143285595956, 11.645348042717774, 1.2131746876232647, 11.444850523862213, 0.342747024320268, 16.894222050633864, 28.431166121410644, 16.682063220258488, 28.45383398235607, 16.59764395483069, 28.487846247960896, 11.50579510178502, 0.48271237532365574, 11.554853253714558], [0.0, 0.0, 0.4396953864584509, 0.2525770205452527, 7.86844196937235, 7.021880201254436, 7.735895476077359, 3.8141929330685542, 0.5570351150914793, 1.731923034911908, 22.189683239953553, 15.371735150460662, 8.401393068464323, 17.51276516146646, 4.810593803873249, 43.57676938811781, 33.362991828642365, 4.045172278326435, 41.26065611855525, 2.0591434459457845, 47.19861767726547, 1.8751789764735385, 52.914758881316565, 1.6084245361974983, 34.66765530295471, 37.360871261644625, 36.7390347147242, 10.549047478296577, 35.120319523092064, 23.090921400047833, 2.1417065677755396, 24.080096228042915, 1.0672085378477294, 18.873600990919385, 1.576189752530176, 15.705107325020139, 35.175770662836875, 15.529195841459437, 35.11953336170727, 15.492219773784635, 35.08516355573611, 18.293542569530036, 1.5818788340932803, 18.27273930106065, 1.5860881648406058, 18.25130834315707], [0.0, 0.0, 4.429077202969775, 7.15443248564938, 6.176642874337296, 7.186336633206684, 0.45893203871243177, 1.0251846971436611, 1.4494971732870907, 3.6491196939917754, 22.416940694587087, 12.910999249480103, 3.3476903185844384, 5.629623027827461, 3.2954153333911407, 5.97304565309521, 3.68378894499095, 3.48746421242267, 34.46953167095645, 4.077199842863112, 40.981107997223674, 5.417610186848968, 3.701383314357643, 24.15936666244356, 2.6600575544746223, 26.353320634171023, 2.249039656947571, 19.618680297493277, 33.397535127644495, 15.36479234706805, 28.26536311350263, 10.745856845515698, 26.844750187928753, 9.694948174217949, 7.274838754109369, 10.138281353043341, 7.6752332355437565, 10.108318814314766, 7.710980641852462, 10.141657416526467, 7.707777513181238, 10.182598449235186, 27.12371723200089, 9.382414319499821, 27.164073096842362, 9.390192950147023], [0.0, 0.0, 4.56384271393648, 7.395054518638178, 6.855272851567209, 3.458334610455949, 1.854054804992354, 3.9417666906931443, 11.63022734860749, 12.580248785186663, 7.179085884852064, 16.8280066675774, 8.767384637434516, 9.490108085144794, 25.636376965998693, 9.378437545633464, 2.7045410249773556, 7.153269956600347, 2.456592545657094, 33.281278045498816, 2.0691780284721406, 5.286342534189113, 2.1366148259539224, 32.72021033491019, 9.088442103549701, 36.408372278637955, 13.7449218409137, 10.244921110998463, 13.761270767811784, 13.598219266945973, 15.471531712372089, 15.997156294337755, 14.405387723377792, 16.575246154885825, 0.32620257393897695, 2.408090594689191, 