{"initial_violation": [], "initial_duration": 34.4583420753479, "subsequent_violation": [[], [], [], [], [], [], [], [], []], "subsequent_comparison": [[0.0, 8.452516425699779, 5.749579145281995, 0.29844633519553515, 4.46001170891061, 10.61712765598886, 8.868747611111951, 6.5925354610076266, 15.040605790368302, 2.434803217089118, 2.2435195634533587, 2.3450294057253744, 3.617869749126901, 1.9555532181851594, 10.871661919658859, 7.546523849484033, 8.387314450328144, 5.451143246349667, 8.429773938525349, 3.3984953153131343, 2.730377960088275, 0.5455492105108734, 2.8137161573672897, 2.6012991703312314, 3.544761384513951, 3.707457927069107, 5.71800837165442, 3.214716644972097, 7.157936328332554, 1.8912582596798388, 7.59370981229529, 1.2790491119532212, 8.426463910191345, 1.465810663357189, 2.295579107701774, 2.600830865726763, 2.443861138603619, 2.5715784673996085, 2.6403108698779514, 2.6493917245961134, 3.4017190537096442, 1.6875223044813075, 2.707461664152311, 1.2760338292426157, 1.9996285215946759, 1.406691401791326], [0.0, 0.0, 0.3957823963859877, 1.61356989072139, 1.2385939477993673, 0.7361337785106995, 0.7499639998182844, 1.3367671948800377, 1.521773709454526, 0.11414896093877014, 1.8527914445973392, 2.3935402752207886, 1.8411628411213836, 4.412996646773292, 1.6194035279598804, 1.3045001773850131, 1.6988317732625735, 0.552806466842495, 1.610522634127165, 1.4613336349104407, 2.122968526254003, 2.5663786580713914, 1.5595228540131894, 1.3616490918029933, 0.9879873389401403, 0.6522095673975593, 0.3089625597514913, 0.9387079612184279, 1.1933392782838996, 1.1051331813099188, 1.6296018153641612, 1.1264625009876381, 2.441660987839945, 1.735814629177176, 1.7446657838533586, 1.9737605975337587, 3.4840046891827425, 2.9860389968491066, 3.2430973380551587, 2.09482602309155, 2.6569123937526826, 1.5970977459999194, 2.6886802795415763, 1.2884778067861669, 2.2705748599712825, 1.2205859697280237], [0.0, 0.0, 2.055601690262216, 1.7741706770732182, 3.5312865853566278, 2.140268228692615, 4.306789984267316, 3.6729624548978466, 4.093076021070714, 3.1317777830944524, 4.4590627179480675, 4.419204999402308, 5.857723422753323, 12.817008828789467, 11.23899647870572, 11.161501037095816, 5.67406945561506, 10.720089228867584, 2.618195754708876, 11.910268412436137, 1.3402085226768747, 2.0666040366676164, 1.5351331347868262, 1.1604442168939106, 1.438321002117501, 2.186613033513717, 3.3612207354099572, 2.4875457009495814, 2.5357078090914005, 2.3667542815731117, 3.037630850859792, 5.701373386086799, 4.699414105376644, 5.50397257598018, 3.662236569565986, 4.0207229922469345, 3.1608196478452153, 3.549450725300212, 2.472997245933701, 3.018516451692086, 1.009024563597619, 1.8069102285100829, 0.5778358689719884, 1.588097479715945, 1.1177483868757885, 1.0226884991793468], [0.0, 0.0, 0.05177185167769921, 1.9167091969082688, 0.9983300168215103, 0.6879735548817593, 1.0561491912879244, 2.0724424072117227, 2.6264930855160777, 1.615229114057351, 2.459644811252788, 1.6040925423643633, 3.011374320145268, 1.3974808247424342, 2.266823038113363, 1.5317148028910477, 2.0002174679412783, 1.5141764976544434, 2.096882924283258, 1.9547527628255215, 2.9025535355366516, 1.5478975489343443, 2.171299853226142, 2.025096536907052, 1.9721041426525507, 2.134292549681253, 2.9924397495440354, 2.128441511527307, 2.5576296050155416, 1.7526672164827513, 2.1950400737896696, 2.0054735776334685, 2.8620610031131353, 2.611771744449308, 3.1042357950305415, 1.7594481367069839, 3.0225331626731045, 1.6322957732112335, 2.2762873451418772, 1.0347212646029884, 1.5578117438456662, 0.6967533255521734, 1.0587202387830494, 0.5514094440019554, 0.8630815569504277, 2.146764941293818], [0.0, 0.0, 0.8520325120653083, 2.4782288782001904, 0.42074827586370683, 1.5101023183463407, 0.35808032773555354, 2.447604812419881, 1.3310574105486155, 2.0621047405187345, 0.8260507185566387, 4.330388564421094, 0.21206003364259093, 7.618765663545374, 0.6806983504267283, 5.488833259955429, 1.4745661049988648, 5.248758292699183, 1.352331182191949, 5.197883084537, 1.1349348877203966, 4.888069359249378, 1.7351177749597169, 3.6309526921270656, 1.114455434330952, 4.524842414142518, 2.9464864431152926, 4.893302113882939, 1.1665816614227205, 2.766109670791186, 2.84841640194239, 3.3614057053538993, 3.2907280523397326, 3.716287773438845, 2.318934977185078, 2.846286600272683, 2.099912778583617, 2.217886501003758, 0.8960736602389696, 1.8911409020629013, 0.7963535014742124, 1.7022556123995787, 0.5382275588187027, 1.2635339319297387, 0.9201942998584016, 1.0248736353974452], [0.0, 0.0, 0.42085668251184905, 1.464132119478069, 0.7751332065226305, 0.020511504591787317, 0.6454418783575696, 0.012313532159731187, 1.5791994929027904, 1.004750260613839, 0.2259278872910456, 1.8414706845153443, 0.37833151691204253, 3.7024555451436685, 2.084694134855845, 5.393636412520523, 2.3165263773039437, 6.142598395526927, 4.92614652821712, 7.36652221450229, 4.508681202234112, 8.503686988157616, 1.7436846750459467, 7.6867903029507785, 1.2161694777594647, 8.7999525308769, 1.4895206103968526, 2.106646395544444, 1.311924852131312, 1.81535674850754, 0.5377352536058541, 2.3128095810450615, 0.7325565146410126, 2.1310932359119152, 2.242873687997363, 1.9691193194469785, 1.4374408205156146, 1.9288896396607413, 1.0132624724545918, 1.3632558341445298, 1.1420554294271235, 1.2429186129959915, 1.07351450872434, 1.0716128681182677, 0.3696287001750283, 1.7747636235457709], [0.0, 0.0, 1.7910843805477927, 1.7561900458586532, 4.4805892221070165, 2.3896443951937782, 5.918692816187254, 11.019268630099269, 15.603774270268941, 14.110046816282713, 11.87790362359565, 15.177458528266353, 10.062279060385105, 18.584731665578968, 8.057276553859962, 14.03463278775226, 1.565419065413989, 1.2009627953343374, 3.1159942448252593, 3.392537234003637, 3.0396820594621476, 3.3465887392843894, 3.1103854834135216, 1.1988701276495752, 1.8826997321915167, 0.6525477216437614, 2.1645632769123866, 0.6297030592320471, 3.61291590591801, 6.559832178663971, 4.597129625889171, 6.499484261175284, 5.484118033922888, 5.725950630619376, 5.204140534373087, 0.6869950007397194, 0.7914315725587453, 0.9800056575109687, 0.7575642981953089, 1.2797500419218497, 2.199642697766181, 2.7743216342210886, 2.078694075034323, 1.8372916907701897, 0.7874846878312028, 1.124784380099733], [0.0, 0.0, 2.706793727333771, 1.7564646772897035, 2.3955072186390973, 12.496831756562214, 6.5169773102186035, 10.664979370145337, 1.7942960838830202, 3.6236274477172734, 4.259683475065947, 13.241680364987943, 5.462778305111304, 11.81113521915869, 6.894624130745779, 7.142962310532305, 5.893471652139992, 5.383270102803073, 1.0714317843770198, 2.797077639597338, 0.6877696540823469, 1.5696814653134157, 1.0203552369673299, 4.698200508097909, 5.664429404229254, 3.938762753781106, 5.548785784104999, 2.604438488471435, 5.611149194832701, 0.8425155307519705, 3.3439037529785325, 1.0760792658550578, 4.024316098749705, 1.689687853318399, 4.350000100071832, 1.1579801127907068, 4.1145704768509175, 0.08359169106812286, 2.192236119176515, 0.9682536121516501, 1.9871067517609564, 1.1244140005498644, 2.2492881696714835, 0.94098047830299, 1.9968290596548672, 0.7851096693345333], [0.0, 0.0, 2.772144356114514, 0.7567153043154214, 2.8917659387734327, 12.075554207014079, 8.152979773855105, 11.857312174388609, 11.185349532756392, 9.14910236718969, 0.3001244152720406, 3.7002380187057486, 1.806701005759447, 2.425012680931162, 7.004004514334591, 10.067947702665622, 5.566141946616817, 7.951253170434909, 5.547142118667238, 3.913293045033126, 1.6495489427781829, 3.082466115646703, 2.238066020663626, 5.578301180589669, 3.8811467988204518, 2.789761357273243, 1.3104222311195917, 0.9459143183411951, 3.058642992924995, 2.4618738971921394, 5.481364916428691, 1.1970326461972944, 3.624462046738948, 2.763363888585474, 5.5634643295170205, 1.4822157449542088, 1.319433638639531, 1.5663861834007504, 3.2990754261354422, 2.120679213286998, 0.5837236036123277, 1.1318614183788367, 0.9377175654948802, 1.6547321645066728, 