{"initial_violation": ["destination"], "initial_duration": 34.79035186767578, "subsequent_violation": [["destination"], ["destination"], ["destination"], ["destination"], ["destination"], ["destination"], ["destination"], ["destination"], ["destination"]], "subsequent_comparison": [[0.0, 0.0, 0.2567739784944871, 1.2302287855512943, 0.17668016825271649, 4.285592927941167, 0.0862532695636655, 1.7414798210729918, 0.8225149689482427, 4.54938828369058, 1.3556994910242313, 7.797581272853083, 0.21700914158730272, 6.4205435682588625, 1.8004071654962581, 8.910014228389345, 2.2362181394842775, 6.851146805656111, 1.9945701946378431, 10.08922357775048, 1.6892129278538919, 11.626702255837309, 1.653876632132097, 10.7120249208538, 0.3846938081965841, 9.968324194377391, 22.709473490234117, 16.896037524243095, 19.232891003900995, 18.324430858793626, 13.510757850640761, 22.023796211547975, 18.2600718148505, 19.856509767303184, 20.669558927701722, 15.861390698701825, 22.29669762205186, 18.536328083696894, 2.8030571798827046, 7.312335676490395, 2.1002471011080366, 8.591384163517182, 25.554935869964343, 10.36085497159736, 22.749477754637294, 18.24446738710732, 22.727520001686898, 21.26604933342807, 16.651690112678864, 23.920406515165677, 15.586385040069338, 25.60007671970889, 14.092687897329641, 27.108958830326362, 14.618916323716757, 29.83740121882638], [0.0, 0.0, 7.511926122985303, 1.271761047171168, 8.292955839149423, 4.834060841480198, 1.7825230361748785, 0.7640297043102467, 5.537780788705131, 4.160797060365126, 0.9153944169660365, 7.9029112084992725, 3.5729748538447867, 1.6121716908271677, 0.6629096579209263, 8.410842541489036, 0.5052039498032604, 4.6545109702894605, 1.6504775990755243, 3.7426679292439435, 0.9980465038384622, 5.484310278517859, 2.674935735106299, 18.33473311722676, 26.428311541589544, 21.147450839053484, 23.46475077171458, 24.08478185405834, 21.98750846505516, 28.43226182786372, 19.73436783314217, 27.694293977441916, 23.679994100636517, 28.499483568707856, 25.429413092822493, 22.124386439875572, 26.099244226063984, 22.884476959588437, 25.536141807970463, 21.109968208198143, 28.183311339595623, 19.828202784480215, 29.893067345719516, 3.3519077778589113, 4.3096079966914225, 2.9566118116271003, 2.6937976916340673, 1.7901502650274248, 1.4526756240018768, 1.5254006502934474, 1.3652521967536129, 2.312746515889365, 0.9599844267266278, 0.10182695256142257, 3.3639958682937228, 3.9271402313868347], [0.0, 0.0, 0.05984079612562717, 1.256805596820094, 0.3537519718394227, 0.47540953179980167, 2.193894473158124, 27.348983786513724, 20.640544723558627, 28.38270185832115, 30.877720091794306, 29.451418532317618, 32.219568538130915, 22.477325979498477, 4.8942945270583875, 2.094167407488568, 6.839476487636264, 3.0617035992946664, 5.273953521840141, 1.7128925882249793, 6.412698210488256, 22.538346964704854, 32.167106004720786, 21.318143498103755, 34.64407792429686, 20.118644202909127, 33.00286346099622, 21.554711173940184, 31.786894868970055, 25.026243247111204, 28.51244801763945, 24.878790126916314, 31.453396604475948, 23.597532084372258, 33.36271207564941, 3.2690866335840183, 3.764669639142951, 4.1522097385764605, 0.5102570303223579, 10.683165291807995, 5.905145198244736, 27.05867429957688, 27.381529908891203, 24.125892955256095, 28.01058442009936, 24.129148387018812, 28.745055833450678, 20.8672340558066, 31.405317048285387, 19.371577889118086, 32.45117299638771, 1.8387494091365788, 0.7771960444333528, 3.7375513377099483, 2.0585281796073627, 2.685804931603717], [0.0, 0.0, 0.1865289691389626, 8.015102965292966, 0.48849268906880405, 0.00755607694067718, 0.5253014141113194, 1.3893167276521732, 4.798757959132401, 4.3131162844952, 1.5175071843317853, 7.346625124724476, 2.1965178149964855, 1.7023969813470385, 0.5255906098206428, 8.481782217760403, 0.39062992928600654, 5.285755072939863, 2.4604152867616715, 6.948490148998233, 5.078955446600113, 8.485064952603464, 6.265545957457633, 8.507952326765196, 4.079769010736399, 6.5423982165660926, 26.135398353137926, 25.573864568351116, 21.748476732996348, 28.810882773866098, 17.69182803239904, 29.396174281018386, 18.337116127100487, 31.843306875453088, 15.93043826683463, 32.427387804889314, 15.141423559237914, 33.424859392213094, 17.953797307354343, 27.72889607608877, 23.29484410592949, 25.94286423422195, 25.50585914530339, 6.4482509889132915, 8.778540774730052, 5.73367628905831, 7.606919667085814, 8.828332183534302, 9.17186968551026, 9.682326666289827, 9.834454711469956, 8.156255363089038, 9.669994385360535, 6.804921177580971, 7.724238009948973, 9.813654924096163], [0.0, 0.0, 4.888119334354655, 0.11504672890926042, 4.770645463356463, 7.854136132947286, 12.458734257951493, 26.96888140416519, 20.708333249878088, 21.95680870015985, 18.162794690545184, 29.48022612502667, 21.5924540429258, 21.98201208614641, 19.903219589552776, 22.44802560965807, 20.748496522977117, 25.918880101569417, 20.949854423498067, 25.706347660468065, 17.649416374268235, 27.050576223689774, 16.708434377737916, 26.380433023360226, 19.703949440778718, 28.402439690469645, 4.275932599963007, 1.2889982935534245, 1.1040959508696035, 4.039136122761801, 1.833174354069171, 4.298524944210527, 14.01625686273222, 26.47750350853971, 16.472283107180473, 21.208620973900008, 21.401180253216474, 18.583369796067878, 0.290617499356597, 2.2402713970297747, 9.204284439779137, 1.688552381571257, 8.15947018379844, 2.7819125936602105, 7.628963248086782, 6.089574167759769, 6.912944761348276, 5.527129359711905, 7.1525216869766775, 4.633905537400449, 9.201538204325512, 21.213896496469083, 13.506664517386819, 17.847180574372693, 14.227567159363138, 20.611971252281215], [0.0, 0.0, 7.69070763554883, 1.3539376142547932, 7.820036837321403, 4.671199594492463, 1.0243176513815562, 1.18939650455031, 0.783846545709788, 0.26084312349920474, 9.689770176418758, 0.8088191593862137, 2.7146757754112185, 1.3680069589358208, 0.5634448184851919, 3.18315747685543, 1.840396305861214, 2.6601357529861094, 1.7939799360012747, 4.600363436669477, 0.8689881661664529, 4.431300066517565, 1.059743586062328, 7.509233709539391, 2.0729247406296256, 12.145221192066895, 20.532552656061902, 23.903063414580135, 17.090532505495393, 28.999469591880025, 12.849009214646811, 26.458295793236548, 12.940171915238992, 27.529985977424538, 13.15135702413069, 24.62460016303067, 12.74346451084036, 24.88699105912292, 14.976659941468448, 19.672564476680098, 20.092102693110668, 16.978321537175287, 19.64032241394782, 17.399777519858937, 15.983719738296953, 18.272091357087756, 13.29363299717929, 16.376854946430964, 12.213075527246518, 18.394429708430025, 13.331436527132515, 18.688918300477297, 13.560043042887902, 14.789795901573436, 12.803843848953822, 17.870256184719015], [0.0, 0.0, 7.47195807546558, 7.953312124702318, 0.6382119548332986, 0.6218526084554756, 1.2007488128155177, 3.9163354669346226, 0.23925713105672022, 15.988050937771332, 2.671987496092425, 0.4296369880221609, 8.631770482110525, 4.68623312262767, 3.8361950282145414, 0.40097404577016765, 2.163151294899716, 0.25796595523170196, 2.1368613502090996, 3.1449187035677917, 4.897480746136046, 0.522352520974823, 6.23146278271935, 21.89130285434076, 34.74877960681706, 22.191662621508748, 31.87692960935479, 24.47532337471323, 28.055402833239096, 25.974809548229615, 26.85009152708856, 23.09419535246596, 31.023743085590183, 3.2708568454833316, 1.5151331308993166, 3.372595057303823, 2.927533112089163, 6.92672041347523, 26.31889138664894, 20.287789523048477, 31.99324234145142, 17.5039403325125, 0.49772538097803, 4.406385465617665, 2.747651278876441, 9.084986088648158, 7.040188694433127, 23.445631569042284, 29.336187716547723, 20.34255560352509, 34.6726104237311, 10.157063091410436, 0.7965822584284161, 14.747266588492733, 3.7910995195758646, 14.26578231734126], [0.0, 9.319150947276928, 5.089815714090696, 12.010262781539991, 11.035759254484342, 23.811859451163137, 0.173905161348638, 6.348826669732391, 19.14044996844673, 18.893212342255403, 0.9031860332421294, 10.142965248371656, 