{"initial_violation": [], "initial_duration": 34.61013603210449, "subsequent_violation": [[], [], [], [], [], [], [], [], []], "subsequent_comparison": [[0.0, 0.0, 2.959155100144467, 0.2284582641308965, 7.984711719722614, 0.5096725702547549, 24.062383801504318, 0.08878748185797589, 34.790778212320944, 17.644536240187694, 27.30509321057463, 21.189602398140977, 22.648445158148874, 17.052937134029168, 15.815176270861558, 15.997351250471178, 14.07234073667365, 18.47202530353468, 15.29768569351963, 19.571526771857382, 11.764958724551128, 16.43823587048711, 11.969666177293679, 16.464693884151128, 12.379607413181274, 13.344387330168155, 12.590398567132883, 10.37949702332286, 12.346103431555708, 7.192654463710683, 12.027236795238533, 4.907379275806744, 10.10183851139811, 5.002635768399368, 8.057198910685699, 3.8024741659422756, 7.712442656863288, 3.4147876984491425, 6.058955815585977, 1.8911097339479888, 4.740318412571045, 1.9500087193582973, 3.6166536186164464, 1.764742733687849, 3.015130098430038, 1.489306426511665, 2.3943536766950304, 1.4185998339836086, 1.812336875600334, 1.0917479608019351, 1.2074563972624561, 0.9202644540227162, 1.0046346726918138, 0.1297630018735298], [0.0, 0.0, 2.8129546526437164, 0.5317779253750629, 7.976951864295213, 0.08649251982155362, 24.583573003054187, 12.277719133508901, 40.954110250127876, 15.31581262065589, 27.298964424608208, 22.54414582249598, 20.308006622280246, 18.70859472475816, 1.6628968431231674, 10.117874512809633, 0.16788301154814725, 10.06142798817885, 0.44676808091841735, 11.239498546316169, 0.3481649058496986, 10.103671758313904, 1.1796498193506018, 10.45203627019321, 1.628029602367777, 11.941120586325875, 3.7181526300878485, 12.977052885923742, 4.254401616458991, 7.13650349379451, 17.536634166910904, 5.647484481109651, 15.948323440533306, 4.3011386316242115, 13.798887361147463, 2.9571498531800553, 12.573764889630027, 2.320947851193121, 10.4847041977294, 1.4063553517753915, 8.664549692536559, 1.2906241586593807, 6.84352838328856, 1.1810654420645446, 5.478447484908942, 0.9865201936582212, 0.7470682475240844, 1.7940547092850652, 0.9043607428354916, 1.5477224070658722, 0.8427319910459541, 1.169398164851164, 0.9117591199597975, 0.20059765321436251], [0.0, 0.0, 3.3745202246136023, 14.74240784538245, 19.399190839568472, 19.747611980365885, 16.71403498831849, 0.2925224150898404, 9.81878751637071, 10.061087558430135, 7.396367019891356, 17.24794921867104, 22.344714759339602, 5.855728918799208, 3.812482761742345, 5.618343793337603, 6.940509233049317, 9.21906911812182, 19.945222010160535, 8.901943856765353, 20.47205196300539, 5.050951587727493, 21.619366875834945, 7.692395715830072, 5.163550707755337, 7.821585714302041, 16.97559273579398, 4.588568577994092, 17.587126519860877, 5.448322930076424, 6.112396098070778, 5.990119190955621, 6.3140035000157715, 3.0319244907834615, 11.782277523602307, 1.2606297986979766, 11.417620331490568, 3.2624808814413453, 2.858390659064828, 3.380015614183683, 2.302596346820266, 2.6374810772860573, 1.6893875849338043, 1.9392296067453398, 1.323471400623207, 1.6644742208807184, 2.4778244938480896, 1.1715511794101814, 2.0858488454621895, 0.8752737670475069, 1.6337009530244184, 0.7882372739259862, 1.2509466598283587, 0.4649003012301285], [0.0, 0.0, 0.3222513977821152, 0.01331099381177224, 0.6692767376614379, 0.07989730410700537, 0.014595313224913965, 6.706929159099112, 40.907241226129166, 1.0315397915160676, 4.4410540365311215, 1.168029272828828, 3.8223468537952425, 2.3065749817875196, 0.9817432912724009, 4.496871980155081, 2.4848463593327983, 9.848003056288798, 3.8859302736594605, 10.631951445676641, 4.383662205570471, 8.381634824623951, 3.8586615488866975, 11.139655091993875, 19.57302710334201, 7.63940456483658, 20.138254306830518, 9.485398057089435, 20.897636728705987, 10.074011516491584, 14.027645173939392, 5.887784632160459, 12.359549066922147, 4.3239084568490975, 11.16922585825955, 3.940215870597591, 9.750745050641838, 2.846231107172167, 7.044602226893626, 3.0612186346499, 4.728153372324734, 2.5973572663620876, 5.446066540018604, 1.265867505532862, 3.6273971307359303, 0.7541257062441195, 2.5522117342025896, 1.1563135823913413, 2.1048774590961075, 0.671887809574151, 1.2500712727827068, 0.2044754709007455, 0.865190113255385, 0.2732105350070318], [0.0, 0.0, 7.313138183824664, 1.602604565218553, 8.44751306945156, 11.382125178791702, 0.08691978713172474, 10.251972788101423, 4.0812154484622, 11.696855007063517, 12.257878587581807, 12.424419475102221, 10.657887732988145, 10.390875323332475, 6.047653335051568, 9.11509803615462, 5.0015803402442645, 10.930804297561453, 3.0192933133242548, 12.446735780896228, 4.158294643295158, 11.861237055847536, 2.6135230473570026, 12.341901149360911, 2.8960064433881327, 9.618856319298198, 1.628653373211299, 11.594448524503255, 2.379607241185298, 9.933124880926453, 1.9734063843285663, 8.353780358346055, 11.595325133847053, 6.92425777799823, 13.34799427917799, 5.665534474858672, 12.568432756788912, 5.619897234592376, 7.0548669296302995, 4.756507038578393, 7.480052705425259, 2.733345191637753, 4.860996932992565, 1.469622626385481, 3.3008178045711034, 1.784087248756985, 3.3903684058953534, 0.7542428204015869, 2.1639167434667703, 0.5828047660726754, 1.413653964265686, 0.7211058880930352, 1.262821633631292, 0.4201073691233971], [0.0, 0.0, 0.436478237017142, 0.5005722978911716, 7.8324983559788945, 4.800735648050287, 0.901067500857788, 6.915534393492061, 41.20704945088409, 8.329166056548583, 26.31568956612679, 21.27879467879649, 19.595875292794485, 17.56745174401465, 20.063012035045094, 14.9618276260149, 20.004302979061897, 14.545058354658886, 21.649138272051378, 14.024904039198727, 19.258657568097515, 13.479988961619716, 18.285157765538564, 13.614706102306876, 16.801509070102757, 13.098353404585993, 16.42552257913098, 10.516562786538653, 14.918173809246726, 7.649927054263137, 13.607265770277369, 8.051451049696732, 10.96610580915335, 6.518649374989427, 3.281474189876879, 0.9381410345030811, 2.6745272794788044, 3.275975840410631, 3.7537414987499327, 1.3704075882221867, 2.3401338418443935, 1.7294572540075346, 1.6920461495423094, 1.928787818296323, 1.509197760096669, 0.42084406120557205, 1.305398845781899, 0.6313191032604017, 0.9221601076760338, 0.8346027670227573, 0.4788342863184186, 0.747331927964455, 0.5238413570395879, 0.42482473138588794], [0.27742313109303557, 0.0, 7.816700800289423, 7.423014160735764, 4.695144213888315, 3.6103466417869834, 5.740294308319082, 12.194483870662593, 35.11377807981793, 16.21428482403792, 27.950722918799404, 27.61074075154166, 21.273327821089723, 20.22190771995762, 17.642225745480953, 19.29875169115416, 17.186268725254347, 20.53784753867273, 16.71004511431033, 9.783778837926837, 1.3354136480462124, 6.045724270471289, 3.2378779598640315, 4.909713763307412, 1.882774398100623, 4.297025478946087, 0.16802368238352144, 4.431968640484718, 2.275056356850645, 4.5002993157145434, 3.2037666052209977, 2.455204905754063, 1.3341922294976525, 6.88485565567314, 3.515567607570836, 3.480973333077537, 2.1207063352006963, 3.330621913936985, 2.105931837214826, 3.1200310238036963, 1.333382108555415, 0.8760515359297562, 1.085500542252153, 1.1724929628262772, 0.8327796957405743, 1.0902783785294488, 0.6104146957769884, 1.1077107573694944, 1.146347008266576, 1.0062292685332355, 0.9187567867688458, 0.861403943939198, 0.676940271669801, 1.0279875658679754], [0.0, 0.0, 3.2046199589427604, 0.056074213197370944, 3.9655091724257794, 4.891521447694259, 20.755401627994342, 27.40680590430952, 30.28579903918839, 23.695135257861548, 0.13201744610738697, 10.224913418024263, 8.92464361131068, 9.808921991321077, 5.702576334246646, 5.785245549989438, 4.089638198228763, 6.303198204467279, 3.212695074254459, 6.9622339965493625, 5.0704061902326885, 6.317642347817066, 5.657699429606885, 5.522050320222608, 3.5087557118671464, 6.10374296045937, 1.9246144576005946, 6.3651326399475785, 0.8517832500328787, 6.93831430736411, 1.4113295732720144, 9.828657660195985, 1.502841854071454, 