{"initial_violation": ["destination"], "initial_duration": 34.65851378440857, "subsequent_violation": [["destination"], ["destination"], ["acceleration", "destination"], ["destination"], ["acceleration", "destination"], ["collision", "destination"], ["destination"], ["destination"], ["destination"]], "subsequent_comparison": [[0.0, 0.0, 7.973186491263657, 0.23879634754727064, 11.512594685130146, 8.997020972272338, 0.5658680754541644, 8.140218229225015, 9.269812249787359, 24.589011338840123, 43.50980449332121, 4.527187372862177, 60.942304267149964, 20.979192177817314, 87.43924956092053, 14.104443788428195, 64.700779058285, 15.43864239209522, 151.07865848169092, 14.287726677657883, 168.5486596663176, 18.244247810223932, 168.52250819541666, 22.983723600820422, 169.99512084697443, 198.82648204699277, 31.17576117930722, 198.7417608534676, 16.543158408866013, 213.9426299015612, 20.584496235796816, 245.93951505012748, 23.533165050104525, 262.4369549577643, 18.867103296523094, 248.7459574966494, 21.412482863739733, 262.2843722274061, 27.367924134482454, 281.7331776122043, 31.730329225006926], [0.0, 1.2501002225546345e-06, 4.938990871245958, 1.1164862781233698, 6.49751369246602, 8.567733312878682, 1.7630553798288229, 4.180315631111538, 1.6559184944798007, 7.1219944971414755, 6.938360219853556, 13.765824372385234, 8.375898596632632, 8.964294018589337, 23.856218422864252, 13.126628535064178, 38.50352401572536, 12.357051223796903, 73.20752175012444, 11.33532305641837, 95.65970932727863, 8.591151870802165, 107.70128842708635, 131.26594026858498, 45.1296441690795, 143.56496108744105, 138.48361213485197, 5.177923059940609, 175.7180275716421, 207.35870165605573, 33.561615752198215, 1.874351301940366, 190.14811811373744, 3.9970092228563905, 197.12752006354089, 2.3475327078903256, 211.9058078018879, 3.487711613167891, 216.51085015878283, 4.679746365999256, 34.233850187538444], [0.0, 0.0, 4.9869009631141346, 1.4624779589495542, 17.125381347049, 4.516291276717475, 19.212877747006825, 1.979251982275288, 12.79392253586798, 2.0091597044529226, 1.8147599646755317, 16.384336820394832, 1.6111469896358974, 6.734652507697723, 0.8061633899251591, 30.681822113177198, 2.7775630960546267, 12.950109659113874, 35.39979793705621, 19.57580014082812, 80.02359441190126, 20.376236746414612, 111.71749488898985, 25.045633021351346, 112.07569875388282, 139.2100551875359, 21.625642968020767, 168.18559398842717, 15.666562201695093, 207.24378390354212, 16.286020617523373, 206.2697936548289, 26.467617162172814, 219.01229345578452, 24.713371205135715, 226.15952499651405, 29.26566273727107, 15.358275313605452, 217.7539138751519, 21.616198677519634, 235.25845142512907], [0.0, 0.0, 5.041767393047018, 7.641870635539507, 10.559854511463097, 10.235428349313224, 2.5137918901331284, 0.4155888124073948, 4.255125634192965, 9.384341872698748, 2.258944731322652, 8.386333446480965, 2.285025836610425, 24.805169168081143, 4.627917408104361, 7.832064555070923, 8.553026632130107, 5.82359241476124, 15.11932333439287, 7.30653489952105, 22.355491136174184, 8.74195952285899, 57.713856163371986, 35.36513459575828, 10.796077865430057, 17.32969484813224, 14.68348775342697, 19.207373811739846, 16.87270337334158, 10.358818918861125, 16.731302794360776, 11.632756390631103, 20.409508682587727, 8.963735349536057, 17.420870767838107, 7.4203326624919, 21.573580858961396, 10.52035535508049, 29.73618155112982, 6.148534765466308, 29.62717472391561], [0.0, 0.0, 2.9173862083401367, 1.2485320094421843, 11.96887598365342, 8.146232351204928, 30.93884389459516, 25.700896649367152, 15.140363531520466, 9.987110059305008, 20.776837104838354, 18.531940534686136, 30.760752528707258, 13.047454294218301, 62.01159813952869, 10.325776110500625, 168.9632269223959, 9.761295399549603, 209.37877364048202, 11.805241138352297, 218.59570560852416, 31.99181826499915, 213.6758434742259, 16.687789698871153, 208.94039017279178, 7.41632350567914, 215.1949980756112, 7.495512704218766, 213.1399437164279, 15.576698725724855, 219.58576894105607, 15.233245195831023, 254.86916437257563, 293.8017607268386, 281.15066094769907, 319.06899330846664, 303.77271241701317, 350.07888207424264, 329.74144393881016, 383.5608705861624, 358.20688403366563], [0.0, 0.0, 3.0216673234961404, 1.0995111050299031, 8.898053169202091, 28.3470986620643, 8.555222673723481, 12.49973103753904, 12.58338853912136, 17.640348059264937, 15.396681146879935, 48.61433349411878, 15.084562775782828, 61.52478229103377, 13.73001722708759, 73.33208174918734, 6.837667935116164, 83.84806953172554, 4.8892208883809465, 105.06277873460567, 4.657658577866373, 137.69115734247922, 39.355466380609876, 128.70625012353418, 55.0614773882925, 29.635747286015274, 133.40430132116376, 20.782481603276388, 176.34219610678056, 16.760498487892562, 168.2224670377795, 20.664834059470106, 175.04655673466362, 22.594019845675103, 186.21850132128955, 17.269250282920826, 197.69856866785364, 12.317798414555325, 210.7034529863858, 6.028271196382211, 34.76679203931613], [0.0, 0.0, 5.045727564200148, 1.5552878173858986, 18.199495074204016, 5.734586188207854, 18.371750514297453, 4.694139325334122, 11.921888235073753, 19.93545542141319, 10.450327940453244, 11.967144573017984, 8.412995521278805, 17.90824511109709, 9.299552599787038, 66.0692537579396, 11.806107344885579, 93.1590308806751, 11.220523933441978, 111.16705937801713, 9.170408392540496, 142.9173440896389, 39.47037791020924, 137.5039817367582, 49.95649792116924, 150.29566052465776, 145.0864502925638, 12.659101354125923, 180.55118791202477, 211.24949666517952, 35.90998950606757, 199.3776490753103, 38.70868404602867, 214.05795325408343, 34.61873155682692, 227.09183274014802, 29.229108413855283, 243.8103152562954, 29.426407458215483, 266.1701852094042, 27.220912982838403], [0.0, 0.0, 7.75785030766461, 1.0115696745111156, 22.332624889672655, 9.18875774233356, 7.010179920221188, 29.32915620623625, 17.65418401347665, 4.63904524863886, 17.318232467969874, 34.66951886011347, 4.219771958651824, 60.30479362789819, 49.67915673804532, 89.0752229809126, 7.085093837388823, 106.26105101829975, 8.072010246839248, 111.7142712809984, 121.92641935254606, 2.3698542797952356, 123.38162940221227, 30.518790054811564, 130.96270146709682, 159.3559450076802, 7.805870346125316, 178.44983454746824, 182.75082401726124, 7.808348865303441, 202.896481086645, 8.274277159798393, 190.26514124832914, 214.5054742694619, 25.725648595440187, 231.52534386004484, 25.82482737261844, 247.3527213276565, 29.7460454874192, 266.5891910249474, 30.477655121971146], [1.2501002225546345e-06, 0.0, 0.13388405567952646, 1.425501609494926, 5.8984398344069, 0.021402591017168356, 15.371845948772584, 6.467738744183747, 8.938433229113713, 2.222464233035828, 6.90302903945668, 12.183750116161773, 3.138949860626516, 7.132489031276938, 9.693227118533704, 2.0266289059683484, 17.383580206904043, 17.033826248018805, 10.731134316968868, 8.43495343969271, 11.836725524843807, 17.307381757727224, 23.113832914370555, 21.381617194281798, 28.078886277642667, 15.666639037663256, 5.398786313123049, 11.524992667852487, 3.9050954297215617, 22.247145642650256, 10.36554592059357, 22.92940189413827, 7.289833938010564, 29.65533621737184, 0.8765863331450572, 31.765681650755052, 2.420691115129666, 22.368068351546086, 5.088440115567353, 29.756816662432925, 2.895916908435842]], "deft": [0.0, 0.0, 0.0, 0.0, 0.0, 0.0, 0.0, 0.0, 0.0, 0.0, 0.0, 0.0, 0.0, 0.0, 0.0, 0.0, 0.0, 0.0, 0.0, 0.0, 0.0, 0.0, 0.0, 0.0, 0.0, 0.0, 0.0, 0.0, 0.0, 0.0, 0.0, 0.038039433519556194, 0.0, 0.0, 0.0, 0.0, 0.0, 0.0, 0.0, 0.0, 0.0],