{"initial_violation": ["destination"], "initial_duration": 34.84938144683838, "subsequent_violation": [["destination"], ["destination"], ["destination"], ["destination"], ["destination"], ["destination"], ["destination"], ["destination"], ["destination"]], "subsequent_comparison": [[0.0, 4.799926683327254e-10, 15.341005855721127, 11.96515624225291, 22.524099147511677, 18.869006974369277, 8.042966002234529, 13.069025586221972, 20.242108468365224, 21.311815028557863, 10.951592736358938, 22.011666606225905, 5.83358786758344, 18.900038807024853, 3.8593393678908603, 15.106165418561831, 5.584347347911559, 17.595438247210083, 7.1431787831748474, 16.71466355676117, 2.481009907381916, 1.7844473212668952, 0.1735344815907488, 1.1544840767995772, 2.534737116016041, 5.42280650227117, 2.540358685076771, 3.534452803977563, 4.652657288448219, 5.613747875925467, 8.782913316229134, 7.977288144485176, 6.620674360421755, 7.96728819445544, 3.8971881018869654, 8.95111762815267, 2.1948798061638928, 7.773142441871388, 1.121574323176706, 7.101752501728431, 1.9582547959430183, 4.823845708617665, 1.9602889266304795, 3.249910088245042, 2.2974170565491265, 3.363415030479283, 3.5452826943413704, 2.9678872075292144, 2.2199538675014248, 1.8113205591881314, 2.221820078956302, 1.1565799111408306, 1.3072789161439118, 1.5327241869081696], [0.0, 0.0, 7.850285627147949, 0.4069825960813219, 3.9074339259421556, 0.06370574093270626, 0.45418351544187374, 3.9096204656645654, 1.3712456351781588, 5.312369045396516, 1.3753359452598177, 11.668162954972578, 5.231470998511395, 16.481304098922408, 9.044653960744391, 16.633444985335082, 12.560230073753004, 17.95988181154735, 13.164248752233865, 17.463833503225082, 11.549559534436066, 16.395194969732362, 13.547597198018401, 15.509987801605712, 11.070478055068987, 15.625926618534526, 12.19574123844916, 11.98830535732208, 9.236637630146236, 10.466043468867303, 5.5287152940503015, 5.124885969368054, 1.3022568260763487, 3.537130283767218, 1.4617090833434419, 4.179615322602936, 6.6077508594490455, 5.456042169607868, 4.194570439156592, 4.956544712559483, 5.986187330626599, 6.655416161494451, 5.424681904528172, 5.275576567978931, 6.509738014961536, 3.239323545260763, 5.140747331985278, 2.6357512047584364, 5.1873372780137785, 5.683230242480761, 4.470413488077427, 3.21691917255652, 2.6643273054989, 1.0948770816687028], [0.0, 0.0, 0.00978559032055242, 0.5015803334209407, 0.2432321447374598, 0.36175846883057206, 5.881144288732656, 3.903488855761879, 3.9021957046169025, 5.496690477425043, 4.1267421386827, 8.80870139359963, 2.6778131589090606, 7.103523619026066, 4.561112466777275, 12.298314974461297, 9.239789769878293, 14.185384636797561, 8.054506299954289, 13.880938622659958, 9.526089409355569, 11.040281063519101, 8.725127638184826, 9.309729622228474, 11.1975981746629, 8.85693031490826, 9.57785995615472, 7.697907811033449, 7.92159577029217, 6.159193594924509, 6.536894929229349, 5.185974126881144, 5.857236649295748, 6.063091210062299, 5.879016015415731, 5.5730618798380025, 8.060506936110595, 3.5404127081926346, 7.565416626630925, 4.282554869583568, 8.131640971812956, 2.836723236136646, 8.27504582473593, 4.746960515911878, 9.02005683300431, 4.277872882625618, 6.07061248808507, 1.2090043912247472, 2.3024476575935253, 1.6449181226383913, 3.3443817888590224, 1.515542186089712, 4.5031109826053095, 0.47660974888146584], [0.0, 0.0, 7.698171792490981, 0.5687037107983837, 4.942226075901753, 0.4151694951285262, 6.592611350095602, 9.547626773044875, 2.795880532980996, 6.543242992065187, 3.8528298197453923, 18.20616583698832, 12.624282778871589, 11.731968357342906, 12.330688032907352, 8.435045299785997, 17.19502011723403, 8.702505624470387, 19.68371097604288, 8.181876203706361, 19.67669595850372, 8.439199577571554, 2.403088283352296, 2.377495111325012, 19.68076256787913, 8.11287547955813, 18.68589671238112, 8.787407617582097, 16.888707681682742, 8.690364296701757, 13.224210347534434, 7.911941024569964, 11.447222343072639, 7.886223104780381, 9.486603987177352, 6.443080114408228, 11.876479948403249, 7.833869234379199, 11.411156693756345, 7.905088488346479, 14.269742843188547, 9.282953691223582, 12.700051566016477, 5.434490038662379, 12.120373948730668, 6.518352860830347, 8.544530417802005, 6.840929742622499, 10.956001225314328, 8.12142006788173, 11.399262858376646, 7.829735314013073, 10.013203464463905, 8.505157415699848], [0.0, 0.0, 0.18621516565464907, 0.2681068544186698, 4.732325418347108, 7.880041325768501, 11.158012412533044, 0.46162135647902375, 5.985114391014236, 0.1832609973980717, 2.8567498092628396, 1.1362534901821493, 4.5950323825652335, 8.443979010824652, 1.2637257826199435, 10.289626366699599, 5.158544163043161, 7.970753771442134, 5.31101198211799, 5.749650023103632, 5.821428991031298, 6.483219191422154, 4.184431374327986, 4.6918478071368375, 3.761302654173199, 2.696877411845372, 4.23451809744477, 7.108217316815205, 6.0053672944342695, 2.0923727585575307, 4.094424748512257, 3.3983926119426995, 12.567885816112653, 6.00813104436539, 10.660388361288597, 7.865461478311099, 12.801756239953319, 7.5070593637578495, 12.512245168133969, 10.29439260078167, 4.634951366499815, 6.069640861643682, 7.655831357330093, 6.176415198171687, 7.253625534155659, 6.794076523331725, 6.947565071868286, 9.044646234784054, 8.695549476472195, 10.830567119772844, 11.121189059996725, 4.535848424860198, 6.6713272583578505, 5.371789289550129], [0.0, 0.0, 12.620002489550437, 0.4716902336024502, 3.1808278950773916, 7.792153929873696, 12.252449126286182, 1.0619156490494048, 6.592545174264995, 1.0134613238227734, 7.5966569435216265, 0.06062771885672887, 9.874091236036776, 7.401153682580641, 6.241924742369362, 9.176188080146876, 5.773432400818316, 5.030703699644781, 5.370541429092724, 6.03603564915518, 4.872121125731863, 6.681488443097766, 2.3947652661570005, 5.8806427780255754, 6.397597597651455, 5.636851593604775, 6.831673878601711, 9.312365026622537, 9.122876193392601, 9.051546344951777, 9.941663133383576, 7.627669507495781, 11.083548101905329, 6.294527640498956, 9.068869290616167, 5.272461767285495, 13.367300768282616, 7.385229703488283, 13.619175149245871, 9.14350557533902, 13.974958743351799, 11.442269412732351, 13.097202170739632, 7.1634597628059, 14.037703888255825, 7.73999912683568, 11.254412784152368, 9.504827485059662, 11.231591492398396, 7.224280988991433, 6.747052376174155, 6.994488169904674, 6.960077582962985, 7.409491952189825], [0.030223508454660694, 0.030223508454660694, 7.134599864530925, 7.1633293132305615, 30.72931178654677, 16.02633522909531, 39.4130559659074, 43.68031137048542, 70.5500434153821, 67.75794637391122, 101.41252496484898, 98.41210454879123, 121.34109835436321, 125.73576634344407, 19.557043187562126, 141.4212058766357, 145.63857938932128, 40.726805907684856, 47.649463908359834, 145.88959424549412, 50.45074602791667, 135.79680715020723, 53.13475521888936, 123.92716978867698, 140.49237778212117, 53.617381605754986, 129.01580342732476, 62.103802547591556, 69.4706242680428, 116.22254889951262, 70.27156750801781, 110.62173666604627, 71.04140212795623, 102.4182598945631, 113.76035442000064, 74.63501667187636, 110.02900034399242, 78.86658725508394, 108.98948637543047, 83.84096299139944, 107.12374622845077, 98.1770136664769, 88.0276507187494, 97.39969164191693, 93.93950426964874, 96.62355153787338, 89.82361699294455, 88.50547413104222, 95.58199718432047, 90.91896314043322, 96.78636792415666, 93.01491203664088, 86.84989768181543, 85.91177160194195], [0.0, 4.939083809870394e-10, 5.074337256337016, 7.934009800325006, 3.3781702883587776, 3.3297144686768947, 12.306989315087177, 6.233949230031698, 11.154320465712674, 1.5939756859169527, 6.76582990837974, 1.316661948006735, 11.730462587036861, 6.380907072894125, 9.722066076520168, 6.348518591495648, 8.234758100201878, 1.8755677161876372, 6.712916018285835, 3.3279691016206403, 5.745714124681855, 5.591540283885921, 4.235690195567132, 4.4192361008163, 5.034396507424511, 2.9716658959739677, 5.954813031721669, 7.410750746944177, 