{"initial_violation": ["destination"], "initial_duration": 34.78988981246948, "subsequent_violation": [["destination"], ["destination"], ["destination"], ["destination"], ["destination"], ["destination"], ["destination"], ["destination"], ["destination"]], "subsequent_comparison": [[0.0, 0.0, 0.291890691978813, 0.13134071833667832, 1.4536104792903444, 2.456189733451104, 0.32837902549177733, 0.7275667084454911, 1.0194008492285718, 0.9465008132808264, 3.5208722484703645, 3.803749010417751, 2.0264402650284574, 1.1334052623111308, 0.87356501044052, 1.2210394775787026, 1.0627269212749544, 1.4719851185973416, 0.6115085579892343, 0.8445553876401688, 0.2263368406775864, 0.6733587972388937, 0.99015086160572, 0.7331861383919777, 0.5152463959749272, 0.888483895763005, 0.817674570188111, 2.6404491131960235, 2.3682362896418856, 1.8437750693694295, 0.8988979646299381, 0.5562337396851633, 0.6794891777383726, 0.5336676402087371, 1.0179560687335696, 0.49418073626427855, 0.6277609363257384, 0.36616176119934646, 0.47576567772106615, 0.32569821988947667, 0.41017481025996816, 0.18116828811269525, 9.411979195082072, 9.672822800043965, 0.9375729792178928, 1.312682737380534, 0.9099591332987204, 1.0974585652891513, 1.267594304955318, 1.2255420152178103, 1.2682850668666448, 1.0011020791764809, 0.5523252675879392], [0.0, 0.0, 0.13281914498241845, 0.31596685256035933, 1.2835214311619092, 4.84077235517379, 3.1959989948427445, 2.906026404420304, 2.5521384968082077, 8.092907488020003, 11.987966738256073, 9.407343622722928, 10.056763802386648, 8.933254113291085, 8.94003834058277, 8.266216633304994, 7.67898644043304, 8.035464369179268, 5.023896780642306, 7.121903404235906, 4.356966639304059, 0.09081892446690974, 0.8737608868589056, 0.4805688266906615, 0.35504158089157073, 0.20986085204140778, 0.09741532921915137, 0.27537321222910915, 0.3093453992180145, 0.2852189199518809, 0.3764669170077148, 0.02809251791813981, 0.25690293302804335, 0.1134415789439096, 0.30474674392614587, 0.12672253200671688, 0.28972255552978166, 0.13124033630033194, 0.19519746359476636, 0.0986344594644565, 0.192814832253577, 0.09047347491568214, 0.14318153738934922, 0.06666897322466805, 0.1275541831425279, 0.08932625709648676, 1.2832260683515027, 0.08352101744525962, 0.41595052566340146, 0.5177761841720673, 0.8374143951741462, 0.6838280537978373, 0.4192582886249429], [0.0, 0.0, 1.8457315428544314, 0.5786853582205419, 1.64904391055246, 2.67808120988652, 3.615986341388561, 9.005464082810548, 12.762985459402527, 8.099412967364044, 11.595532758419061, 9.972888187426125, 9.217395328194428, 7.941733179409603, 8.329955378757969, 8.337903275938773, 6.615930881334012, 2.0214903666370163, 2.5892696677098046, 0.3878630854610784, 1.9902997339344777, 0.3023322811476229, 0.8294764119898154, 0.9356473947808666, 0.09877327922275173, 0.6312294025298875, 0.18050844440749295, 0.4769351289929496, 0.3415153822413302, 0.08275603231482165, 0.4610701618720076, 0.05029720123253304, 0.2881295064375689, 0.16530587971538235, 0.3613665437073162, 0.09807922293625873, 0.3018814687997366, 0.4925870515467318, 0.18426398690848494, 0.08716355583303702, 0.1608035296215474, 0.2158738200279004, 0.08119516389890807, 0.1344083193435716, 0.12136649157328704, 0.07571588201881786, 0.2750899779756054, 0.07055323284076774, 0.3824883827486276, 0.9436057542162961, 0.7604232475690723, 0.8366661566067948, 1.2796157407776343], [0.0, 0.0, 1.6679623977763234, 0.8133804027749587, 0.09763845807892937, 4.939564507213002, 1.5474301596729647, 3.4424351757520637, 1.6357370464103493, 6.997332595568486, 10.375495830443173, 8.276840678846941, 9.874153989866558, 7.990570206341, 8.93709628264274, 7.715776025529831, 8.040311971189519, 6.871748886161772, 5.265407013109469, 5.780212702759975, 4.612338311783595, 5.797919162011083, 1.6419956361544397, 0.8286941002052342, 0.9413105050583573, 0.19229486035899437, 0.5626537090544439, 0.3543485409273029, 0.1183952762340777, 0.23620823362549825, 0.1067443385774865, 0.15048839534166106, 0.16816620141973534, 0.10238889721571706, 0.5441999744056286, 0.09782442817075507, 0.19620412269219387, 0.05867629716203494, 0.1283890452846639, 0.08167678026676502, 0.12767402804523834, 0.051151023637233894, 0.10727147767276993, 0.0337218585103119, 9.617660606306035, 9.662768287432066, 1.687030522646063, 1.6555312696077906, 1.5935134768593187, 1.5875548819922993, 1.4357403986766253, 2.1769834052955437, 2.539691301010524], [0.0, 0.0, 0.5710462208829821, 0.07950903590586694, 0.9015563709649975, 2.223121664732679, 2.5820500143961023, 1.146122436349219, 1.8535017601424015, 3.454185642205401, 1.3009179507795914, 3.8875037908490397, 1.0651619169042144, 2.634426952019853, 0.07644993599938456, 1.9456769702508188, 1.2751087725312142, 4.903446930518255, 8.507973319128196, 4.32472807362047, 8.62746423064735, 4.245525684943328, 5.798803716716012, 3.189518776217221, 4.350302802031644, 2.1940174468819595, 3.443636836283589, 1.9229305085915234, 2.5399419750607755, 1.2612794461336332, 1.7915976545853984, 0.8672489713956113, 1.3162192627165339, 0.6736501586358312, 1.0478245986262027, 0.666974470082148, 0.17075597901847958, 0.2243405619001703, 0.10261063506021807, 0.11771098505652135, 0.08408771856486917, 0.14069248261133088, 0.048898574060189534, 0.16807422093088376, 0.18241975429695617, 0.04892726988272659, 0.2443783662241142, 0.11546548878990379, 0.40336746841338383, 0.42902212043263793, 0.7953919616423916, 0.7724864368474357, 1.2258739081206762], [0.0, 0.0, 0.17793334836785527, 0.4459471364281448, 0.7204338868807241, 2.26427483294647, 0.053783976328517884, 1.9346949639310178, 0.3661558158235802, 1.297807849651715, 1.5890020024661793, 0.613584431438071, 1.6603402159233156, 0.6276249936643576, 0.8735549273334755, 1.5612783155050236, 1.075496802768406, 1.713340473532726, 0.23951318619505652, 0.8849325950656399, 0.897446825910172, 0.7506992049079786, 0.1797115393046879, 2.984136608744865, 4.62816427086806, 2.158646293554917, 3.473243275384947, 1.4110775233759016, 0.5718078997702406, 0.08091738197957374, 0.5612991113105114, 0.049617313660316124, 0.5560507216753791, 0.16255164530788302, 0.7636871048772251, 0.17088342051522995, 0.4994413449295286, 0.5589464469029449, 0.21201933146368107, 0.15706475213064353, 0.13499111819282733, 0.033812484813093055, 0.12172183275953008, 0.04049555146356582, 9.648215500769911, 0.10667686450924763, 1.361410513094753, 0.18274952013294285, 1.30743174005581, 0.41100325542904703, 1.7329227873377615, 2.2505968096724, 2.6035111764143384], [0.0, 0.0, 0.6243964976835968, 12.33664424500897, 7.846149745464115, 13.88993736185808, 6.807774835427263, 12.558073068455151, 10.218702654981973, 9.743508946096357, 1.9737194209774418, 4.362473829356994, 2.352824687203322, 2.6262984802797256, 0.804278314901108, 1.4682323335389678, 0.5283850495120491, 1.4870497567747665, 0.059481039366692155, 0.355532604751814, 0.5814499819498425, 0.5217087141058936, 0.8656973615986215, 0.843578294577537, 0.2305004942373142, 0.7848633719038274, 0.11402633074924469, 1.1214130201977544, 2.2848324939495357, 1.9824750381084508, 2.0266519393083016, 1.2834033942170493, 0.4177421973447514, 0.5901682231592466, 0.7413707656664471, 0.769667869806516, 0.6052387210792436, 0.5335057451054599, 0.7198258582084429, 0.3873565348317788, 0.3496313091280858, 0.13847741629601357, 0.20401431006536222, 0.17853880680339337, 0.19621193286538952, 0.36512002223804296, 1.5230638717890992, 0.9700243092926607, 0.8752984640717906, 0.34598582987822946, 1.0023511064807216, 0.5282089440733873, 1.0210982607936188], [0.0, 0.0, 4.903348617991674, 0.8153836735347884, 1.9921962181006503, 4.973028993800523, 2.67423844826346, 2.592539577088651, 3.1911247206106506, 2.0379594918264714, 4.716255966839176, 2.8498990786036056, 4.160782068868622, 1.3299845183724064, 5.009743948416964, 5.819761120028016, 6.081020500325822, 5.004554504724115, 5.722326365446138, 3.098005549446065, 1.437006511477158, 2.0855729978115773, 1.0296875659583136, 1.2425680421119774, 1.3071578063720493, 0.09854699677428155, 1.4423287402588725, 