{"initial_violation": [], "initial_duration": 34.95012307167053, "subsequent_violation": [[], [], [], [], [], [], [], [], []], "subsequent_comparison": [[0.0, 0.0, 7.673314174805669, 7.900082451556837, 8.402594155218546, 0.009074213404153241, 5.455058251100198, 0.4356065198982773, 0.16589235961330667, 0.09048568765607279, 5.893251131035531, 0.023537946143080586, 22.626617340712887, 9.424042203251789, 21.34133293556797, 7.051906377388914, 18.337783585019476, 9.962840150548098, 15.043919478591523, 10.614493752018145, 12.262126922450973, 7.5844069149711215, 10.032557920781535, 8.165016592318542, 8.69039805197822, 8.193689399732401, 7.884406566684993, 8.558342040002339, 6.385327682143924, 5.713725244365841, 1.1572426433343517, 4.296253934565638, 1.7283683247323813, 4.598856735625371, 2.2191901306220387, 3.2436758642235795, 2.248572345216261, 1.9180291457480558, 1.748081254965136, 1.215966755489893, 1.4596877604370515, 1.6250034491692122, 3.1183852385164523, 1.6002859042795803, 2.5103623362536007, 0.9551577601957677, 1.315825004807029, 0.9517537208326418, 1.6232896471079228, 0.2541302445225431, 0.640131664225933, 0.4228136714879849, 0.4363794126546795, 0.23328717292496193, 0.6467150322724621, 0.11448340422088389, 0.8031342390903536, 0.49582077455086804, 0.5652547583469953, 0.3518285566098954], [0.0, 0.0, 7.703698303284326, 0.2220337985469563, 8.19958788072504, 4.8421317662536705, 17.125897509592086, 9.653055327347834, 6.830692960377828, 10.753292642008017, 5.8615385996890454, 7.336972207893654, 3.5728957414530713, 4.597058819870179, 3.1681246170852257, 2.762591223870059, 3.8169417840876956, 4.545615315252451, 3.3769796613700196, 5.392814072217425, 3.901875059469149, 5.678922068305067, 9.702291145031007, 6.772504655278542, 1.4060316612990027, 9.33927563993757, 9.52220887582667, 7.266088468631496, 9.14370937007463, 4.609461990078337, 9.785766544831853, 3.180623265746571, 9.140237472309163, 2.411093305388163, 7.9631719904755744, 2.3196719745288332, 7.416561085589584, 2.7275516109865117, 6.686576861012457, 1.1536251069803265, 5.186701890057772, 1.2681995736990173, 4.356680610666248, 1.342586776834964, 3.096649582851998, 1.1626282225079438, 2.660184200558147, 1.1267499328625565, 2.01337323819494, 0.9059781968821331, 1.5888475085159226, 0.5974532976984087, 1.52061182507276, 0.8425406972825102, 1.0033705849377335, 0.08868154546700846, 0.7914124380276014, 0.04145205680678581, 0.8677030169687322, 0.039009807922245454], [0.004211809003760633, 0.0, 7.677570761560362, 0.18104048318289728, 7.646305260735912, 3.0068789492336467, 10.842580008887532, 6.1147678764097595, 30.18369915588923, 15.893941905231307, 24.47365140290994, 11.621709779872063, 18.24955483154714, 11.45267503098094, 19.23530982878006, 11.806957005440585, 17.713750390725583, 10.622393660771534, 15.931612106875322, 10.179571421882349, 13.872734820860215, 8.732912309183616, 11.688002147295078, 6.605134925408392, 10.218608784599452, 4.763920402792754, 9.725028366031092, 5.464697205230659, 7.796814955590503, 3.589392022459199, 6.785306976664929, 3.359702556236728, 5.897997899753665, 2.4706176578728787, 5.118214402835757, 2.924412966118102, 2.6759114303600007, 1.3569098473545402, 1.9539371343019813, 1.5131291909196396, 1.6724348852493323, 0.8487578688501057, 1.4435790454399176, 0.8947184557938767, 1.3362518087682325, 1.1481986243477909, 1.3921735862091087, 1.077113531294203, 0.7722564841691868, 0.7780753878046979, 0.6974395833007611, 0.6237864663198198, 0.4437665745445742, 0.5487118700664909, 0.4249431336220484, 0.7878873452314744, 0.28665544561341216, 0.5922390981740363, 0.2605148867213723, 0.2927766351546111], [0.0, 0.0, 12.389311489150598, 0.2041339251067691, 0.023853528548598086, 4.813492420145352, 11.332585883208464, 13.117313895749914, 29.028271616175758, 8.112209576952443, 23.527806676367806, 6.219820150055805, 18.563334712770448, 6.726785794658166, 17.90025886629448, 4.7460768045779655, 16.19313415667422, 2.6713353504182282, 3.1520691196324693, 2.3688552068498, 2.630973643965588, 0.6792437446732653, 2.281326729297611, 2.4361301527498864, 1.3604581634379507, 2.5693531760394395, 2.215107275712122, 2.7951034823466134, 2.7344036757863286, 3.3641106778685654, 2.8789370803854504, 2.1186468717025817, 3.821458769187562, 5.027934022333101, 1.7399711792487438, 2.9777652915827626, 1.3789979583041698, 3.101079338504931, 0.9183078017394122, 3.47974334167426, 0.8885556007657115, 2.6575046993915534, 0.5357133481104371, 2.6242914903792123, 2.180041173558917, 1.5549635047622885, 1.8986103776732997, 1.4204016977486358, 1.7220380880098798, 0.8138442307318594, 1.3630285623913967, 0.41845916314609916, 0.8842781372590212, 0.734298202352792, 0.15963168801915265, 0.2992016751435421, 0.19699928101515307, 0.525138903288538, 0.1522919003135327, 0.11743103685445673], [0.0, 0.0, 4.943900018715034, 5.128572953249623, 14.642004525212073, 15.724455843690595, 21.207578079928417, 0.20471387075354824, 10.5143971196084, 16.613603048619826, 6.5604833451254345, 18.965633283413553, 4.445898059267152, 11.0240892475977, 4.214233936408079, 16.158366418860133, 18.6941300987415, 11.873691790828701, 18.625597820209162, 8.671582523291892, 1.6387294238321457, 5.539273654678946, 1.2148801056386276, 7.239807012353026, 2.045138314709758, 7.684231340228976, 1.3017035820022989, 7.78318016332896, 0.8881447766528475, 6.0199998950147915, 9.556384315957404, 4.381644392172311, 9.594087300471378, 2.6654458233610945, 1.9113314825516368, 4.116340639461674, 0.7259901861166125, 5.027363256415362, 0.5716274399195194, 1.7603475947420149, 4.651906664594056, 1.3594495254958616, 3.9739454679656276, 0.8179841559065216, 3.4141060568148225, 1.6977109284072103, 0.8291597406242205, 1.8860117652157067, 0.6404126904527104, 1.6900558984292224, 1.8716570789112184, 0.3698039295392401, 1.5789302844178628, 0.10531091393152289, 1.0604172323206535, 0.8690044712909285, 0.3219427769556142, 0.6504596400511207, 0.25055090745582886, 0.7120264593013871], [0.0, 0.0, 12.548604442419162, 7.4175381294602, 8.119206967322564, 12.799278948722664, 6.232812418810722, 0.3164123040076753, 1.428362010523157, 5.33156926572714, 6.739039737820494, 7.187742719006947, 2.7232449513461177, 0.7560443589769938, 1.4631527766986452, 0.8623661451991218, 1.9657016073614282, 0.19561325496642532, 2.501968709048047, 0.1091663175674839, 2.2837319082307825, 1.597480037019663, 0.9707875923433533, 0.6523835988389108, 0.09626326570655973, 0.7227970446181348, 0.21920414538153607, 0.23721788646581163, 0.0693449249552942, 2.2277799584887124, 0.2967767384020245, 1.1710134245930668, 0.8913685666310514, 1.5104728826084592, 0.5930628247030243, 0.36741883744073667, 0.06317092998302855, 0.3994837447582279, 0.61591812845961, 0.1590038790157332, 2.6181004783626753, 0.7201368283944405, 1.5078860029298942, 1.1620529514934916, 0.9155383726426171, 1.3157594305897022, 0.9327276842906135, 1.268346154300227, 0.6912712457310596, 0.9041995822714357, 0.6677945832232723, 0.3820951353659904, 0.8633893398005501, 0.0767589340645424, 0.08725089621436963, 0.0858789556577722, 0.05097771215597157, 0.11021773059540466, 0.14326564266773195, 0.24931323148874698], [0.0, 0.0, 8.010904625943237, 7.470600828416981, 18.519217946957934, 19.960216390516532, 24.588526422149595, 7.705203468815486, 3.931248456596233, 7.3346441565784435, 31.22058725727166, 6.858461576127584, 20.815726429407807, 7.618034251916376, 20.487903856364554, 9.340989163654333, 18.079660541943838, 9.247414241133319, 15.85401717093041, 8.773845030684678, 14.68597249262756, 7.594035275531187, 11.074262459771566, 9.615607042177391, 7.149666066608575, 8.881415290984599, 1.0766027827732396, 4.5241064026828735, 0.6814591090538954, 4.5282350997368415, 1.6729996206288738, 2.1799355475221107, 2.389567678376787, 1.9360014463085844, 3.8051399230981318, 2.7562821824036967, 2.7582917899084936, 2.496310274284486, 2.3263185794419248, 1.8915996494363612, 0.9237702082471524, 1.150179005471266, 0.0945103978903354, 0.137586293566666, 0.7074309454782215, 0.15056446248412578, 0.38467195239735236, 