{"initial_violation": ["acceleration", "destination"], "initial_duration": 34.61061239242554, "subsequent_violation": [["acceleration", "destination"], ["destination"], ["acceleration", "destination"], ["acceleration", "destination"], ["acceleration", "destination"], ["acceleration", "destination"], ["acceleration", "destination"], ["acceleration", "destination"], ["acceleration", "destination"]], "subsequent_comparison": [[0.0, 0.0, 2.4177623374337047, 6.124662632870428, 14.793502452346253, 3.6696778009533375, 0.4564487577742168, 18.090610176332532, 5.19557537234595, 17.42909232755984, 3.8984732484863986, 19.998846664668516, 3.6540997273728015, 11.841012050650203, 4.332717197758239, 16.255623075231284, 3.330613916425733, 14.925506063088504, 13.437023628239574, 13.049704894439692, 3.3240268028963422, 20.123919422577977, 0.7136493545771346, 20.35114586142328, 5.025226515568626, 22.141696317509865, 6.46692516648528, 20.475205186203343, 5.817811672918642, 23.20651328278757, 2.13440825275407, 18.19000788866056, 23.384597210730035, 18.288033727589905, 4.039010647666524, 14.550778578912727, 11.661686535811535, 9.582528907586742, 9.61241606624404, 8.138561985939491, 8.761139750380343, 8.426793109429155, 8.465078466651045, 6.153435672816344, 4.9427859495082425, 5.9673847764405945, 3.430739119973175, 2.8718530141349388, 0.5266572328101371, 1.0140237478489336, 20.781600961093158, 3.3982854604192085, 22.144774104669906, 25.57128865073111, 4.646218674548624, 2.3514251137848454, 3.8300664349106115], [0.0, 0.0, 0.7736027052187234, 7.515691899982767, 0.11596517777919652, 3.4624992690603307, 6.461054642255968, 6.1662848886043475, 12.312111676194027, 5.926469539499148, 13.951495481857863, 12.59180736569829, 9.401392791742337, 10.760406712914714, 3.319872861803531, 10.435782190240227, 15.457328752119938, 12.406078756493955, 2.3656368594753445, 12.686799126930223, 0.27438952511204384, 13.409360080980413, 0.979806722877912, 14.73911081690698, 1.3135104802176483, 14.349923457722747, 0.3368510989665929, 14.955968065609948, 0.14298187381609537, 14.980538157499609, 0.39770950423379753, 15.402646285182536, 7.290358482383149, 15.322065657040215, 6.630159846063524, 7.6089215760409745, 5.766989076041829, 6.978745059382129, 5.527335200212894, 5.011930097179339, 4.928037368089544, 4.301951631873897, 4.8682103513481545, 3.8233638872547373, 5.383603998919953, 3.678206252060175, 3.5237931032515766, 4.378174219856364, 4.786382602454835, 2.02903008315869, 2.2449371428523546, 2.338288251720436, 21.933210887250713, 25.174702421570306, 3.5268830060105585, 3.3299073366167886, 5.451114484046433], [0.0, 0.0, 2.956361867728725, 7.445727277539053, 18.325588526415945, 15.57622987740857, 14.72565525975812, 17.27962535148856, 6.8980510267435395, 25.146796094304946, 10.174045839426897, 4.183547404764399, 19.08207653014878, 11.752861690723629, 21.896643372366384, 5.273186717129899, 24.35446197317195, 20.761503581647844, 12.509160070326256, 22.148089485684086, 7.51353361497902, 31.42201729753949, 6.375222971375914, 29.971077533197374, 6.194294700417085, 32.55962982605624, 9.736211608658156, 6.859794683520862, 12.067833379134804, 11.714039211483167, 13.171327770426073, 18.11085341859941, 18.149249419279304, 20.650757363706177, 3.4997306096848484, 18.995287020300257, 4.499338466545819, 20.286912919750385, 6.006333898346455, 4.047956962844671, 9.009254561056903, 9.383448639752473, 9.789423657828099, 8.888708149504387, 0.8959806658585121, 7.0345720574150175, 3.780328811253967, 4.9544490080777805, 0.9338669093274888, 0.8458412816644442, 29.37105646080659, 18.23432548778353, 22.479856795639744, 27.494765574989145, 4.719872972406793, 3.0938191406178928, 3.1190784265630196], [0.0, 0.0, 2.843562530559298, 0.44018724215153016, 0.29753409638305, 0.6723346755305106, 6.614049663929055, 2.016558495470318, 12.473519493863085, 1.4267412838141562, 21.925360396661493, 22.07207710721991, 11.310615204393805, 17.438715859575694, 1.2595213552573947, 23.10599239360415, 10.021274802340544, 0.9928518396142811, 10.78847997468718, 9.865352568686859, 17.01380574113086, 20.176121186632994, 2.2475416108973922, 22.8083942256842, 6.553041423962491, 28.39877448580441, 5.663673987569931, 21.6063430322347, 13.554410093876065, 18.174676500125088, 14.91768974840875, 19.3473350773486, 22.386686003527892, 19.72950672268075, 11.514217674249387, 19.42668368925749, 5.7431364247225885, 14.297799452060254, 7.877160772627765, 13.275077284736087, 11.21380932796615, 14.700189662154614, 10.46284517349571, 7.553593286186252, 4.814851789524687, 7.437776661148891, 6.0859906815790925, 4.342959519544073, 1.3857590385071081, 28.449804071292974, 26.224090322645708, 20.306778222875206, 23.269616531878, 26.684880567081567, 2.977925074057941, 2.064814787876984, 0.9018603506120886], [0.0, 0.0, 3.014161167815912, 0.7404750971699882, 7.686892739087682, 7.885956233102192, 7.149084267288015, 0.29817934620815434, 11.83371635364659, 5.74132203696442, 9.63971971534572, 13.826831361814037, 2.687002034622471, 12.960417279676202, 3.4262968102862588, 1.2067764608553357, 6.9875149858112175, 6.26092997931402, 8.430264150239028, 10.90891909887923, 4.203787880520214, 14.179013470864877, 0.11458657357143952, 20.686111832973054, 2.893874929168278, 24.883699450583226, 3.3705017067144905, 12.024683996078478, 3.8597652338716912, 14.786424534717373, 11.02288667033131, 21.484325135680315, 20.85308522544418, 21.785928142341987, 10.281552774845414, 25.84474660045676, 12.222707121152359, 27.88699089331135, 14.319378495887463, 12.227983083632523, 16.051238916004923, 12.786803565108245, 14.400113557646934, 12.66383911980342, 4.618733919976225, 11.481326999672822, 5.419375804361106, 7.494600734089631, 1.9579173822682518, 3.2592609420018386, 31.095972536483927, 20.456317370377697, 21.799486451174324, 25.342514766499495, 7.767436288803501, 3.4973359878070887, 3.5143347991025533], [0.0, 0.0, 3.484314450219899, 7.507632674253264, 3.8120296214767615, 0.3372032204413164, 4.923856728385472, 0.33047338802080395, 18.627501605017166, 13.539645749439323, 7.388862215277792, 30.856528371781714, 3.868921929735797, 26.939513942987684, 14.288103798938508, 6.786284294857342, 19.22641807566913, 6.179578382974052, 21.50579976516585, 21.114598750557413, 2.2210953870405543, 31.21780933974197, 1.041283431266476, 29.914342468274906, 3.1922075687728007, 8.13482010639004, 12.788029902385402, 13.97123445877772, 18.769459969547924, 29.60358855257441, 16.965974755940326, 31.73897769860876, 20.93981243734673, 33.60792817484215, 6.247115252876642, 30.954364201743868, 8.720904721743908, 9.505653922949204, 18.03111234859867, 9.371100017972456, 19.866589892874327, 11.738820695641632, 4.2086490436159005, 13.570413173007031, 4.297111925320436, 13.089527426943565, 6.392975462036142, 3.6912625724021475, 2.002286181386488, 28.88085728973865, 26.659407658226066, 19.763435992305556, 23.006026907444546, 28.396548062524232, 6.113988735662643, 6.2939429323071785, 5.4470250802561235], [0.0, 0.0, 4.972307701463544, 0.9873181687025708, 7.381679508206146, 0.27664683061734896, 6.744995347858777, 3.8157457165913455, 12.452235592053292, 6.272903666103298, 14.211757181077225, 11.212035643671575, 10.962922611364679, 14.244927116641813, 3.2947929493332344, 22.02909129941078, 3.5984260033708746, 25.23533543206753, 10.521598217104417, 7.505999846249198, 18.231965605005705, 16.37488855432768, 21.663479051796344, 15.806700226687452, 3.4481578774347645, 29.263387157008697, 1.7108475687088038, 36.62244440145108, 6.67346622828216, 16.499417011361935, 19.717664282426302, 17.280472223074625, 41.05246899344273, 15.957542479558025, 5.077874370220157, 30.58303758019443, 6.86735504759308, 30.66549788072133, 10.122004085879961, 27.666166501955242, 14.398059313090775, 10.946550790117733, 16.536522503438203, 10.36912283254588, 13.277159667749457, 10.935450623558781, 4.508546181593156, 9.69342848594968, 4.159209014624268, 10.117740056516933, 7.207853903009674, 19.25756375730142, 25.476617027432603, 29.724540403564905, 6.913383683767339, 