{"initial_violation": ["destination"], "initial_duration": 34.620057821273804, "subsequent_violation": [["destination"], ["destination"], ["destination"], ["destination"], ["destination"], [], ["collision"], ["destination"], ["destination"]], "subsequent_comparison": [[0.0, 0.0, 0.8854430281718322, 0.12958606129512187, 0.8568636582328644, 32.6126569391921, 37.42217984110996, 1.8956776785802305, 1.4375209617489797, 1.3126957886558706, 1.1879023303497358, 0.8012974420911273, 0.5842852829824916, 0.9841230076914541, 0.5311492154957208, 1.0908703730493328, 1.126407460734205, 0.4834647827017513, 1.1143912610484792, 0.48345154331301393, 3.87435759518246, 3.0670158408907113, 3.5254837165489716, 3.306850594335067, 4.226914406249768, 3.323430440092648, 2.6917490544227194, 1.9398268918310482, 3.8443292767218535, 2.8004401308552054, 5.862277191160571, 4.347162631140478, 3.356254072722332, 1.468089259253386, 1.7049990273615425, 4.079010853202435, 2.8298155502624263], [0.0, 0.0, 0.27602410833075297, 0.0319356543237453, 0.1185407873116824, 1.1788706114603027, 4.3600430655393705, 7.81560195417148, 6.294133667790087, 5.764092643678286, 5.60525724236493, 5.628041131132406, 9.679099048030439, 5.584012196539133, 5.5451273983962865, 5.581077987257035, 5.544997491261138, 5.596657208590474, 5.556427684115908, 5.596688452449646, 3.462606122114116, 3.0549158046747507, 2.9996445390865856, 2.4727493029802066, 3.6586530575410694, 2.451575143943209, 2.0284348577351454, 3.1175358824771173, 4.240780516779077, 6.333831570992324, 10.419002027532539, 32.98888460768244, 36.6169710901892, 39.592566105622595, 41.29188798331477, 42.66183834063467, 44.075508088122945], [0.11614666291624495, 0.11614666291624495, 15.203236133897201, 14.752545930795321, 18.138805946900547, 15.981586763143431, 22.061849521855063, 43.57177179785365, 44.40071827598531, 44.46901194770795, 44.5414382906873, 44.55653726783503, 44.56625299685578, 212.45509300544052, 31.287847708319315, 31.3038387706129, 32.48678333708898, 34.287690708027526, 100.39066105904433, 100.43094925976585, 97.95533565263224, 95.9252508563594, 94.03248169535681, 91.34438844426532, 87.32320170342491, 86.19312682040169, 82.61874377512638, 80.52007412583532, 75.33501232443213, 71.8224420965926, 66.87740071631103, 62.83571474779097, 59.054234576579056, 55.68339462540756, 53.21009213499293, 51.20350732115653, 49.34627308466739], [0.0, 0.0, 0.013389612664766725, 0.4198352819217317, 5.367305715899417, 9.231124934879448, 3.6746289008652355, 38.52716176549356, 7.085643342869255, 6.782774139542257, 6.551264807318579, 6.479800481846928, 6.402647666175919, 6.435978112542415, 6.397204380508897, 6.433133099483178, 6.3970616372706735, 6.448837605953975, 6.4085929954589, 6.448956173765321, 4.244595285473669, 3.444805373151972, 3.9623746208907895, 5.952360754850666, 10.639818512928965, 11.264106413946534, 15.1319623090096, 17.783298418743172, 23.423770126334535, 27.458276878286213, 32.78814406953866, 37.152274040062615, 40.87111616429932, 43.92522585072311, 45.6986392880256, 47.121011568800775, 48.58134549978303], [0.0, 0.0, 1.4839818479493962, 0.7109710062959591, 2.0477495962515606, 0.87073746763973, 2.9791105326579608, 36.157599095141244, 12.559444969096567, 12.421342928400964, 16.18892241731611, 16.205161496920915, 16.148881891734828, 16.185388916843213, 16.14176696766769, 16.18212034502734, 16.141922733677138, 16.182446160092084, 16.142380883019502, 16.182914224596754, 15.677837632726375, 15.351881475354386, 14.559208247451338, 13.40162657317071, 11.837928040462597, 10.37077077205048, 8.198315760891314, 7.223129074462444, 5.020361998007521, 4.915586894980951, 7.342111203943313, 10.22577342979813, 14.458355870086594, 18.3729078982427, 22.84957842320331, 26.204886344279917, 29.924882893092022], [0.11614666291624495, 0.11614666291624495, 15.203236133897201, 14.752545930795321, 18.138805946900547, 15.981586763143431, 64.67116862718541, 73.68052347785473, 67.654310321487, 67.44482538865782, 72.1523338600137, 79.44723809677555, 84.08861133134023, 77.76433085284927, 77.72570946805324, 77.76154130953476, 77.72570837173285, 77.77752617990633, 77.73723429431142, 77.77756498160176, 75.30507795163335, 73.28667839647783, 71.41081423203862, 68.75406712762994, 64.8306077202973, 63.69932752738219, 60.21609383227743, 58.21036685450398, 53.23486883639992, 49.927463753461375, 45.2988380945782, 41.576857511244626, 38.086141476485125, 34.93135713690077, 32.48544771658388, 30.46841962917598, 28.656830885625997], [0.00384832898443233, 43.728822671605435, 31.081858476069964, 30.067853233333036, 34.40600399501382, 6.824730505457133, 8.655079379119515, 36.97180296841242, 45.325530822432974, 46.17131987490455, 49.17018268680986, 46.67459387744174, 46.62875908895105, 52.60734328453112, 52.38902747673937, 55.390495513004836, 54.87398937844851, 57.82237127752158, 57.40333653531946, 59.45611486644494, 56.66640001255747, 55.599174001568414, 53.7092599590607, 50.774979897542444, 47.11161195677275, 45.86073809246171, 51.55496567468559, 50.45655031297156, 46.88291656915206, 44.66526305564562, 36.99788200536366, 26.421138801549144, 22.88373242106131, 21.023802216053877, 18.619578355815797, 19.851957259544047, 20.337813893587654], [0.0, 0.0, 0.015171104584501731, 0.41930087133959326, 2.145981630902584, 0.4739044165972131, 0.4599036890177444, 0.17539657138063938, 0.21087399238078433, 0.19429867821483496, 0.10732995493284402, 0.15592484225332884, 0.03980468272218278, 0.06410714043474444, 0.022611651845758807, 0.06746571205562249, 0.02244327496471288, 0.0835021271534488, 0.02377655828503388, 0.07162329218149883, 0.03073024369706648, 2.4348318882029543, 0.5723836668482666, 2.7085004442679232, 2.8985067704399547, 0.9124895759326352, 1.272566928213102, 0.37208505226760896, 1.842758641258152, 1.055127366951351, 1.7862110834448197, 4.102252646347669, 0.6685347889447442, 1.3035538797107382, 3.576659216821552, 1.3721306800165902, 3.544679877734863], [0.11614666291624495, 0.0, 0.17382241136814952, 30.070193801983663, 33.958651149547975, 32.75430420295178, 37.70388327382674, 4.328560574193715, 1.9251011801629596, 33.69885929387792, 3.27347405073464, 3.830134952103088, 2.7270761099561427, 2.6906435345995834, 3.433298968112196, 2.757087091679854, 1.631840774232477, 1.6190065557698454, 2.2623388043113266, 2.0680750016117404, 5.64005416750927, 4.472372482069582, 3.279800165423921, 2.8259545983419625, 3.4482062172511, 2.599388357140607, 3.76525033393335, 1.5002109748018249, 2.8034053093696896, 3.7005021834102285, 3.0604168066502657, 3.6943186674355375, 1.6760153266676352, 6.7225410901356195, 4.74539633605919, 6.1595853577275, 4.472563629640279]], "deft": [0.0, 0.0, 0.0, 0.0, 0.0, 0.0, 0.0, 0.0, 0.0, 0.0, 0.0, 0.0, 0.0, 0.0, 0.0, 0.0, 0.0, 0.0, 0.0, 0.0, 0.0, 0.0, 0.0, 0.0, 0.0, 0.0, 0.0, 0.0, 0.0, 0.0, 0.0, 0.0, 0.0, 0.0, 0.0, 0.0, 0.0],