{"initial_violation": [], "initial_duration": 34.65114235877991, "subsequent_violation": [[], [], [], [], [], [], [], [], []], "subsequent_comparison": [[0.0, 0.0, 7.987214942146797, 1.4276207418336413, 4.28430891291332, 0.1779397622452161, 11.023079584923547, 1.2551701000530406, 10.088622284445927, 10.576614270119325, 15.924652293085282, 5.656256820859919, 15.664765765645322, 6.955881159112005, 10.592051372824267, 6.570767353538652, 10.385618175484947, 7.508679888441468, 8.8992274558305, 6.185819535416506, 7.716234777768459, 6.729963182935137, 5.204519578040205, 1.0748716635357887, 5.155912452089596, 1.3985726905837808, 1.2773773531853714, 0.6599033391268253, 5.448149344178304, 1.7135595344154, 4.771959655493179, 1.506733274655815, 3.7601113492954457, 0.9447412543596945, 2.6508763372748603, 2.976061131406009, 0.8949156326237059, 2.213506454335158, 0.8612193491013659, 1.5385944292059344, 0.7322658655422367, 1.0492856157960238, 0.3479968917492521, 1.372927007054274, 0.13398964914678313, 0.9888433193439203, 0.07185098319658899, 0.6224155520091361], [0.0, 0.0, 7.612403425459011, 7.729461785529821, 7.905756211457314, 15.782065147496171, 20.25655385005311, 12.883170760114359, 24.208990847817525, 15.698763633266472, 13.504903379641846, 9.402175724281433, 16.024253545403468, 9.112405589438167, 13.334069215871, 8.794431491758855, 13.043737895436553, 4.5369402088958255, 9.08980550530649, 8.751627400208271, 7.607405990739194, 5.666563646893213, 4.787767438025746, 3.6543758427390753, 0.29652780669023215, 4.6126447272913635, 4.637020566177814, 0.5892700107842183, 1.6627623424814366, 1.7416756983522959, 1.358251128913219, 1.1158194708695905, 1.1443434139532105, 0.789679770346094, 0.9378589939677137, 0.7323807534428177, 0.8875426889389856, 0.3674296013088626, 0.8348204283577618, 0.14381821479511694, 0.7353293884429154, 0.28204415419015183, 0.29809976211342576, 0.04773161930361504, 0.21332454496141004, 0.5323800580961298, 0.11826996857597104, 0.37838421820910006], [5.4568369769916194e-05, 0.0, 7.652977329208078, 7.777245662683872, 7.597374473709952, 4.761964039761757, 0.07104355158652151, 26.06045199731261, 12.123574145710693, 18.54834504333218, 2.9852694889498377, 4.709133766994095, 2.149708971516197, 13.175896786003639, 1.1160690528302455, 11.558904571590148, 2.6521262809866726, 10.971861785633438, 4.651242390292483, 5.499263531339686, 4.313665335506536, 2.1379350344056007, 2.5953152411767477, 2.2404571609208426, 3.49098828518657, 3.4035882401876503, 3.900668072258534, 5.730400755637883, 4.930039493999786, 3.280479532975411, 4.591511900026157, 2.7525734700187896, 3.5902159117727006, 2.1154862685142275, 2.5760381752746566, 1.7778052348075217, 2.2598080173326927, 1.2710856101017225, 1.6802989453676545, 1.1001232813606752, 1.298495610625791, 0.8569108275231799, 1.3600351662194974, 1.0876512465812274, 1.0476131859514815, 0.6790117885315415, 0.7019082521880134, 0.9276762452446946], [0.0, 0.0, 15.284847134570207, 1.4374253246583504, 12.216456959129614, 20.330807778043532, 7.252420629991586, 18.244830892589828, 17.49308610660796, 15.288119435963353, 12.02120715047612, 14.117971814350039, 14.795480658872593, 10.78722469473782, 13.700026306859593, 8.484272691353016, 4.0399055093543055, 10.192484984375604, 9.811568830284104, 9.515978873315392, 8.124448397319535, 6.6333166466726174, 5.3425871042278885, 1.2652289252337319, 4.29018666451161, 4.092510181924346, 2.1992463811305387, 1.5639123428653205, 1.2111124018404629, 0.6045729183723819, 0.8454033474333007, 0.1556086223907082, 0.19499083897751038, 0.1423479891993818, 0.3620087814730983, 0.1660263124477171, 0.2803180988974548, 0.07541071980269749, 0.2824982780806744, 0.15476118721918905, 0.02405509258697449, 0.24842077277002395, 0.022136131647010025, 0.21899533145355946, 0.01982147421417283, 0.4397634197041326, 0.15957630544329424, 0.37062947397185536], [0.0, 0.0, 0.03308943138043873, 8.185822956525069, 0.2528500101432998, 4.93322976009344, 6.695750185866368, 0.2551968196653793, 0.5832094931763808, 4.993415894377812, 4.41492285119782, 0.2670763966570862, 5.112136605133527, 1.9357295755551795, 2.3763192285186543, 3.7471788793815834, 2.436092725539628, 1.5304331847848045, 4.975338374331019, 5.148406106024993, 5.647864578932835, 3.8959286276841407, 2.919297607283271, 1.1578651131756776, 2.0862182831859686, 1.708764796021937, 1.0620106059300596, 3.604740464964213, 2.786805843588215, 1.7906302960117935, 2.726736449037439, 1.393521938199062, 1.9711938297142546, 1.2992996744529026, 1.6162448249652663, 1.1615611113398607, 1.074283568447941, 1.0889339030901715, 0.8525523926019066, 0.7606046257173641, 0.8795166906985494, 1.1083340791401024, 0.650291010592703, 0.6139637280420143, 0.24269245296147837, 0.5924280829551408, 0.2536771779304895, 0.4056290641287603], [0.0, 0.0, 7.996514972355798, 8.001960265171, 3.5729908213771644, 3.144963075784022, 4.785369319671076, 25.33372925499517, 17.978277668921287, 17.179288796449207, 6.481380887090737, 16.231776722920888, 5.648745574616054, 12.102333448113205, 5.663687541832875, 11.995098418510949, 4.725616736103319, 12.851812622071762, 12.246452575423609, 5.745106517221992, 5.097127510976436, 3.866050555081768, 1.8600064463892996, 1.860588172809525, 3.4434325910267285, 0.49091712386195063, 0.15951465411746243, 5.322325289856458, 3.4201776712587955, 0.4055902191568335, 2.864223136690307, 0.8072896626712371, 2.7049583014731047, 0.8216635065331037, 1.9986876143404915, 0.36430683353884924, 1.2454544118010853, 0.13570968170333178, 0.870150388417975, 0.5081811811429888, 0.6192916795800327, 0.42196230820177544, 0.5938284667866048, 0.31283546463873885, 0.23585442258232256, 0.44466672537313556, 0.15004874188972026, 0.4216614125831174], [0.0, 0.0, 15.242432008127901, 7.847429842052247, 8.207669559679571, 4.718446527652206, 4.715893829161084, 24.82572157436465, 8.30798269213343, 15.583194640991138, 7.253808463638813, 12.335866148031638, 16.086899023989467, 1.3838234929495472, 13.4248503533617, 0.46663607294448234, 11.417944880914291, 1.4888115073801593, 10.722184838090921, 10.52656956254688, 9.756120063735086, 7.633714972388408, 6.795418110699325, 4.644162159640984, 4.605942874226562, 4.686087080480112, 5.103557055202528, 3.2872983611079047, 0.46142416488391236, 4.199409405512878, 0.4819961624950508, 0.4424752032583576, 2.2712589553761724, 2.821705158805107, 1.8210259083960953, 2.0603118198945363, 1.1441023669717512, 0.6644967444307175, 0.8953362482599995, 0.2517625984629673, 0.7546398128021589, 0.13017580345763494, 0.8929382679722797, 0.6872196084614406, 0.15921824978285848, 0.5318686455683483, 0.35985206251934504, 0.5421344795638179], [0.0, 0.0, 7.9276789155476015, 7.7867773910570905, 3.8769844120664363, 5.089380365411161, 9.86297522980458, 25.789285956836906, 7.639836777747433, 21.631720782187337, 1.7120169420329103, 5.941659681025153, 3.918632017353746, 13.65774849804091, 6.052269949711311, 9.498219585825751, 6.561708490590632, 9.811120835970035, 8.225546335463793, 8.111181334858678, 9.533632156398843, 6.867388828346868, 0.9703424365455335, 1.0664653061581633, 5.957474611195632, 2.289351864654256, 2.4981700884060083, 2.2014826199031083, 6.599559993148183, 4.7932546760206645, 2.7274780537356653, 4.202423055692734, 2.890975356752758, 3.9301407186093096, 2.4002490753129813, 3.286537444198867, 1.9414176879867555, 2.735547823126304, 1.8937772872111434, 0.9651477192762368, 1.8200210486140258, 1.4919234600179554, 1.2942451865594224, 1.4260295757532704, 0.840986353348105, 1.2618785348092558, 1.2366584222055195, 1.3550611577121752], [0.0, 0.0, 0.10548350177185288, 23.27134516398638, 7.455180495448803, 24.13055364039598, 12.489498294882665, 6.122032229084261, 10.479261800471487, 2.805812231537832, 11.735298816747626, 2.176943258268807, 9.899883330928693, 13.062214658727148, 4.015542784812044, 9.417246990433425, 5.485203089954233, 1.1038858032321819, 6.0327720019834565, 1.0978544407310642, 3.7698771094911185, 3.906327851026764, 4.3035364506185525, 4.694390360834113, 1.6547180340274898, 1.5410739214686326, 