{"initial_violation": [], "initial_duration": 34.42923021316528, "subsequent_violation": [[], [], [], [], [], [], [], [], []], "subsequent_comparison": [[0.0, 0.0, 12.495963021828505, 0.3301874280265796, 7.597852256039205, 19.264177910347193, 18.576464024105764, 8.610962145063457, 11.145589245159224, 14.86463124819487, 13.367502816770797, 11.511104783194265, 11.153338397547724, 13.962003487409573, 9.995151133728903, 13.032712206666714, 6.923444410746297, 12.92625744559733, 6.782417150291512, 10.785488399865455, 6.376408292018543, 9.401769790616118, 6.324050447288461, 7.18456045051108, 5.657736569167791, 6.973339427259557, 3.7579458127624417, 7.591335495887845, 3.443993656912834, 5.952154662062064, 1.690874837744284, 4.976460665949363, 1.1144606785689053, 4.3891655059386, 0.7719651304019055, 3.2087776490738738, 1.0324155434954594, 2.62314365122046, 0.709232414217799, 1.7992965116620605, 0.7082712834197908, 1.2556351426883343, 0.4803068193345286, 0.9275199613742551, 0.6991946720006821, 0.8306142901944834, 0.6184960177820077, 0.46237972070502426, 0.5804094326275729, 0.42516979637677316, 0.4554639327821009, 0.06984307559571866, 0.33851213119965723, 0.0712897252979508, 0.26636055953160254, 0.16703215687839207], [0.0, 0.0, 15.501473736920396, 12.065879702726415, 13.413323625970676, 22.427269880773085, 26.185073619063292, 9.53209568022186, 15.222993946642424, 10.672513271313193, 2.7903901629530905, 0.39054638014764526, 3.344634469176955, 0.17494544280215077, 3.074069630687807, 8.362517088165987, 13.437448598457694, 0.43098664636225514, 1.6607835835003808, 1.1790418545144115, 1.4906835940945484, 3.1259818434270037, 1.6394101460763295, 1.6286907668710986, 1.0244630518513473, 1.2517389624583428, 1.71144002560579, 0.7522658293992747, 1.7883431768495528, 3.5937674355302254, 4.380134035971043, 2.599740197445949, 2.8159730271266032, 2.713275396006193, 1.8572262998815732, 2.0546923470092318, 1.765542223792077, 0.9846036160268773, 0.9209481683924694, 0.6769635293948262, 0.7194940480125859, 0.7648769224597873, 0.666900377247243, 0.27767077467651985, 0.49671676808361975, 0.4553805317219466, 0.14686848236539937, 0.38739088296187907, 0.26702830704457925, 0.40005841249328794, 0.11178375362589522, 0.4253774257494896, 0.2633877484829289, 0.37449387147843344, 0.13400987790462088, 0.11958817344451109], [0.0, 0.0, 8.044859040512689, 7.9139219879211025, 4.017202341577811, 15.673491080679751, 19.278711949890194, 9.034689310078576, 17.844314340103168, 11.31659687984831, 6.3162259914796195, 1.1193204709370737, 7.732459440154058, 0.4515966205444783, 15.507997860942284, 13.467005526430677, 10.880942630722348, 12.372495948975693, 10.292726575124428, 9.418707420591248, 9.680190695135746, 8.14284519157693, 7.468709888911336, 6.810487390389439, 5.573502600841933, 5.828367347453796, 3.4268548876245926, 6.661039931646463, 2.956652420722754, 5.922747066017397, 1.3923443756473297, 4.887763497006564, 1.0741593856520184, 4.216632306834254, 0.7077925606516151, 3.3393829664861476, 1.043598631416701, 2.648150806085606, 0.8111900262564397, 1.781791537512569, 1.0333899713278167, 1.1989419280078026, 0.6413606783774862, 0.7317163867901502, 0.8356528503181667, 0.40526176121845753, 0.7034472538561147, 0.22353950195818417, 0.7152634807720917, 0.35516395560071196, 0.5866377293173971, 0.4147978327653115, 0.4019175848904429, 0.3985466798517712, 0.33743909026158414, 0.10176444161634747], [0.0, 0.0, 0.057565790963432055, 8.064193579197127, 0.3985569816639936, 8.102348097298169, 0.04919335026098897, 2.8903256212822335, 1.1219363756188043, 5.4833436812765655, 2.1667528900389885, 3.5100546273380195, 2.2296225338676647, 5.493079422306099, 9.748000520610594, 8.970813381052814, 4.2382986911997795, 3.555636220218616, 1.5254643310319858, 2.8874364986975802, 1.9556315945441323, 2.0072955945437476, 0.35637593768930625, 1.788304934461017, 1.0838884266659408, 1.3695907092412845, 0.949616952265202, 1.256250378418824, 0.6117571249160465, 2.137039700356617, 0.16335771686940054, 1.2579747531550922, 0.30280923628825873, 1.6563728750448816, 0.5505385463263565, 0.9691463230125523, 0.24236884866904407, 1.2175080753510157, 0.13783828517940874, 0.9542362709115538, 0.4157875095380191, 1.0506927294773922, 0.7365787687915395, 0.9392358234066019, 0.18853545387611945, 0.9330410480420602, 0.12173151101910146, 0.5401733517837927, 0.05618432957390705, 0.4714653596895141, 0.027370332088965645, 0.40910594774927467, 0.05426715792669258, 0.35231750596929323, 0.02001789369547738, 0.06816063431927064], [0.0, 0.0, 12.65330056200798, 8.168165585597494, 7.597748326738862, 8.329201987132443, 4.0869685625868835, 4.043204934431023, 12.902798943923697, 5.360875119869499, 13.204276215781993, 6.254855446978308, 10.749535746323522, 8.10517713834568, 8.379140442287058, 10.029891808884605, 5.707474499962736, 8.509160000889564, 6.723719905584464, 8.105476843754717, 6.087761134752881, 6.266229760585872, 5.9115960205979725, 4.193523432976153, 5.272567588474202, 1.6568577866191556, 1.4294992057637796, 1.0645722799176962, 1.612092592936566, 1.5704267687307778, 1.393300653598342, 0.4408222904747759, 1.2113644680376217, 0.3373141244351021, 1.306929467669468, 3.0572528366944294, 1.1536015536411985, 2.6836818732739682, 1.136032781717394, 1.825992311101303, 0.6540979991853503, 1.2712793314819026, 0.6388550102319991, 0.1853491633143462, 0.5523512871900537, 0.18417644683926743, 0.15438198072262008, 0.6774030425691955, 0.23355691003669068, 0.6319809129975131, 0.4237125387691817, 0.41485683366144105, 0.08036980826696882, 0.4232536824471255, 0.016206735711766288, 0.09416448391450867], [8.820501875815036e-06, 0.0, 12.45128651013428, 0.13018172176775902, 0.28899003494707687, 5.008007561094498, 0.4374239075621146, 3.8324245512803405, 3.356934528606521, 9.021724604747678, 1.4032831003887034, 0.7781483008230176, 0.38274958504027407, 0.3437874210543835, 1.0732260256951933, 0.2599559277022908, 2.5944967008479676, 10.268925250826344, 6.493084871456775, 7.240053373012063, 6.765876214473985, 5.508775034807141, 1.6325465512042057, 0.26846551639860294, 0.5414920535054454, 0.48743378720665875, 0.4457427944822689, 6.931525001957308, 2.896514904202889, 5.779579277633326, 1.8338756201638327, 4.073365543109728, 1.6723108020182034, 3.254315261654669, 1.482900246997051, 2.0126481767636335, 0.9112071038361416, 0.8482175214652269, 0.407165707983689, 0.48078222033811996, 0.1428321379832726, 0.1909211457640865, 0.57789533075867, 0.8708596621844658, 0.8462349114556889, 0.2036240772470802, 1.128374151472402, 0.27443498111143516, 0.34737690774526603, 0.12718907571929644, 0.42145868748677434, 0.15666993161486692, 0.3215617725445275, 0.16433957623320636, 0.17446430021378437, 0.38310471931070283], [0.0, 0.0, 7.141318706049366, 11.939980498408048, 18.411706539584372, 22.457411755585177, 11.993580820166077, 10.46050986697909, 11.053873761864795, 15.142111049943733, 9.59349821677626, 14.620920765633706, 7.819900522040183, 14.286207986302674, 8.054008799371466, 12.972535502955571, 0.4715229944661395, 1.8286940991454004, 0.2378775223523352, 10.66399215558906, 6.467324236190611, 9.093033062841588, 5.160182826213394, 8.15251084693991, 4.806345949332418, 6.9003120830469085, 3.4826520960950655, 7.875691735914544, 3.005237137435296, 6.280017290738582, 1.6615379166612108, 4.850983494331931, 1.0753751826770985, 0.1420520804226603, 1.1603467513302417, 0.7288089478687964, 0.5955633707048898, 2.4411423120377727, 0.7323419988228582, 0.08175543599075459, 0.45147175512077337, 0.11647001386429688, 1.2159555542230882, 0.14371628843807352, 0.2055725887728434, 0.11561652453275006, 0.36814597623427414, 0.08900443767847285, 0.3730313654485147, 0.03898449532447418, 0.43513137208091596, 0.014175625166385748, 0.33513026137815055, 0.017623840450250446, 0.10447754517985508, 0.012409377713081664], [0.0031358951195891898, 0.0, 7.746189451834956, 8.183300655694916, 12.914404530760983, 15.324949114019738, 23.04938167978521, 10.308611890450088, 10.762425482799038, 14.508853181902639, 13.902591468661521, 10.795474468160055, 