{"initial_violation": ["destination"], "initial_duration": 34.44137954711914, "subsequent_violation": [["destination"], ["destination"], ["destination"], ["destination"], ["destination"], ["destination"], ["destination"], ["destination"], ["destination"]], "subsequent_comparison": [[0.0, 0.0, 0.3194101405747111, 1.0258332376633448, 1.7877385525278036, 1.9940290125167908, 7.637690818824257, 1.5290299843692727, 2.156748224212262, 2.232363667983503, 2.1195027700829856, 1.5615450410072629, 1.3732280283498939, 1.630039225488719, 0.8992983560369481, 3.903506672942015, 0.8258096162533719, 1.1940911694892613, 0.43737063673492393, 0.42719789712169964, 0.2749812012960144, 0.36739032017729056, 0.11378660632793486, 0.4881846101399641, 0.10986756123213658, 0.4689351328038958, 0.05699811288862728, 0.4631439615691315, 0.02265990964896927, 0.19202318403851523, 0.007961896850486946, 0.1330688782785082, 0.03236282151849078, 8.119709494296504, 0.005763811571976677, 0.5339575008569012, 0.03004840250709481, 0.06213594500654908, 0.03254614380939997, 0.7071703440030718, 0.3594070658904692, 0.6055987239913213, 0.310632571295307, 0.37358788945561505, 0.12612409071485456, 0.37535091542856425, 0.23181180422977732, 0.3713970787459821, 0.022004828125938077, 0.195756991010495, 0.10553376736472879, 0.8295052477068465], [0.0, 0.0, 1.4058237725667844, 0.8482063300925267, 2.481485940199066, 1.263683995075914, 1.3802887803583768, 1.3386746507883764, 1.0998388426971772, 1.033249246893553, 0.6103587247817567, 0.7763251085283622, 1.1384422917665187, 1.9120309242148101, 0.6619966636444546, 1.4897668382021654, 0.6548980150361767, 2.943470391069975, 0.5032737526078717, 1.1273231307388443, 0.3275422376130348, 0.7883512772769722, 0.16002029227406905, 0.7936739782012519, 0.29564880484407563, 0.5725677944354504, 0.1535150530759494, 0.5957095398672905, 0.12203382416926173, 0.3048400592192696, 0.09577280477337678, 0.21997173318029423, 0.04833977860278923, 0.15377939627397466, 8.094013060317577, 2.0588932366864037, 1.2110950251467194, 0.2762972703101375, 0.9828378549044507, 0.6064941114927219, 0.1657529700932457, 0.5353052116943893, 0.8641291729659186, 0.7103314113375029, 1.3930244722661405, 1.1884772969911992, 1.0982948908115704, 0.7550056356076983, 1.1424667668461972, 0.22522057660281955, 0.7130134589776946, 0.04563795530102851], [0.0, 0.0, 0.2766734176614515, 0.3034102803905701, 0.05610850893305228, 0.8918897908968684, 1.3335865883482712, 1.215907962674551, 0.7719874910817703, 1.0034639199512227, 0.8213395332471273, 0.6113415512035273, 0.2856894131441592, 1.085439227968719, 0.6049434324811036, 0.8208660789928988, 0.328088519301077, 0.6666361795802574, 0.46840913740236506, 0.29863917677587476, 0.4144041212828081, 1.7529212315773028, 0.928931684169169, 1.2819225937344803, 0.7129495606938795, 0.8648233309082081, 0.715112511239832, 0.6814908436614783, 0.3515808381164417, 0.35850049316957566, 0.2789298472518776, 0.26134433095823717, 0.20776719995700493, 0.17663392087911037, 8.111253589321217, 2.032654032579794, 0.7153263559175145, 0.33494868098152847, 0.9719333593851203, 0.8038437007602902, 0.3661559203942982, 0.7498968568465225, 0.19013124611062368, 0.9367461110006178, 0.40131705269494733, 1.2027861109212994, 0.04489782296507771, 0.6341808033277909, 1.1028551462594784, 0.3023501060981188, 0.8030687944728004, 0.2752648748560635], [0.0, 0.0, 0.268666663924242, 0.511352811855802, 1.5729381580231605, 1.3071060196002835, 1.669297427388115, 1.2870139841207062, 1.6349688496273946, 1.3807079721437272, 1.3158446148899368, 0.653094144281958, 1.337599182015448, 1.0627448482007875, 0.829930997709336, 0.8749040674367912, 0.7666973360394529, 0.9016653304072436, 0.40457880034728094, 0.48330313047901474, 0.3196445245838918, 0.24179395044699936, 0.45032788183856365, 0.45165460778965344, 0.4588647029374914, 0.3126669265592115, 0.6352905292202322, 0.6803646630452137, 0.13765990629195007, 0.22867218221628222, 0.10038074973130645, 0.18376465227698485, 8.109814297237353, 9.703712808194718, 2.1036880472458503, 1.082617322884763, 0.36624521986759967, 1.0301975965939425, 0.6893349355795771, 1.0556360811596492, 0.6924273640648593, 0.7796264066933012, 0.9770325407935544, 1.1071682855611984, 1.4112722930412565, 0.9638415320179775, 0.6425097795733479, 0.8763374836847659, 0.28404581484130365, 0.9562889945663259, 0.8322012029390716, 0.6823932605418589], [2.0567052438294713e-07, 0.0, 0.3086404102035258, 0.18700376354908, 1.107938047547877, 0.5729048428194145, 1.2293197757392682, 1.2736199804075465, 1.8010029536320271, 1.6086527550617449, 1.3028176288610385, 1.4846655723421107, 1.200960668743398, 4.512309475335405, 4.999544295037775, 3.9634722327847998, 3.754626965230107, 3.202706871033928, 0.4940562385803264, 2.073506037003575, 1.9471195945243343, 1.4414493480988908, 1.2364531685872342, 1.1285011553149007, 0.7882917933642097, 0.7419729890622732, 0.4812472738524479, 0.5381167529089578, 0.07853899724359605, 0.2247718264138822, 0.05326209304017092, 0.1619048484641504, 0.03815240138765681, 0.12432511103991205, 0.06121763544097316, 2.066105053700862, 0.1517487358936534, 0.31553571255223295, 0.3854424639865533, 0.6351413711275343, 0.23962185922244303, 0.7318009519436973, 0.1742633881596787, 0.7704174085913615, 0.0775748983319042, 1.2041671054508032, 0.3092056259360091, 0.7690741851934149, 0.2291552526826069, 0.36535676158280983, 0.19284985340565725, 0.5247514628403319], [0.0, 0.0, 1.0963242520041139, 0.9123276362223133, 2.308940526137981, 1.295408072678453, 1.85805300870839, 1.3243366452244623, 1.8264559491676275, 0.5286259779810414, 1.8719588724318255, 0.6670983034052024, 1.3024508406241078, 0.8674247067635552, 0.3615627054946858, 0.3827515709608819, 0.3734090186303468, 0.10644386510554465, 0.19453539145317197, 0.41144713890177415, 0.16437823927067768, 0.4583061796276859, 0.10950301517829257, 0.2499801384921776, 0.16021715778974577, 0.0452409407313335, 0.5178536520662862, 0.6619025609620693, 0.3108972024298416, 0.3040384176918063, 0.20879672843424785, 0.20403796908342287, 0.013506559108657744, 9.653139550122622, 0.007206507690172051, 1.1369646901246735, 0.14045308888013291, 0.7314026802731379, 0.3847803905675725, 0.05342935623017714, 0.7178677185418916, 0.14754795000573237, 0.8963822384030241, 0.34165174057117037, 0.6244966882553281, 0.8410194071409152, 0.14929598927997126, 0.6690912491534207, 0.2659975434673877, 1.0106066425775502, 0.31471282627507696, 0.7192844376433166], [0.0, 0.0, 1.0330988314412723, 0.0744851232936455, 0.883760824431264, 0.08181303966391582, 0.3707890747329886, 1.5814222442182202, 0.16212195269222895, 1.2640831095187388, 0.06977877803255426, 0.6698850175630215, 0.322834991915482, 1.0552093646960863, 0.1311321071115593, 1.227604154931414, 0.06588765976484912, 1.0463994773584462, 0.2207193956656216, 0.6135551344137492, 0.0706969652650905, 0.465581907296253, 0.07257882117409598, 0.5059669173989514, 0.18110754485208166, 0.28163830516496036, 0.03940546790318498, 0.4725865854079335, 0.021645318799435893, 0.17555956504643755, 0.008640630875981247, 0.1679335821537307, 0.005241681350371684, 0.13120985159298243, 0.003132975569012207, 2.0607488943557986, 0.044151732129167995, 0.23816594955464354, 0.052340476487600346, 0.5112759031434024, 0.22650575548176907, 0.5411021056515372, 0.2736037013972031, 0.34552217316683465, 0.7627430593443176, 0.06622703418301149, 1.4195391006522755, 0.2091090540240899, 0.11910632676567667, 0.31550448476760723, 0.1899860733980688, 0.25923298995259647], [0.0, 0.0, 2.1938597455431754, 0.38690538279243347, 1.6043839441729264, 6.745179340573034, 6.416460315225588, 1.575710047399428, 0.7790170702496901, 0.8130017269743581, 1.5702102660269404, 6.602231336782287, 4.092320972979351, 4.976330017421129, 3.792574667189992, 3.659498802994066, 0.07333500050933914, 1.1422254612959555, 0.531005673923954, 0.07280405208091878, 1.4423328548503669, 1.4950509391775733, 1.2574943209263103, 1.0801915701188007, 0.9795842462052458, 0.7368442665372198, 0.12193542605171374, 0.16864238546450694, 0.07946558087815704, 