{"initial_violation": [], "initial_duration": 34.49022173881531, "subsequent_violation": [[], [], [], [], [], [], [], [], []], "subsequent_comparison": [[0.0, 0.0, 7.794861990445236, 6.74921672420989, 11.174472688060389, 0.226356455758988, 0.2919696294494536, 17.731506594565133, 17.200247735991717, 17.378631177544378, 21.367674212686353, 22.834030969943324, 21.66700883606597, 17.515200928399008, 28.052050317402816, 23.09071630624746, 21.487040987631524, 22.91522890767296, 20.310730794546867, 21.221011680922167, 15.083516608817247, 8.761858659697133, 12.558775999513696, 10.505483470874513, 9.663594848423429, 8.750140443270608, 7.002456203865234, 6.138095102266628, 9.218902965143702, 4.5466548912153595, 3.436892048067919, 4.378402590895249, 3.2787870935956054, 4.426156407711437, 2.1600413441415958, 3.2656850829672255, 1.7830901616849661, 2.2506111218915326, 3.9503554432079935, 1.604532035684341, 2.969350996567329, 1.1388747070342864, 2.366923979523883, 0.8428764815110636, 1.8043001808477857, 0.5399521590671368, 1.2770929187605309], [0.0, 0.0, 7.49832362902528, 0.1656771233065604, 12.758741181325393, 2.7587458298941985, 4.562789503236044, 28.558743680420708, 19.425186195086418, 14.671722978651255, 2.308311146026681, 2.0763458622249154, 4.164838960193152, 4.615182968964692, 2.7583774962963252, 1.4820434102926938, 1.5771002352090395, 14.035401060979456, 1.4804731190929705, 2.4979164040675053, 1.100187874532948, 3.8117283628131546, 1.9271039599318445, 1.936960217703784, 2.4196727094109964, 2.334824804326794, 2.545329570244317, 3.241903771557102, 2.431733755809989, 3.9111037199956993, 2.7388091522948566, 4.636103167534926, 2.641637682767195, 4.477081954116039, 2.2266296554185727, 3.4836080168718353, 1.6883511214185771, 2.501365719883631, 1.6434954338551053, 2.1624672954315987, 1.222026283975159, 1.9378421220675583, 1.3546238333430933, 0.37376632312861285, 1.614047750750903, 0.048357748020485244, 0.9751491103355455], [0.0, 0.0, 7.618084893989903, 6.128724343460623, 12.90680003334242, 3.6207011171648107, 4.583610545613733, 29.573476237543677, 18.633619614336233, 3.1841505485782657, 7.048359342329796, 39.43603619719473, 1.068840639848991, 31.589811002285455, 31.65193772218839, 32.82089504012266, 29.78421869294399, 27.88057352066306, 30.686056606392075, 25.483411493521015, 3.7022319885299293, 7.722594489137835, 7.079975237328893, 6.3714714861264, 5.000485486576842, 4.7147985982232665, 3.8345321079142285, 3.1943087517475623, 4.087293864122914, 2.862563407444274, 3.3937832415715437, 3.3559070332061016, 2.0745874784459377, 1.5665453382967165, 1.3666176609640004, 1.5651522169113463, 0.8404339142873386, 1.5573492508504287, 0.3418597569423266, 0.8910830431915172, 0.39799497547342494, 1.039574492484968, 0.8469831571121912, 0.8066366504796887, 0.7612366020854914, 0.894211070260935, 0.39931617229691696], [0.0, 0.0, 7.711909443726111, 0.12388746466804831, 13.070558544419818, 0.2902173613560437, 4.763851990875876, 29.461498434759342, 16.55065882195928, 18.156964815482652, 15.905236297747184, 35.18143575781139, 17.66549025283499, 22.55292692988024, 19.373596184588553, 27.35751035177893, 14.529714180059262, 22.544047533841468, 15.765771473294977, 19.56795345640706, 11.541798765755113, 7.734665263013667, 7.728445996778213, 6.998299381014083, 7.183858443325981, 7.186730711075079, 6.824102483447449, 4.799856500243983, 4.385142920697787, 3.58501801713575, 3.842724298585175, 4.496950543763001, 3.5257780398783196, 4.774486314438461, 2.175871181063627, 3.135056695583026, 1.7723765194198733, 2.5692749712682708, 1.3552149283359378, 2.19273159403419, 1.113193628743251, 2.1387731857133074, 1.079681534745182, 1.7340661805290696, 1.2186622183712357, 1.3366781414975573, 0.8435872626357066], [0.004744597965449893, 0.0, 7.796781085785861, 0.14494108195474814, 13.103966853781245, 0.13563508974403307, 4.500192484262908, 0.12124369267263344, 5.058749185428923, 0.2713774296142464, 19.415462029711982, 1.545641018497002, 21.292646680213167, 8.951726509098727, 29.912594011065757, 9.515171756432387, 10.133921035005743, 2.4453080646977274, 10.969325672001071, 3.0424078340531553, 6.950547390593559, 10.278552650308317, 9.221998712626885, 9.067571300936997, 8.943010785992454, 6.384195448497241, 7.8682307246046115, 6.765459136759531, 6.7982825983515855, 5.579318273042904, 7.094561960722761, 5.504814784016836, 8.472146720104563, 6.192106078946285, 4.0881209888977335, 5.856597157218022, 4.8368758305188075, 2.6170312297151037, 4.827594109804342, 2.1980678437203456, 4.585992757197043, 2.0591510882830364, 1.6502224799534078, 3.2131104920173397, 1.4362082194880108, 2.576700539835687, 2.2878477005360347], [0.0, 0.0, 7.835204283797409, 0.45403519019336286, 13.033125053419026, 0.5452240086804377, 4.710301948127116, 1.2321708364240167, 1.4211612913327591, 2.9373486917347877, 6.727130994149325, 1.1444054131947592, 7.998273699091846, 15.517300767763551, 10.021216286748968, 1.8977291291793876, 5.046668388653618, 2.8300216025690927, 6.836169671365977, 2.5115022993665796, 2.51812982885597, 5.390511087584648, 1.5948987958996645, 1.6213397261957254, 0.9474370922866832, 1.2062586595486928, 2.04795453558962, 1.599666029805402, 1.932240435279042, 0.787448114005385, 0.79119965883673, 0.9540034777463214, 0.43882997711036864, 0.806377902909263, 0.17485518366605268, 1.2838588908346702, 0.08381953355880085, 1.718909052429486, 0.339488751044833, 0.6011513084701198, 0.14931860616820902, 0.4303651256913584, 0.267697129567715, 0.03950583979939501, 0.1503893669895987, 0.21466458087084792, 0.34736372608656363], [0.0, 0.0, 7.775546293098254, 6.54169378212923, 7.730275436870883, 4.519771520686255, 1.2089177625709087, 11.337110779145684, 22.61243490538509, 7.081647753626177, 23.590307200602272, 14.45166649246464, 11.162170488411887, 4.386261652224733, 10.488549667120642, 2.460011843117233, 6.9899308295702385, 1.8663750547460756, 4.310521629482544, 1.1109005114408825, 0.4065842496772104, 17.142429615448624, 2.950761980294341, 0.32741734700229747, 3.5876589095261107, 1.6889557721350978, 0.33136329273490833, 1.1150134310796926, 1.3904876368251908, 1.2498295591724482, 1.2302595080203114, 0.5463141593408347, 0.33782192511305303, 0.3071021456403699, 0.6187032724629713, 0.44139096157913726, 0.4368305967712152, 0.7809150720812897, 0.5562932504175466, 0.5369253502644356, 0.21040604265551052, 0.45512481273140765, 0.1967823162246353, 0.5319066014949622, 0.04319367711617167, 0.7445040236322756, 0.04005971901751762], [0.0, 0.0, 7.7103980599242075, 0.07627943931502507, 6.82438605025828, 8.075290466957156, 20.04260377157261, 15.607766346171223, 21.333284895531875, 17.992772289704543, 19.246041563107866, 23.151263097447668, 18.35975236164112, 17.74019261712392, 16.58985244209726, 22.742178999322626, 16.97426787108818, 21.58854708938477, 16.240575686988706, 17.539552453237807, 12.188323472124035, 13.705481322643458, 3.206258287930345, 0.46357239399208533, 3.3637514577973677, 1.2721228900542605, 3.9180918429643987, 1.125942605163242, 1.0304098185200103, 1.705571055811982, 1.2306778920827595, 1.296801968265337, 1.9369600330021233, 0.37105243981219305, 0.5661183129537656, 0.4468490665374509, 0.6057577436731085, 1.0991826712460864, 0.6325988574026009, 0.6564611380309293, 0.3799980202167125, 0.7153579904650451, 0.4783213706165695, 0.5139071961673463, 0.28692846668690375, 0.25142683516842323, 0.24665991248171842], [0.0, 0.0, 0.9260407800789916, 6.655939863933179, 7.963487908090639, 0.33453637905686984, 0.8151817611162759, 18.372052807776303, 1.0661034702637413, 14.179292797630273, 4.262032368803509, 20.336865145758356, 19.219286939516397, 14.412313623942646, 17.684611841188715, 19.943879748095995, 15.140865924376845, 18.1097407057292, 14.023614697058347, 16.616815945382697, 6.99899526220559, 3.778373286634636, 0.8478671808684257, 2.196721720870661, 2.193560309600863, 2.7932624409985283, 2.403137742689516, 2.9964428425418013, 0.14171690392449707, 1.1488930180389694, 0.5949923233673049, 1.3289707632581493, 0.7025723003761212, 0.9669638531324726, 