{"initial_violation": [], "initial_duration": 34.78961682319641, "subsequent_violation": [[], [], [], [], [], [], [], [], []], "subsequent_comparison": [[0.0, 0.0, 4.9924624957895585, 1.0786816615908226, 7.941459451460686, 3.2438449532431877, 15.772819010219347, 0.9019550863804443, 0.40897853567409825, 18.369678985514874, 0.24701833798180794, 3.326922078261807, 5.413935434903082, 1.828559612373786, 4.495205089658167, 2.637921740998822, 2.5262362644629137, 14.528266587508597, 4.487275661633433, 11.980075184560087, 6.553170500940521, 9.039238949721035, 4.017273337537358, 2.5471213724935176, 2.1327417337949908, 1.060536204170822, 1.1061913835740165, 5.4464143585058125, 3.551483353015399, 1.4656575348857208, 0.18899930082103902, 0.06546733584958207, 2.1851332948859756, 0.5766546535778182, 0.20512113399334242, 1.277022333371245, 0.9669536159247182, 0.04354501623668381, 0.0572929073857305, 0.24068270302151173, 0.7641322474547143, 0.1504772316446414, 0.10076859682640843, 0.09919920384154056, 0.24626170796901825, 0.14677003995365645, 0.37983343130001823, 0.36248756250020236, 0.32588892060536573, 0.32107183841571063], [0.0, 0.0, 0.18869265755998826, 0.9135540210636859, 18.723409252324338, 18.795947684707365, 12.703006404589352, 16.334303718396672, 15.199041221974115, 12.268006869816658, 12.881025262562918, 11.981495299935458, 10.602562115404336, 11.912405521144832, 8.661450801379004, 12.444866345565089, 9.915910142297234, 9.389333943419901, 5.993161858030953, 8.181893162153992, 7.4578341734138345, 8.789300271491774, 4.398816546060468, 6.523598486404301, 2.802238642465942, 5.344441728400351, 2.099800082591209, 4.734314465977895, 1.527371051361883, 3.784491600922653, 1.2170318355093437, 3.411846996359765, 1.1161907166274905, 2.221955290429027, 1.2830181110320704, 1.6302762894808356, 0.90792060603056, 0.9543832332441515, 0.8689537423061242, 0.844391052867888, 0.9241804366639178, 0.6042520478523976, 0.3118882709650879, 0.19699579222920335, 0.23845290141124373, 0.4413668000453802, 0.3612924031159981, 0.05368649092126705, 0.01647658185065464, 0.06427390166951569], [0.0, 0.0, 3.2490679216060636, 7.895298156796028, 22.751383022777638, 28.308642412965515, 8.914497148737835, 21.953651972607833, 12.987836332314604, 18.34802025286389, 11.229679098736035, 18.32622575174859, 6.831808379086098, 18.266788483144968, 5.150647859366018, 16.615602119166216, 5.470277073599491, 14.872218488697976, 3.824820288431123, 11.716392204630836, 4.72648546423043, 11.725729508225793, 0.8768809286357422, 1.268315003896892, 0.9829474312818964, 0.5832196452302857, 0.9508481359046217, 0.47963334948657194, 0.20128124846722875, 0.6238271066905607, 0.04538963580855611, 0.11572372538735652, 0.13094318632715385, 0.09279026103223917, 0.39059739076669353, 1.5745652759851363, 0.6505604066558341, 1.0195512832439404, 0.9167584976990096, 0.5918772182110051, 0.6643129170818547, 0.39603695595172844, 0.21395515831875037, 0.10488587529533229, 0.21407378509362615, 0.019893566907418912, 0.41992939479404345, 0.012612793518661573, 0.18345382297526788, 0.22925078742352906], [0.0, 0.0, 0.36889730103570806, 1.3928889484211613, 11.410467114071439, 3.108325319554033, 15.430705411142805, 1.8991186325959153, 3.975217512329492, 1.109870220675843, 3.278744701278548, 2.186852661093987, 7.012910509482737, 3.634559813554295, 6.836934152106184, 3.764747548886716, 6.220818852480182, 3.628806347377532, 5.740048661273187, 4.240712594797595, 4.775345524965308, 5.004531286296864, 6.296248213168177, 5.837195894662721, 4.180456904881279, 4.993280550200308, 3.5245836725678297, 4.43626463234764, 2.667275336865321, 3.8993005213663823, 1.9597104922432196, 3.565778091148791, 1.5535748351254022, 2.303130426700426, 1.0900216894270434, 1.5141776610630484, 1.0990878326972027, 0.960743386131057, 0.8810560924749308, 0.6293384492554686, 0.5631264387310742, 0.4992675838192956, 0.19295845006453008, 0.15551949461850204, 0.1321971489602368, 0.5178876220354306, 0.45689207698763773, 0.10611004560410274, 0.0637608765049403, 0.06024707111651661], [0.0, 0.0, 0.012918698693737959, 7.58965658694392, 13.746227345412848, 22.837073804083385, 12.099292031817455, 2.7808069049719135, 19.86023465159397, 6.8499668526520505, 16.47712828882363, 9.143966592250642, 11.072209443102743, 10.355848622750067, 5.833807273863471, 12.113466008718369, 5.857286263199023, 11.575739684295552, 3.8267760034881166, 10.54157814796799, 1.9429431534744919, 2.762320929516364, 1.1363156367918865, 1.3308699600912992, 1.0433030596520607, 2.4146455334561465, 1.637749250473543, 2.3772127340747535, 0.8397715074514038, 1.8822161651051597, 0.8821499017703472, 1.534546559639453, 0.35726854208515235, 0.9917843109695034, 0.08315231670496503, 0.7222589104772507, 0.09514058752945083, 0.2717415945195186, 0.2470540164832291, 0.8114735334608638, 0.420989198964109, 0.6656034058076247, 0.049903017537651397, 0.2674116246877441, 0.07528629469674755, 0.3844404729050575, 0.16798410053805127, 0.13709955233916338, 0.15948677629112398, 0.2073199039617562], [0.0, 0.0, 7.988262881185042, 1.4554678594795314, 18.336912341447643, 18.755363312647116, 12.626894715561443, 21.422400856042337, 7.297883079868297, 5.889676337657095, 3.4581442056582556, 3.087880322287259, 8.412773254615239, 1.3108290976137011, 9.385922547956095, 1.5153177210424034, 9.57388864946447, 2.2220333151031406, 8.21889888331566, 2.7789284972627457, 6.383987032761179, 5.032693260726411, 7.211669906622539, 7.643515725034507, 5.797523460354608, 7.05209482202545, 4.008013549396392, 5.996462671500707, 4.000396246245756, 4.594942008128976, 3.3287262407759526, 3.624250863905064, 2.581654839110312, 0.44543227567218874, 0.9415241291943949, 0.08981885276321505, 0.32451842527853886, 0.48052208391161483, 0.21955069938532207, 0.270206536508814, 0.7913671593673655, 0.6836289433047344, 0.2828259794579031, 0.2731812854028279, 0.26980191206580456, 0.40095998403912386, 0.16571691110889816, 0.21924506718538084, 0.2590776969520202, 0.3057285752506231], [0.0, 0.0, 0.3231258581466975, 0.8615135055454075, 18.760222491722757, 15.392244581837568, 12.95639021655853, 15.799604965277888, 15.197822968795315, 15.443860263474251, 11.826598851759927, 18.722932331844323, 2.8529454387871778, 4.34247116176547, 2.3029733867965945, 2.8333115272712504, 2.711010649197917, 2.306542495100984, 4.084603245792022, 1.9289702394169115, 3.004602901041188, 3.6303352851134694, 4.116200349244911, 1.8465184718925356, 2.9824361850462, 1.630888418629988, 2.427604423029399, 0.1570998941243171, 0.21314962993510775, 0.09137281297529287, 0.34775781187524063, 0.12200131552385288, 1.253489469669646, 1.9991988071699796, 1.2896015677773545, 1.096561947688776, 0.9413929420620838, 0.4598236266263104, 0.19060265765594478, 0.6310313398035747, 0.33357630854666337, 0.14585677391167182, 0.375397099765676, 0.113399450837723, 0.03219970563284872, 0.18176955516229956, 0.04876078270820007, 0.3931364505461495, 0.03639522764410207, 0.011799154623082767], [0.0, 0.0, 7.643829020574645, 1.1906284276124295, 18.52582636199064, 18.885432840480437, 13.025611903753575, 16.102543488077565, 25.6619013707306, 10.202725038607381, 16.74257793082913, 13.483989376812444, 11.992918997305706, 15.432813344484751, 9.418722136375067, 7.013665020292462, 2.5553474906222537, 4.353762074324254, 1.5965830439802176, 3.776211388460524, 1.3284752383133593, 2.178704944962141, 1.8989248606518871, 2.1390223047658874, 1.1600754174862755, 1.1718160007838094, 1.1818992270367963, 6.328572745226754, 3.621510329356878, 4.296468315675076, 3.2963247631126067, 3.106479167594643, 0.8794747339915053, 0.15780331166839606, 0.20316241652119899, 0.5589602469149418, 0.3008775843131655, 1.100204816689052, 0.9140123638636654, 0.8131839555972157, 0.9610984731814775, 0.6277322686606993, 0.7346977669812661, 0.30971151594428914, 0.4094392567449777, 0.3084486538038516, 0.3676885583011732, 0.3685130043205048, 0.3430106900321267, 0.35552001224427565], [0.0, 0.0, 3.8050403844887133, 8.473698954371555, 18.096520102631224, 28.470194687275857, 7.071582085978297, 