{"initial_violation": [], "initial_duration": 34.6089768409729, "subsequent_violation": [[], [], [], [], [], [], [], [], []], "subsequent_comparison": [[0.0, 0.0, 0.49792395689253877, 4.702090813775595, 10.05301841035761, 21.514387852771595, 14.067283606842658, 16.3388586077307, 14.62909556166409, 11.6877532278465, 19.012659344416388, 3.8735431323636202, 4.2959398541571066, 0.4759734325325311, 2.8280765672044983, 1.0073223457031422, 3.896054097577053, 2.043265700823552, 3.900758514963411, 4.547762957876301, 2.8488367341467273, 9.999490450943162, 5.952965616148614, 8.682849104274661, 4.756314996021383, 6.872826231052157, 4.435727382730991, 6.262588324150589, 5.634256538511995, 0.3367130632168694, 1.990918177012222, 0.5935830773920843, 1.3360139948164667, 1.0341740565841862, 1.0311285837702364, 1.196286954786069, 0.5147469467749349, 1.6395704299617087, 1.0240527151352832, 1.6251993049336892, 1.3810776263196554, 0.8973517386347706, 0.9264595999165398, 1.0336468962893408, 1.140933230163523, 0.5823059285470338, 0.6261906488339462, 0.5260217424906211, 0.534548665863428, 0.37044327833052615, 0.10829744635165647, 0.4367591925042701, 0.02902822502273088, 0.3775138385220508, 0.034230969442269985, 0.014902584724124555, 0.526491263809342, 0.01490251944368189], [0.0, 0.0, 0.31842163144013963, 7.55076038016787, 0.7418850728576177, 7.663318659462552, 4.032888792303386, 6.772315832785707, 5.729708303320228, 1.9987944534269597, 4.634358622655734, 4.596586391706993, 4.998306119263764, 4.7193768164504695, 5.499433533466562, 11.491341608010833, 10.658031844559156, 10.82599828985993, 10.597580893989782, 9.289209409767818, 8.883224535890141, 7.020217556153485, 6.725003294807708, 6.782868174068646, 4.030035053238576, 6.689253466655118, 4.089505151013067, 6.359788363390082, 4.771063721606611, 4.192057370999349, 3.01357286537438, 3.5427716546410544, 2.7926071500748173, 2.871813418238687, 2.0627608289435413, 2.2249132711836137, 1.7753133619375057, 1.7150406138643821, 1.5085506502149808, 1.2274632510912808, 1.061902647028604, 0.9859328220516783, 0.9014889983516831, 1.0053989785360242, 0.7816797213624852, 0.5470147378579726, 0.39727706681731884, 0.3811863839052599, 0.2284325441537881, 0.4163821761071783, 0.4667976227446732, 0.3649503061945836, 0.4765629104349904, 0.4633644732486786, 0.3300465204760872, 0.13371497137243968, 0.3300468363715433, 0.2148546241376543], [0.0, 0.0, 0.74655056985647, 0.4773110442920165, 8.175266036958378, 7.49024261033579, 4.226701220484443, 2.0965110283356183, 19.33273905715422, 11.483698901304514, 13.800598040214954, 17.41006589262168, 13.088405058084195, 15.613223019213434, 11.675719691647028, 13.346266935789718, 7.3402103392220726, 13.490236036504909, 3.8714816812717348, 11.84672811285505, 2.270615211920478, 9.837448181699518, 1.9122911184317393, 9.182674656967276, 0.4051214297382382, 0.5817598407185285, 1.5472524530496996, 7.442974907146141, 0.8555439207997819, 4.365614866742796, 0.7818119353492351, 3.6568149046935567, 0.420783771136659, 2.751409722004058, 0.7368660551095253, 0.1954901075864596, 0.4766105271079706, 1.4697468350888605, 0.3480241935602057, 1.5227665189437507, 0.1582503698861227, 0.9599447453628367, 0.18835955056051754, 0.9563225107669503, 0.06432038948709955, 0.49506863646623683, 0.09189364529728586, 0.3547627439043637, 0.09540525423895398, 0.41810065393334916, 0.48783966020362757, 0.3552577087775421, 0.25693601406023814, 0.13847526213073613, 0.2569367312473589, 0.044971864013762367, 0.2569366005305342, 0.018493681689794244], [0.0, 0.0, 0.4688858517709041, 0.4257166509964827, 5.077987374790772, 7.726145018959959, 1.2539255282136137, 7.302010070666654, 5.145224275707183, 10.451616061764748, 13.848643005501426, 12.618336577821939, 4.009887868256376, 10.619177018722876, 10.531420760482655, 9.323844399267013, 7.2829009685630925, 7.922246197857147, 5.860070486063395, 5.1449847572867125, 4.667330547253731, 4.861642135082641, 3.557332829492594, 6.194116611942495, 1.2293021295101179, 4.935143856091288, 1.1230119943867711, 5.236527041478572, 1.0782051624055498, 3.2630091938045194, 1.0314437746409626, 2.490544407056152, 0.2522443946123365, 2.0611486356474313, 0.07066459140362007, 1.671241307061784, 0.3168098998688793, 1.1237505481944785, 0.23785372249757625, 1.1352299364757978, 0.15021286554052482, 0.9697597784353206, 0.531877801494144, 0.4749819537445203, 0.25544473582577204, 0.16748349752580816, 0.13327594146531835, 0.037691511372860774, 0.10832449168140215, 0.019844373490521428, 0.11380819229558693, 0.5771397685751066, 0.4819999447499841, 0.08200347867292535, 0.1976924688192502, 0.08200333295613367, 0.10134026340202607, 0.08199782163553586], [0.0, 0.0, 0.007211587688810771, 6.073163328519364, 22.29109459117447, 4.133628289367257, 35.06735809669053, 5.711591403016994, 27.52545807281625, 4.218010539896421, 24.826983338890273, 0.6445313677404892, 22.413003069124397, 3.4978913514276644, 14.72850774722491, 13.05893290122116, 9.874442954521411, 10.358712123776318, 8.460237914055696, 10.174931127016695, 7.610977563578349, 8.638741158325763, 5.1899316795254675, 6.274932353763212, 4.230715030835387, 4.987972841838328, 4.0461044285035035, 1.0910171935014175, 6.400438553226352, 0.605065235883763, 4.683612899519206, 0.15644452420967758, 4.007320329092431, 0.0849424379088554, 3.1476730615433133, 0.05034561987302355, 2.368950983449408, 0.4996567853923377, 1.6709983898386007, 0.6784648640146032, 1.190995973399027, 0.3847515123584335, 0.9219089032664849, 0.4494360112518409, 0.8133870570726245, 0.3603548427629599, 0.7406151901207685, 0.2013767488638662, 0.33303626718694535, 0.13725261176079798, 0.2954413852177998, 0.46499562881907924, 0.28642785458055764, 0.2670864748255602, 0.08391964907511473, 0.26708757319203363, 0.2864231509431836, 0.2670820619954824], [0.0, 0.0, 0.155363522676454, 4.889246233913083, 4.762282579931238, 3.8064994956338194, 5.719672342482449, 2.7596993139715864, 0.5428093732444522, 5.329348281328544, 3.4135465875227973, 0.4885983922711529, 5.004693635640911, 0.4938702086933411, 5.896930605951385, 2.279424175975618, 7.226884765785755, 11.585009043934575, 11.829635156720114, 9.690839764942774, 12.793140467464603, 8.530084731845252, 9.648966766630616, 7.885566148472487, 7.291617761274701, 6.982876980497943, 5.88283838389107, 6.258069897959237, 6.659341738983018, 1.1281608543306927, 2.30904758878284, 0.870513400820572, 1.8325352532195986, 0.9450758703005445, 1.488037765141496, 1.2144262044066345, 1.1128069920266457, 0.9288289896487961, 1.1432036929101808, 0.9262820161263493, 0.7611039965339451, 1.0628895693790688, 0.8380216629044841, 0.8353439370907393, 0.6209696730947453, 0.6424729426534995, 0.22054402904723655, 0.2454449572067471, 0.21802831873477202, 0.43282370164645795, 0.4661128308802379, 0.4350701084629722, 0.4808475876861947, 0.31860075315349734, 0.40118206010523155, 0.15014179932977087, 0.16808253884098018, 0.15013673518202447], [0.0, 0.0, 0.5708355565147625, 0.5102155678332693, 0.08839089728939, 1.2377955238445852, 0.5798065477038791, 0.10094343966258652, 1.711205071565276, 4.735834932893254, 1.5097985868504888, 0.38012425279669315, 2.2434842742802514, 1.0073071224736967, 4.149048372356735, 1.844626232659078, 5.9208861007268405, 1.341261515281013, 6.642849558904061, 1.4517848037005945, 6.629027096809103, 7.904120771728029, 8.008770591524458, 7.5995899994036495, 6.6784347659759655, 7.269676312425975, 4.816363685728372, 6.672755258614401, 5.906154869385377, 4.139534221985959, 3.776890664960939, 3.0446620680855836, 3.0719232023043785, 2.3722314948781626, 1.3577150337669308, 0.6159036955034273, 1.025407610835158, 0.799296011754083, 1.038553979316876, 0.9783759434656578, 0.8833833026946389, 0.236727179704646, 0.40918575513733013, 0.08557375020854556, 0.3531202433404374, 0.1819394860458697, 0.22220629851670412, 0.05939814901304924, 0.20496830978306438, 0.05699149628685382, 0.3661331328410642, 0.08051298508084438, 0.3404642057645437, 0.053066428819401636, 0.340465484264667, 0.05306614932080111, 0.07239740695392452, 0.053060639289842775], 