{"initial_violation": ["destination"], "initial_duration": 35.31900429725647, "subsequent_violation": [["destination"], ["destination"], ["destination"], ["destination"], ["destination"], ["destination"], ["destination"], ["destination"], ["destination"]], "subsequent_comparison": [[0.0, 0.0, 1.3809817528664676, 2.4552179212534124, 3.4997403312223527, 4.1734028167394355, 2.1983463389415507, 1.0613464707445834, 0.27611564593583476, 1.4112706181864838, 2.08729875504968, 1.2438258312799242, 1.1306265612973618, 1.7971762680915637, 40.827328757149246, 3.6678137155622013, 6.779429877081536, 7.487993203343736, 9.827723886788812, 7.719920720863095, 9.069606107908736, 7.623563360610866, 7.721280346397654, 9.341943591333004, 8.514117309244282, 7.298000082263079, 3.5878534334471803, 3.7549640892020975, 5.220330903775224, 2.572660793047911, 4.543628167361866, 2.4740667335231605, 4.248531363870913, 2.580004606611364, 5.071142917786082, 2.6421406825226916, 2.150495349953824, 3.5020858540592856, 1.7904347853318126, 3.6815985468806627, 2.236714335257253, 4.15116386391107], [0.0, 0.0, 0.8332151186008292, 3.3327049793651122, 3.3387341644101345, 3.3164249191836244, 0.38915318321239134, 1.0253823505868183, 1.7411781484099988, 0.5634702006525621, 0.4490493148763126, 0.47352713613881975, 0.5252210292177006, 42.15520908675011, 5.289083421277124, 7.331876940362827, 7.476520161342357, 10.301422719527109, 8.527287370186052, 2.6049603452778487, 1.240491680293075, 2.081413233097682, 2.8630503510926237, 1.4609760444005273, 3.917801485049632, 4.512438652516133, 3.5187454026449174, 2.0508603422151013, 0.9768635674694985, 0.9465758841196784, 2.8894498065929604, 3.5608571739024066, 2.891758402453346, 3.3818550360998048, 1.5884892701727387, 2.309656816772137, 0.5542584194686037, 1.234833792928877, 0.07659093268943673, 1.3298552333766127, 0.7522771253271129, 0.9442280468213329], [0.0, 0.0, 0.464542061078226, 0.0803006412106741, 3.1856900018643333, 0.8708396212248335, 0.7103380554991473, 0.598810771586796, 0.7328583248208033, 1.191415902618174, 0.6770590564236462, 0.7130478334785825, 0.45293615588732855, 0.6527807033534959, 0.7101164514648171, 0.26064535125952465, 2.0785511723819337, 2.4694880676487996, 2.6330878095104007, 3.9269149430756136, 1.5146736590458467, 0.49863824309531823, 0.3745609024665522, 1.8635593873777054, 0.7173259055935136, 1.4076511131853966, 2.2519126304628907, 3.8131765165769576, 0.369798965781281, 1.2606743198234969, 1.112562089548452, 0.852120219799347, 0.5261097922288103, 1.0819682694549102, 0.8485706060164656, 1.414998795360262, 1.7796822399649057, 2.112867676383706, 1.6829410128944253, 2.155954412044585, 1.7558590842408437, 1.295306080481399], [0.0, 0.0, 1.3261548061644424, 0.22607434081040018, 0.6124979796472425, 4.068921618360516, 2.6566834481447885, 3.835593606562694, 2.6966870867290917, 2.372195908632406, 2.4732400422094445, 2.0070787466138014, 1.3816227739754368, 42.775224129570276, 1.7240940983196376, 2.251093471418361, 1.854649964619564, 2.8987726951396526, 5.591666897541231, 2.3728289442540134, 3.117679755408362, 2.274484168204114, 2.917745448807529, 2.0894934254737914, 2.2920503632434652, 0.947773705204202, 2.567018585942017, 0.8082938835707104, 0.08530806784356812, 0.6884173572377473, 1.6041844531662917, 1.731027939909405, 0.06465431446810711, 1.453847786370163, 0.7516288382660412, 0.6208848958452712, 1.7909661854619252, 0.4880264959818219, 1.16804801408062, 0.14173834069874539, 2.0806413183830474, 0.8867124604646042], [0.0, 2.1425248450464145, 2.9482124830352467, 2.292310000050837, 3.3529149576266137, 2.0111000960629353, 1.4697688553243566, 3.3284644225830604, 2.884614542175798, 0.9763493270055503, 1.4808668226284443, 41.39432600978279, 41.065890908804434, 48.41773892123217, 10.329681913543068, 15.035144191338091, 18.91239890175242, 11.199141870474614, 14.449805962585407, 5.762717517735681, 11.329825100747744, 14.21127444065989, 6.698938062911814, 8.642205042578686, 3.577825328191289, 6.264440403159347, 9.312349323152556, 2.337035146553609, 3.120870302625142, 5.443390822120866, 0.5290366229577805, 3.6919605091037813, 4.017163282300718, 2.1518848886331137, 2.76497648058566, 1.4248390912471167, 2.024254881947513, 0.2654115487540569, 2.1662685336603036, 0.1597776372527822, 0.19236925178707004, 3.312748878246988], [0.0, 0.0, 2.9859402104362136, 2.2455913460528354, 0.9225693296445645, 1.2667146195313244, 1.2011778543554525, 1.8904030949545085, 2.7735239745229436, 2.3914506393571218, 2.4814796881908223, 1.9891934964869833, 1.6163058165390067, 2.242805376805406, 3.0038062785148827, 5.678340290043096, 9.616485926820708, 17.84563371990613, 21.33781899757632, 23.53048996245935, 17.16877109070868, 20.115029052269037, 18.11030154475413, 21.5357402169853, 18.929495712604634, 21.7708800066635, 16.6414998082144, 17.57488994968343, 14.664833216807718, 15.388310201916267, 14.237402097658277, 10.383758619741846, 11.904000136759633, 9.86624607630138, 11.335533034414366, 8.881413155266102, 9.828401491835146, 9.870181729794108, 8.292927700812834, 7.604419474594202, 9.152786747746578, 7.506550236928432], [0.0, 0.0, 1.0779588812530223, 2.9408799982858405, 3.4809926063197745, 2.421252877293638, 2.3123024295901, 2.359460967576721, 1.8183936118390667, 1.4829032028088924, 1.2124826049992696, 0.9108332559470529, 0.9015545202508306, 0.917872379503607, 41.28532771279906, 44.318889360970374, 50.26088299019637, 16.57134971144317, 19.844932069305184, 21.93440712677067, 22.626580486681092, 20.92163753509936, 21.637557746539674, 19.796266584611907, 13.921581877301435, 18.81818050603005, 13.7826348778615, 11.518291111371932, 17.35495919932607, 10.409389547069235, 16.652695536062893, 11.584554266787427, 8.275909146594108, 11.35721627977864, 10.17495933951976, 5.420092003104887, 11.233340797028884, 6.340023528125282, 5.270324181587658, 8.882606559360688, 5.8187399036137615, 9.440343550414113], [0.0, 0.0, 0.4380558583674523, 2.8638847338949893, 1.8097640917395308, 4.3821202757776465, 3.412746969137428, 3.5493653935114056, 2.542876856160632, 2.1785834020326558, 2.1332814161540314, 1.6683316271903499, 1.314840057546458, 1.9633933916852468, 1.4036493144361448, 1.7803967140191252, 1.8769772105038849, 1.8036391004412387, 2.2813549155628157, 3.2931516880928404, 2.5776144736712423, 2.264096231922976, 1.793855642514125, 3.203603105109869, 2.2595310511729183, 2.619553466836401, 0.5006973480600994, 0.15929323571810922, 1.578796774306174, 0.5279935153702562, 2.0319340423460894, 0.8465472710325609, 1.6257757576605603, 1.5751338965275432, 0.1117309384118395, 1.0937006081156002, 1.6186784985588458, 0.9547140339263744, 1.09015100399467, 0.699986335007967, 1.438731140498784, 0.7706895903315966], [0.0, 0.0, 1.3038406345638378, 2.5465274365739248, 3.471569311259064, 1.5130109776861371, 0.8535425839823538, 0.35183751018406445, 0.22753475926612823, 0.25841265875078917, 0.16404935804674722, 0.8679801980857613, 0.08367147230536541, 0.7844676843400855, 0.6275340492275779, 0.4138492629780851, 2.0257273474601125, 2.274697998716266, 0.7392371000219732, 1.6128400578362672, 1.0737539945481591, 4.841922852430679, 2.3775201465126488, 1.3630821846818821, 1.4055351775994143, 0.6953619932965904, 1.0799573630506711, 3.0621464903646523, 0.7252638110381663, 0.7140617760899296, 1.4031547020983415, 0.9414962368372685, 1.372449658997775, 0.7929778418444261, 1.4614167011730046, 0.5667664810340777, 2.197180288386583, 0.5237324004331951, 1.2210613316396268, 0.16659737927299512, 0.9325544254722034, 0.19200390578440432]], "deft": [0.0, 0.0, 0.0, 0.0, 0.0, 0.0, 0.0, 0.0, 0.0, 0.0, 0.0, 0.0, 2.2220598557753698e-06, 0.0, 0.0, 0.0, 0.0, 0.0, 0.0, 0.001051469356495478, 0.0, 0.0, 0.0, 0.0, 0.0, 0.0, 0.0, 0.0, 0.0, 0.0, 0.0, 0.0, 0.0, 7.909977224694264e-05, 0.0, 0.0, 0.0, 0.0, 0.0, 0.0, 0.0, 0.0],