{"initial_violation": [], "initial_duration": 34.51017475128174, "subsequent_violation": [[], [], [], [], [], [], [], [], []], "subsequent_comparison": [[0.0, 0.0, 2.6182992527925055, 4.869859424125901, 6.239047660180268, 5.589041573064027, 8.559593358556619, 6.020889377162001, 6.617232067913703, 5.148212492881368, 5.099322716190477, 5.93519715249838, 4.4886648941565905, 5.081684863422749, 3.2364277790964326, 4.077544246243755, 2.772118530908641, 2.763311860036959, 2.183977206570436, 2.3150717963060474, 1.826792903608882, 1.7459514717430908, 1.3472660237591483, 0.9093575210369246, 1.5251896078518918, 0.37698644517624125, 0.5582917416055554, 0.7680292797426035, 0.09284910714785291, 0.6746611478812332, 0.2636705879165694, 0.57841815372011, 0.21004612145351828, 0.07075579371677883, 0.39810913683812843, 0.13374410824687696, 0.3047037049509152, 0.07059967579871064, 0.06502199461412694, 0.053833835333705365, 0.06502411789491916, 0.053835329947917676, 0.06502624067607901, 0.05383682548564363, 0.1890231410858307, 0.07059423773393474, 0.18902427943770364, 0.07059175948904456, 0.06502813127373033, 0.05383583791882115, 0.06503025505549806, 0.053837333344423886, 0.189022217081613, 0.07058879830198686, 0.18902335578702767, 0.05384032373414612], [0.0, 0.0, 0.13710512296795824, 0.2681986688842538, 2.1920852820878554, 1.156376887447501, 1.2483934132132533, 0.4936767055757632, 0.9531337332687031, 1.0629064239588577, 0.7068982714341124, 1.0592854670664533, 0.2189760873046456, 0.8321384001505185, 0.26931028494092396, 0.09105558024095665, 0.1968871420020256, 0.5425181042049447, 0.20740032691918844, 0.421363020431849, 0.24499552703969393, 0.21110154610165274, 0.15088923014334735, 0.26700620249535006, 0.41886680319930025, 0.9175589047444211, 0.24785021645283964, 0.4803036033122926, 0.08648458343239399, 0.17765950196816493, 0.06379586746062432, 0.132120173545162, 0.036543183787895984, 0.07280740646916818, 0.06876848535775307, 0.009622203624017538, 0.06656928534882384, 0.009622416955369282, 0.06656825531713546, 0.009622629864270902, 0.06656993387648724, 0.009622843195624195, 0.06657161243586375, 0.009623056104528275, 0.06657329091116157, 0.009623269366097042, 0.0665749698222385, 0.009623481852555708, 0.06657664838169017, 0.009623694761464914, 0.12561959916343515, 0.009623907670375631, 0.12561902818575435, 0.20178986831857612, 0.12561845720807385, 0.009624334263311213], [0.0, 0.0, 1.261296254544907, 0.5433146679557967, 4.209504945123872, 2.000313223674828, 2.2228525874299017, 0.5512266316232125, 1.801008652875703, 1.362687549080641, 1.099499208744348, 1.1203690426958826, 1.753527937785477, 1.8771529983371402, 4.326284113049986, 2.520982212819604, 3.4510770755929667, 1.973189931207848, 2.202643408665063, 2.23965304800757, 1.2327706286114763, 1.932811624204371, 0.3706816315142793, 0.3980077079961302, 0.7061476619914032, 0.12603880490353744, 0.7991351787533715, 0.24091455297268508, 0.34382766981049406, 0.09657696035332317, 0.44127711060854224, 0.5626211946865771, 0.4465282868677155, 0.036456741993568596, 0.09400310199393831, 0.03639654311446501, 0.07897365490804323, 0.03639743964703973, 0.015729576564986594, 0.03639833609095595, 0.01572983451587499, 0.03639923218357104, 0.01573009321539694, 0.03640012871619744, 0.015730351560197545, 0.03640102489752045, 0.015730609904998312, 0.036401921430179916, 0.015730868249799253, 0.11950315273855747, 0.17162543189574964, 0.036403715375526745, 0.01573138604275744, 0.03640461146824585, 0.01573164474228046, 0.11950130255565698], [0.0, 0.0, 0.37693742222991933, 1.2796666665751504, 3.9803078317059635, 2.9750123253672394, 6.9827388086413595, 5.190883919387019, 5.998417506998783, 4.555718007767369, 4.556263896929034, 4.299300930621301, 2.5823400800501544, 2.2628150860519236, 1.9394380610228745, 1.5174507528271732, 1.3048659120284638, 1.1327011086047136, 1.6830150530757693, 2.225716161027425, 1.555684593925095, 1.8117377367463834, 1.0182826337889226, 1.169431558074041, 0.789306279673629, 0.9037753213586597, 0.4360466415331238, 0.5448615523918235, 0.3785743954320093, 0.22671216302379368, 0.2473861385018088, 0.45262614627384684, 0.3605921422632377, 0.38594521264267084, 0.06758492182446481, 0.09356092163493897, 0.27629286844251766, 0.0727566899577388, 0.11061621531364821, 0.07275530616422712, 0.1738612078649337, 0.038636488538044814, 0.17386178206242278, 0.0727525374137742, 0.06248370324517119, 0.038638351800501756, 0.06248472980060988, 0.07274976792037897, 0.1738635039463707, 0.07274838373906704, 0.1738640781901079, 0.0727469988148054, 0.17386465274185658, 0.07274561466616714, 0.17386522693934564, 0.07274423048486205], [0.0, 0.0, 1.4814545140649371, 1.3669091116641723, 4.284254415583577, 1.3679106926830817, 2.1921560982303703, 3.177739955534042, 6.2630616262531085, 3.3297526920700693, 5.326135897514571, 3.1289889875766215, 5.221694785608809, 3.097934542404954, 3.6855642691035655, 2.5812538276575205, 2.6679959004866283, 1.7716684362971218, 1.864968242341165, 2.2857032956034353, 0.8555831823500307, 0.08037430112689159, 0.420302694089477, 0.9562128702896477, 0.3624790544590456, 0.19895065206986925, 0.6620876952964296, 0.2668189308452757, 0.4788745918826549, 0.09305110770464733, 0.4521504464687233, 0.522449864449479, 0.3569732613019672, 0.15359515767706833, 0.06335960835587925, 0.15358483455555055, 0.18007938260059234, 0.1535849256765096, 0.11683513005644351, 0.1535850171520753, 0.11683448867889809, 0.01840819567384488, 0.018358878903092065, 0.01840847970935071, 0.018359327902651715, 0.01840876338967691, 0.018359777605420687, 0.01840904707000334, 0.0183602266049945, 0.01840933075033, 0.0183606755197951, 0.018409614430656886, 0.018361124519383872, 0.018409898498232706, 0.018361573518979657, 0.0184101821785602], [3.590411027288833e-07, 0.0, 0.13837705902388256, 0.4699684914670422, 4.09380266650071, 2.0708491306251777, 2.1781296766049247, 2.919153023521249, 6.029986339594707, 4.369912337579584, 5.672069136698491, 4.795559309281537, 4.9489471139025545, 4.557617902964302, 3.514213725263115, 3.463731824441243, 2.6760378097033395, 2.60308577564158, 1.4314059401736354, 0.9019358385342496, 0.42227620250880715, 0.36109993307303184, 0.037973281225199274, 0.22237615426198154, 0.11597397333069932, 0.09417793562064895, 0.4947896750642508, 0.17906837439066833, 0.23208585112121527, 0.16731409295735672, 0.19355741252914296, 0.5832416575092247, 0.3914151290365427, 0.27875557529486544, 0.1158593538721014, 0.21557074711159732, 0.05276722172442169, 0.21556934361551183, 0.010477554286806625, 0.21556794011942657, 0.010477721509842745, 0.21556653662334138, 0.010477889087741686, 0.2155651330881566, 0.010478056665640742, 0.2155637295529721, 0.010478224598402577, 0.21556232566306047, 0.01047839217630185, 0.21556092177314914, 0.0104785593623284, 0.21555951788323802, 0.010478726585365104, 0.21555811438715416, 0.0803251523403394, 0.21555671049724362], [0.0, 0.0, 0.147505128341476, 1.5478832628269246, 2.594811640196844, 3.1226678786587474, 1.025576694150787, 2.821042636215532, 6.265146255526502, 3.896900593625741, 4.595944768651618, 1.9890590438867926, 5.360164654488753, 2.2180996306777927, 3.863229883496452, 1.8870433750855593, 0.24271803814095066, 0.34513521774271433, 0.11914658011081379, 0.5743320575319008, 2.235524511437092, 0.8126441122557947, 1.2549216131119127, 0.8664760916732109, 0.9951346628239643, 0.2282909296731836, 0.8705793885303085, 0.14501096484073803, 0.48854625877244434, 0.14605346679097625, 0.07549378483643902, 0.5563721836312064, 0.011785666519786917, 0.09207950741911328, 0.07500992224206142, 0.17273846973839002, 0.06506768812756175, 0.10949846816066017, 0.06506815168036645, 0.10949827456961875, 0.06506874828579026, 0.10949808055790124, 0.06506934487747718, 0.1094978868989794, 0.025871733899219262, 0.0702354039735254, 0.025871570669819547, 0.07023444942200686, 0.025871407440429494, 0.0702334944384217, 0.02587124446916586, 0.07023253953498082, 0.02587108160223221, 0.07023158541555286, 0.0258709187353083, 0.07023063008005052], [0.0, 0.0, 2.3667722265296174, 