{"initial_violation": ["destination"], "initial_duration": 34.80872631072998, "subsequent_violation": [["destination"], ["destination"], ["destination"], ["destination"], ["destination"], ["destination"], ["destination"], ["destination"], ["destination"]], "subsequent_comparison": [[0.0, 0.0, 7.027869904528872, 0.33204916459150674, 4.467046792814008, 8.064101591370308, 1.1066337168654727, 23.58452332538168, 36.588563522483035, 27.436565061151875, 34.318477979434526, 25.467641346973686, 0.8855586901520902, 26.545615515234637, 31.841063565479235, 21.04933839013157, 27.207480572382885, 23.671092895160736, 28.460125677401198, 24.81161629753168, 29.251699932826863, 19.633778549312325, 32.64922365452807, 18.357209744570742, 30.719040057427208, 15.742274226605021, 31.788678161387956, 15.972142961932324, 29.914863230158065, 13.565969404164195, 24.306778749594464, 32.39878173520412, 20.613528551842652, 21.271526996672755, 24.814263258792458, 19.69271900002892, 20.217659158778936, 22.231094815402475, 18.141004047800088, 19.330181502994698, 15.964179434084539, 16.7970522374639, 12.767436408705484, 12.368190224001609, 10.719876572102798, 17.453111008760505, 9.949529009719056, 9.633421664979377, 8.82326075154012, 9.97761112508758, 8.597252503233715, 1.8864305819396006], [0.0, 0.0, 7.284940775963837, 5.978882718953161, 0.31592492421963997, 3.169597591423883, 10.788426237676505, 8.906874720990444, 7.438492147947176, 4.108300689927104, 6.890687107064564, 4.442534893193568, 31.73789409184429, 37.09508268619376, 30.984010284607066, 27.90547364945832, 30.260621612414468, 29.58801621110295, 31.396486485319166, 27.45728041024317, 32.9650353621954, 23.653458964107937, 38.04279613350004, 23.60561343784536, 38.152589455632224, 18.75664360526725, 35.90362467394148, 20.27557853573755, 36.881920178011754, 20.19554152205795, 2.1663554478193348, 0.14454259109161985, 2.1077148009904287, 2.6576486722946817, 0.44877073546070007, 1.116485535339693, 1.5136582750684704, 1.530160540869447, 1.269897687141088, 0.31538482083844566, 2.0414074640230915, 0.2638387670903911, 1.1587530273640259, 1.28845987592371, 1.4361123679982037, 4.6328598943522135, 1.6201326680091597, 3.049784512816828, 14.409934921702824, 8.581511516011467, 13.419372360099727, 8.792102327398355], [0.0, 0.0, 0.44297066940863483, 0.11242463352589495, 7.942515729027979, 7.488950949374602, 22.454008766279518, 26.875650796767804, 26.930787880970346, 20.946245995567825, 28.292251195907667, 20.800060702875474, 34.343055171952166, 18.379420922601536, 32.717242837089216, 13.409523015887236, 29.66269023948103, 15.164645859585526, 31.167369294918657, 8.914509996336738, 11.421112638290444, 9.28124136555965, 17.106505960572274, 6.355077457396942, 13.37341026150995, 4.628555480285478, 14.549635467916069, 4.677243351872279, 13.973929904694595, 3.485565740958555, 12.64491022384596, 23.93342530388127, 16.046440439052596, 5.691709911578654, 13.749951236330112, 4.738256540564104, 13.348864098739792, 7.805753999606654, 12.07853860300819, 6.044427316144961, 11.52668982858279, 12.054899877962365, 12.876349189328995, 7.825531074669265, 10.490871029502848, 14.795640889527556, 9.587924610156813, 2.542360002351258, 4.263529460343886, 2.0582063600860026, 4.491269969741776, 1.9136557618639825], [0.04314992640331511, 0.0, 7.008577797565283, 1.1997581543248557, 0.5159993589288894, 0.6666013577849342, 10.3280774313176, 16.899578619956475, 4.994875803521474, 20.100754123551802, 6.030002324988961, 16.073404388249177, 9.109548216082514, 16.935155535203148, 8.786853896502729, 11.280311784767699, 9.360952685044982, 11.029925441114527, 10.421318246373858, 9.590393836462354, 13.224055505238777, 9.446439447954466, 16.38122704511118, 7.8369048450063445, 12.163154240812618, 6.377518082362775, 11.986853751926839, 6.6814319093275065, 12.650787541531873, 6.916115690237805, 10.194778037827973, 29.82311507764045, 6.870098147616195, 15.155580529326746, 3.4479376114440083, 14.056553792201418, 3.0346616998252958, 14.602176381159632, 2.8297143670631137, 13.234269425192176, 2.9334622731748916, 10.75915620668762, 5.345640511495299, 15.31742577427839, 4.536339228392088, 10.149937073895156, 4.504230357494008, 8.424103357193141, 3.9346461172817486, 7.4293516292812525, 4.121465425433456, 6.366505457040467], [0.0, 4.102355021291888e-05, 0.049422329850902565, 1.0122966289737623, 5.245127511463893, 10.916876059889189, 23.589258497788556, 26.04987717549805, 36.40093950740394, 24.029472574540396, 35.94961411915608, 16.339861494900454, 16.81631537030091, 2.600195979811098, 15.493613434551117, 1.550272907996911, 15.357902599986986, 23.654328108886844, 29.657271882428525, 18.9883246193891, 36.45340473023493, 1.8406116336107965, 18.356062696689985, 5.5709278898453745, 31.18747742704344, 15.910438196337763, 33.772368775818144, 14.281615080922283, 35.7440408352116, 12.096944526899456, 28.935633960886612, 30.985219019829096, 27.49944460013183, 2.082411128866878, 10.40217206537263, 2.9612368881854096, 23.010854849862373, 20.209722354864557, 23.81690316541998, 2.717624647279141, 5.681988720492746, 1.0983319333247938, 16.441879609720026, 11.010483120252497, 15.109762623845567, 11.890970775662693, 3.608041099114247, 7.206752531727003, 11.730296516995955, 6.163366378928232, 10.52627446718976, 6.4243762261280155], [0.0, 0.0, 6.781456842416466, 0.3306975888444709, 4.385453092478355, 0.12199182208753905, 8.623974069307215, 0.10977119649718022, 4.869829098778715, 0.8114122633676558, 6.317557195323797, 0.05256930098965337, 12.3914526050239, 0.6540822435354977, 14.441274749484455, 6.522737155911146, 12.03085155065229, 4.672608353511848, 14.410483004843972, 25.04183995543527, 32.5824377431303, 21.337856258748655, 37.18276965338534, 15.057827684834596, 37.478057254371784, 10.020288900231607, 33.811156017470594, 10.66492733893059, 12.97148402819201, 3.3533097727854306, 11.550601350563037, 27.951177797993086, 21.17034227365908, 17.580501261469248, 23.333938101536653, 16.880339753133843, 17.018897454233315, 18.246569782480346, 14.339339273219279, 15.815090943673402, 13.590785526692372, 12.61094564866487, 10.578986607763902, 9.219287221353236, 8.409563168175401, 15.370266295622447, 12.35052654416172, 20.196394789472848, 3.5211828814181114, 12.255028791337786, 2.05232138860864, 13.639617116025201], [0.0, 0.0, 7.075544921376396, 0.0008674498190674458, 4.281619491804631, 0.6848834368038806, 35.17674646334969, 24.6249850703908, 32.08269077055729, 30.82565581316322, 34.56665460681336, 33.62055363128229, 42.246082086006744, 31.99222406227075, 35.57795743677641, 31.59910531904959, 33.01350901288905, 35.73080985343618, 32.15469640720573, 36.04469199355798, 31.525891932417913, 30.659343149168517, 36.09042116569156, 28.60855377761098, 31.86998478531151, 24.826074796685475, 31.077432380718907, 24.585567623678685, 29.48471444229137, 24.99708411169004, 21.476680982063133, 34.29478772337782, 27.30073158612017, 31.61308940533679, 22.343502163574502, 30.847668466913778, 18.59723358799471, 3.7788422727264894, 0.808992924976491, 4.450826632143012, 0.34773210480990785, 2.4709234835491176, 0.29643758762930034, 1.5216540572204118, 1.0053329714342536, 12.625427479076194, 0.6586847910398234, 2.244233900932646, 0.44627711372445267, 3.358880449184863, 0.5249218238097803, 3.314074718913545], [0.0, 0.0, 7.213613210828013, 1.1409541463799846, 29.170805553658465, 17.047739002719183, 23.590472193858698, 34.00963938548425, 25.916025311237483, 36.3211273576895, 27.640383802275316, 31.36403399281298, 33.0487739305678, 25.383342914833563, 28.813390073727167, 19.634206803559476, 28.031981891873308, 20.330119071839256, 29.432851611449802, 18.320328598353885, 31.31922778937416, 18.20766381613876, 30.32270469329475, 18.973666327962356, 26.14323046684787, 13.231013315904592, 28.02406039704293, 14.32321117217554, 25.089411532108734, 15.253158851777883, 20.74169487820347, 22.77680932976998, 29.733372842008762, 20.76054175001386, 24.899612540419856, 18.1515746332039, 23.471950742403024, 18.445740344768843, 23.201447137148097, 18.90148689638234,