{"initial_violation": [], "initial_duration": 34.54987144470215, "subsequent_violation": [[], [], [], [], [], [], [], [], []], "subsequent_comparison": [[0.0, 0.0, 2.362354830380882, 0.16050313393123739, 7.739585109636652, 7.90037358916651, 0.3171387588608098, 0.2924070551168339, 1.2703412695636085, 5.143433649670396, 1.9356473854622973, 5.779247546217088, 5.594605767754239, 4.52962832637373, 3.308193851281619, 5.308025243782252, 2.0119416349477235, 4.7884043915042165, 0.23638676948974624, 3.1038832844387882, 0.9211727936773754, 2.07375439549341, 1.4557053244024345, 2.0120004995843748, 1.416654677113793, 2.283156423663388, 0.5946782796727809, 1.886975059083412, 0.20486994668939515, 1.490822567802893, 0.01692722973463162, 1.065353040571001, 0.44328705750918657, 0.5150316719254168, 2.247582009235993, 0.4706659571117203, 0.7872530240917691, 0.8200751936926239, 0.98575100757633, 0.9085116214446032, 1.1456950873145475, 0.5771142595417662, 0.3483807024754783, 0.19208219872928112, 0.16427288113419578, 0.10972635097583262, 0.14536358544654104, 0.5083258375004186, 0.5373384261859446, 0.17625402099184534, 0.07135564626648805, 0.32069601980941564, 0.290258738228863], [0.0, 0.0, 2.378443366578698, 7.541208781108456, 0.11608417094243129, 10.627306334842228, 1.0443764049148396, 2.768217837103558, 1.7719558043562025, 17.32182610300077, 14.620355018056951, 15.530623320451074, 16.131414877389087, 15.206558545974161, 11.77632969196342, 14.060998346978629, 11.930614907963054, 12.198219178010431, 0.3656588704411234, 5.7037189104142385, 0.9220072252033681, 5.145477337545852, 0.2996714714873106, 3.5687372281308063, 0.6446702071138715, 2.522068009564766, 0.5618555235355902, 1.2465673647174589, 0.9431977531483217, 1.6212897424889998, 1.1248444604368142, 1.4238898846543089, 1.072862724224017, 1.105120459693602, 1.1948858965598894, 0.9074519895593325, 1.3762044181204407, 0.9796962935030865, 0.8259697639782293, 0.6142734903711154, 1.2656148326994698, 0.42654818661456617, 0.7540466711460811, 0.6769847315271149, 0.7182107668572155, 0.4628846636932393, 0.09288959554180647, 0.38843709786278685, 0.1229961148033707, 0.38413087034342125, 0.17186409539555586, 0.10989966369250219, 0.17018919066411412], [0.008111163503520114, 0.0, 0.14626888451368972, 7.604604342432072, 0.339819653929826, 7.775428373546283, 2.50844652095884, 0.14856579272102904, 4.724174881035388, 5.057760892690886, 0.2402830051481252, 5.347410112631585, 1.4719872797963403, 4.677051491155748, 1.8997919733587836, 5.0827115471683335, 1.7845350901766948, 3.8304187317271574, 2.366814350890561, 2.7257274722226357, 1.9938030039431422, 3.3534908640457926, 5.640371678384596, 5.795816817655175, 5.242870037678592, 5.335087812720802, 5.990292509916162, 3.70798980419042, 4.239371981924138, 2.2169894645998234, 3.8925007436679073, 1.7717191515744657, 3.4631920625657893, 0.9705551052524214, 2.465971398140388, 0.9110861682298922, 1.450349880360457, 0.9345514731588902, 0.8212452626731844, 0.8973151018248218, 1.1822529454784758, 0.8586746596084363, 0.6788018721599608, 0.7980309167027367, 0.6120200114548539, 0.42164578844554185, 0.1010514204949221, 0.1821334302957912, 0.39982542355291917, 0.3964537247442389, 0.06661330276270741, 0.23991429674873282, 0.2995768808617189], [0.0, 0.0, 1.0255054680060405, 2.9690019834670074, 10.9176245119775, 15.386127327699418, 14.45521445388761, 10.275727487752226, 1.552373992041127, 0.37671310005856895, 5.755019637964016, 4.5966051387718245, 11.660928544268732, 9.785044833466984, 11.784446612851177, 6.8357680198144655, 10.710755882789147, 4.122886430835507, 10.399691805406473, 4.161535372805383, 9.189305885175354, 2.275193766788467, 8.033868013967567, 0.3737992630460183, 1.2111477662971863, 0.6043051753655172, 1.1830317531221923, 1.6147947202319757, 1.760031109976352, 2.3567854250776747, 1.716739760393593, 1.9893279765471121, 2.3247306850138165, 0.1786077490583413, 1.891060858093991, 0.22718685583096576, 1.3341280681225933, 0.38713203115209854, 0.1452777350887144, 0.4347975056171598, 0.19943173639351666, 0.39631728635897046, 0.39039828380248887, 0.6157862893403081, 0.27657523447402016, 0.27656261932280146, 0.03524394009314551, 0.2638835985109053, 0.04030557075256011, 0.23778478280729037, 0.04039618256500128, 0.3177513198571623, 0.3727656805472561], [1.086090068068803e-05, 0.0, 0.8898863263059916, 0.11115410957334569, 8.018847160832085, 13.96409997070773, 9.020898547647606, 10.826660316515007, 1.5610022878926129, 1.5636692312631273, 5.663098601267017, 12.037460736573854, 6.155359618321559, 10.089553600656052, 6.130616471597875, 7.501871234087218, 8.284601250966592, 5.685794564829234, 7.91425755543973, 4.7729147255832975, 8.28720439388653, 2.9855059966231035, 1.2994353235699945, 1.5349503139952212, 1.0073786036944958, 0.7994559440099717, 0.8518822604405515, 0.17492047181162393, 1.3446632167882138, 1.141252665774219, 1.2795141515141328, 1.0044654636670267, 1.2460915342264829, 0.6823828143425051, 1.073078999234613, 0.40189311022176993, 1.0488053212557258, 0.22205561263449192, 0.2597395558675287, 0.3836971218721383, 0.5169110633520111, 0.4715210944951754, 0.4557999014492839, 0.2434495749690058, 0.12495445693463768, 0.11740340424488566, 0.11141038220431988, 0.24416833030319218, 0.3601952641541612, 0.1334393055527367, 0.15436155086808925, 0.21120066708265456, 0.40084268025393105], [0.0, 0.0, 7.897395766815647, 0.3554805473433202, 4.482936912343439, 0.09885026983234617, 6.379070497253517, 16.478932599026656, 11.412627522478704, 2.2985054679308057, 4.508759802656275, 2.883321780632354, 1.1283683051281037, 13.252649252898214, 14.777532144682988, 11.042486695235741, 14.214261801626039, 7.563018662422857, 14.362046210370925, 2.1743112386593055, 1.0428773159014406, 3.388548718765501, 1.1174655398781326, 3.534497879040252, 4.931872963419113, 5.591486394744572, 6.126559116113427, 3.041030866771133, 4.504441043633111, 1.3235189126849116, 3.7555548395400606, 0.5042927818150729, 0.5239119743469388, 0.7928174466959556, 0.5890034728092046, 0.7827559508641598, 0.5629845517257263, 0.9479552588538951, 0.36484380347293205, 0.7594241447382261, 0.634653900756749, 0.7827315564620821, 0.22052274792584636, 0.3176022266539465, 0.29296667998780423, 0.10776317754792318, 0.2889484123034577, 0.039403750376629736, 0.4334739975401362, 0.18724938637601407, 0.170606445223762, 0.02384625470068936, 0.23437563942579875], [0.0, 0.0, 0.33492076030449586, 7.340164598789933, 0.3040524391221685, 7.886282736325622, 1.326791768519233, 0.3867088161603146, 3.4412952752684087, 5.002521674223138, 0.4339460254660965, 5.716668478881424, 3.935894819869639, 14.23301077969844, 12.041668855065199, 11.37892609647565, 10.79257052550094, 9.422238773564061, 10.552816208608863, 9.155181721480165, 8.178377689621708, 7.565202405967894, 6.341889764938081, 6.628393133849516, 0.8012648897552505, 3.713480654799946, 0.36311999895023356, 4.527198472031654, 3.027721735914587, 3.2956727738428593, 2.3959167777711103, 1.8933458344285372, 0.6236713107068343, 1.5750660158535932, 0.9058813535737966, 0.8520741052214177, 1.2732919419222946, 0.8476259923194152, 0.8085181099009733, 0.18053152372913733, 1.4406229794000336, 0.30517295147962503, 0.8166426251304314, 0.2007299425132077, 0.8323222838951634, 0.12179864638029776, 0.5908178470545193, 0.5087550079072759, 0.34536500640835543, 0.13249780016612356, 0.10494896709635715, 0.028195343179005114, 0.24419653867499122], [0.0, 0.0, 0.2598273321869014, 0.028775760840130882, 0.5386465334723141, 0.713314116202119, 0.3520599663346633, 1.822245143666322, 0.6190961272781812, 15.04764541717553, 7.708106572339356, 12.57240909714492, 8.763513356209945, 13.235107163807372, 7.614380893360555, 11.053874811896877, 7.283141131078678, 10.10258618668647, 5.3287162516318665, 0.7542758465610512, 0.9202303932526638, 2.336510689864407, 0.5658049239014229, 1.0027306050010474, 1.6872515310905305, 1.0140361699587015, 1.6800956409862946, 1.1838743206053497, 1.4017267281619437, 0.6729458483863041, 1.7435408241161683, 1.992108793633288, 1.3883002494748904, 