{"initial_violation": ["destination"], "initial_duration": 34.48941516876221, "subsequent_violation": [["destination"], ["destination"], ["destination"], ["destination"], ["destination"], ["destination"], ["destination"], ["destination"], ["destination"]], "subsequent_comparison": [[0.0, 0.0, 3.1055944962215083, 0.31188687518323777, 3.612620379786327, 0.8372696720884318, 1.709236590920164, 2.8700192807195597, 0.3175997243106231, 0.15301438643889087, 3.0819001981119367, 0.5181469663117123, 2.216036919083753, 0.7667199506283017, 1.5504812056543062, 0.8808321546670492, 1.0836887052229267, 0.6645075255004271, 0.15286233100774088, 0.3217872346433447, 0.10802080295758695, 0.12007991568951885, 0.09380721926540432, 0.06583167833973753, 0.11479153483887676, 0.015567332191782444, 0.1301909362916095, 0.3031399404582746, 0.08440147410778434, 1.8984218612482506, 1.388558882975036, 1.335938024154849, 1.0751261833795642, 0.766140308617223, 1.2596808826227233, 1.0870129917325433, 1.1803505098601417, 1.0118724590062997, 0.9244652158314042, 1.5648807763645676, 0.949453566376761, 1.1146094616958697, 1.2505135049375062, 1.043278778394633, 0.3686879275910743, 0.7251620420058951, 0.3602640928123022, 0.8927770849927402, 0.11735997169286155, 0.24529528791885566, 24.641031341054855, 0.4820515419349952], [0.0, 0.0, 3.1679950354743616, 0.48585467186586623, 4.0741498762629575, 0.25046338536536294, 3.602435859779043, 0.6861447863451282, 1.3591638972559443, 1.4011590214310665, 2.029032038616479, 1.5705717258470058, 0.7621285606336854, 0.9103453609176698, 0.7615898605712517, 0.6831598232817024, 0.8553331887150601, 0.5100717331053483, 0.6394349541383764, 0.13224070451299758, 0.545893614603001, 0.04042343134688404, 0.4020955739344218, 0.029186050198811517, 0.28684406932019335, 0.03647220736965193, 0.19325952724975426, 0.33088345126436225, 0.249961219409775, 1.6267500402725625, 1.4923482728228674, 2.6909823440132326, 1.2733841865009892, 0.8114332575952132, 1.2587794254040459, 2.37641279658415, 1.259817655521041, 1.914701634387845, 0.9783970691923404, 1.7395341158486066, 1.093677445873148, 1.1441425489904429, 1.1678606420998718, 0.9816888412255244, 1.4368332360903695, 0.966404621832558, 0.5760670976902577, 0.8166871490759745, 0.7073727859606048, 24.970352303527637, 24.888336762058266, 0.5530087216531545], [0.0, 0.0, 3.004927830489878, 0.1607704368242788, 3.64356283759163, 0.23178291937909473, 3.4918150009477107, 2.3336755905600004, 3.6376753740951657, 0.09339676634074365, 2.2948633975456594, 1.2912175660501213, 0.1319919174708666, 0.1672714606557716, 1.4402741914562307, 0.5885810433228423, 1.320181969634315, 0.5294736101486215, 0.7608986042027969, 0.4339131381340539, 0.16212576814345597, 0.23777426084904116, 0.00675798275545417, 0.18150889170091963, 0.4365693286573425, 0.17473350677534868, 0.3829487344151834, 0.21980802942455321, 9.327346605776196, 0.08777943535697331, 2.3644849719797185, 1.3804308173022297, 0.3039579692275514, 0.6716322903005004, 2.253346816454012, 0.6862801334133348, 1.7550348410098826, 0.48900386679393915, 1.8576974577136556, 0.36423972486779777, 0.5337349562932877, 1.4968779256206712, 1.0911328440351225, 1.110145641335128, 0.2166052519473928, 0.7871395829173358, 0.1906324715930121, 0.7401704852944773, 1.0815220485909274, 25.049003803983503, 25.030068287774625, 4.212335236794137], [0.0, 0.0, 2.987847302453273, 0.16460849924465765, 3.9658126013377206, 0.18145250350181866, 2.9344044089363552, 2.1941101970558394, 3.2590300876248244, 0.2006806707016514, 1.3851581526147563, 1.08074061040064, 0.6064140691773854, 0.4478639539467157, 0.4954544120846755, 0.1858435318150754, 1.1242706818941035, 0.052440772613406905, 0.7440866203748265, 0.36530118984028986, 0.5358342839115076, 0.1360558070454143, 0.22624565942344138, 0.07621070488258058, 0.12050011423616794, 0.07548599455199273, 0.32754292446501043, 0.054946477745771515, 0.26346779176151236, 0.10492020456466036, 1.7494192451996675, 1.698025658471886, 1.2065655705228346, 0.6714787421800005, 1.1991255453122136, 0.07794715946886806, 1.0635241713781451, 0.17932874626505516, 0.8538471046048595, 0.2722314231355415, 0.9404055096358996, 0.45469248031943, 1.1679009739864292, 0.9704619668553519, 0.16735629248113174, 0.9085762014547847, 0.1253503203996009, 0.7990070697491097, 1.1321786407535412, 0.2662215113760178, 0.15594565825277892, 0.3400695199239585], [0.0, 0.0, 3.707351533259403, 0.7918938198802037, 4.563621864796139, 1.2093018449705226, 0.8079235846642395, 1.1656540518707255, 3.164415957088885, 0.8238711283813467, 0.9841922288331948, 1.263247225892722, 0.3965952622614599, 0.9838855696461473, 0.19301300996791415, 0.38002522527440297, 0.1068523209814565, 0.10422545015062303, 0.6385486808007118, 0.2841395601633183, 0.5576004913357555, 0.25613560881105435, 0.2795288139249768, 0.20212940343378025, 0.18889880913650228, 0.1920499503351065, 0.10925630941009505, 0.29148489082844237, 0.2900467260521486, 0.26966796449067687, 0.07102091942286576, 1.615551179774425, 0.2571138044307639, 1.0392345150733975, 0.17772389731026345, 1.4101095829060395, 0.31726007285127494, 1.530621457636178, 0.4530530514633731, 1.1927765590103225, 0.5343023778730562, 1.0992665199066924, 0.5581275662645006, 1.0179629731461666, 0.41390622943857136, 0.7496584558728315, 0.5412900667885475, 0.03856971322595649, 0.10195999148409426, 0.03911079614199696, 0.20072163403627719, 0.1102607563046769], [0.0, 0.0, 3.039578324635463, 0.1798925047324088, 3.9018051279133004, 0.4717503169941387, 4.273191542663834, 1.0118753194429837, 3.168584179013853, 0.3612985671373554, 2.6830146602957172, 0.5530154395168718, 1.8705395882875526, 0.9146287812367294, 1.283290791165201, 0.6900862264429628, 1.0865168637429263, 0.6291280198759511, 0.23960455900975128, 0.3693058523219592, 0.14455317108823026, 0.15947287325721782, 0.09663291027603374, 0.12285266656892717, 0.10837185198648586, 0.09254011197508819, 0.08974005858799718, 1.727758937382794, 8.580879794802541, 1.575688358244773, 3.0452212778828085, 2.8072392063414044, 1.3598787263892655, 2.8147013857830037, 1.8938281061495863, 3.1558480064003134, 1.8303924859865568, 1.6500560675811333, 2.444613269482693, 1.7146968015005977, 1.9648588893230943, 1.2762043017927334, 1.8397851812074522, 0.9653828741861636, 1.6627914314409322, 0.729051603112071, 1.3692660051517738, 24.32711790573657, 25.946831406324623, 25.784682373863813, 33.24830993065122, 5.915618788079011], [0.0, 0.0, 3.230946807988773, 0.5681246058561791, 3.6776801080089676, 0.7064266306954771, 3.394238866822897, 0.8740412302270604, 0.9879299697869109, 2.0523339386804422, 0.10489479313420798, 1.1259711647537716, 0.4658484618737593, 0.3412724603917013, 1.2178591042844682, 0.623302643955872, 1.1438972309755768, 0.648129902911596, 0.679968124819285, 0.49269996110590464, 0.1152201997424364, 0.20007807684766535, 0.02334452660615797, 0.14602396269107412, 0.06360387473967105, 0.09307596662731539, 0.029185928338846305, 0.15209814359158474, 0.02117136825190667, 0.13502400868099948, 2.0122299278842983, 1.4183790325107395, 0.34667454889717675, 1.5794144589407781, 0.3838146975606664, 2.49703039026032, 0.5692090667051547, 2.2307802542803965, 1.3472227000102674, 2.1691381034164694, 0.7297598458855766, 1.5979519928069577, 1.152835272538297, 1.6031430304120224, 1.794416132155611, 0.2986370407056624, 1.0312800276006806, 0.16916759638838175, 1.3602619752707183, 0.17337591413357425, 25.687041048268075, 0.2647476353150712], [0.0, 0.0, 2.769241568221101, 0.16845237075677805, 3.681905590146355, 0.5768528231882973, 4.350889943672186, 0.33172480460635606, 3.199400993570526, 0.06961838186307222, 2.3427532317322703, 0.3725255806512674, 1.507948952071788, 0.921630476810577, 0.7963182401531314, 0.5572180232477946, 0.8188480009210388, 0.532192442487652, 0.6398321915255988, 0.10803536652028291, 0.5118215028220944, 0.07198025558415794, 0.40244044424815195, 0.03471504573827866, 0.21130040585345738, 0.02462142959202946, 0.1668017123071461, 0.06427426282179002, 0.2547242029260805, 1.177117622031852, 1.2266905957629324, 