{"initial_violation": ["destination"], "initial_duration": 34.68178915977478, "subsequent_violation": [["destination"], ["destination"], ["destination"], ["destination"], ["destination"], ["destination"], ["destination"], ["destination"], ["destination"]], "subsequent_comparison": [[0.0, 0.0, 0.24612878339952346, 0.23080546682897338, 2.5714477053520137, 10.705352357597178, 8.344770095693741, 9.622792541678493, 9.208432789835499, 8.707838282781683, 11.444678859637104, 10.837760748662191, 18.45281566572887, 15.747388944387199, 19.70024893034959, 12.783817207226646, 19.529787423892312, 6.845451058529324, 17.999536490769994, 3.241720565356117, 18.09444390155386, 5.08661467006242, 11.923758696811912, 5.625919624702704, 17.38194183685162, 8.501224056087715, 7.544679514061925, 4.824439562044348, 8.419535409995207, 6.141470072036022, 13.588040926212601, 1.4998772071527244, 9.329160246288918, 1.6237129992654113, 29.380634092677997, 15.135295547543194, 21.99738266725481, 7.3507158553566265, 13.248825297187162, 4.022142627362578, 11.18891737972906, 2.1390740793368686, 10.252333526961332, 1.7475960250800078, 11.16768925743919, 1.1544178625187744, 10.382835792551536, 3.380504269783911, 6.424061429594726, 2.1162216329335295, 7.42519853103091, 1.888819216494674, 7.149443898188013, 1.9741452786954803, 6.884142594935986, 1.0156704428672036, 6.792711937121652, 3.443744951795112, 7.970626993069692, 1.4194733922166856, 7.836683256294593, 2.2121190414443137, 6.715913813030216, 2.205223329928762, 5.25828308466479, 4.794048685400896, 4.213149209228098, 3.6299170231997637, 4.285173345270248, 3.6257238349010383, 4.415712734193409, 1.4582128695349788], [0.0, 0.0, 2.862584356352641, 5.760426263679658, 9.671625346277606, 7.598869243941322, 11.374899635087694, 8.2261021940076, 12.019746937135261, 8.728566524073257, 13.067528741693478, 12.171951921695372, 19.793823584606656, 18.200711857171818, 19.719345061732934, 16.252472558000637, 23.776831591068117, 12.377669780874168, 19.940366566393404, 11.629093780103013, 17.894739635206715, 11.065293185976097, 12.02741698261056, 17.520574526875876, 20.945851144457418, 11.468434923233586, 8.806389915704592, 10.152719942995406, 9.997514218582005, 5.824905469537069, 11.457854074231092, 4.1333434503342374, 6.0447323858885404, 7.470734054833388, 17.525115297310872, 10.098555016691915, 9.359080865939326, 7.593055066642425, 4.542544027281419, 7.828493813544906, 4.7877419074121175, 7.384773439370098, 4.18613061904332, 4.311148148916723, 1.9399922713779345, 2.9186474320505384, 1.799608145194722, 7.371514859988429, 18.01620453633993, 9.107246203268122, 17.832598850334435, 7.369633144305526, 16.152952662223814, 10.02596797924111, 17.27092874710057, 8.688702714372818, 14.384703601314209, 8.189392181207571, 15.102549809109952, 8.464735377203134, 13.400413722326787, 2.2424783289986636, 3.6769980934710236, 7.691093027789679, 2.156453748356248, 3.1504447327517653, 2.9164063202421966, 2.7807183225970915, 8.553649954733446, 4.520107124695636, 9.371843599374563, 7.819555594743764], [6.626108139465183e-08, 0.0, 0.4716565345615148, 0.5060309783058423, 0.25627235449849606, 3.2239747690506153, 9.201298256508109, 4.763974547147224, 3.0341221323653604, 4.01617747085667, 3.6796148137816584, 2.054125181684917, 4.9230001161743004, 1.1912432698656115, 10.764891652980827, 3.860289650936236, 5.903153324666749, 8.549955040701029, 8.873699023893298, 13.751209820267917, 4.4878711458489065, 6.496786586362794, 5.128885326633354, 5.625372301214741, 4.7547326706231985, 9.935780323898435, 4.900862480880389, 6.01296338670237, 5.41958189517806, 5.6580665393700675, 12.348602714756352, 3.8392016265018496, 9.772706922061921, 7.886573960978332, 46.8736587483108, 14.14741545314258, 47.28452852960821, 1.0971197002803652, 37.489206383157395, 2.134629150893339, 29.277771000524833, 1.4765422637863492, 27.314157114292847, 16.577631807925272, 16.93997887206988, 15.827155560957388, 14.350564497092835, 14.558264015734235, 11.481301542067703, 13.31452568653819, 10.712087696991857, 11.196473150845094, 8.37443957193227, 9.703722802035289, 8.628171972004136, 10.512756266877513, 7.395710956653158, 11.98031355879036, 7.832586953231815, 10.152313641399529, 7.638982829733327, 10.431170707266888, 7.877057959999692, 10.068945694769377, 7.036168526265404, 10.093465356434079, 5.416935013936331, 9.26760208688112, 4.802283899732288, 8.943420390361535, 4.447889809882081, 9.075239591467719], [0.0, 0.0, 0.0443007044308746, 0.0862573289340724, 2.840022333815625, 10.880072963184501, 5.806364681637506, 1.3595921631685488, 2.892553419187627, 0.24112773582715827, 3.9074490679593095, 0.1318286520165914, 3.889680716970066, 0.46605118757988023, 13.817500038580627, 0.7568223729692369, 9.732724650879565, 0.9840127660588214, 3.6999479643468094, 2.0241359295760155, 2.1502560270017703, 2.780997291536132, 13.004602952793144, 4.851266502651145, 18.37212808373396, 6.954851557563768, 10.42246288659426, 5.562875984993878, 9.575076192054533, 5.463242060348159, 16.342665138660497, 15.474103011133225, 16.608054101162395, 19.305702625413534, 35.031564741172545, 14.42657251432702, 27.398106453228124, 15.275680592261718, 19.136104735714724, 15.209570014036325, 17.05808666443836, 11.801221191575332, 15.114814480100113, 4.38077707904836, 9.70218833214716, 9.640485525335063, 14.165304880694523, 6.859163631540131, 12.719951617920072, 8.892167495654254, 13.599762632309401, 7.537224244961863, 11.792494609270692, 9.166732157320773, 11.170470014548982, 6.929099086444591, 8.419330027438743, 6.333342905158625, 9.74246769133413, 6.842679702944908, 9.607957233969001, 6.527588524941448, 9.178316075850235, 5.055879035082032, 7.925519012470266, 3.091870722885789, 5.821414282492739, 3.824100756974991, 4.317687475459693, 2.218660654728827, 4.796781975017424, 3.3169339555238944], [0.0, 0.0, 0.4881539451295026, 0.7591766114701748, 0.029566188366969715, 1.5047229921613792, 7.121450545381026, 10.8693284463648, 8.27578537464372, 10.996433569318846, 12.146288498054144, 11.86591956234372, 19.019725990147784, 8.815237297304039, 2.1890223056327285, 2.8106207194619626, 5.130480172479311, 1.025796222106932, 1.2511200237198046, 6.022101973316065, 0.6041533329089264, 2.2556025302892664, 0.26282614531579035, 0.9831207072524599, 1.4884294909168154, 5.046522831120046, 0.8583074353535723, 2.9585553612047963, 1.309845330916989, 4.531784022838652, 11.150945830741213, 3.8104630800441632, 5.479888749389642, 11.174213751210754, 7.546702529764113, 10.116429469214994, 3.3595008655504897, 17.182882101915464, 0.33090612989286144, 10.550372408715884, 2.0998087313294644, 9.25396381332099, 1.384543084653489, 8.968684914245467, 1.9638730826754873, 7.683161286443413, 4.9556862219956495, 13.956145290556126, 21.91183776512951, 13.192330575334783, 20.81025517880895, 11.429816462579504, 19.346909397538553, 13.100727683980969, 18.60612358225271, 11.649384836622994, 15.756002375871965, 10.392806462870448, 15.02612726465123, 10.70150880676138, 12.913694372612218, 10.291665818971776, 10.887395778676893, 9.625809281193396, 9.040338203170077, 7.732171423547685, 7.401491065430249, 8.136959202506874, 6.3686209658355315, 5.763434493576368, 0.9989260535038677, 2.474873529381282], [0.0, 0.0, 0.054743573844026595, 0.3491948429476569, 2.584171765187518, 10.790934847709394, 8.096156489705686, 9.661930438625506, 7.2737714792373875, 11.31572382357805, 9.047740754939927, 19.342957004337645, 15.369641479805487, 19.771135864285366, 15.591726973011104, 17.184341984975617, 9.571120323704823, 1.2542927860419877, 10.614692106199156, 1.047673024401542, 5.186595111344776, 1.3202797697107818, 6.505540284275508, 0.54665933459866, 3.9069612668440166, 0.5450927233219092, 2.636540703538428, 0.6098155327142768, 2.6791322721065383, 1.792262707317506, 11.132525346530787, 6.306324713127578, 4.279448305995992, 0.7026370939034339, 15.663875460260822, 13.880151380162161, 8.218886841282222, 4.663724368151583, 3.8541895779069293, 6.746258778700801, 2.838065581669899, 2.4409577175112127, 3.861086028268709, 