{"initial_violation": [], "initial_duration": 34.5795111656189, "subsequent_violation": [[], [], [], [], [], [], [], [], []], "subsequent_comparison": [[0.11744803743430009, 42.87569991783886, 1.3521708896721183, 41.79052189399754, 1.2484063315612772, 38.889324710137686, 1.379873023131068, 37.663560100658806, 1.6862137389859173, 34.23070923392422, 1.888355757402505, 27.673233655717908, 1.1941790568084774, 22.437300392570577, 5.24129490547294, 21.514385067723918, 4.935830510773056, 21.018588161086058, 3.96016415575479, 20.353867290533685, 3.5365335836178358, 23.542486285986605, 1.1842052154237719, 22.911986402805322, 0.8917028088603978, 21.73819569618887, 0.8456696060032448, 19.94999251819963, 2.775581176026342, 17.671239833124915, 2.425696520286243, 16.241199286904667, 2.2644887555542303, 14.79987497656996, 1.1787010530323236, 13.394730572339865, 0.8844040075572394, 11.033579078346355, 2.0581031134682246, 9.470535821095536, 2.033538590536729, 7.846226470056134, 2.0409749108494672, 6.217343234263371, 2.0887944100528344, 5.188292179468863, 2.117379052158478, 4.6283046697315955, 2.1117491295034108, 3.880396631762273, 2.1117424618734737, 3.4850731199253526, 2.1117358091627123, 3.147959658209908, 2.1117291713509814, 2.9478348596529687, 2.111722548351212, 3.015241053248914, 2.111715940478118, 2.8728592011863445, 2.111709347376913, 2.81957161760359, 2.1117027690275263, 2.694019043535636, 2.111696204533073, 2.689482036871132, 2.111689654951775, 2.666866850486105], [0.11744803743430009, 42.51736633817265, 2.830186152835933, 39.377923175769844, 4.776323768037522, 38.1198254979629, 1.8673669654695708, 37.81974783985942, 3.0129000767205243, 32.032986216835205, 4.953978989812816, 26.225554823899078, 5.885682382203503, 23.644132940966163, 6.072250801187534, 24.377235818802838, 2.8759033976407964, 24.5603764635647, 2.5437533593605766, 25.14746926527444, 4.0528863926224235, 21.570392319115314, 3.9524942916072323, 21.727595336390785, 3.4529224153348284, 21.14378848987856, 2.931392664672277, 20.121915795746446, 2.5618582232337004, 18.518421640725382, 2.150195979275172, 17.34056606986371, 1.970987373867952, 15.103574959582733, 1.4452763469476881, 13.507655653890973, 1.9640958907445036, 11.351837458529852, 1.7577648994686836, 9.572015574154545, 1.6956301586222242, 7.923980994383798, 1.6769750539931265, 6.258091006645827, 1.7448642720435268, 5.192320579099719, 1.757429991538502, 4.6035596045071525, 1.761905398552009, 3.80025174846145, 1.7619143514810576, 3.3616060107005086, 1.7619232959393105, 2.9748063481819615, 1.7619322319025819, 2.731711188115105, 1.761941159222219, 2.798740840388057, 1.7619500784966773, 2.6237536352566084, 1.7619589890793952, 2.5490444068901628, 1.7619678909462828, 2.3860803496651664, 1.7619767837236124, 2.372210850634054, 1.7619856681111945, 2.3310161474069857], [0.0, 39.9280846005646, 4.578026859477144, 39.76563041995841, 4.180139388440837, 38.42732947893604, 1.7475843604957333, 37.66535831683358, 2.5508853581860502, 34.39945981257748, 2.2162943723356734, 28.177792643338314, 1.482020028064503, 26.133695463915583, 1.881307854701403, 24.93385745842768, 2.659378321005637, 25.151707524380498, 2.2520090723419166, 24.80732550232924, 2.3016038832162184, 20.431539734613462, 4.2057023515265035, 20.606379800887467, 3.774710025007311, 20.261093509927353, 3.4612789240684108, 19.51150990570707, 3.133557987436303, 19.4790862216186, 1.2974426978278346, 17.11827482363573, 0.9654218873132968, 15.443332564123104, 2.32385864289333, 13.477598119175706, 2.3287233857739693, 10.973915857646347, 2.1976484613260143, 9.125494631277503, 0.7372469814127566, 7.440801879255572, 0.7857547085409968, 5.720022876236431, 0.9035267040051276, 4.595884896213615, 0.9441317993975914, 3.9603033874406703, 0.9217051494119046, 3.0797358321931556, 0.921674390052762, 2.571335067284822, 0.9216436875702345, 2.114013971756807, 0.9216130419235222, 1.8190684890638331, 0.9215824531070183, 1.914907607139515, 0.9215519209044196, 1.694848640774324, 0.9215214454508526, 1.6102214239133377, 0.921491026705635, 1.4014467074611945, 0.9214606630353884, 1.394558510303604, 0.9214303558879775, 1.3643647920281998], [0.11744803743430009, 40.641469061660004, 5.43988964613251, 41.20039245066301, 2.103400456614761, 39.22474328562439, 3.68626067000755, 36.3980230972574, 5.801498834796913, 33.85420113581405, 3.3270538328012345, 28.171589549015604, 3.6128811235675875, 26.799933657375995, 5.152121072602966, 23.463993431329758, 5.876378807617281, 23.950378507286363, 5.996041928443987, 24.629478665328886, 2.5972755530763165, 24.272660005174174, 3.445567557625795, 24.09166238246908, 2.840906633566351, 22.647465125791822, 2.224915982496427, 20.988799115052025, 2.2159730594667, 19.529200469568973, 1.8964579831294175, 17.28962772191106, 1.5365680112206006, 15.524628225182967, 1.0519134298117712, 13.567570782751162, 1.0184140373268766, 11.376579303748002, 0.5296112935322804, 9.319515820710727, 0.2553316889917269, 7.610844079403014, 0.080738701202787, 5.853225039236351, 0.4295664931828931, 4.692550271466019, 0.36460095611875426, 4.028749055124379, 0.381888630869985, 3.0765107316293663, 0.38192219636098323, 2.511065244667194, 0.3819557309078814, 1.9614639394548479, 0.3819892344066772, 1.5662209463822936, 0.38202270663698085, 1.6772302255892602, 0.38205614807830607, 1.363533931552594, 0.38208955804446365, 1.2114808056804902, 0.38212293643202633, 0.8131063460132508, 0.3821562843276625, 0.7692944757640546, 0.38218960079079894, 0.6308524534374997], [0.11744803743430009, 40.185586589125336, 5.847853587681252, 41.77091483160849, 1.6433350276834051, 40.083512752253064, 4.555518952537239, 35.863295424426624, 6.696020053463441, 34.87685852383356, 2.8521407081200993, 28.781111974845672, 3.0288560475282105, 26.667051013964596, 3.9565117104984164, 22.435258899350927, 6.289230323480829, 23.79181122643708, 2.0912393620315526, 25.44668424821056, 4.690666231842878, 22.60901504277392, 5.373014717987294, 23.371223542901088, 4.684960761961487, 22.302688069363775, 3.810648006747063, 20.877996941406586, 3.011421422822257, 18.966609012038926, 1.982942357790171, 17.266620488115745, 1.2254091734679264, 15.52813612104501, 1.9060819963488622, 13.532151902303845, 1.912844935740663, 11.339641847297965, 0.5496483997905848, 9.348992951283755, 0.26754499860035186, 7.64196350700083, 0.023656411793916452, 5.886564191006565, 0.4231953728636081, 4.728279102600616, 0.3565925967526896, 4.066539719990609, 0.38016046019898103, 3.1177831459096765, 0.38020317875461, 2.5561746121734648, 0.38024585048758497, 2.0116672280792676, 0.3802884753010142, 1.622005837899293, 0.38033105292648745, 1.7289598040281782, 0.3803735841262514, 1.4213307334985323, 0.3804160679455601, 1.2717504489675875, 0.380458504288114, 0.8913007658038464, 0.3805008944030617, 0.8483004527763702, 0.38054323736677037, 0.7183942785854145], [0.11744803743430009, 40.93542234559481, 5.1795661432493585, 41.046444048848684, 1.6860739082518135, 38.92313173479125, 1.74282756501045, 34.93663437733818, 4.663050023200509, 32.01153192945232, 6.105793241732119, 25.456034848130884, 5.55883902549385, 22.48562734758956, 5.2675994868339915, 21.666414035177148, 2.908556244574854, 25.21918842417799, 1.2939495024839984, 24.067146185764116, 4.895035604273793, 21.185231104642497, 3.848855944927091, 22.905301851008794, 1.16696643897001, 20.75100956317043, 1.3885859889264718, 21.03119408890482, 2.4443479662384706, 17.988134671781506, 1.0893729853163374, 16.900481247747916, 1.2016180458270045, 14.80777986130567, 1.1117827701110057, 13.259624937465771, 0.8970002559945234, 10.773286774118683, 0.5752931176765643, 8.728418057780546, 0.6878619479616954, 7.0490256448816195, 0.8877622499676808, 5.336425245685961, 1.0211469507723896, 4.197924787561624, 1.0952599252909305, 3.5100062437739235, 1.0459482842656032, 2.6963383433340717, 1.0458748297372755, 2.0980169012755874, 1.0458014929181711, 1.7166273203221367, 1.0457282737920872, 1.4670563697809607, 1.0456551725685885, 1.3995335365490387, 1.0455821881028047, 1.221464549955643, 