{"initial_violation": [], "initial_duration": 34.82993984222412, "subsequent_violation": [[], [], [], [], [], [], [], [], []], "subsequent_comparison": [[0.0, 0.0, 1.0543498885962184, 0.3119205198979317, 0.4168610194188173, 0.6753480857461062, 0.9149816477937254, 0.7775728593955457, 4.7943770697571715, 0.4545194608310672, 0.8365510339902439, 0.860002241176667, 1.0082361001522986, 1.1562013047999153, 1.17353357354935, 1.3797372104325931, 1.8378009521348735, 3.057579958248271, 1.3209009704970822, 2.0561081640088217, 1.2980849210900374, 1.701992098800823, 0.8786136689170885, 1.2421541669919567, 0.6233295875076587, 0.9674325396917144, 0.24271432532919326, 0.7154105623363035, 0.17867066696811698, 0.30027123608508777, 0.035813452298220104, 0.17904861945718067, 0.20600044533756184, 0.2577271043974143, 0.20752868335258595, 0.147199787195334, 0.39505251850031786, 0.08011206931931844, 0.04884690901253665, 0.04679330432787054, 0.13954843866202982, 0.027134384460056508, 0.0768376087856718, 0.0270346925532408, 0.07679806025837597, 0.0270324780996934, 0.07675914351467233, 0.02703035326378256, 0.03732106659547677, 0.13418687560561227, 0.03730560585099433, 0.13412970149214687, 0.03728956986823528, 0.13407256577471238, 0.037273088525129505, 0.13401560582436958, 0.07657358131593653, 0.13395867515453022], [0.03200970955589063, 0.0, 5.803292824909635, 8.051690323898585, 7.103497175607449, 6.726628690470298, 8.142065931473718, 6.723279125513527, 8.477519925361062, 3.69052200218399, 1.6024051272027038, 0.7521984749815385, 3.4452595322549953, 2.6710260733556783, 4.2239603666372645, 1.081958852565992, 1.1272250569377595, 0.28062665410674026, 0.7415678151406125, 0.5409023251657628, 1.155789291274974, 2.285380519949107, 1.0803057440612995, 1.6264836454536826, 1.520128033626928, 0.2222679686095495, 0.42782554756994773, 0.11557418395606109, 0.33670274675983775, 0.105863140420842, 0.2632244024976868, 0.6796491532739986, 0.5794452650290849, 0.5023678775004549, 0.45687772876457033, 0.2070241888369334, 0.19726767509807397, 0.2332969871497325, 0.3254761639254996, 0.3565501846544637, 0.10058800574035398, 0.24748855136176448, 0.10039099101105009, 0.09670629460914083, 0.10035905939363313, 0.15864597798774394, 0.10032768158726485, 0.15902936411816027, 0.10029682561347919, 0.1594129287987396, 0.21829240545586281, 0.1535047598430076, 0.2186573517951045, 0.15345360862023308, 0.2190218248193749, 0.153402624216953, 0.21938574090448054, 0.15335167042212677], [4.3746069383266227e-05, 3.2766521486501654, 3.6796029952833185, 3.6538619424800736, 4.064595093752557, 4.149390451824577, 2.74867520145887, 3.2374273685813586, 1.500226053989515, 2.8937341337521247, 0.5908994227118031, 6.074616855471456, 2.2449940282389687, 4.914605660031795, 2.8871887244081136, 3.4928414927634326, 2.0431208071429414, 2.663775842361296, 1.8728363072747003, 2.1713323701690834, 1.610544408978099, 2.1155179321579363, 0.9572005337058729, 1.7700451253175804, 0.3208314656555172, 1.3908360952518406, 0.14966429147245533, 1.1517544832033608, 0.20042210225599955, 1.2824635411325271, 0.2217116802455315, 0.7191068998441552, 0.11129975147373954, 0.6141760061883063, 0.48014671856282054, 0.3665480378219141, 0.07448300702815613, 0.35435745960324616, 0.07922443780716802, 0.0885076374793611, 0.1254581170175366, 0.035604529206092035, 0.12592633114187, 0.06317660612684696, 0.12639409926630693, 0.07096575756948174, 0.04023767107608353, 0.07141678331463878, 0.04023394861889792, 0.06274624918344374, 0.12784521389257372, 0.06274341621310872, 0.12831109173782257, 0.06274053822951671, 0.12877642183289956, 0.07327426211997203, 0.04036108697278672, 0.07372814378494304], [0.0, 0.0, 0.35060813812886404, 3.6539588610554996, 4.081501164387433, 4.245472553029545, 2.7935655375381754, 3.499917435222765, 1.4826250775753047, 3.552224336289475, 0.46586764688919796, 1.5023829792389902, 0.4418641461453694, 1.4290943633951854, 0.20195017350026678, 1.2691413037997665, 0.8330000255657867, 1.4794144182330136, 2.633995650981986, 1.4801178887029256, 1.6230385058504941, 1.9697182872086958, 0.9071815801228338, 1.7751114070106044, 0.11708939235413343, 0.5371961678678935, 0.30704947872035315, 0.9479921529265879, 0.7267628516232789, 0.7991195850343433, 0.47996697453344617, 0.5473953019672483, 0.46115318435171776, 0.4195601066565779, 0.38484192758111524, 0.37123561230197194, 0.08086801109328152, 0.35279976015169867, 0.11128347264211616, 0.06902758653069485, 0.06537159791985948, 0.08362468958077879, 0.06536050207657912, 0.05035834121228153, 0.065349037127446, 0.057253060390093855, 0.08391934972949938, 0.057253830484683375, 0.08389903394075836, 0.057254569603679875, 0.06564193555394908, 0.05045896602707576, 0.06562901451823414, 0.050457681643475395, 0.06561582913684685, 0.050456382929412076, 0.06560228980238032, 0.057068163422812714], [0.0, 0.0, 0.8194476157015467, 8.575199131971546, 7.156082443253627, 7.8396553474163975, 7.6451742809821965, 4.937856650729036, 0.13696797905419453, 1.1243330277019086, 3.2601834229065405, 5.89167679174082, 2.9112725793220036, 6.1522746095663985, 1.5213276688478796, 4.818823775767856, 1.0112635734960105, 4.526285061034435, 0.736855348213823, 3.4447634715087245, 0.8055364041944479, 3.120934399324595, 0.634649309643511, 0.9092811426092483, 0.8113222031409553, 1.9506493103205111, 0.894413246523219, 0.7456192515233059, 0.8124821776613712, 0.608561398616659, 0.38410306216084444, 0.40770292744768777, 0.16074681230112448, 0.36128658559282933, 0.4099072557268417, 0.3869581556644341, 0.07955827586243946, 0.32294538543535045, 0.21049025065822421, 0.14114676274832072, 0.05911176409893121, 0.15222881830268503, 0.05906813480999324, 0.08948923802380494, 0.05902515971890994, 0.0899599733192009, 0.05898284196234244, 0.11770546090901178, 0.14967266023145462, 0.11764555167467784, 0.15012503392846788, 0.09145007309531818, 0.058370538404046844, 0.09192075470213694, 0.05833070527955139, 0.09239141695964266, 0.05829154904823783, 0.09286215681198677], [0.0, 0.0, 0.029409868511685772, 3.6942360554256326, 3.9688733119490878, 4.573140955154003, 4.317547311306004, 5.7964722750949536, 8.65074893202367, 4.583014395805668, 5.020454083320954, 2.663768063186744, 8.480569103130769, 2.979432989007055, 3.5280632820621842, 2.5919463892069494, 3.683060708265038, 2.0282991818342344, 4.963892695425525, 1.8686073812518098, 3.8265017859179453, 2.1105668816311662, 3.1482790398807783, 1.6309843324316737, 2.9899594362912705, 1.2665699691118468, 0.10191361534910152, 2.19668021391062, 0.2701906567181758, 1.5036670494049857, 0.26108763016570075, 1.1483177406094671, 0.1718755626618108, 0.3928343963564565, 1.7825559511492957, 0.3806129241831762, 1.3184738180146753, 0.3307040039092959, 0.08561236064645275, 0.8178984126334384, 0.8653889032527472, 0.09825270313574773, 0.566737951867144, 0.524660325992416, 0.10530032237190429, 0.3495174937673642, 0.3572039260030045, 0.14384635066655477, 0.1050291189999011, 0.19705310831466818, 0.10501330796365908, 0.143389522995392, 0.15818868848422016, 0.1433502686651555, 0.15876435084524246, 0.1018032360509286, 0.1047316102458118, 0.10224939273587756], [0.0, 0.0, 1.222330949737685, 0.04095777156257497, 0.5428889833090785, 3.8912037831394874, 4.215299249308875, 5.851399190330384, 8.86494439478876, 5.570027697116022, 5.3862918943782025, 7.590055248796102, 5.2323414655870195, 2.761251700815056, 4.567696983152822, 1.830068447228246, 3.4064985143359094, 2.8502137893773227, 2.9413959551602247, 2.340725612459057, 1.7471573599644514, 1.6705467856790774, 1.0461131752413844, 1.973470316413147, 0.7227289564272543, 1.8433699233189607, 2.9117923647509394, 0.5245016021049445, 2.944556921325768, 0.3482083287710508, 2.0862745941314462, 0.3837606097632987, 1.64956248831429, 1.4448649488232892, 0.622957929799534, 1.8850798586058901, 0.5236845891775801, 0.3485687556424708, 1.670080810156247, 1.5514999603224127, 0.3344060383321167, 0.3335868638369632, 1.1354797282154765, 1.0826019894304855, 0.06107087103714151, 0.10022731949439934, 0.7391855251782646, 0.6928448348032302, 