{"initial_violation": ["destination"], "initial_duration": 34.51872682571411, "subsequent_violation": [["destination"], ["destination"], ["destination"], ["destination"], ["collision"], ["destination"], ["destination"], ["destination"], ["destination"]], "subsequent_comparison": [[0.0, 0.0, 0.9008349222473441, 0.21480869120906357, 34.258070580470346, 5.3804045420015045, 7.613847286214673, 9.909342265694246, 10.202072550916357, 10.018973767657998, 30.729160134280974, 10.0190214552459, 10.0190214552459, 5.810321855514903, 5.810321855514903, 9.981216037481307, 4.067270862019375, 8.25787076000411, 3.4180338343238073, 3.4181524110287325, 7.67408495372932, 3.3139752218151535, 5.746688062526033, 3.825100958110026, 5.464333146716308, 3.3316089638788826, 3.47916986286036, 1.810496998653878, 2.648532306826975, 2.3928701476903687, 3.859123507878865, 2.9176847863064483, 3.648613544668453, 4.682641329521589, 4.135645849152517, 2.2470272228078794, 2.7354798844289867, 2.527969822836438, 3.6009510889975416], [0.0, 0.0, 0.24480680102850555, 29.923089710238937, 33.83079819210122, 32.055145327225965, 5.254792113864596, 3.58438509458082, 3.3812156483984688, 3.359231436659439, 3.359231436659439, 31.651796583049943, 31.651796583049943, 3.3641313047886605, 3.3641313047886605, 2.563158031969442, 3.364155394772719, 3.2250990097345436, 3.3641794947352057, 3.5914277605896863, 3.0239717810389144, 3.0240907369204026, 2.9998280458359563, 2.0804004971839065, 2.457321123146508, 1.6065463700484668, 2.3036877634437096, 1.3641930998007126, 2.0613841113775364, 2.0210536231910132, 3.716010606689827, 3.2443439367813838, 4.733965007264879, 3.583716395561259, 4.64885944881442, 3.6355306418687054, 3.680907707828765, 2.9536619233243973, 2.2601793591141637], [0.0, 0.0, 2.1115851470824007, 0.0721988832516917, 1.6030988308265959, 1.0000443008448705, 3.7412816321364697, 8.786695142991364, 11.899467183401985, 11.899348151536174, 11.899348151536174, 12.001480500371665, 11.991577312641294, 11.991593193250397, 11.991728242895205, 11.991609085373902, 11.991744180454733, 11.991760130957594, 11.992030551050314, 11.992046608947334, 11.99218193131852, 11.99234283846781, 11.378526291425903, 9.45501532662675, 7.4235652153966, 6.486896125072967, 7.124116707442247, 8.888213142887151, 11.313795731947032, 14.788487275247784, 17.298007796932552, 22.13053140756548, 25.140191515913017, 29.867450332426976, 33.292779687875736, 35.62995461843716, 36.98499385693072, 38.571270926253085, 39.071853670997854], [0.0, 0.0, 1.0951187405721408, 0.7739005035176182, 1.0224959856310958, 8.836239382262207, 4.575507009813421, 9.257640686255884, 12.34360055959999, 12.343481507302824, 12.343481507302824, 12.402446986742454, 12.339330924046555, 12.339349727382288, 12.339349727382288, 12.339368545008606, 12.339506566789222, 12.339663569874366, 12.339939959029593, 12.3399590090807, 12.340097326589422, 12.340116446041035, 11.726259327319795, 9.79729830021436, 7.712475704565784, 6.665843196460525, 7.177049571841868, 8.802802243538656, 11.174744635625252, 14.587637417397632, 17.076087680296745, 21.876675014542975, 24.87830910874649, 29.587814629089507, 33.001037947858045, 35.329019633389244, 36.67736512566481, 38.257037445429475, 38.75578363475842], [0.0, 43.728822671605435, 45.83240587675573, 43.070066964544765, 11.484322824921227, 10.088163421099855, 10.865323082187844, 9.226639672193436, 9.331438147338664, 39.18900625694417, 39.18900625694417, 40.49839147255881, 41.52968172964436, 41.529582045761565, 43.305545760949215, 45.21535177206475, 46.334448802772116, 49.0069757695259, 51.6846048656987, 51.27567537613835, 53.87278847195383, 55.398146008043646, 54.792651100518405, 53.66190779231334, 50.44162510412877, 47.99491630435964, 45.926526107426255, 42.71197074072509, 92.66330773182604, 88.41794921372455, 52.62778848649125, 49.48127105459392, 48.1475288920183, 43.87718599419484, 39.706712229954604, 35.79616449195233, 21.6226931967765, 19.018270069985093, 18.110007066848667], [0.0, 0.0, 1.3163545223634239, 30.02557741339069, 34.23293853177584, 32.64769749225601, 12.598580210720142, 8.700059818432626, 6.884042770557344, 33.78022258810041, 33.78022258810041, 33.01529569967492, 33.01529569967492, 2.6694953983841616, 2.6694953983841616, 1.8176664018045963, 2.4170500683678435, 1.0698665088142973, 2.9219258396333707, 1.0298993990931646, 2.9220599374366936, 1.030082278506377, 2.366199090686919, 3.0999965139300674, 2.221877076713704, 1.2831312929812413, 3.1544107224790787, 2.7850211837773315, 0.997267217465195, 2.420196618194571, 3.3100583691120895, 4.218104634704903, 6.695188579732316, 2.6536878117456886, 3.203985017279632, 3.197766163963764, 3.9986346981340652, 3.014837620329013, 3.3114348008469063], [0.0, 0.0, 31.947134650155245, 29.95178412557393, 34.4519032549851, 42.349198708333866, 15.158461085062635, 18.678085590021237, 18.88477478032362, 18.788985267553933, 29.76720448183772, 29.76862965567628, 29.76862965567628, 32.073939993834955, 32.073939993834955, 13.526001592768166, 6.784382184862402, 13.030891476859036, 3.444972326939, 9.379285564476072, 2.067662776666854, 8.817644648951017, 2.0031708051870933, 7.089264219531662, 3.3627507760115862, 5.922399477852129, 2.0050709054351583, 4.617696559390213, 2.242728493959232, 3.837361836485876, 3.7202028067387785, 4.126396048337618, 5.979376075906524, 4.0277711978925055, 4.2103014634426845, 4.072468811570495, 4.174780274802783, 4.634061987423587, 4.345227488957694], [0.0, 0.0, 1.1071616385762233, 0.5045469936969796, 34.19349048172904, 32.48272527302289, 11.485973617287096, 8.001324325244791, 6.3789985972484144, 4.857170696109628, 4.47340371160543, 4.130343664921635, 4.130343664921635, 5.235095081907056, 4.667240030822028, 4.667359094723475, 4.906265935276811, 4.312732124583737, 4.312732124583737, 4.906689951538106, 4.906689951538106, 4.050100002193392, 3.3983005818576637, 2.5600857526571237, 2.3079782230009145, 2.254796495610779, 2.227410134530666, 2.3156700652613034, 2.086842430240539, 1.8564848640403042, 2.0130140836495696, 2.16573383256581, 3.0933833519091998, 4.284129174845497, 5.7857870522884465, 6.872628141245076, 3.7536267022129772, 3.135085521840105, 5.328801429853982], [0.0, 0.0, 1.5412834091922836, 1.0385801476214083, 34.09778440985046, 32.170638620458504, 7.631409176200404, 4.639983969698741, 3.969390298336253, 3.6620051475255475, 3.6620051475255475, 3.5269068393067724, 3.5455611954066573, 3.545680174121197, 3.6000869930452364, 3.6002061501769447, 3.6050385689575086, 3.6234527157161365, 3.6234527157161365, 3.6051970293162134, 3.623474449183336, 3.2767609976631915, 2.2424952639160916, 2.4328027924432005, 1.7053597761669173, 1.6018364677445107, 2.379972106531523, 2.8066043780359005, 3.165420933148463, 2.5157968198246263, 3.4201120195578194, 2.596194928442751, 4.7737652868054345, 3.7116518852652116, 3.4039521142048406, 3.6900084446549304, 3.342859955197469, 3.1721725470808413, 2.4044022494507713]], "deft": [0.0, 0.0, 0.0, 0.0, 0.0, 0.0, 0.0, 0.0, 0.0, 0.0, 0.0, 0.0, 0.0, 0.0, 0.0, 0.0, 0.0, 0.0, 0.0, 0.0, 0.0, 0.0, 0.0, 0.0, 0.0, 0.0, 0.0, 0.0, 0.0, 0.007687183057050426, 0.0, 0.0, 0.0, 0.022986117729767542, 0.0, 0.0, 0.0, 0.0, 0.0],