{"initial_violation": ["destination"], "initial_duration": 34.67002463340759, "subsequent_violation": [["destination"], ["destination"], ["destination"], ["destination"], ["destination"], ["destination"], ["destination"], ["destination"], ["destination"]], "subsequent_comparison": [[0.11614666291624495, 0.0, 1.9535975198437219, 4.829513415399255, 30.159549846405373, 1.6962095546027647, 2.078834967208074, 0.6244493202211338, 1.0699467029682286, 0.5412218246581282, 0.2056850361408025, 1.191858738438892, 1.04385872902685, 1.026790481180289, 1.1316500120447974, 0.9931376771922099, 0.8329180830039788, 1.7327822066366034, 1.2607671194638057, 1.5921750561290549, 1.8456686555312916, 3.1807971041455434, 4.346802430090244, 0.6042329428918635, 0.9529091192153409, 4.636434682065334, 2.728752600382719, 1.146425265344867, 2.6006425116693843, 0.7550290262554721], [0.0, 0.0, 1.6636590499361177, 0.18802480876656144, 1.1356825379107378, 4.571587024669801, 4.54428681924942, 3.3793006284602143, 2.5482100197894577, 2.1061041605982824, 1.4057166844181253, 1.7937931984042705, 1.2551297162162627, 1.4441264402776528, 1.1286171804108316, 1.4441373257908414, 1.013178635412597, 3.702571853629914, 3.1338379695414282, 4.647338507060624, 1.6148920798748523, 2.6601016727298736, 6.027325228927135, 4.741609842397343, 4.945932828021734, 6.629869973262018, 2.7236852560082663, 4.865042298174693, 10.271645955675178, 6.909937525673866], [0.0, 0.0, 15.194857485751054, 14.774425883589561, 30.052463598040166, 2.3291354713303867, 1.4515391041036694, 1.1292117228544538, 2.2512683503711686, 0.753008442675784, 0.5881273419365755, 1.0702076670678096, 0.8309810672941451, 0.651953743459581, 1.0066419115545329, 0.5656364147244634, 1.0183701371880576, 2.0282033748287676, 3.2282128174495264, 0.9449274126782652, 1.060836686930629, 0.6586446700309633, 0.9885540055644977, 1.4308330695807128, 4.748639840251809, 1.561437779054777, 7.949640053305693, 6.168567445590541, 7.289316427813412, 6.7829660875566145], [0.0, 0.0, 2.6172719448269093, 1.3153254814697908, 35.90136648351986, 34.63499914791098, 20.207602310247463, 17.963511830440826, 21.327640285878328, 20.51896600696312, 19.398229289553207, 19.37409436738631, 18.867400169356678, 19.060553547115003, 18.930136232342516, 19.06104665142307, 18.77536690771683, 18.241678279228193, 17.677825389111923, 15.35197694894292, 14.549492461969086, 10.905627414675703, 8.821242344904123, 6.28482419805172, 6.271911013777821, 10.537387495057105, 16.559600492302256, 19.53637339121181, 25.080945674977162, 26.99017986923216], [0.0, 0.0, 2.6759271240600806, 1.3048387299098692, 36.03774266452799, 33.04285325838992, 4.949741564111032, 3.1692551528803174, 5.8075307490594605, 4.949893434391779, 2.8579494063122617, 3.6410379056886035, 3.123122926355233, 3.311503144560923, 2.9974694115964833, 3.3115388096759237, 2.882526603798844, 3.0067565517304193, 4.146982519816105, 2.986301769405134, 1.4355001248503199, 0.8695807814979579, 3.8716915450099663, 2.77951506108709, 4.842660477394212, 3.8237463863829952, 4.924154385924157, 4.9339028768790145, 4.10024201580487, 0.7957400349945252], [0.11614666291624495, 0.0, 1.0133048882882665, 0.8076223842976038, 33.988509612098504, 37.98410983983408, 18.180291941856364, 15.962952314856047, 19.128363788210873, 18.31850056253982, 16.276293691419824, 17.26783645071322, 16.760469408328003, 16.95333152088463, 16.635764966794305, 16.953558511540237, 16.521586401406548, 12.827276243444777, 10.690209249893316, 8.58451414956483, 8.632285758266923, 9.515917872392754, 14.277494776377237, 18.269281593019617, 23.763703430982112, 30.363783069240565, 35.53497731647599, 36.8401935957911, 38.93210984244783, 39.55209815942514], [0.0, 0.0, 3.7613920413770945, 8.964808460208786, 31.526896939288278, 37.782218654291164, 4.0649788337802395, 2.615297058663768, 1.82661434434929, 1.7652800444435734, 1.3055119288360573, 1.6691884352035011, 1.158203189779318, 1.377686259011653, 1.201604632783873, 1.3308135256718407, 0.923307312560501, 3.782736280882244, 5.533022648324539, 4.751944945567385, 4.254888040700521, 1.1912452334745718, 2.400404613811615, 2.4740492344715213, 5.379769715929452, 6.636102241788935, 5.9783049649741935, 6.102528900689966, 4.495488021563498, 3.4983531510255603], [0.0, 0.0, 0.060322199231534465, 0.19433017994332513, 33.94010783074709, 38.120777530949766, 4.840103791512221, 3.3993249351873183, 2.2785622516582085, 1.9692644785854663, 2.1268931101924653, 1.772739111195788, 1.2427271134778166, 1.4727415314267118, 1.1276611477509413, 1.4226844379648473, 1.0391316713512317, 3.7232425385285244, 5.372817295072059, 4.243870040688917, 1.7684097087751964, 4.424566557621975, 0.25571018964360204, 2.0603055725066906, 5.304731684377716, 6.974888165587345, 7.210954115713423, 3.393950524309661, 5.585887498780183, 1.8094374700381328], [0.0, 0.0, 0.11573299012829676, 0.045910768769130535, 0.23382271035780178, 0.5155545149371603, 0.6017882728304133, 0.20622961902781536, 0.3891635526221071, 0.39635345985122755, 1.5234673270217125, 0.07674449599108026, 0.9305872880746082, 0.0691992833623457, 0.9141022474562922, 0.7812981457748372, 0.33280424275609455, 3.263876253943861, 4.181322616054443, 5.75440394173156, 2.824081788594161, 1.1917248734731845, 2.515132001966853, 3.1654638021364336, 5.583531649782952, 6.476979245091468, 7.9650194486783334, 4.014650195034746, 3.2016952098240283, 0.8255727104910418]], "deft": [0.0, 0.0, 0.0, 0.0, 0.0, 0.0007216848838285818, 0.0, 0.0, 0.0, 0.0, 0.0, 0.0, 0.0, 0.0, 0.0, 0.0, 0.0, 0.0, 0.0017919911854096322, 0.0, 0.0, 0.0, 0.0, 0.0, 0.0, 0.0, 0.0, 0.0, 0.0, 0.0], "subsequent_deft": [[0.0, 0.0, 0.0, 0.0, 0.0, 0.0007216848838285818, 0.0, 0.0, 0.0, 0.0, 0.0, 0.0, 0.0, 0.0, 0.0, 0.0, 0.0, 0.0, 0.0017919911854096322, 0.0, 0.0, 0.0, 0.0, 0.0, 0.0, 0.0, 0.0, 0.0, 0.0, 0.0], [0.0, 0.0, 0.0, 0.0, 0.0, 0.0007216848838285818, 0.0, 0.0, 0.0, 0.0, 0.0, 0.0, 0.0, 0.0, 0.0, 0.0, 0.0, 0.0, 0.0017919911854096322, 0.0, 0.0, 0.0, 0.0, 0.0, 0.0, 0.0, 0.0, 0.0, 0.0, 0.0], [0.0, 0.0, 0.0, 0.0, 0.0, 0.0007216848838285818, 0.0, 0.0, 0.0, 0.0, 0.0, 0.0, 0.0, 0.0, 0.0, 0.0, 0.0, 0.0, 0.0017919911854096322, 0.0, 0.0, 0.0, 0.0, 0.0, 0.0, 0.0, 0.0, 0.0, 0.0, 0.0], [0.0, 0.0, 0.0, 0.0, 0.0, 0.0007216848838285818, 0.0, 0.0, 0.0, 0.0, 0.0, 0.0, 0.0, 0.0, 0.0, 0.0, 0.0, 0.0, 0.0017919911854096322, 0.0, 0.0, 0.0, 0.0, 0.0, 0.0, 0.0, 0.0, 0.0, 0.0, 0.0], [0.0, 0.0, 0.0, 0.0, 0.0, 0.0007216848838285818, 0.0, 0.0, 0.0, 0.0, 0.0, 0.0, 0.0, 0.0, 0.0, 0.0, 0.0, 0.0, 0.0017919911854096322, 0.0, 0.0, 0.0, 0.0, 0.0, 0.0, 0.0, 0.0, 0.0, 0.0, 0.0], [0.0, 0.0, 0.0, 0.0, 0.0, 0.0007216848838285818, 0.0, 0.0, 0.0, 0.0, 0.0, 0.0, 0.0, 0.0, 0.0, 0.0, 0.0, 0.0, 0.0017919911854096322, 0.0, 0.0, 0.0, 0.0, 0.0, 0.0, 0.0, 0.0, 0.0, 0.0, 0.0], [0.0, 0.0, 0.0, 0.0, 0.0, 0.0007216848838285818, 0.0, 0.0, 0.0, 0.0, 0.0, 0.0, 0.0, 0.0, 0.0, 0.0, 0.0, 0.0, 0.0017919911854096322, 0.0, 0.0, 0.0, 0.0, 0.0, 0.0, 0.0, 0.0, 0.0, 0.0, 0.0], [0.0, 0.0, 0.0, 0.0, 0.0, 0.0007216848838285818, 0.0, 0.0, 0.0, 0.0, 0.0, 0.0, 0.0, 0.0, 0.0, 0.0, 0.0, 0.0, 0.0017919911854096322, 0.0, 0.0, 0.0, 0.0, 0.0, 0.0, 0.0, 0.0, 0.0, 0.0, 0.0], [0.0, 0.0, 0.0, 0.0, 0.0, 0.0007216848838285818, 0.0, 0.0, 0.0, 0.0, 0.0, 0.0, 0.0, 0.0, 0.0, 0.0, 0.0, 0.0, 0.0017919911854096322, 0.0, 0.0, 0.0, 0.0, 0.0, 0.0, 0.0, 0.0, 0.0, 0.0, 0.0]], "subsequent_deft_violations": [false, false, false, false, false, false, false, false, false], "durations": [34.69015669822693, 34.67975974082947, 34.549999952316284, 34.679001808166504, 34.85928130149841, 34.860979318618774, 34.82982325553894, 34.891453981399536, 34.499380588531494]}