{"initial_violation": [], "initial_duration": 34.49053406715393, "subsequent_violation": [[], [], [], [], [], [], [], [], []], "subsequent_comparison": [[0.0, 0.0, 0.12025926717979885, 6.099701668037358, 6.858410848229198, 4.154367342014824, 0.8118584704696565, 9.161179071292889, 0.899079957877825, 13.292940237216843, 11.9186691741371, 17.445952320416353, 10.060271863157507, 15.418123100078517, 9.137072821959412, 14.027079328180132, 10.222686562330697, 11.009559744557421, 9.96564735488374, 10.716668754098745, 12.478824613571282, 8.894137752587087, 10.86295953520964, 1.906726223640387, 5.227012777123093, 3.0665499508122256, 2.701467860554947, 4.5838645443208055, 1.442134529266842, 3.1233449812520466, 4.830800029778192, 5.5215493586022735, 3.9418467194974713, 4.300436771521185, 3.4842172580331314, 2.831897544239065, 3.0340903136705673, 1.634976151396594, 2.5316628349357564, 1.087877011055861, 0.2973972408379585, 0.31111958458567796, 0.2083908433684595, 1.0532089234173772, 0.27521590659525985, 0.5040537112457651, 0.16408778202425306, 0.2110533323203997, 0.2752828990823798, 0.2867839332550803, 0.44992074448503994, 0.5400376229254206, 0.33875509759763855, 0.17385445183139056], [0.0, 0.0, 7.499182912739999, 6.133668729593991, 0.10022497545482612, 3.088507632079884, 10.011165407927562, 0.9519138649776591, 6.126985427534926, 7.134735202696168, 6.1588763567477995, 8.616245071927382, 17.766235506734652, 11.059620548692246, 10.35598467236593, 14.097760961258185, 1.2913708236338597, 5.17621840036234, 5.724362055113611, 1.4723706147892608, 5.096387668622112, 1.0051329846463222, 5.809165591678638, 7.290083936248146, 7.481286482203847, 6.801095489069601, 6.5714511051833995, 6.231448155973566, 5.48969423581368, 6.348603339372745, 5.635774265293158, 5.145976605296794, 3.7454373439221698, 4.769813515078698, 2.9913360831553355, 3.6414186477323547, 2.217478928941361, 2.4244399586352405, 1.612435233544839, 1.7391090924379728, 1.2527180821993158, 1.379730629980028, 0.9919004363026849, 1.5703416441599924, 1.0861770848965375, 0.9383185557534203, 0.4657198064669546, 0.862918703749892, 0.4860160960375591, 0.5974968553885877, 0.18588944259012252, 0.5180566061886047, 0.2924636556094248, 0.09869809871017513], [0.0, 0.0, 11.310321929634663, 6.547951606907129, 6.516323385873, 4.122438633486824, 10.349110216719147, 0.9479078492641274, 5.706965061484754, 0.5833044367913545, 3.568157165340505, 0.22988821039856877, 3.921822415917919, 6.07588219737325, 12.629651878227767, 6.711936238126128, 11.03626815434295, 5.4880326463680404, 6.880208966173758, 7.228721876632383, 4.169076053928244, 8.68352071087272, 0.8251132498262812, 1.1044348971702673, 1.0397058887925257, 0.6243376938113242, 0.6051018444482537, 1.363067831156212, 0.4910392158903381, 1.6617195648601546, 0.6006238100949832, 2.055535475342383, 3.375344129504121, 2.3345587707384783, 2.790658591702701, 1.5895672267803067, 1.8853119227489235, 1.1652144255699148, 1.2328310233426838, 1.0931866989327743, 1.3686501962575666, 0.8834352953077924, 0.8454158750886789, 0.661773528242783, 0.049968511758589025, 0.4022513102079341, 0.06722197893635519, 0.26254248918635176, 0.14167472707191955, 0.21448912497360573, 0.13553531093815457, 0.40761557945485305, 0.11945782016134983, 0.08334664615989928], [0.0, 0.0, 7.1924849583665695, 6.438212266177343, 2.9992153976254143, 4.462644943135665, 10.951513437139797, 0.5824165816752487, 19.96974783439618, 6.931696824689224, 4.270514168156139, 6.73279278353519, 13.991195916656384, 6.307317434971077, 10.528885149014531, 9.494076538894909, 7.713836006134554, 9.496025833279916, 4.286919291880313, 12.343328996990627, 1.9083333712706096, 1.8942795146021687, 3.628976984185137, 1.004651288389505, 4.026556501928441, 1.381299526860088, 2.6345768276530435, 1.152884894493896, 2.3459957890346423, 1.3830457881791336, 1.0269769559807076, 1.578335830216246, 1.1364052951205867, 1.4879890607558124, 0.8883903379536916, 1.006896058124081, 0.8579866714674208, 0.6034129797436065, 0.8861217271821608, 0.35655532979039284, 0.1623895185493868, 0.5602595558882781, 0.13091621183220886, 0.5950943422926066, 0.18199126331950694, 0.650078651533677, 0.1664420535833746, 0.4244369654076464, 0.2419280708515733, 0.43798265734118186, 0.2548215581233353, 0.3697840387063698, 0.3179510552967176, 0.14500000349661557], [0.0, 0.0, 7.7187209743256, 6.152517458630109, 3.0998149157719697, 4.493206408829593, 11.539547401389674, 5.344222398255242, 24.572869920608813, 10.90986461123961, 7.926264168497771, 10.3790287611034, 14.187100579100496, 12.482520194681447, 10.19682797574187, 13.436134914358451, 8.146402707369358, 11.393502910368303, 5.345179333740196, 12.643645474686478, 3.288446205476923, 1.9061305048742216, 2.6353474976586684, 1.3444915260086696, 2.9324207280453103, 0.8594011478340863, 2.067642532998739, 1.9030990910443233, 2.2943544602805495, 2.7087915592574774, 1.7343157638153233, 2.636737149536052, 1.3067133017874375, 2.890895931844856, 1.174064853858524, 2.279459864058907, 0.8083275649188952, 0.913917233179166, 0.6754475680573311, 0.6315217534184542, 0.3331132665710108, 0.7731649816240646, 0.23722888991149793, 0.727579528589014, 0.17021540827360443, 0.6098629195854948, 0.043080718554235606, 0.40600063476844067, 0.06166782662757725, 0.43781448876402257, 0.08170747172894885, 0.40450716433813805, 0.14695682129539395, 0.07242609080858475], [0.0, 0.0, 7.239307048778432, 0.2992228662008826, 3.190656940524749, 4.561643823624031, 14.6995864602874, 0.4248293417251437, 6.065502771040318, 1.4098297023353958, 3.556492682923817, 2.093597836865199, 13.924377794737298, 7.143448192154035, 9.661624507286687, 8.969696803504052, 6.700543381838635, 8.735272306960816, 4.291247727676165, 10.08216888942927, 3.424709158732948, 10.222349151660344, 0.8174255139721471, 0.8935435535076911, 1.706089610983383, 0.9831993769114126, 1.4931621781159494, 1.1529767978801075, 1.6101714932428695, 1.7772211405122542, 0.9410475478689501, 1.932539983316662, 1.025262045767524, 1.842580119354689, 1.0046104295307436, 1.1617617304102215, 0.8716878938595078, 0.50897473513032, 0.4618070845004448, 1.52865507505069, 1.0742459270992764, 1.0725495589099927, 0.8149833486160277, 0.5129962077651312, 0.398380364976982, 0.36887476007938474, 0.28549467451372257, 0.23247697696497105, 0.3920462775285208, 0.22803950672288165, 0.2648743912770167, 0.45398246910551987, 0.19084857911856876, 0.013228607952163485], [0.0, 0.0, 7.707971810548989, 6.231324854849847, 3.3978448320799233, 4.050394446164808, 9.852753844037407, 3.101862604755722, 6.46964150997122, 7.026580689972976, 6.556157341791202, 9.012473892422955, 18.431225110031637, 12.327574184105249, 13.146997555185647, 12.468197507460248, 11.240398973999325, 12.552457705060771, 7.574340725958731, 5.965450318429685, 3.8227834942292502, 3.8827503553509364, 3.5659831040205168, 2.7338896660176975, 3.4401870337119203, 1.636651182373854, 2.3245656829896832, 1.1168917958477225, 1.4913738283045028, 0.30716400698737817, 0.6948426867077105, 0.047554092931134814, 0.34560490326541027, 0.16922061036822736, 0.14866293848219575, 0.6503332364701214, 0.20132541141671395, 1.9178315393104741, 1.5097959792106042, 1.2051374696924333, 1.2710041845587958, 1.0240210061759236, 1.0476341260898983, 0.846942204966909, 0.07601173126946312, 0.3619936130429014, 0.01837987642055772, 0.15951945333595574, 0.13989463338593483, 0.07267012556934183, 0.39241949260731257, 0.15269217365173593, 0.3923997880846378, 0.38411769145396474], [0.0, 0.0, 7.299314908626594, 0.22870590657670667, 3.3493164645732714, 0.1365718492133761, 9.89675779550406, 0.976154492219889, 0.4343199919320187, 7.473790056212813, 1.2063208408444694, 0.3070420617453801, 3.9349067524280383, 6.086349170519805, 10.091907454425908, 9.600768154446406, 6.761328074741593, 9.324647673817086, 3.990604886283258, 10.758898535718764, 1.5314309185606678, 2.2013425113587624, 1.9265857502967243, 0.978972982766616, 3.0457751812920226, 1.049785513586322, 2.85255150156462, 1.957267686410575, 3.1761117929587654, 1.5385368484460828, 