{"initial_violation": [], "initial_duration": 34.82972693443298, "subsequent_violation": [[], [], [], [], [], [], [], [], []], "subsequent_comparison": [[0.0, 0.0, 0.039271381044944535, 0.47623942793718127, 1.206814646467982, 0.7896227310820938, 1.1024363911116561, 4.484240210855772, 2.805600707937214, 4.712531644867484, 4.493688209642423, 3.7531376967987673, 3.7650255045222725, 3.1130276839745186, 3.4265613578201366, 3.297656222256832, 4.3490628402297995, 3.4680663950041124, 4.590194620121695, 1.9226741376685401, 0.6405993667753787, 1.4578418197591854, 0.15328140927720216, 1.905999196040955, 1.9730384644026926, 1.335757450836122, 1.5446742233431845, 1.1655867569567089, 1.3222857730457138, 0.6943637659082145, 0.4937775873488192, 0.8820443370807903, 0.5169397661894334, 0.2622926883215124, 0.29810477815703906, 0.372995802713077, 0.43906445365131797, 0.2795757048382288, 0.4339497288437726, 0.35122900572298626, 0.3000679224521062, 0.18438710625896762, 0.2431889906617322, 0.29259263932304613, 0.1864348969139755, 0.29259953082145124, 0.24336571905634266, 0.20435128336153488, 0.24336644882168484, 0.29261360542557113, 0.24319182512577625, 0.292436962039889], [0.0, 0.0, 1.8051486254012692, 0.4659763044857345, 1.3983164185346448, 0.47491192978208563, 0.9545804168636461, 0.8559690291725377, 2.0536180952407252, 1.3362909539384413, 0.4955988783523212, 1.5013278891725725, 0.39449371669964567, 1.2737637204871008, 5.195333257901083, 2.070511991726789, 4.141763303469895, 3.68225937821657, 3.304195641025972, 3.4710480480877157, 2.5342150076866994, 2.977235389769398, 2.021283858996625, 2.4483686752331697, 1.1914085528651992, 1.0881934492042273, 0.7303413692015172, 1.0244802523449934, 0.8742139612581924, 0.4643014270864555, 0.7775026480453034, 0.39907579469566545, 0.35303023335249106, 0.3916347029256443, 0.29155814824176746, 0.3680412274188432, 0.36730485457440903, 0.3271845557371408, 0.20900052422983698, 0.20155425763042198, 0.21454804126281685, 0.24293652910878905, 0.21729297777423198, 0.24295796183085036, 0.21729568692683157, 0.24297933306485592, 0.2172983785536909, 0.2430006409153557, 0.21730105234513894, 0.24302188522155588, 0.21730370857223283, 0.2128462551790905], [0.0, 0.0, 0.06150690480220875, 0.5022308738941117, 0.6539204092391838, 1.7584573946199884, 1.0036292250996686, 2.895336050227706, 3.228229344984039, 2.8945969673394223, 4.428336100531397, 3.635200240216942, 2.2719199211751437, 1.4993923605024375, 0.3747723392388187, 1.1729589276638166, 0.12724323302174795, 4.650518796342254, 2.0535811369492825, 3.5067946415988978, 1.8983403589376444, 1.6285393493338347, 0.058865499410728224, 1.0376667884172346, 0.31099681010824, 0.8688279762294278, 0.2600964444802288, 1.0289558635263254, 0.055479165230624246, 0.7253952271743601, 0.1328713242289413, 0.4696876808211194, 0.6293145874797398, 0.19368432319303622, 0.2551666058020021, 0.5316617990484106, 0.2669022251072408, 0.41378981490067135, 0.39125796960115716, 0.26311550733149836, 0.28806415784858974, 0.20080053022024896, 0.1641299214245786, 0.20076338929265286, 0.22104316607183108, 0.2007262988002847, 0.22105269430377236, 0.2731236074466293, 0.14701850029632496, 0.2731400817457644, 0.22107212782424526, 0.27295615362079684], [0.0, 0.0, 1.7852705892607192, 0.4869789330718317, 2.0513030237801195, 0.7006751994605706, 1.3247849208765454, 0.6890520290554746, 1.9081589326118886, 0.23616335464524393, 0.3725542952393764, 0.6723859995105828, 4.190386047340912, 1.964424044153224, 3.8059327481381073, 2.0244436034740723, 3.8368743164655297, 2.790893302942653, 3.3406616965352387, 2.0259491581089426, 2.6057869381340826, 2.174581275579442, 2.6020040446526314, 0.3713611263308018, 1.1340282368241954, 1.1057414448552463, 1.2942340117747715, 0.20606658626458343, 0.785025480050034, 0.21697979193765518, 1.1564105338892448, 0.402660073614417, 0.6215706602219278, 0.440394737631246, 0.32585252340425763, 0.4352581271980708, 0.3786856874238736, 0.2759869427834632, 0.2322837067459424, 0.2398099705122263, 0.24045139555110537, 0.26087720293037353, 0.2616024652262012, 0.2609009014804494, 0.2616103515613979, 0.2609245596182462, 0.2616182119406992, 0.24126480698360947, 0.29053653235297927, 0.2412674544072193, 0.29057205175168976, 0.26099528266016847], [0.0, 0.0, 0.1844205069305506, 0.5545969283566426, 0.9439200717100944, 1.1373566808454623, 6.873878566885973, 3.1686044939064337, 4.3016059636317605, 2.428010199585078, 4.582669554173169, 3.650665919804065, 1.2345568039940364, 1.2833793534531437, 0.5521122072170338, 1.2203380348032935, 0.8035065476752179, 1.3434958292560766, 0.6172198907810901, 1.0412683211306752, 0.38476846526022895, 0.4546726379252339, 0.29632660196712707, 0.37375724436090274, 0.33653480094258, 0.14752119820296372, 0.9223662963558631, 0.14920943545468623, 0.8300377354137055, 0.1626167758876787, 0.8630253568684858, 0.1792993329469891, 0.4043237560287066, 0.15376739116316235, 0.30232880563278935, 0.16444057008378501, 0.38739941937542915, 0.27419666405117726, 0.15611182492783932, 0.22675272340703737, 0.2029755096141981, 0.2587016924383288, 0.18199990346544773, 0.2587265248159278, 0.18199485992121098, 0.2587512790863138, 0.18198986888896507, 0.2587759536372988, 0.1819849299584615, 0.25880054842307526, 0.18198004390796435, 0.1984121242238558], [0.0, 0.0, 0.4565751308237496, 0.7377678043793628, 0.2347089942891252, 0.6594011640623596, 7.814198022755151, 3.281517853982981, 4.44422801504022, 2.6551284695882975, 5.176973433994227, 3.5326989151238215, 1.3647828098888386, 1.478991169082041, 0.3686527069026894, 0.17688745942225687, 1.5589428478989005, 0.37393155465169414, 4.597652887407035, 2.3417065116214046, 3.6555349359157647, 2.2599508077538686, 3.114907337264109, 2.029063989521155, 2.0594127186051217, 1.6786279828278876, 1.2843445276396943, 1.1940077600498216, 0.894978455018783, 0.7143003301292133, 0.9614763442865695, 0.6742772031569735, 0.6490237458345081, 0.2776194778979669, 0.31065668834734894, 0.3020763145550924, 0.41717161560242705, 0.43518960498665044, 0.2190474591952206, 0.3209223148540756, 0.28010244183811145, 0.27334450218601836, 0.253273694073824, 0.2732916812517316, 0.2532630044900344, 0.273238931622958, 0.2532523454998966, 0.2731862530652553, 0.2532417168032749, 0.27313364707470006, 0.2532311183656724, 0.27324625455626633], [0.0, 0.0, 0.7677114544184919, 0.700101862739838, 1.577247632846734, 0.8858462754355652, 1.0391834952031953, 0.9678287169229464, 2.404711069044447, 0.9996364961121869, 0.21163038826738048, 2.9528071383242622, 0.29525323274584464, 1.4216022741676801, 0.7048994381344746, 1.3094314391674562, 1.3896733589284473, 1.8221705296875816, 0.18362335599136456, 2.0453887824022488, 0.5038930283883162, 1.8189841963989577, 0.18416877892110445, 1.7998398309624597, 0.16651967357657393, 1.4415564767473066, 0.428567997865911, 1.0910786269197144, 1.0706731519147508, 0.7669281481770852, 0.9747841039846717, 0.6230978943505604, 0.4894595856189335, 0.23612914263777518, 0.25416779496412856, 0.3063233507174867, 0.4188429897855545, 0.2683558264726778, 0.21545524561200347, 0.32841775524417466, 0.24818259705852772, 0.27738398295467576, 0.24764908375196049, 0.2773318673366705, 0.2476518387282751, 0.24790501504816667, 0.23823948754844285, 0.2479014051115889, 0.23819024191531402, 0.2478978059402431, 0.24766008251035126, 0.24787115813866378], [0.0, 0.0, 0.11907583420648363, 0.7494099579938056, 1.249988797798943, 1.1285568101208427, 1.0278245917553976, 2.2777877040625762, 3.357577340274625, 4.022681965139587, 5.153740394889189, 4.121513313646611, 0.9077077055268664, 3.592180757000022, 4.034012326663493, 3.805998704393145, 5.017834632032738, 3.975101301086326, 4.711883105893632, 2.3793072558081625, 4.674561081589461, 1.8355135383756958, 0.6641493642033568, 1.424272487953995, 0.39261881397130266, 1.5713178024369527, 0.11032857243641259, 1.4071684685137407, 1.0873868059063234, 1.1324985650832946, 1.0803878997262508, 0.2869206736132104, 0.2853619872075793, 0.5902047520076773, 0.2361029767145795, 0.27613031496255747, 0.17467440891961974, 