{"initial_violation": [], "initial_duration": 34.900094985961914, "subsequent_violation": [[], [], [], [], [], [], [], [], []], "subsequent_comparison": [[0.9817268743314344, 0.0, 1.1151674215355407, 0.7346912977777555, 1.4272349537601643, 0.10049094209019996, 1.8147768774229927, 1.0286937979090753, 3.1402931240357588, 2.83929419620684, 6.192311205856756, 2.2658940177601155, 2.4877513624953966, 1.6983955825265045, 3.2948410310136476, 0.8936421074847879, 1.3723576322779598, 0.27372769071575576, 2.5259667236686947, 0.39464202300617096, 3.784689827401816, 5.308636388946606, 1.2758488734397264, 3.1706712786947424, 1.8756405522163757, 6.384341169206639, 2.5130847639347396, 4.397458639445179, 1.422273787118226, 3.9936622529268297, 3.9929831347947977, 2.481926253849159, 3.1870895967686192, 2.2376788103486898, 1.1165692452718254, 0.18074391790198094, 1.5192820905863458, 3.0026917969851796, 1.924307448475527, 2.904900482274622, 0.20570336775235615, 2.0840806318185665, 0.4702858656841288, 1.9390675450374768, 0.883274034078234, 0.6392137125667644, 0.7873021448865073, 1.5416951933827605, 0.7864665778724106, 1.4524612002472321], [0.9817268743314344, 0.0, 1.1944296612357324, 3.4850230576139762, 12.156594326380512, 1.899018944398959, 14.247731520312346, 3.5341350946695966, 18.604602845036784, 1.4572147603063201, 5.332731026767417, 1.744688201576567, 4.795979683573041, 2.4722865639879954, 5.476881233461853, 2.8913021940330403, 5.732977423858602, 3.00501933893622, 6.229695219576185, 4.31083895246042, 7.834565892348168, 5.067104399389696, 5.808491570798487, 6.95918013225767, 3.602922722168851, 5.306885242310779, 4.526137796053795, 7.435124813249525, 2.837921916386345, 5.983325456171605, 2.8319524114648713, 7.643917769618072, 2.810144461487484, 7.680516054203612, 2.3757623668463745, 7.102663954279047, 3.7700770696661827, 1.494367761319409, 6.427572178829803, 1.7008887839855324, 4.956298604514801, 1.4494385833880334, 4.83984355435962, 1.516014430614965, 4.378294916667843, 1.4987862208711675, 4.29829388010711, 1.4336631269192994, 4.104947570966604, 1.6170215322896566], [0.9817268743314344, 0.0, 1.1107859432886305, 1.5434860700347162, 1.4755377469975586, 5.797999442425661, 10.975209066845393, 13.226353713761664, 15.92286499779264, 11.169442417226751, 18.60318042569206, 8.95871923349326, 13.17436095595288, 4.044866159275368, 0.8213086763844376, 1.9526221409596327, 0.9714224022231397, 1.5795478592592074, 1.853271616739736, 3.2276509742270583, 4.846432988354846, 4.578913817809266, 6.402382745481559, 3.302967221455736, 6.152351823590993, 3.9264937133606788, 7.076991559929134, 5.319980869437489, 5.446086106519358, 4.918605521010302, 6.135808361464031, 5.24837562842864, 6.284909188538549, 6.155495286710256, 7.5469407379152695, 4.560130549329842, 7.991919617872921, 3.7950315158681796, 2.646253681667282, 6.786083279060671, 1.4244952481999602, 6.328015087549885, 1.091722864962968, 6.319053672521127, 1.4989276060121397, 5.539333157706889, 3.1136165303044097, 1.6149644759627757, 3.0835821361176197, 1.4536955347226148], [0.0, 0.0, 1.8011734852480552, 12.73003567387402, 9.704490193935973, 10.487677044663501, 13.553695589040988, 9.911786590289037, 1.2539430058697423, 6.240027717748819, 2.9891545076209014, 11.580148119252637, 10.048867791045915, 5.593730445005635, 10.236679260657452, 4.464238970349734, 0.8143382043890857, 0.9647396818066021, 1.7581745335233756, 4.139813939682345, 3.1929657769558464, 2.9577000535415485, 9.694072726260085, 2.3581132076637936, 6.322235504012786, 3.3887701262053573, 1.8883489630583898, 8.168969983585125, 2.5181320726380325, 8.138571786446793, 4.2115950664607436, 8.513061161648187, 4.944000186831441, 5.1449642199907135, 6.171888388410913, 3.58076876907943, 5.874768530382563, 4.376081794676027, 2.7652790325291483, 4.905438158180121, 1.4604014549042041, 4.133433342282819, 2.278533245667409, 2.286104714068389, 2.6020743651775935, 2.5087607110111643, 0.6809848176174724, 2.9804090281062763, 1.4623544511127802, 2.8909333558777663], [0.9817268743314344, 0.0, 2.7765693422178317, 11.321324183176142, 8.413906748572508, 7.239804916579314, 12.24976042918894, 0.09530496083275393, 3.066144150422325, 6.326346583685514, 14.77257220681701, 10.409668531915075, 13.045225665908934, 4.920356679909141, 0.9564092914065193, 4.920279846093105, 2.269800303957737, 5.345340045370215, 2.33485421603993, 5.763335490670445, 11.74708504384172, 3.67779805237021, 9.81001972530005, 2.0404089944403965, 7.983572818953645, 3.498536171011733, 10.763027382405012, 2.4971575794216023, 8.343365084775657, 9.620460634981688, 0.9435744531432758, 8.975061313774079, 1.9124930730903442, 9.583214409474744, 0.8498630895064287, 9.800272818611361, 0.6593274323838878, 8.993313773944442, 0.7279904067600371, 9.429693462995205, 0.862803134048444, 8.89475893573336, 0.9209689540584218, 8.135826779949568, 0.5196733640905907, 8.099218926251186, 0.80809673377092, 6.688670480258938, 0.7205492681309753, 5.653479289730743], [0.006663271239976936, 0.0, 0.9512965425128571, 1.6573574096916106, 8.215823170264548, 12.574860111395788, 10.968582062588807, 13.015879100878701, 16.580915648418873, 15.7882265339214, 17.50279174684963, 11.83004813827544, 13.463643729642449, 6.02362845636923, 1.771022649201951, 0.5950872193355883, 0.5675857554754079, 1.1907355952002405, 0.9486122986402733, 4.273135199590222, 3.284162013418054, 9.990344190974708, 3.5394648871727465, 8.00903692697195, 2.414858713846238, 6.071847628864284, 0.684164980778053, 4.423845049417629, 3.6766041846055044, 2.5934053857752017, 6.588233840288583, 1.555886021099246, 3.488034780657642, 0.8826587874244076, 2.820996973758122, 1.247697519007617, 2.6913757900412287, 2.661872722039546, 2.355651628117417, 2.254745292544415, 1.7091392635493823, 2.068751182479593, 2.3048807683516994, 2.1421106974154234, 1.5226658221916842, 1.6094000280530991, 1.7756579460238586, 1.691421859520821, 1.3049922709704784, 1.2492677152859577], [0.0, 0.0, 2.111390551432088, 11.786220482237672, 8.518256789502056, 7.987574887049541, 11.777300738511578, 9.597250890308478, 15.768238154434522, 10.829704522785196, 17.702920491312902, 8.411578591982051, 14.227867193003249, 0.6654689980177193, 1.312931956141532, 0.4713620072858517, 1.5860553925277783, 0.5670898884467286, 2.0313084059721853, 0.17277154561131317, 2.877286475310501, 5.599619488441346, 2.3825064216019483, 5.657950075735714, 5.307933349101628, 4.089104029120178, 6.303171260609107, 4.894038403888869, 4.224019033806303, 2.919218812601879, 3.6687032185944157, 7.306829564019705, 1.6814353634075212, 7.485641459245828, 0.795377906164271, 4.962416903339771, 6.385332238883638, 1.336227909530937, 7.388919444946659, 1.1461746370491497, 5.3055932924028175, 0.7719037526846685, 3.4604876639645306, 1.0286045777602975, 2.6546940156245302, 0.5598991300032529, 2.696015337299, 0.30935337202968377, 0.31309994676214786, 3.788644081169177], [0.0, 0.0, 1.4523615290984466, 12.715565575364836, 7.6214816182805505, 11.728515223565852, 10.079154185677192, 13.244284410252865, 12.032726745548091, 15.977078325586946, 11.411820051742755, 11.382601675572491, 8.439740015690306, 6.6284202452301635, 7.2467335258849745, 7.2105333426472376, 6.130877868338391, 6.171055895879909, 5.615960103559161, 4.548116128810988, 5.351505811100413, 7.36239354799046, 3.0028915506222815, 5.898915474583995, 1.3067887278597672, 3.515165020740151, 0.36554677725675316, 3.499035842976874, 2.8985257490809953, 4.897184202788912, 3.00935384180074, 3.966384779710347, 3.747555658265556, 6.593265589814514, 4.197760195618654, 4.235020340878234, 3.643051020709502, 2.7592221827312247, 3.305354546916628, 4.397129786742936, 2.0592512664463354, 2.9447466996755205, 1.1978333453428, 2.834257884187343, 1.0467662909722977, 1.935527513853671, 0.5408981935898087, 1.6525559948967483, 0.37976560772944545, 1.2379497824215717], [0.0, 0.0, 0.9987399291437404, 1.0378306963574706, 0.8778132773404328, 3.3273260983702766, 4.341450830805278, 4.578880365460225, 6.357851186085446, 14.796131227224869, 11.15201168831949, 