{"initial_violation": ["acceleration", "destination"], "initial_duration": 34.82669448852539, "subsequent_violation": [["acceleration", "destination"], ["acceleration", "destination"], ["acceleration", "destination"], ["acceleration", "destination"], ["acceleration", "destination"], ["acceleration", "destination"], ["acceleration", "destination"], ["acceleration", "destination"], ["acceleration", "destination"]], "subsequent_comparison": [[0.0, 0.0, 15.30798756693381, 18.654304125438077, 19.013134316471206, 11.009397592175832, 1.0877156185136083, 0.25307101967357043, 9.98070626072373, 26.79534475216739, 18.739642801264065, 0.9553606546473314, 8.221635950191851, 7.979399720426478, 14.81837650775546, 7.767765870731201, 4.782508539557472, 5.743312844574079, 18.263529099730157, 5.333964317299186, 8.305810231424081, 5.439066627434278, 24.794428481217235, 6.691696307223344, 16.316893324200542, 4.346718672705288, 20.90470835193925, 0.8534660178957644, 12.88891212344308, 3.4613425918624965, 19.953178221306697, 3.9090616803020892, 12.378682022143325, 1.7707199504138273, 15.311129560739134, 4.907225672632634, 12.96488249313105, 3.1416046127125794, 16.58439091332943, 3.319882938277347, 31.050422687725785, 14.340603741096324, 33.38941783322203, 4.125748109103136, 34.28231506591503], [0.0, 0.0, 7.593825843257654, 0.04837034925707041, 0.10209331231978153, 7.814508736604473, 5.619414167652356, 6.1056216798034475, 1.628125906828267, 1.9775262874103892, 1.1636640027193277, 13.339571388450247, 21.56687644138399, 22.713030257680895, 14.917358707372449, 20.821042990954243, 16.64055205251967, 21.31907761427782, 15.388427845292886, 16.633318483102688, 13.275787609491058, 14.197233469373174, 15.111667505468102, 12.187695638933242, 19.44907774557583, 11.661830241603235, 5.288959394776664, 4.8679204284508995, 2.823097482434854, 1.2517558144317995, 3.8760004708714764, 2.748827581721917, 8.77562747275636, 11.167738758953758, 4.154701790336281, 9.876121647723004, 7.4951585308932485, 11.6823423563903, 7.77365648198798, 17.977200356433922, 13.514727531943329, 21.693140386974186, 15.604772413294189, 30.553670680980435, 14.228994068911616], [0.0, 0.0, 3.382695869024306, 7.387106834288194, 4.861220129504546, 7.814408718194251, 6.180446015134377, 5.829546282369337, 8.705489271359774, 25.20274218304635, 9.91906061128401, 23.210326615466748, 17.372752298771438, 13.342704166807039, 12.429519711487298, 11.90510868019616, 15.660361301164501, 12.275437885701436, 14.703878441635453, 8.695104204091441, 17.193378246769885, 7.53841323916199, 18.220541817759603, 5.323662438664116, 18.034488208884937, 7.315954905844105, 18.39733859645372, 5.060204818291715, 1.5061154512073003, 2.958927135483729, 7.0454774958129525, 0.8166599570847268, 6.226627790012062, 9.992983004139036, 5.421496678704142, 7.857716321102692, 3.3676693813661953, 8.689139495584028, 3.015018289231767, 16.896455713280968, 7.96120501372174, 23.354691599114133, 12.276270972727758, 15.424610114790749, 13.765462505440441], [0.0, 0.0, 0.5494596200715834, 0.39781237272831754, 0.18818265188516772, 0.45013652882479205, 6.035750304737063, 12.27161219778109, 9.717164324120047, 8.41193601577807, 15.057291121969499, 21.63270477366771, 27.17022583301998, 21.470685460755224, 12.678547866610673, 23.23036834037377, 14.372636696141694, 26.590471545801687, 13.20308335439419, 25.569635409491642, 14.525060745500024, 21.914126844232772, 15.713659598376774, 20.330040367322752, 14.768347873922869, 19.5990225327813, 12.253696425075582, 20.37606326008085, 13.82509497390605, 7.42728857071976, 7.243005496067143, 2.298619206164449, 4.5003058218053775, 0.9789044327360993, 1.2892483906733738, 12.41393724121541, 8.091291337010993, 11.41368496514032, 13.53898103159884, 1.3843992681428756, 4.587794032790284, 1.5253124184808102, 11.798359506292309, 4.471773490259959, 3.6189568835408625], [0.0, 0.0, 7.580512218928094, 0.11636615545289906, 0.052910246185052266, 7.395755894556471, 0.7485000781392995, 0.24891617227483753, 3.0749943450229913, 6.107099262793299, 9.05551021307701, 8.435863931415895, 4.6187243648495535, 4.423244447058087, 9.529968151915527, 6.961607998388178, 6.307023312086502, 3.0642985961501705, 4.022506143899855, 1.8483417111583387, 1.3945228292463252, 1.5845550996828075, 0.2944964271531139, 2.0589381719742543, 3.224708263406014, 3.175168075809598, 1.9744567719240387, 2.7644070384377764, 3.14754137934203, 3.3209036313878286, 5.33991217751418, 17.16697158406435, 6.974849565577441, 2.787933927875322, 3.278793559615381, 2.756452696281077, 5.904068895933224, 8.863982279644725, 9.194403749289574, 7.439723220014718, 15.659685107253242, 5.4997442770654725, 27.63511562616126, 6.822791212683324, 22.347130552173976], [0.0, 0.0, 0.021437721847823703, 0.051086712555498494, 0.37223924235276123, 7.488982734589721, 0.48812530775505364, 0.7615548296108507, 0.13504243607198385, 1.288399975956547, 2.027375339272406, 3.7260472093114543, 2.386369514221121, 5.775550204994175, 1.445235256068807, 6.989493237498921, 0.8325094318552567, 24.96877456914777, 14.593909984596781, 21.334726367269695, 14.47676221714474, 15.370968135705917, 15.313336814885153, 14.278332845587508, 17.032675379366665, 11.418373474864145, 19.484941537225513, 8.202356143164259, 20.178639317819854, 7.592634395605333, 21.793647817603443, 0.4933160913459619, 1.9190166215954059, 1.4578980166331763, 2.003199210352153, 2.4052701070204847, 5.709120966577464, 4.389814233790401, 10.967528085324487, 9.241999595235528, 22.406519316306394, 2.780605936376833, 12.53628404339851, 4.134237945817597, 25.855290162964238], [0.0, 0.0, 0.15911524348157247, 0.448438677170695, 0.027253493500757488, 7.375948644931192, 0.43775995634948467, 0.9928932391352646, 9.632630349153017, 9.192158432742712, 7.899028908369772, 0.38631398832273733, 2.1975784331029753, 1.6166482916154512, 8.484419468649351, 1.7802836959559722, 7.5083213187228734, 0.8670591125186821, 7.054807697145423, 2.4367199712870677, 5.07448194801575, 8.153207477387218, 2.2688043258284893, 7.981688887530432, 4.058853302595688, 5.6332328472581255, 4.566939758142619, 4.842880384680433, 14.331435684805038, 18.756165936560915, 20.015379503779222, 14.211185003852789, 5.054427792816979, 1.3864181579857369, 5.0968275359024995, 1.2794838784101306, 5.545738727115101, 5.162479540521866, 12.197096235720682, 22.771039408701228, 27.45865492719152, 22.304412563065398, 33.66290024709579, 4.4733770916880875, 25.435835897829005], [0.0, 0.0, 7.289118808793484, 7.506219445185727, 0.7604185859386875, 3.3506135381940765, 10.112432993232202, 27.68233606560958, 18.51546666619827, 12.15246724142999, 3.880394824296076, 12.14902898278041, 6.043584377473551, 8.994902657753192, 2.6184556895339255, 7.406239501459007, 3.3882015552294753, 22.23912273966782, 14.685286245673964, 17.197858920418753, 17.932143166900147, 8.684447722034458, 24.827716188921794, 7.789842557072931, 3.0624969465968563, 4.619751122795649, 1.4451971887714992, 4.985006966255222, 1.5248092048381952, 9.682175650221005, 20.052939450178553, 10.90950410299832, 19.213080448714383, 6.106189939194263, 0.7674708599769894, 4.509351285294645, 4.026050749603833, 9.034852684093282, 17.476415791519234, 5.914665423194553, 10.622856036206787, 8.06682008360656, 19.9719177795794, 10.122994355251477, 27.462945131525284], [0.0, 0.0, 2.927898093288684, 0.25917287964970614, 16.220034153587296, 7.446424088750679, 5.289617820656968, 0.3192573370683136, 5.418454880583859, 26.157147977078836, 16.724008412199094, 19.116107290762855, 26.839273462357745, 11.061208716637625, 0.8812806163591549, 1.5280637253579605, 6.043422918808555, 16.65512632363706, 16.90376918640238, 2.362103971217846, 0.4691417593335188, 17.86145920015105, 15.954427189648202, 12.980415958781487, 2.9818666225560944, 3.508950071095411, 1.2072234657978234, 17.276587700574915, 18.750791168729375, 9.875401291645646, 0.9060470117118947, 5.395098395305656, 13.745865922883183, 9.629715930822638, 14.90983792965058, 3.196388230082357, 1.3689584134881971, 11.0662796059875, 18.140406495732496, 