{"initial_violation": ["acceleration", "destination"], "initial_duration": 34.569538831710815, "subsequent_violation": [["destination"], ["destination"], ["destination"], ["destination"], ["destination"], ["destination"], ["destination"], ["destination"], ["destination"]], "subsequent_comparison": [[0.0, 0.0, 2.3441733154465343, 1.584791599636935, 2.129869755019843, 10.33380605008026, 16.284304703003595, 22.3474527081409, 64.62934648108138, 4.087914220586039, 22.172720481837473, 28.397329071478868, 28.3187666763507, 29.21362257171681, 26.831675407815535, 27.94399847963997, 27.97047606123289, 25.49685449519484, 25.498200085366594, 25.418741951876235, 25.418741951876235, 22.673780386077098, 22.673780386077098, 21.191809679759707, 21.191809679759707, 11.56167646552976, 16.52429464737725, 10.364586924828865, 8.929218159384325, 7.279153617563575, 6.522543466024839, 4.606996414272303, 4.608272688674799, 4.451193592737955, 2.6389615526068257, 2.835352298187278, 1.4467879373686416, 1.5663508917438658, 0.7387884322425484, 0.7836741694923947, 0.7817335366896762, 0.3798567795590334, 0.3596160823079258, 0.17926377451772654, 0.14797861695624098, 0.0866968227374633, 0.0710932770182982, 0.06214204954007853, 0.054293457141451736, 0.05574477926942739, 0.04861177015992799, 0.049624779127780315, 0.054056111386259084, 0.04770953834830612, 0.053844174271212686], [0.0, 0.0, 0.3915465322690968, 0.040568563951479765, 0.7355116531949119, 1.209823637541932, 0.6571368096491093, 3.559920789890916, 48.2898374173457, 0.7568726347931575, 27.439774179884868, 34.72888761366083, 32.55707492043193, 33.65935796688597, 33.60725516534611, 31.912308113436357, 32.4827209394593, 32.48406334232903, 29.455516154751628, 29.456812657957858, 29.926758510026417, 29.928059183835213, 27.400429030002154, 26.45513096798974, 26.45513096798974, 14.396192305145675, 21.17140305161232, 13.271793347153267, 10.58152351282876, 9.388264246129205, 9.399227794643313, 7.539900472811605, 6.907141717495922, 5.39603711102192, 4.5412154610491395, 3.4477447603599276, 2.648950812163091, 2.0462888692024404, 2.044752551742579, 1.5491529407253342, 1.0902390703043547, 0.7729336644107262, 0.509345716988097, 0.395205579270133, 0.23210110645596188, 0.16837943021287005, 0.10491700265198876, 0.08285949562171621, 0.053608008432243906, 0.04488274100928232, 0.03378076093451405, 0.030430889771181722, 0.023655202543367216, 0.025926730527617174, 0.021333152702919727], [0.0, 0.0, 6.5438702963861655, 11.702718964979246, 58.312802778528074, 43.04186513782474, 59.760324776521, 51.64154255656472, 68.98926445404206, 13.357770251747766, 33.262178721203355, 48.68848331901615, 48.62210211549609, 49.56138135891343, 49.095764134452544, 48.94361084453643, 48.969383801665295, 48.51026438182371, 48.16149082882271, 48.16278739203635, 47.392982079454086, 46.75126533612834, 46.75126533612834, 45.32655860981774, 44.503339880678475, 31.302968199425155, 42.65387178558558, 29.492929921630278, 24.718239357239845, 23.861792723813487, 21.275319049959283, 20.674644169894936, 17.894239439257056, 14.526929947755333, 13.856214491693281, 13.96353424351756, 10.433112770585394, 8.308266265251756, 7.598764493756776, 6.167725117590238, 5.465613333869011, 4.222220988709658, 3.6810212253974557, 2.6654241479134946, 2.4178372416657075, 1.5991697150699302, 1.5153347499248118, 0.9934092785753371, 0.5747685331552561, 0.4557462548473061, 0.30959329182109696, 0.260816371704487, 0.1606051116903741, 0.1475324462029278, 0.0879883469641625], [2.445234209252255e-07, 39.42209525442716, 49.86763339023408, 46.99617861332217, 62.60185171637495, 55.048329724537226, 72.4108868933758, 64.91700032039708, 83.33944676170711, 29.552987745622442, 50.42347954373106, 65.59902361333049, 65.15644744906501, 66.05563292441182, 63.418130875542325, 64.13182611168894, 61.41936748100272, 61.42070209059164, 60.30127285118187, 58.33527640632479, 58.33527640632479, 56.61356091914814, 53.91349177984515, 53.91479258772871, 53.20038906985328, 38.21473491276272, 49.72959763277818, 30.44584207966052, 28.38914069677513, 26.153584010176555, 26.165386222665063, 24.083032559258065, 21.262504903260425, 19.487954635304906, 16.275108684054192, 15.117217027962033, 12.169171231655085, 10.666080538730924, 8.528193455296313, 7.1235723335743355, 7.121568867103136, 5.4290951807930625, 4.817613038010261, 3.0180035741591595, 2.8552904995916197, 2.857096613089174, 1.6917448018220458, 1.630403360604122, 0.8727611923636505, 0.9291053569262866, 0.4313058203633952, 0.43930727896630456, 0.17045684213435397, 0.21075434201975837, 0.0795960721547923], [0.0, 0.0, 16.22004755322212, 46.58247896086032, 55.98531135413894, 48.68537852637409, 64.88355688685462, 57.687320774959126, 75.53887718991017, 20.476877335480133, 40.301040203580705, 56.160966412179164, 54.61710449897385, 55.520027832335686, 55.326971262212275, 54.197868621952686, 54.22408523627563, 54.253665269684866, 54.2550072859137, 51.629531739581644, 51.003396728055705, 51.00469535406085, 48.22476755661976, 48.226070787448634, 48.226070787448634, 29.457923002180188, 42.48919797346077, 27.469750707948208, 24.537230568568486, 22.989398388125565, 19.146103628778445, 18.04230447442372, 14.031533950729962, 13.448243882887693, 13.446132310914297, 10.261298539492097, 9.826957168708889, 6.801134087778658, 6.3208769769481234, 3.9612113335420305, 3.959222637033496, 3.8557781384806944, 2.109249066222986, 2.069633882265902, 0.9812615366746745, 0.9830071948380552, 0.9572323808192242, 0.4761667949467883, 0.44525412362545064, 0.19826623388278064, 0.17508118859237717, 0.17676604507475063, 0.07436763162227639, 0.06877360801783335, 0.026403111118868228], [0.0, 40.14870338562635, 50.55641060279874, 45.311525871654545, 60.64352533935604, 52.82667687674132, 70.31744567936727, 62.93962482753684, 80.225518297973, 25.6498998945757, 47.095047965525836, 60.860619911335, 59.56392149104924, 60.471021067287175, 58.72469911167351, 57.46632225711031, 57.49280391669028, 55.653105206082365, 55.65444533638196, 53.84242541287305, 53.84242541287305, 51.965448847031304, 51.965448847031304, 47.239128450728124, 47.239128450728124, 29.788553659748185, 39.96984038308174, 25.363379012488124, 24.59644760308954, 18.90677170522109, 18.75695240311352, 18.927116725307066, 14.289913823226389, 14.325356604199733, 9.753126989511232, 10.04323658550573, 10.044589295043458, 6.6375267135043705, 6.792139072662502, 3.919726834953249, 4.167958060471364, 4.1810209064843225, 2.0752165072727236, 2.336317070592649, 1.079493687425905, 1.1246084668518717, 1.1238858820042505, 0.44177112785216077, 0.5614403548710859, 0.1848728217788942, 0.2283610841204368, 0.2297969259975565, 0.07307937373029907, 0.07874102552264486, 0.03324986184285764], [0.0, 0.0, 0.5511099861946512, 12.113510548024434, 49.93956141883179, 50.839547964027474, 68.24018808134272, 60.88971933921656, 78.24549837127007, 23.377171230466256, 43.81928450610705, 57.35904159511254, 57.13862677836169, 55.70591054540403, 55.06361267829059, 52.90252056548055, 52.92917167442833, 52.20757804997298, 52.20891877238834, 49.36439995641393, 49.36439995641393, 48.337002915077385, 48.337002915077385, 44.08633108734945, 44.08633108734945, 26.997696399574707, 36.17211968564272, 22.883163542744192, 21.462054147442302, 17.60582817775611, 17.61721739184565, 16.96928384729896, 13.176724307217277, 12.602960362069828, 9.61893878268778, 8.724853030122599, 6.565008273988896, 6.633303878225898, 5.627580340821164, 3.920185251587759, 3.440263071354166, 2.079066308512709, 1.8553240416476506, 1.8594977328686357, 1.0416325569952005, 0.9139879150211475, 0.44576682610093976, 0.4353572221509981, 0.1778640749194266, 0.1794793359495391, 0.17394364233765106, 0.06645300518187557, 0.07771855818048566, 0.03377817276101612, 0.051702993746066135], [2.445234209252255e-07, 0.0, 2.9982868897895676, 0.21026917426657502, 2.8801122300082587, 0.18535123244322768, 53.65786816681577, 53.74357501668248, 71.5955736353213, 14.678410419684745, 35.299790341769615, 50.56369813477371, 50.29589737979253, 50.243184772848196, 