{"initial_violation": [], "initial_duration": 34.80991792678833, "subsequent_violation": [[], [], [], [], [], [], [], [], []], "subsequent_comparison": [[1.315272393900944e-05, 0.0, 5.056249008817226, 7.390606783565641, 0.11559130822445668, 7.085139440668302, 1.4748190866144002, 15.039830522220514, 3.5128644217579934, 13.976819862055786, 4.970795746497744, 12.780586708295472, 2.591516998813442, 12.568024013774837, 6.599572910218648, 11.959461856481232, 7.750410193176648, 9.917354473751791, 7.268086901760768, 10.318698879613429, 6.842144306283831, 8.19469900944415, 6.494268898081769, 7.523792725846776, 4.413725670128427, 5.925229939068837, 5.3560432438894345, 4.377704682246596, 4.149613633520623, 3.2645476483097515, 3.206025372725448, 1.412742113680997, 0.1084417867923651, 1.1460385552448606, 0.7893823798552713, 0.9291940160033433, 0.7905397438072865, 0.8191444075504561, 0.2140651619826039, 0.721620761688714, 0.7733926963024857, 0.22914657594409854, 0.27047075712912727, 0.17892429438053234, 0.2317735318529294, 0.05860888254153233, 0.1627240329751705, 0.13313646759268102, 0.2148886452916719, 0.11241675043864316, 0.2456275999823167, 0.09283785482011875, 0.24562626455029535, 0.2409070722623568, 0.24562898210611994, 0.22877916695786663, 0.24563170001878878, 0.2037618764584598, 0.2706555672026046, 0.20376473466761455, 0.2706581719009811, 0.20376759251946666, 0.27066077659935767, 0.20377045072862499, 0.2706633812977342, 0.20377330893778509], [1.315272393900944e-05, 0.0, 7.7908119882019005, 7.3787743235622925, 2.7326043555394968, 0.22595796865144438, 1.3534583398857971, 1.7464641948784139, 1.138466052418588, 3.462716353613297, 1.2969794167442787, 4.2468997914936395, 3.740057850954417, 6.776075700722152, 7.717179045876709, 9.198375319803429, 4.21754269183884, 9.266591330089353, 4.0201191043426725, 9.886145985984625, 2.3631006373559007, 3.0791222520591575, 0.9520550649607155, 4.5704729231471255, 0.116505353219483, 4.123769182687249, 0.2338214844783511, 3.974994150584727, 0.6307986989380386, 3.0714599090864994, 2.070560464173291, 2.6977372949602647, 1.3952473193657953, 2.0557124709314953, 0.60383502192516, 1.7327786276201254, 0.900645958915521, 1.4503636274247402, 0.502939569560108, 1.1495817580045036, 0.7721609861561651, 0.9378133382142604, 0.181282628087562, 1.1163476401798178, 0.2012937512236686, 0.44609512254136974, 0.08760538730106582, 0.4585338502213325, 0.1314693061951738, 0.4292690252898071, 0.15732311857373693, 0.344701938545154, 0.1573222815051906, 0.18595839152293617, 0.15732549262195783, 0.08398678616913016, 0.15732870373872615, 0.1472313424510003, 0.15733191485549558, 0.14723452142694804, 0.1891119608321409, 0.14723838934006753, 0.189115688396801, 0.147242257253188, 0.18911941596146162, 0.14724612516630955], [1.315272393900944e-05, 0.0, 9.15518179557147, 1.4744472991753625, 3.332142898880185, 10.519275755329552, 4.969546329227732, 2.8201958696500435, 2.6561314310375166, 3.181620972160282, 4.628904939210655, 0.101410913247249, 12.167921539559787, 10.475976622093652, 12.35819356109813, 11.229510558588574, 11.713672985317157, 11.131977711717688, 9.771293474856064, 2.6930448157600666, 0.8983296073645669, 1.2045740818719382, 1.1134330901042082, 0.47775260855491514, 1.5652350791644074, 0.46613077687830967, 1.2146478855040188, 1.3792638291573185, 1.4158201789781164, 3.8772272863998194, 4.058849390935887, 3.605334973713184, 3.10574892513378, 3.2311550575624324, 2.2246786896287927, 2.6970676308449137, 1.8812923076826822, 2.3749795162699723, 1.2667334593957928, 1.696412639687866, 0.22177031743694067, 0.1837719610292154, 0.4497148264508859, 0.44867342972432156, 0.3454315398653051, 0.2668775364869769, 0.39118909408649005, 0.330260672408347, 0.2799321608583213, 0.21345207380773717, 0.12280432588354974, 0.35518971915354813, 0.18604710723865905, 0.28619163706320844, 0.18605017331144005, 0.18901108179966686, 0.18605323938422305, 0.2522548861945357, 0.18605630583031493, 0.25225748693748723, 0.18605937227640865, 0.1441818871484513, 0.18606309977637023, 0.14418575507549053, 0.18606682727633483, 0.1441896230025301], [1.315272393900944e-05, 0.0, 3.462929134628836, 7.30609697932797, 2.647551897407065, 3.4840640779245264, 7.828213078432096, 0.6282990056059542, 7.039545888714595, 3.143881934155813, 8.722458433896621, 12.621031274405842, 8.22331258008921, 14.70745980663246, 8.592979829006346, 14.549188892176579, 7.814000092711303, 12.67381386001584, 6.068546377251591, 1.116503973583527, 1.7665205598910951, 2.860266966006246, 2.754620829216055, 3.5509407740961216, 5.209261222507859, 6.693355395773107, 4.386603021129284, 5.84414520824235, 2.528814524961333, 4.529353974302442, 1.5919090195433758, 3.9276224491118406, 1.2185859358867617, 0.4897505830858131, 0.7045319366013608, 0.6111040396094802, 0.19817170979120285, 1.06953494950489, 0.23253440636028785, 0.7041020118551794, 0.22726844002276744, 0.8203115438047678, 0.6231180828314654, 0.49614132694167734, 0.2260962645835436, 0.30704780774160606, 0.14848187502593338, 0.3301873983770124, 0.4073561117922842, 0.47140469243516114, 0.42280705206828273, 0.3596068763979073, 0.18743681185017158, 0.30946909785121907, 0.25446080081354555, 0.21102749692235362, 0.1912187788995207, 0.14934166704814167, 0.3161483528745518, 0.14934484497261175, 0.19122554394481603, 0.14934871290369722, 0.1912292714620093, 0.14935258083478284, 0.19123299897920487, 0.14935644876586854], [1.315272393900944e-05, 0.0, 3.6849170753298797, 7.72614154449061, 5.239568648172198, 0.04896131138553322, 7.999883177558953, 1.8619879518842992, 5.974237748550516, 5.412894473234971, 9.31447840500698, 12.69974643998727, 5.317375470142089, 16.859374647315597, 4.102932884003862, 2.5775412417164696, 4.255846345839427, 2.7335800659639227, 3.7428252806814717, 5.468824736902776, 6.866835145141457, 10.129701740961488, 5.259115336263594, 10.608558366984091, 3.5530590888798077, 10.246730814989196, 2.0508245598830084, 0.38653905306084807, 1.7598444901698256, 0.43960769215362727, 1.988731292894522, 0.5369843704526258, 1.7187427742623267, 0.19042249069949013, 1.6357254662555911, 0.18934745856095586, 1.3267428994445989, 0.220922714580707, 2.1506343201890825, 1.7658536900788346, 1.6379762773280793, 1.2153739857873898, 1.1970103469450106, 1.2542237354300356, 1.2067338029826546, 0.6918393295349254, 0.9173689516556086, 0.09232896087592138, 0.22815869802361202, 0.40484629198481226, 0.06978275309330435, 0.09017957806434798, 0.13302792932270127, 0.4380556778885327, 0.13303126153704015, 0.07009272926726769, 0.1330345937513791, 0.08845915166836726, 0.133037925965718, 0.02521886063364971, 0.06709685811214486, 0.025222728185243144, 0.06710058552860956, 0.02522659573695341, 0.06710431294509207, 0.02523046328878046], [1.315272393900944e-05, 0.0, 10.978645749010562, 7.562243046780198, 5.392559746776753, 3.1604769952288243, 4.870083852761624, 0.5843702067740885, 13.558002982495392, 10.147466849189197, 11.29401308622037, 12.32094255233837, 8.253968324236055, 4.207975526247776, 1.3226152988286715, 0.9047312492806417, 3.491053727822145, 0.5535957196684756, 11.955161993719845, 9.613820456210432, 8.418968640257162, 8.50270746295316, 5.441495533446227, 0.8961992195973302, 0.1575468721388542, 1.0829262903020962, 0.4778913619794782, 0.8911805888294891, 0.8618898433590547, 3.3062417239191064, 3.922143889388148, 2.9880037654793608, 3.179441699576162, 2.4897178134360423, 2.5705937419308786, 2.1469242090276985, 1.9791187614887022, 2.068290378522857, 1.0490670940466815, 1.6644589178907883, 0.12970564439645987, 0.20421504549930075, 0.07949108931220833, 0.3009314521892103, 0.030679075195043252, 0.11939531999112714, 0.018902258939531395, 0.4633169411545115, 0.516380935285944, 0.15917829505802808, 0.11397397409854727, 0.4785067207372873, 0.10490429415282175, 0.17870964182273935, 0.041708665772843934, 0.07636957948660607, 0.041708670429157206, 0.13961366792950064, 0.04170867508547048, 0.0015595411670702327, 0.04171239583894331, 0.0015589457128790244, 0.04171611659363441, 0.0015583596316082876, 0.04171983734954347, 