{"initial_violation": [], "initial_duration": 34.840062856674194, "subsequent_violation": [[], [], [], [], [], [], [], [], []], "subsequent_comparison": [[0.0, 0.0, 4.574155364852104, 7.25355867499358, 4.085714259061754, 15.931777114643324, 4.2851756070596805, 0.24646615506627542, 3.9761151429598756, 0.9521670776986301, 1.9139042821321248, 21.728057858414807, 50.754423093305945, 18.909605160585503, 41.270322488860536, 19.476868956206232, 39.22417690981776, 16.625339257910017, 35.84306642561103, 16.25236063395132, 35.197938896406164, 17.403042205529783, 33.66920175277097, 18.578160047346355, 31.665319786753056, 20.56425503309287, 28.47358766399612, 14.618953095103793, 27.178578273877868, 13.000802364631127, 24.250958509020812, 10.463231666500452, 7.658508148964998, 7.2303012819178125, 17.028852272545315, 6.5420002740155265, 14.445600596256979, 4.479293654061916, 12.830597781100307, 4.7750240477721695, 10.866094602693321, 3.368363672541379, 8.602915427762383, 2.351230206371777, 7.0761406950499195, 1.9506580731258087, 5.777584165767109, 1.2884439030692363, 4.589604398179011, 1.5649410740148548], [0.0, 0.0, 7.297193793561283, 0.06997869839098061, 7.944918671604551, 3.97047457818573, 29.066752952697946, 28.701308346897246, 42.151128426490104, 27.820093655934183, 40.18276221175771, 18.513378657739157, 6.222421570023279, 17.833758027700867, 37.544170105214526, 16.88163537632405, 8.116498306388879, 2.5906052922691556, 9.324615608918617, 0.5358747530025181, 11.37946613739836, 1.8570608098277646, 10.038953272707396, 0.49627731101286465, 9.331339881376357, 1.44213700048789, 9.550892348653791, 15.531392031393148, 15.378947943131259, 11.723925381754693, 15.397868336571973, 7.7732076718623455, 12.001371171287207, 4.4357386800150325, 12.886247875293327, 2.6862507049633035, 10.033180769548082, 0.684499508972414, 6.151270953944009, 1.1049872664341054, 5.0799909750301495, 0.5351209906250416, 4.741954150788164, 1.0683537366186322, 3.888511072176737, 0.8334273306337231, 3.7898833537832513, 0.1934774423062446, 3.040460302048499, 0.2754519890295706], [0.0, 0.0, 15.11387221177959, 11.822088196320758, 4.827032371761877, 7.799361116121997, 16.72357467560519, 0.1729610047203977, 17.910947304095227, 12.737121307893126, 15.824733402958882, 9.50023250629972, 19.23497280535879, 10.252551313568668, 17.37326392261514, 7.259248044515208, 17.680491950908994, 17.540696827655392, 17.81181091808077, 14.139119317233448, 17.533191715692865, 13.464537431316682, 17.675230582230135, 14.14750584516883, 18.28763336945957, 16.179768303327936, 15.466660881405444, 11.403699560653807, 16.94692619833303, 10.612688711824193, 3.5671237878792317, 5.102191205088651, 4.434318254699579, 2.2933826790605685, 3.2682161030437182, 3.325943620694434, 3.562364944355124, 0.9274487441024305, 2.441560395531641, 1.8322928553517042, 1.8681160774226682, 0.737237814422458, 1.7171719440452018, 0.3807272456128396, 1.48723101689345, 0.2541935868962911, 1.5364020932242517, 0.4002147280570632, 1.4616869178582654, 1.0453310618294438], [0.0, 0.0, 7.504744078695011, 0.09812336601837815, 4.776927588600894, 12.027745478477671, 29.306017379602736, 12.086330740882605, 1.82377742886583, 11.112243291636482, 11.170435583164178, 7.479358572573837, 16.500539952625804, 2.4470897623297194, 15.917859866632561, 0.8291849491392834, 25.002208452146427, 21.770447978274028, 25.941425002619447, 18.367052348038115, 29.340925434677253, 15.249580385253122, 28.913888213665174, 16.911011322917755, 27.220502275157717, 16.577258687771003, 25.03613355027417, 1.8400392231596023, 2.4669296224674886, 1.3471919285637544, 3.4048127397439476, 2.9658514178347137, 2.788285996386354, 3.5456321165910305, 11.68308852280196, 7.598067024971297, 9.50113413272171, 5.587779547905485, 10.636165156123056, 5.7001593497810665, 9.31282390316021, 3.5929090732770455, 0.9750829576851919, 0.8376631002943326, 0.9608574988864028, 1.084178569203502, 1.1853497210065818, 2.049078015384193, 3.2097528621510207, 1.0395154506226754], [0.0, 9.433043519332214, 6.49067373690795, 16.2215034480019, 15.883915166830752, 17.565019506023894, 29.000677423790016, 11.747322072586025, 11.791032704345643, 4.630809462037891, 33.29140319688392, 21.284607539063582, 41.59120136228492, 17.06345695599058, 11.773772939155196, 2.8485598052908925, 17.295638704122528, 15.998858191505791, 27.466569072880773, 14.47890960675935, 29.39579622570217, 9.913442770345862, 9.320586130971723, 2.1186633654019813, 11.343422236324624, 2.037042275216201, 17.393635143264177, 11.380147237077638, 16.8042895738966, 5.05456251726493, 9.53616467989567, 1.642425123890236, 8.645755705362829, 6.313544956782423, 8.558644679834051, 4.8584409223505105, 7.862161098763793, 2.488836524878444, 9.423722623860197, 1.9276007910878006, 7.2957931751650325, 1.187270537334375, 3.3187573776714503, 0.5852028277343476, 2.893704242363577, 0.28605133459328236, 2.6964036076784677, 1.0500154120437275, 2.391877688107131, 0.31983556015565395], [0.0, 0.0, 7.281567141877051, 7.161648573218577, 4.851538784146643, 7.1411717191090585, 9.734248257689377, 0.5634191265055137, 9.527056550473638, 4.615821906008108, 10.327869936255265, 0.6480215653840599, 9.498575773228058, 4.798720412305715, 8.987676528273347, 6.733438145756736, 10.182960205551119, 27.7612707186549, 18.291975253300656, 26.16035825282488, 17.211495758770276, 24.807815202441013, 15.924401316485003, 24.641927025462472, 13.593444776770141, 25.002857011721794, 14.100979782552985, 20.20752571798541, 12.286979784331582, 18.846138309004132, 10.90472174796748, 1.2282805846158493, 9.126819852110575, 12.73607832620295, 1.884685721260587, 0.34547771398785354, 0.7051249588866009, 1.2066704212038257, 0.6107990776798504, 1.7211398581649022, 0.258372200642039, 1.1563523923512333, 0.49369322622182493, 1.2150353794443807, 0.2395199096941656, 0.8278112984843374, 0.23275256588100127, 0.6034120539229132, 0.14112183181895252, 1.213288492702326], [0.0, 0.0, 0.17152848825067016, 1.1324002310833678, 7.977769814699561, 4.493084301409896, 20.319059909063583, 5.366254181922316, 12.117408677389246, 3.994570923119186, 14.58019771096166, 3.070302372557928, 12.230607253818507, 1.8774430840807355, 10.43136227171376, 0.9488784961127649, 11.949666603021944, 0.3768806481638196, 9.627495030091588, 3.5128544599254297, 5.382199341121998, 1.697503483889024, 5.195964585459949, 4.745405072857768, 5.455532368220861, 4.27977052343512, 3.267635005673282, 1.3793483536663798, 4.660352122962537, 1.517681462946793, 3.9970308342448844, 1.4009503316394532, 16.540526003238117, 7.156582240766505, 13.747231233436437, 7.177889036469942, 8.86503094158664, 7.072499678564929, 6.776431761477446, 0.8891511128745898, 1.5618401689751842, 0.4071866626021076, 0.8146214465885753, 0.6969194106518569, 0.8687286704893159, 0.8473890133103121, 0.7895422876677779, 0.27998153613155874, 1.041000992708593, 0.9952057965096257], [0.0, 0.0, 3.5112237396381523, 0.9078975681585741, 16.055173961001184, 22.911788182638713, 28.26682172184317, 26.046637727978215, 26.82691371366516, 32.15721058410839, 31.65395237654714, 30.104628622838256, 32.82403584859761, 28.876656678470248, 29.22966479820582, 24.702925366218775, 26.62681200461248, 21.682461359197312, 28.14213895161709, 19.884459409187603, 26.45777107745808, 17.969573187983485, 23.10286470451325, 20.155951894456148, 21.035360250737437, 20.221944613008606, 19.631868861606307, 17.113358487024325, 16.197753070097697, 14.909772391092275, 12.249241602235944, 1.1949024212410662, 5.6262079034480035, 0.9703512637203389, 5.080904237787685, 1.5021310797865086, 4.387130134252413, 1.6739579334485786, 8.655884558725573, 3.8795125289799124, 5.272195799296638, 2.962532770119267, 3.2563596025136303, 2.7224249066653154, 2.2025763583708073, 2.723216922981259, 1.5189679172093395, 0.7336175803033124, 1.132638978785327, 1.59877632855269], [0.0, 0.0, 7.26966416672588, 1.1396092177105401, 8.159976052412778, 4.440004508290351, 9.853397422794142, 11.562899210845584, 11.470152022896842, 38.55283985853812, 29.1509352564452, 7.833660332812487, 