{"initial_violation": [], "initial_duration": 34.85019254684448, "subsequent_violation": [[], [], [], [], [], [], [], [], []], "subsequent_comparison": [[0.034840582423312845, 0.0, 0.30916578543242373, 1.0780432243044615, 3.485114282874962, 14.683080672508636, 25.39313963988844, 5.018932763196205, 15.45085240825918, 7.794355855757955, 10.740528545386374, 6.444029032564199, 11.173982540887868, 6.752865583392948, 9.062582618494508, 7.609645909141415, 6.6370076774872135, 7.384567716453941, 2.053755823901619, 1.8681650997382437, 0.32145215567486907, 0.9106137624745275, 1.2847315657715865, 0.381066212527261, 2.123465544921531, 2.13315158342391, 6.495851227892589, 3.224670058660597, 5.770210630117592, 2.1527306377777604, 4.045605902655111, 2.4055027426440114, 4.16906770956334, 2.6009405216226353, 3.3776474444970743, 1.9826538611062807, 2.567946671741101, 1.6167839213743131, 1.778099893791167, 1.262886632159738, 1.6813647672426772, 0.8845051291484757, 1.353516457026843, 1.0469775681330458, 0.9299769162046821, 0.2461353659304134, 0.9567546994122544, 0.43950716678333435, 0.4853112370423369, 0.30128141872698816, 0.48420057634383257, 0.1551453444199679, 0.17241557864764212, 0.13477916078663446, 0.43422961747570643, 0.09136634345282574, 0.0805759748698368, 0.16363027543635777, 0.19689971394073347, 0.0808401959630309, 0.047057693176214006, 0.1612543646412303, 0.047063149576273375], [0.0, 0.0, 0.04598919965867985, 8.030571651433739, 3.1256992122360545, 14.362727797809812, 25.403222490792384, 7.030768474874492, 16.608454278448335, 6.46064109292559, 12.344956507494238, 5.1260589076491145, 12.304432796774098, 6.354526395643509, 12.302882078190587, 5.404174705027621, 10.077815143296855, 2.5886282046135323, 10.457238923399983, 3.01172769943734, 11.007411066675584, 4.549334878545633, 9.723883476235, 3.5357291588449735, 5.608900375848492, 3.366839608896921, 5.201095584569773, 4.991498402643258, 2.2083126017972794, 4.559661960177382, 1.4144877360519064, 2.0801541363762355, 1.0139411265686142, 1.529045133992306, 0.30258831607650877, 0.7509604623565421, 0.6108451684420856, 0.7213446302658256, 0.9121908206369873, 0.5997494530201308, 0.8392708658962216, 0.4536967280065129, 0.36105757350845624, 0.4770277753584778, 0.2519241717282257, 0.4708060758692329, 0.1616337378119977, 0.7018035308136179, 0.17989084112605072, 0.18055412647905708, 0.06573413278368016, 0.15599444918811237, 0.04312610780054954, 0.05625673349132246, 0.4350398878799752, 0.3609486032907892, 0.42594484100328517, 0.14657018336760289, 0.20028178721343032, 0.09359035787224819, 0.18658448692328286, 0.15522889117713473, 0.186583573871539], [0.0, 0.0, 4.789050158406784, 5.0277588974020615, 22.447600050948665, 14.86117263267679, 10.153186651082152, 3.9475422426358104, 0.2730969383569023, 1.8524121864323249, 5.159600503519364, 1.765206458143111, 4.206564933727686, 2.138066044546802, 5.179833222030593, 7.096811667320717, 14.937964868525397, 7.08312889840264, 12.500774901206125, 9.651265771470888, 8.706955270575335, 5.485352488539582, 2.2591922988059814, 4.74032487834448, 5.463514370704459, 3.7654013644355415, 10.043960548822966, 6.866912190204831, 7.429544930398338, 7.109151052527492, 2.532487618992717, 3.722554966465698, 3.685882857588474, 1.327340318852593, 5.592320611966935, 4.806398916217177, 3.4057782758810475, 3.8271694233009685, 1.996905718806024, 1.8456875065703817, 1.0270247094346199, 1.2834439712128205, 0.8526649019634338, 0.7884921994138786, 1.0214848276616177, 0.20805431642955957, 0.6935451466464211, 0.7192375246990275, 0.7645904130324835, 0.6148006034916761, 0.7662969189740679, 0.32592257465824376, 0.4781136816177495, 0.38273944254885167, 0.40605241319468155, 0.25869942612024016, 0.03240521457144059, 0.35867275231790474, 0.0951600051196934, 0.023038394412036145, 0.06306209431360847, 0.030104162092438397, 0.09513630709897772], [0.0, 0.0, 4.929602095115601, 4.424723304287201, 22.829950691138, 18.35008146042177, 10.648783234209246, 4.429673900354657, 0.763596072089864, 3.989505532008175, 5.4243597046817635, 1.273033939122115, 16.918247642392583, 8.489832207378752, 11.731051932415033, 9.379949273256637, 9.189314072808244, 10.150440902350676, 2.7913370438975544, 3.883082048291806, 3.8973643854389826, 7.49693259962197, 6.921062961962821, 8.371091871577576, 2.914594677578873, 3.361763693237327, 0.7089794388933485, 0.820169974959907, 2.8871905871415473, 3.30719680627479, 3.089578973526964, 6.295475150810589, 1.3375063045310625, 0.35230235424056966, 2.3895603199555966, 1.6254096200503403, 2.2509925874675156, 2.7336448332371854, 0.9530032558217255, 2.705181412913239, 0.38949756106652134, 2.024475795959953, 0.18436485572081912, 1.4491023425345178, 0.2890714118759547, 0.02184029937901205, 0.3892690794532982, 0.12446982526832441, 0.4801159212410369, 0.5738579215657696, 0.2560258178544191, 0.3525766708472016, 0.06876023847697191, 0.39708831029580755, 0.047339149020376045, 0.30292987596234944, 0.011141738051518357, 0.11586229266248689, 0.011141949594070676, 0.03479907945529737, 0.011142257523147958, 0.1347374220712852, 0.0111493490580892], [0.0, 0.0, 0.0390234887820395, 0.027012985393006287, 23.44306394474425, 7.321521376059784, 21.066963279173137, 5.338958559532113, 14.107952190798704, 12.719848708450737, 6.331305646408333, 6.0464333268254435, 3.6851023255386934, 1.936969747362686, 1.793859543612173, 3.747931403198165, 3.248342448509636, 3.5047513852530967, 6.54983175242998, 7.109526078026607, 3.2441401437109842, 0.5418828125082739, 0.9378903468896274, 3.112456272574241, 3.64344194474446, 4.1536570544303, 3.1530340384323625, 4.902762371657604, 1.6947626734133556, 1.0866582696389484, 1.5916975821253603, 1.5715776224691642, 3.4618520526201197, 3.9720628730545515, 1.2863574210536457, 4.1519041257062606, 0.44567371812298234, 0.6119670597584391, 1.059324908707787, 0.15429698355240817, 0.8753281740983166, 0.23826714363244694, 0.8614978036362358, 0.9116527301562619, 0.7570022853129169, 0.9141542972995071, 0.808032389350186, 0.39638762974999814, 0.1769440998946081, 0.4138264737489038, 0.15595297223136173, 0.18683734774243344, 0.15881702657109215, 0.4143257954647333, 0.3722790340367821, 0.36354458981303817, 0.13595098499011254, 0.07623133410120288, 0.02172240252210915, 0.13187691609837862, 0.02034841361877287, 0.13926274751491696, 0.02035375165219954], [0.0, 0.0, 4.792113228926683, 4.997257010244605, 16.493454551333528, 11.538986285198982, 21.637645250711962, 12.136506561970622, 15.449262770694508, 8.157086071789534, 0.5010973609564012, 6.344074265317893, 1.0609845140855498, 3.995009350009464, 5.138887694570295, 7.005764544327023, 10.612683491285573, 8.47681448265619, 7.278370965028014, 6.200989258965392, 0.7568281138785711, 3.0394291259406914, 9.596125308589077, 4.783032886159388, 5.268920199506923, 6.097907958727548, 2.0782337064023637, 1.5391174034110184, 0.34289745543786504, 1.5206993668289726, 3.2032715990800424, 3.4769440505487603, 0.7999197246603709, 4.4885402374353065, 0.18602483583193505, 1.8787312013755888, 1.083292708422184, 1.9314906616665797, 0.9004764604985397, 1.5020561991160826, 0.15426047769000503, 1.3157470553839858, 0.2511394468905549, 1.0102015872425933, 0.27491402651721625, 0.4103943714874, 0.05658918839454275, 0.4137950119641078, 0.47137269601556825, 0.7237517849133948, 0.15603889867724818, 0.4247059372137054, 0.10339984949929888, 0.41652570177873954, 0.05824680132672321, 0.2997617361899275, 0.06080128161761526, 0.16448357786381765, 0.029551223750486976, 0.11095490187802445, 0.20455877745331522, 0.08046630253224978, 0.20455116939148038], [0.0, 0.0, 0.3550325870303926, 8.066372350550271, 16.235274011741698, 7.476905393021185, 25.30852857149012, 5.554222050575592, 14.743449943509644, 13.927231240945451, 6.95336443849745, 6.652748248681657, 1.7100803168763725, 1.94682528475892, 3.3087284109097768, 1.2448224102752221, 5.276927181166728, 5.538320963987264, 10.417476135561843, 9.274369225761074, 7.070153562121092, 4.309548185966476, 3.049337919556404, 1.2446537624980378, 8.928828934189113, 6.305835854599895, 