{"initial_violation": ["destination"], "initial_duration": 34.780494928359985, "subsequent_violation": [["destination"], ["destination"], ["destination"], ["destination"], ["destination"], ["destination"], ["destination"], ["destination"], ["destination"]], "subsequent_comparison": [[0.0, 0.0, 9.516022307958691, 8.854209004752272, 13.957168999030833, 8.438219297038264, 22.34304191593756, 2.7271968420962507, 17.68307029767642, 11.79295354855567, 16.218147710426337, 9.320776818205731, 20.79128699746388, 14.477330039337367, 21.91815770200413, 7.50429966092741, 32.052208986916135, 8.152198237937254, 32.44911481617458, 2.4580744173426834, 23.207612717163705, 12.066906989848334, 27.46810667092552, 18.93478389019613, 29.598826244208453, 1.6628105480809845, 21.31534624612946, 15.323071655784117, 12.230231845582198, 6.944774153483148, 16.331960466938227, 7.465109361573888, 7.6137174351623, 4.611598078622313, 19.043661268845927, 1.466886436025841, 13.450283139504998, 1.4425443206663926, 14.85641249384909, 1.3459267106029058, 14.434207688064486, 1.2061768452356088, 12.57158748170314, 2.0973991311704143, 9.278514941222948, 0.45639905330821084, 13.09341088663148, 0.593633565587125, 10.243353418592983, 1.435125131787992, 9.38537537195481, 1.0769425349303468, 7.099956349905397, 0.7695282401846337, 5.305679225832882, 2.290640132401673, 9.337926483388252, 6.593813350181147, 12.920304813562542, 10.970810669757029, 16.57575666789303, 13.523134356493282], [0.0, 0.0, 4.02171303412758, 7.470017444459554, 11.265814621285331, 11.497396724032045, 2.5068390067609214, 0.8541841269413335, 15.493963084038914, 11.060728816336985, 10.716643208170062, 3.8024579961388856, 3.85746765975706, 10.17724868906939, 16.94852400520842, 18.48293168686169, 15.657331415516408, 33.28345832520936, 5.910986658253399, 0.58053820601515, 7.522171068085056, 2.8800330498008972, 6.547801401642456, 15.28835774853771, 12.462797279076355, 11.392171807912813, 5.0475119724219875, 1.1192557831402448, 0.43058602612860364, 5.217610463941366, 2.3105875322185834, 6.760864832675777, 11.108309319781087, 19.062212299372572, 14.758031754754617, 25.96212016885762, 8.386556453560033, 27.75595354536747, 7.301634559059966, 1.692881627840357, 11.397353646278104, 4.371901966737062, 15.063340948707946, 23.10953078024081, 11.658319913178925, 23.64581709521734, 6.40162585631685, 4.188023030558833, 10.307284052270393, 17.615456789884345, 11.009489161653647, 15.701049102553474, 6.463540691858403, 2.5326382024781227, 7.27054385182163, 1.0671002369093432, 6.822099001556148, 10.678233259314688, 4.338682763241683, 6.427606131927898, 0.7201637645780424, 3.7365876920584262], [0.0, 0.0, 3.176017060913822, 6.672202603236205, 12.693220797095048, 8.352030742640443, 11.271112444260007, 13.152311587200666, 1.6906525168563138, 1.7319545775984388, 3.2070081545797993, 10.119450747757691, 9.405134285164943, 18.803282582249757, 2.2747508672637107, 3.1503773470146057, 9.177212207794588, 12.148944553901774, 15.863763769711596, 9.698466207048389, 6.999396990349288, 8.28052844815295, 5.108164360500256, 13.487183364393907, 12.324012661698227, 14.99061630588001, 1.945726245995315, 14.067628533306229, 5.802992690956409, 18.87283869275554, 5.829517603024358, 25.270741388890936, 6.239377432409676, 20.798023034561748, 4.351415177413784, 30.212520478972145, 10.02747003914171, 30.322207533200626, 9.740411316122723, 20.44672835617029, 12.164993350302174, 22.584209090354168, 11.81543280200014, 21.70494558956383, 5.1639162961947545, 22.466654031425406, 5.825484591389804, 20.424559667155567, 7.521322682958695, 15.279084982072945, 8.907313692796416, 14.548823650156095, 4.8151453084771, 13.601469012169261, 7.516215504730006, 10.104592574959064, 7.580885072100043, 10.097625192267627, 3.8225583885782646, 5.921225906452977, 0.3727022973182467, 3.2436414443832913], [0.0, 0.0, 9.516022307958691, 7.949403366009266, 11.943992496160433, 10.475603741264667, 10.253584044679418, 4.496896262577671, 0.11991937308690684, 2.8834016675200442, 13.169650387821005, 14.601602658414311, 1.0219749191130834, 0.034076945340607, 5.714873250557941, 15.255887345571782, 20.599741681960573, 26.318606215763463, 15.212667927124395, 10.430916151276117, 2.7458431064004736, 7.945615151265643, 24.13919589008443, 25.38593479455371, 14.7105330278848, 7.365052810128146, 4.954069984472743, 9.350690650853876, 8.079650377207567, 25.77217444278851, 1.885598910475791, 5.523477973339506, 10.601612647777685, 7.999192215382543, 15.585232415227447, 28.712914621253926, 9.146091236779869, 34.071816827471785, 13.504871527287223, 5.862641277325572, 17.21626341576172, 26.143607155742473, 7.645955913356652, 29.44063869201329, 12.100092855902947, 7.922924471777892, 12.344317474510362, 8.135430733649548, 4.899098819632352, 21.952660102532253, 1.632149218830443, 3.4373384764008654, 10.016357486019459, 5.552185631208627, 3.0455798580792774, 14.495209624633153, 2.057770209270316, 1.0481251932543865, 5.821816651935277, 3.750015445281274, 9.63296832637043, 6.4228686177941], [0.0, 0.0, 4.027346710162565, 7.4759014682301945, 11.817370036195019, 10.066349312452543, 8.445972151803753, 2.8139453267303893, 0.5593297113673912, 3.9084929388814174, 12.072660391954761, 15.37400776097808, 0.26268937612300264, 0.18998658517886965, 8.561828372205614, 18.029797311686178, 20.208358593410836, 27.82577039667593, 1.5285709044710534, 3.2049607817691848, 3.073611498334958, 17.960425315600013, 17.03356186837478, 27.58201900815796, 1.883800967141875, 4.9984441448422885, 13.760088997443297, 12.111576104416175, 7.392723850434004, 7.187073587031937, 6.756690271244602, 17.46150463408598, 5.579378442208548, 26.52510644046233, 5.276573625555086, 34.20785655532243, 11.489724489948843, 9.271649384322554, 13.57884519716553, 12.30094144378385, 16.236749301626574, 25.227194366165058, 1.898821719080002, 25.289278238286286, 3.5053211704421146, 25.471574644185026, 8.26041181826788, 9.623400335125114, 9.057171496091131, 12.36044892625941, 1.489196670162384, 14.24764857590648, 1.9162299005879218, 13.041702309247354, 4.519573896698326, 6.73427675598743, 4.209514139472286, 6.838978739256244, 0.5045133686842944, 2.5588986910345706, 3.4318527165201376, 0.4170826155899082], [0.0, 0.0, 9.516022307958691, 9.036215537932067, 11.120307520465087, 13.015811542997817, 0.9984970497941845, 2.5265265391180187, 1.3269727663281805, 0.48086463944221414, 16.34559931205069, 13.689469171858834, 2.123169462672044, 2.3173936816617084, 7.0005958676659565, 16.85569575978978, 20.453200104058183, 27.077352979821747, 0.8297344625089562, 10.175377278711089, 11.170633702375783, 26.11113024196166, 21.17811176875089, 27.75624474483244, 12.518613747431168, 5.287844977951251, 4.476457292279274, 4.771934732902956, 5.886556027530268, 14.55716713916343, 9.979561417266709, 19.835340948227635, 4.6383020640175765, 7.995578785489514, 2.81232714762287, 9.2849321803074, 7.543678213383332, 8.811250345172876, 7.758467576811841, 11.099102315835648, 9.417921749192628, 17.093533858601, 7.384153720808719, 19.990091317433805, 5.924800841961088, 18.778553625071556, 5.931032648973568, 17.658881508424738, 4.8905102284014195, 6.317324982365407, 4.995946908321844, 4.297823383847899, 4.875944961670029, 5.290165272248513, 4.8963752099618025, 7.632804481182538, 2.5470363862578056, 1.4579622219884119, 5.612246392380696, 3.8630279307299067, 9.204160556293383, 6.210325114982805], [0.0, 0.0, 4.174864813924552, 7.633548753053497, 11.243693351976079, 10.198756333805054, 7.918687478931102, 2.292792984238558, 0.7264236827361348, 3.68953594277163, 12.303248769934756, 16.440868085002215, 0.9204184799445794, 3.4131092687739133, 17.670962624341463, 17.46792512262149, 13.062273516949954, 1.5029361422095937, 0.9538100493831383, 4.2056036838597395, 13.202430447427068, 28.12991739674183, 9.022696851847705, 28.053574085843263, 2.343594700128637, 2.5020109899102887, 4.4383108154998405, 4.564963895005206, 15.96372161887756, 13.150833251937334, 15.450481196066802, 16.676164698128293, 7.571463662988009, 17.507273405785526, 