{"initial_violation": [], "initial_duration": 34.499897956848145, "subsequent_violation": [[], [], [], [], [], [], [], [], []], "subsequent_comparison": [[0.046779576270030605, 5.585243210162484, 9.814483507824887, 12.929454007990534, 9.490701970642057, 4.8702224304549935, 7.42033569785512, 4.4291719959039355, 9.907998080026644, 8.90863430824876, 8.068343800965877, 7.133195657334448, 6.471829191081501, 5.046339286418263, 4.740003506989812, 4.195164651296913, 2.3077562803437455, 3.322200014164888, 3.778498464384317, 2.4020149239305857, 3.2594575624860513, 7.681297074185553, 4.8902468518147835, 7.009656300463659, 4.5277191232112095, 6.625333234696344, 4.741170166924812, 5.9495586588018305, 5.148966598563695, 5.807764165686672, 5.9316524651193525, 6.0697204131852525, 5.950763341386423, 5.397715055873615, 4.935123626377403, 4.52256245127891, 4.4589479478569904, 4.471549694297708, 3.7762817218008853, 3.815743804993829, 3.5997196521035892, 2.4916919223818774, 3.1600837105534203, 2.454143063009007, 2.2662583975649473, 1.7927350739069574, 1.686939396434825], [0.046779576270030605, 3.6447443631322067, 9.907950958669252, 3.697251740539074, 12.858447957958703, 9.36976018557373, 12.14690646370491, 8.603189799388323, 9.82938168227939, 6.497947994105695, 8.582109246072847, 4.615733014739227, 6.186229775766139, 4.883206197653633, 3.85739725850945, 2.093678876765874, 2.1604097618606724, 3.8999374425986693, 3.0083036796944187, 4.790538510845286, 4.1058019041862694, 4.297341162421708, 4.798112032330182, 2.8940867489872715, 4.422275098708388, 2.8874708863525926, 4.637781844198362, 2.7423206140068843, 5.117322361419381, 2.0469789513228327, 5.7269742541876685, 2.727111919031246, 5.289733072415694, 2.349526345982606, 3.842880354506258, 2.2485919842660183, 3.618859288140085, 2.767290936936497, 3.6048761362890636, 2.467272666594863, 2.9912135822814365, 1.1690323628478192, 2.417696959307046, 1.7989666450303596, 1.376936534443216, 1.2135514036312969, 1.0334928974093929], [0.046779576270030605, 0.0, 1.2328366439542409, 2.620280449218729, 8.75983064875742, 0.9771762295688492, 0.03849989738897638, 0.16335763065283973, 0.11899291295001065, 0.5553357479819305, 0.24195233273675137, 2.121125006085805, 1.037071214731637, 2.6289764426508757, 2.3292874048431513, 3.493996490291612, 4.927926788831231, 0.9836414871551195, 3.520168983130393, 1.32252918147567, 1.5534381297785977, 0.751068744022451, 1.4684540104035224, 1.014226025429968, 1.6025150412851925, 1.3649681235053368, 1.1877976088611133, 1.4630776147243005, 0.27805395183621917, 0.879986157653935, 0.8279023168578598, 2.185434207683263, 0.8378425699889552, 2.2308068303667454, 1.4395979668204928, 1.944609948286464, 1.5525110544302605, 2.046178910694247, 1.4393414431050686, 1.3279528285133173, 1.0012305601752414, 0.7825515991873275, 0.7139550480013884, 0.6678250010498016, 1.2224670622470521, 0.8805320788172668, 0.7382862886340373], [0.046779576270030605, 0.0, 1.3311963685420396, 0.6017822644406126, 2.2101648886858696, 17.031797528090326, 10.857032710987701, 9.799882691509575, 8.987818509785567, 7.431332084900574, 6.904706246408019, 5.529376464759259, 10.323787317441036, 7.920326381109438, 9.264820540871384, 6.820474746877293, 5.029512128271364, 6.017757889693676, 6.061013609229208, 6.041159636241979, 6.6230932342354585, 6.664730893980781, 6.616023153781976, 6.515291652791139, 5.730004737637424, 6.386815923571787, 5.50621390198255, 4.976065949585677, 5.459494013084527, 4.262274526411265, 6.187934260646068, 4.423384619242226, 5.064960256714925, 3.233492997055633, 4.914168456030325, 3.128332065064826, 4.904299852771521, 3.5683847231918424, 4.543526766929509, 3.2513434866913293, 3.6052357458929594, 3.646106261391356, 2.756029102172336, 2.299457264822694, 1.6256313281358656, 1.0351055774026565, 0.9966634255694822], [0.046779576270030605, 0.0, 1.409979497855037, 0.44779940884057723, 10.62965791215529, 2.9864630672835797, 3.2692909861589046, 3.5867188516035013, 3.065463136293782, 1.976845720362814, 2.2402379960168934, 0.20860045527546445, 1.199116667560167, 0.9700978816605624, 0.12479942322607863, 1.1606164968190171, 0.6638621900909949, 0.8291541124705833, 0.2701935486586513, 0.764864161513762, 2.323253889329697, 3.1156979575200814, 3.182083896344123, 3.1936205936107185, 2.457742928003341, 3.1898242000882546, 1.7743680634462764, 3.154430262034308, 1.8833613113490646, 2.549165614041769, 2.3616327512981066, 3.194195119054503, 2.4384442865755083, 2.894888217694227, 1.983407717817117, 2.4701789253236504, 2.076694704862814, 3.3473091776729245, 2.286450162610653, 2.97062539914248, 1.5435958572549529, 1.9364651493199845, 2.4341810134597024, 1.1086843285427106, 1.4184206724276218, 0.8104366713056802, 0.9619712506276993], [0.046779576270030605, 9.646898793815305, 5.946926382987691, 14.253765699389293, 12.45201920623901, 2.9559761504457716, 10.94285040664576, 2.011921999562381, 9.650091202468582, 1.8236566115081114, 7.513769043723952, 0.524281101790982, 5.283086283212468, 6.9157673209165145, 3.8321222256025687, 2.0205093104970766, 2.2167709279861634, 2.4205033087169348, 2.617342195664621, 1.2764878095131555, 2.99943877458254, 1.5774457471560628, 4.7986965479429164, 1.8207613187608171, 4.38420277237206, 2.34969117057997, 5.021401011210269, 5.762143973985781, 2.4042619909311505, 5.243305824865089, 2.043099882966432, 5.57584145330015, 0.9614603888032619, 3.7703640655960386, 0.9497808866805149, 3.369970910523822, 4.576795590198102, 1.9832207391095558, 4.386739903026112, 1.5763177017839223, 3.519053889963332, 3.283970321179798, 0.5645511961129422, 2.300946577190486, 2.757950510781278, 0.39328200965256765, 0.9780153302857699], [0.0, 0.0, 6.560097745971766, 15.000124585738877, 13.460283814085724, 5.688466075029352, 3.5646394534159396, 4.050710353441819, 1.7500369223070318, 2.9683088014754038, 0.0559016454430339, 1.118989268736081, 2.0969069420763353, 0.18286487770479873, 2.86100224392298, 0.9288050407565541, 0.7277196295872499, 0.7210053870430977, 2.319400806403037, 4.287287576046106, 2.3139369723073004, 4.214418415057041, 3.24683598406738, 3.1390202926113835, 2.116602192106292, 2.73790913005327, 4.519643875907724, 2.7531181268929013, 4.161078295573613, 1.8109425086072162, 3.921282312559264, 1.9836255075244613, 3.194789725140964, 1.776291412339569, 1.8156604232801294, 1.1090495218220522, 1.4885037617212704, 1.4105821282673294, 2.012359925714218, 1.7745952715369402, 1.1441537368873165, 0.9991981760862838, 0.5700742853627664, 0.9154406839565201, 0.7896711602788846, 0.3917416979463537, 0.4668801681344286], [0.046779576270030605, 0.0, 5.994998243080875, 15.00953399199612, 16.502140403123352, 8.797737385463762, 8.68549350139616, 7.208293125386573, 7.637726148331774, 6.400126254916235, 6.0918304708232975, 4.657752074071127, 4.897712238083161, 3.0589538709088506, 4.266023934594004, 1.5425172367751425, 1.4705760477889251, 3.2956294582565073, 2.514158521442533, 5.809581997963449, 4.204426128190891, 6.893241940360945, 4.748799242043774, 6.416041348617539, 4.3582421203387645, 5.877421255731288, 4.391651886997423, 4.8583128854786235, 4.407039901229074, 4.914868605420783, 5.039266331456993, 6.2020292054506205, 4.543567076658479, 4.70089542903135, 4.87914406899965, 3.738600919424461, 4.157111182075225, 3.737457793094438, 2.9217885013900857, 2.843974920398804, 1.9758125577056531, 2.153188147208009, 1.9489501109875669, 1.634975272855639, 1.3344725858863133, 1.0259866413561602, 0.9384484592804361], [0.046779576270030605, 7.211855548922885, 11.66761808887932, 4.436792064228381, 1.8146880578526472, 3.0509195819553327, 2.7126631247344513, 1.320483202420667, 0.17453031598441193, 1.2741537188509229, 3.6013484586556657, 0.9025054892654247, 0.1873023234002886, 0.39923609728591664, 2.4229059164265196, 0.2984735348132549, 0.7583859175839764, 0.2029848855124546, 1.380198158984869, 3.3126968925890536, 0.593738503324295, 2.8807389124999596, 3.397089415336654, 1.752790351707835, 2.3574237812034458, 0.4384680262916189, 2.5038681576248503, 3.358105020236005, 0.8381016703250467, 