{"initial_violation": [], "initial_duration": 34.46971583366394, "subsequent_violation": [[], [], [], [], [], [], [], [], []], "subsequent_comparison": [[3.601094345998351e-05, 0.0, 1.72179469037998, 1.0461388869357215, 10.73059612495847, 8.079955424433106, 10.521366400943222, 8.658044843387218, 11.372731452935952, 8.162296648116694, 9.141656303433628, 7.514641433912472, 9.305971757777526, 5.609021177629284, 7.183060588504996, 3.877629048554764, 6.70837623190378, 3.1158285537559967, 5.593274612955523, 2.343725115458553, 3.6560957799796197, 2.012954013777747, 2.008654247913842, 2.088865905793476, 1.145958090743543, 1.4641456735267284, 0.9490320810262771, 0.2718775806489386, 0.3557286600678598, 0.13659618178254535, 0.22000434819327358, 0.6958646242775122, 0.22617567017188656, 0.5740045775516452, 0.05298912385589767, 0.5106491100164372, 0.026825885897165794, 0.22965929863233214, 0.018384736135675112, 0.3251192595435768, 0.04492744407564705, 0.32989918803156776, 0.04492748049146816, 0.3299002377647733, 0.04492751690728929, 0.32990128607250513, 0.04492755332311044, 0.3299023358057108, 0.04492758973893162, 0.3299033855389166, 0.04492762615475281, 0.3299044338466487, 0.04492766257057403, 0.3299054821543809, 0.04492769898639527, 0.3299065318875869, 0.044927735402216534, 0.3342021188624672], [0.0, 0.0, 0.38568038850488373, 0.08209309673071653, 0.928323325919838, 1.1265489573461396, 0.40443002496535346, 0.12063136919138162, 0.3127563591447561, 2.210499287042056, 0.2508239626244315, 2.261549767916835, 1.6459187169180882, 0.27301447981216326, 0.1465551353834049, 0.6936232878722774, 0.2938676834326807, 0.20243033726016538, 0.568503114372965, 0.31319947946998083, 0.38788901500869705, 0.1578671754490688, 3.8040146030586044, 1.2252411831041559, 2.142934615791531, 0.7765543980195163, 0.1353344456715062, 0.8060725275937083, 0.2224304014102177, 0.07211591311434468, 0.1595226941069607, 0.39204024068927446, 0.1948080919212492, 0.20989163774850206, 0.13725650478010112, 0.1077345172342328, 0.5129565089423527, 0.1589045530217141, 0.12749835752265787, 0.1918602475580133, 0.12749890139016157, 0.25988062803531214, 0.12749928719539896, 0.25988137696899427, 0.12749967300063636, 0.2598821244766841, 0.1275000588947173, 0.25159527866657433, 0.11922012774489407, 0.2515959911719508, 0.11922047720954773, 0.2515967036773272, 0.11922082667420143, 0.2515974146648739, 0.11922117613885515, 0.2515981270783635, 0.1275019867584099, 0.2516061425434996], [0.0, 0.0, 0.3809422137192384, 0.0654389732689106, 0.6865544196517663, 0.16099512866087096, 1.5164246274345772, 0.058903559844732965, 1.286323843445908, 1.9801363948556885, 1.5031171397096088, 3.726278133683244, 1.7958493836641705, 2.098923150906252, 7.55590431288585, 4.706664401041521, 6.136952885056368, 4.104309927607378, 5.005345077880703, 3.2628011807459005, 3.1558077333366965, 2.7613872836578475, 2.428239282936392, 2.5011584042867985, 1.6851836033961445, 1.8013027568150823, 1.1383645054747469, 1.4011948879735436, 1.1710348734376765, 0.9589066360620946, 0.9235420489738008, 0.4048153272251184, 0.5828941452820887, 0.303108192300206, 0.12683284174217171, 0.45090732042209214, 0.49956386272266723, 0.09266619314926654, 0.06128789509687468, 0.204660026390909, 0.20069539015895535, 0.2726819777361125, 0.2006961179385986, 0.27268276310377726, 0.20069684705451388, 0.2726835470437736, 0.2006975761704292, 0.27268433241143825, 0.2006983052863445, 0.27268511635143466, 0.2006990344930521, 0.17839508798852666, 0.10641786925564674, 0.17839545709981258, 0.10641818220133936, 0.17839582763800724, 0.2007012178319818, 0.17840384313797472], [0.0, 0.0, 0.3907167807659887, 0.1659687274783707, 1.3946825741915636, 1.0601757856359746, 1.2722368497724488, 2.6573392105088853, 11.252803219812728, 6.826369782757051, 9.538527106204766, 7.290658928653229, 9.293472911256554, 6.220453954762648, 7.34420415240578, 5.03784669658323, 6.676736262787955, 4.444678209044703, 5.9151838050369925, 0.12681492914265072, 1.2056483771642363, 0.5713456477995327, 0.6429782457050498, 0.7070901795519613, 0.479090292181104, 0.9552866008721215, 0.15798977846647413, 0.779497748361931, 0.8731099636698512, 0.8993514227283497, 0.9243990672227188, 0.510396692200995, 0.6507098555873637, 0.24472220564714026, 0.17087558174356748, 0.17901365540988298, 0.3022016438708548, 0.42958024353903845, 0.31271563035768296, 0.12055295990396238, 0.3127166061700179, 0.015440303249676936, 0.3127176847555993, 0.07867309641539655, 0.31271876334118065, 0.07867312686417832, 0.312719841926762, 0.07867315873736012, 0.3127209205123434, 0.07867319061054193, 0.31272199918791677, 0.07867322096595317, 0.30043205898815006, 0.06637711464794968, 0.30043312552169005, 0.066377134377756, 0.3004341919650231, 0.07867331497435753], [0.0, 0.0, 1.7938680212181306, 0.7418554612879379, 4.299552932499377, 8.3933298530149, 10.625265236747937, 8.045061793910536, 11.44182279403595, 7.234710160693501, 8.589445635308804, 8.552689483737407, 7.884431423859346, 7.552196026954889, 4.615050572124471, 6.011670089469097, 3.8361807023255006, 5.573212684802013, 2.167870790214391, 4.298618426560986, 1.9518086615977575, 3.378131715288167, 1.7065367876011321, 2.634675393160833, 1.1685418048857266, 1.848972546098613, 0.9877565035596325, 1.1412901218526261, 0.6173356854373526, 0.9460683502611984, 0.6871361390213346, 0.23019733987716293, 0.22036805325612757, 0.223308324110528, 0.13687311468872315, 0.1418949983492822, 0.2313094269075773, 0.24377547381572998, 0.03286379177220877, 0.13590613289842118, 0.03286392826012673, 0.1406775864392159, 0.032863952545032465, 0.14067776865858755, 0.23843222450326482, 0.34623085789571567, 0.2384331405761144, 0.3462319319256265, 0.03287096622389596, 0.14067047677049443, 0.032870990508802336, 0.1406706575666671, 0.032871014793708714, 0.34622820969952833, 0.23844464371031313, 0.3462292837294391, 0.032871063363521476, 0.3462372992221369], [0.0, 0.0, 0.014871110566503972, 0.7565724131627578, 0.523675704853512, 0.4255541314809817, 8.48269413080183, 9.331790055127827, 7.887555543145585, 6.950894479530907, 6.87832878092697, 7.9628337859634835, 5.927847736840249, 5.379133013761799, 4.8367634218615025, 4.331560481861498, 4.010439079951107, 3.8945067726636884, 2.782581101533777, 2.8214300764609725, 2.454465820086767, 2.3762013425044066, 1.9891859244046037, 1.579743337727736, 1.679089480845938, 0.8407681207032288, 0.02158995918193099, 0.8970837115566451, 0.16743876951769243, 0.15215633832641476, 0.18861297392499404, 0.24538573754340567, 0.05308608637500656, 0.3460676930935517, 0.059090866268056805, 0.07246421246559004, 0.5316614444758357, 0.38125147189516106, 0.13168260017655703, 0.10980323969693594, 0.24235439597237687, 0.17781490512194506, 0.1791100042095399, 0.1778152895892927, 0.1791106087675093, 0.19998428942298485, 0.20128767331061903, 0.19998479683426826, 0.2012883858167264, 0.17780881605958976, 0.17911988954486893, 0.1778092004342939, 0.1791204790132834, 0.17780958490164134, 0.2012981542040998, 0.1778099693689887, 0.20129123709115443, 0.1778179847656338], [0.0, 0.0, 2.5424543553187418, 7.367980374263636, 6.0151031298448645, 7.689341407383089, 7.548433372568401, 6.709247496551505, 8.824198750581443, 3.424622633227743, 2.663254775507749, 0.4682875150966559, 4.917645976188457, 5.468438055478214, 5.408500348600316, 2.4750282537272614, 0.08028282218761817, 1.3182006661726022, 0.458239353114863, 0.6520995454162573, 1.3792697291787825, 0.8960227584356367, 2.387780748622832, 1.426207635426809, 2.2839444665929944, 0.8308802508641967, 2.0679900514385445, 0.26881127820318274, 0.38942895640101405, 0.3817412658338254, 0.2159803593815339, 0.23854785063522543, 0.457852629016277, 0.3092507810986068, 0.02826724258820152, 0.2087711829949551, 0.5297437648550909, 0.4151590302007301, 0.1353107234941161, 0.1547494655245315, 0.26447144719145493, 0.06749264747740237, 0.24835987536617615, 0.17788627478837715, 0.24836087493328113, 0.1778866895851955, 0.20123782762255146, 0.13072991722202362, 0.20123850974086505, 0.1307300159733127, 0.20123919177220037, 