{"initial_violation": ["destination"], "initial_duration": 34.8987135887146, "subsequent_violation": [["destination"], ["destination"], ["destination"], ["destination"], ["destination"], ["destination"], ["destination"], ["destination"], ["destination"]], "subsequent_comparison": [[0.0, 0.0, 0.4952993962615064, 0.12801263603843174, 0.1080741111868256, 0.10037512931854041, 3.260604676364395, 1.6993494371808961, 15.112214416530712, 10.315239942555799, 15.206056353256173, 9.032813168673016, 14.66045281755343, 13.00478743320739, 14.225529554501337, 21.12539892685897, 22.66212482558636, 11.73677097135102, 24.02666372519691, 9.437953243422161, 26.899403872420727, 6.475663912737414, 21.444738839188897, 6.543464763162385, 5.870692423647072, 8.258690569329849, 4.436949132852262, 8.355524153344861, 4.198980095817709, 6.682171473760333, 2.321158454957106, 11.846022866782636, 11.65422934775841, 11.73481405107713, 9.085995247396083, 5.277785587467356, 3.1794530881360856, 2.893953882354713, 5.605750711714586, 1.8979138142058158, 1.8530737081257105, 4.70936644888286, 0.20240043839964567, 2.896148496517952, 3.0274590542869544, 3.092509243610032, 4.043816298016903, 6.81385393835015, 4.4674593320670475, 4.4295835285780685, 5.68522783850315, 4.358578953788249, 5.257420869563051, 1.9168188940180422, 1.773167052638211], [0.0, 0.0, 0.9150462661509009, 1.9221244996426505, 3.7504610133050513, 2.6996926546397586, 5.161055947816098, 1.080021632884899, 4.775396099670067, 9.007768232804377, 5.008795525903395, 1.2461391882690696, 17.89262356523093, 12.67510049439332, 13.24210956301825, 20.903328457073954, 24.376860547059184, 15.694288238887822, 25.327442570612213, 13.967985485026276, 19.377950592404673, 24.526352775741575, 22.17885241695664, 9.706121771603788, 12.396504923739197, 6.656054028661323, 1.7865168865886425, 1.8113666567237507, 3.2321769740504314, 2.015556080805063, 0.8763335701454695, 2.01225791033028, 0.5634013994579774, 3.8064569255591683, 4.523840827344071, 8.840296394804707, 7.770481694976519, 3.28918980632537, 9.443090361177088, 0.5484820650680997, 12.599860268256032, 3.2209070010854997, 8.244324234905324, 7.845192920782209, 12.299840187979553, 6.831660654589523, 11.280144497237961, 8.635219569487187, 6.199740320546897, 8.733811678764116, 9.801068659334653, 7.126399376982764, 5.55291676689427, 5.34300824622615, 5.250359167555896], [0.0, 0.0, 0.3058899560941402, 0.20328125201478026, 2.134412545079552, 0.4409673287765792, 15.070442817002581, 8.738787213402865, 12.522535802390207, 15.142131651274301, 13.952853817882865, 15.800657164623498, 14.074231640938834, 15.433590719823892, 12.642238258007444, 23.80826943919464, 21.055527716362782, 16.837141326510693, 23.978855445005962, 14.36898909096167, 17.570664543894264, 24.963734996095507, 19.633447242558503, 19.87552001058774, 5.549267633027524, 1.7760689465407062, 7.577362964391172, 1.6056531161471888, 3.051807494941623, 1.0507998516988097, 0.19248606366746504, 0.9418015500163124, 2.043884558031848, 7.510430472606055, 4.3807241017469005, 2.706835753376204, 1.927073740513326, 2.5908741852104344, 2.4643831380508834, 3.354550933058895, 10.584617291286706, 7.23428631179625, 8.232018909038317, 6.591886516057253, 10.942232016607859, 2.2010385397855745, 7.806957153468762, 5.13289996564112, 5.873828729740715, 6.200568821965443, 7.259628635546641, 6.1911650241705765, 6.822780562318519, 6.043286677754574, 5.927661727197603], [0.0, 0.0, 2.0358886085454158, 0.645199927195729, 2.2967635936276056, 0.4248395982133309, 5.33681524715902, 0.646550339390134, 16.15206725531295, 11.253264744735315, 17.22622818442689, 9.127175922401973, 8.103312361073641, 12.898214793147963, 16.218754256557517, 19.389248611134597, 27.468922485754934, 1.4069529463618338, 27.1654343835382, 11.155654802536015, 38.1775751790237, 22.901222694460202, 5.454966683004976, 20.111157483801566, 8.859099767886782, 3.017419261683987, 4.883899626260303, 2.752020969953921, 6.735916314396163, 3.248330039476752, 6.82023591440373, 6.470687744259206, 9.8627783227896, 8.77890864552978, 9.110308114355249, 9.20225187886164, 11.919979017365812, 3.742792198216476, 7.758209094014085, 3.85776903713938, 1.8200740052905746, 2.7032967730445865, 3.437138897393134, 5.8972056684770475, 2.2035531642548185, 6.943783995279444, 2.43051016477861, 2.454106938009964, 1.2039886714828607, 4.3141418381320396, 0.8454944573983276, 4.006446439379211, 1.920074443479724, 5.612297665762575, 5.1920701269297], [0.0, 0.0, 0.8414736758207487, 0.3395115448388242, 2.2166089922083136, 0.5800482979572166, 0.18379841713743397, 0.033221330704441304, 1.618970682569461, 4.192315622636787, 1.6034780286967072, 2.477724483564412, 1.6890681042012534, 2.2990854104424483, 2.8546630480974944, 2.39082397585488, 6.90796040564517, 5.715334812544434, 14.690713854012525, 11.100601631616495, 12.91959526456344, 11.33974912864621, 18.620709057996077, 7.462942777179355, 10.271292519488627, 6.637615199263525, 6.726075890513339, 2.0326357202867635, 3.860885524451138, 0.5772348844515991, 2.747249319372602, 1.2144965273939914, 1.8749269940533477, 3.3267646326919027, 2.4696998806946695, 0.8976345675627033, 0.20353125699036437, 0.9754196354719652, 1.9220869365452244, 0.8878683205365306, 7.280688739953396, 3.7478459074828487, 1.5052513675305297, 3.1070974284487796, 6.006277810807345, 1.5095297044950298, 4.671129248691418, 1.537324710641539, 2.5204626950263003, 1.8865903666974193, 2.7060936178218022, 0.5997897089975348, 0.6167080739848324, 2.1497824925468922, 2.3400902434707778], [0.0, 0.0, 0.4064247314502624, 2.5793265987957414, 0.3726398050291636, 4.447862828152644, 0.6300959908634378, 4.422527730241403, 1.021350051327405, 4.129698514365227, 0.7705123436050063, 9.088759130242359, 14.80226667971604, 14.232265549335004, 17.92613647767313, 11.410558578730008, 26.526512328367197, 11.664123663364906, 3.5967427643296297, 10.21488858580893, 26.73481108474758, 6.180489620161708, 25.625018913198986, 13.156327197187213, 10.61596863711142, 12.341312920309612, 18.09028120878083, 17.658023862742454, 21.359851364051845, 19.97940224361511, 11.886544438328905, 22.916666876942678, 11.62359258495229, 27.452566597329877, 11.16510517595415, 26.486376598979504, 16.128992368927758, 21.74326610452258, 26.11024971520192, 22.77101233746828, 20.700668729936282, 19.623758563802586, 20.7954111670759, 17.194065766633194, 13.293964188495353, 17.744511181293543, 13.57928924170375, 14.916520065229752, 17.368055635435237, 14.958271976207962, 8.930307681379425, 14.020052888889143, 8.596030159471225, 13.605033500468696, 7.04831322170325], [0.0302626119762547, 0.0, 2.9690562363372526, 10.607184197839647, 8.271470614849802, 12.055481464455367, 7.445661007923691, 12.035090808055665, 4.926236801007123, 3.0610663424088767, 7.774665149234379, 15.659415590614119, 11.126364971720399, 14.895832120053257, 11.53756754681241, 21.44827138592918, 22.779921326900887, 2.078995071243802, 2.2403901437870557, 3.515448403185434, 0.9671442187736159, 29.63960364801856, 3.9694752973529575, 8.903472395319238, 7.852432801955373, 0.7899617361274872, 4.5704439169458055, 5.290327969491454, 1.7564932115842928, 3.8867452088526235, 0.30650908188104475, 8.905510655602647, 1.0841479858894394, 11.403946184854863, 1.172264266189406, 11.138958306036423, 6.311807471897996, 4.419263114557318, 6.819948432719562, 4.013558195727718, 1.8409205571369704, 4.426306469951243, 1.787957032174778, 2.6996529421510878, 3.971796909367015, 3.569662843287217, 3.465299181045308, 3.9763190432865465, 2.1498644165170284, 4.132625915558226, 1.574512747293113, 2.8698873057395917, 1.824803392055089, 4.364839459719377, 0.7575013196561631], [0.0302626119762547, 0.0, 6.868708239201494, 12.023563726102305, 2.9697032217307804, 2.2177903945211943, 1.2890307616207461, 0.35232694565965744, 0.12295309262486363, 1.2911485536751022, 0.8194354521984908, 3.7299258975028033, 10.760390654656744, 15.560196978403463, 9.165107000422854, 22.393737608726266, 19.445597057662088, 11.757379879113637, 23.15994369544357, 1.0853635748471495, 