{"initial_violation": [], "initial_duration": 34.47959566116333, "subsequent_violation": [[], [], [], [], [], [], [], [], []], "subsequent_comparison": [[0.0, 0.0, 1.1522562064205344, 0.14902920179146878, 1.5159897189359754, 1.0618661637086912, 1.114014282446961, 1.3600720847306556, 0.3451550528497915, 2.560230033057497, 0.22648735780242296, 1.4253745257039807, 1.2859331774369827, 1.5054301352863522, 0.5996766275157264, 1.7088544435731596, 0.3979137512598184, 0.6776529367399617, 0.4213058381380581, 0.45811626069780764, 0.17895973142277288, 0.7290785821316208, 0.06746976425333563, 0.9802912070685854, 0.3962812349590005, 0.9362585067639332, 0.8771936817330772, 0.47053141884009597, 0.20564763439973704, 0.5676321116115775, 0.12162335919414047, 0.8010346174920758, 0.19407158831733687, 0.10082609497321486, 0.08019940667976168, 0.06481478268881742, 0.12130222839189407, 0.09878294267665196, 0.49047811884310544, 0.05237410524191567, 0.061637376956577755, 0.10477026197310914, 0.14138723514415522, 0.09707170796824395, 0.07821259211807, 0.09706984337513615, 0.07821514454183494, 0.09707019384564233, 0.07821769696591915, 0.09707054425778983, 0.07822024973766999, 0.03001192429572946, 0.07822280167454168, 0.03001129227319319, 0.07822535444693454, 0.03001066005028549, 0.07822790721964705, 0.030010027662662107, 0.07823560646823492, 0.03000939580629123, 0.07823815889488371, 0.030008763584460443, 0.07824071201655017, 0.030008131197929264, 0.07824326479118703], [0.0, 0.0, 2.539661612720041, 3.5903959848121243, 7.080223548215494, 5.599561642281159, 5.651830270422521, 5.253928084832728, 5.109004980837516, 7.0383577897639835, 3.9204935718011815, 6.0631463102938286, 3.279969559945779, 6.294347346299661, 0.6672742447086961, 1.843805425707954, 2.0194513931116944, 0.7585981247579943, 2.0927403398565922, 1.0915006087554526, 0.13649284434556241, 0.735150903700554, 0.41922453413030175, 0.7919904565268984, 0.4070733795655752, 0.7941893144399587, 0.40679607187529754, 0.23737758768734193, 0.2169176092509823, 0.16526044180356328, 0.3161624454482968, 0.5130535304888263, 0.3444161605219126, 0.762556869232093, 0.10326409326354509, 0.4122445129223403, 0.18180148908709629, 0.47818944843905237, 0.42149331436259524, 0.35775035319175424, 0.06143635427704272, 0.22341490370168357, 0.07828518149888339, 0.11450111520747638, 0.015156466940773045, 0.17774570480784707, 0.07006297078504262, 0.09269528927249611, 0.07006155266974526, 0.09269753660505078, 0.015163449030666066, 0.17774090540465792, 0.015163121188125496, 0.17774140420338735, 0.015162793544319016, 0.09269623520869931, 0.07004958533429322, 0.0926984824605046, 0.07004816721901808, 0.09270073014498782, 0.015169775692442614, 0.17773710332590417, 0.015169447681006311, 0.1777376017700164, 0.015169119835809812], [0.0, 0.0, 1.2428453263838026, 0.4361714772079629, 1.5500646583299833, 3.128849774835868, 7.574975558960748, 4.189684699887551, 5.215991975629252, 5.000168404666707, 4.307568233733491, 4.478617783837549, 3.902951366489332, 4.144215417007112, 2.7349744707136407, 5.124346019676424, 2.214718978679043, 4.024248628855817, 1.628570624736724, 3.3569729129805403, 1.1158857403569273, 2.4358415722512783, 0.8872330032785773, 1.752467948371667, 0.7318143657822005, 1.3109877192896022, 0.8688501186155406, 0.9624126360860595, 0.13534069650297498, 0.14604051664792286, 0.005094774038036927, 0.2778225980025824, 0.09748014528020389, 0.5259802361546243, 0.1087870596169156, 0.2638847624674942, 0.17006289370350947, 0.28751255876555293, 0.4178353252382903, 0.3921756242472402, 0.15490876018879768, 0.33667578717784613, 0.012756859577292152, 0.16734470911700344, 0.05065897182611992, 0.23058707800098027, 0.05065777585551405, 0.15831426406019616, 0.12291046112004288, 0.15831498476768277, 0.12290954725297085, 0.1583157050585592, 0.05064767642418908, 0.23058428927601035, 0.05064648055438268, 0.2305852922301748, 0.050645284584139506, 0.23058629479713008, 0.12289909318163654, 0.15831206926227337, 0.1228981793145911, 0.2305815009702798, 0.05063518355320903, 0.23058250353723378, 0.05063398803422825], [0.0, 0.0, 0.8449295668187049, 0.13928516474481303, 7.820794168525465, 3.655437294879777, 6.571128792912853, 4.330960453899651, 5.728668309965222, 6.699458799424217, 1.0288620146665801, 3.797187267141672, 0.8627074905448971, 2.116153278460364, 0.3959360163122659, 2.059652854094282, 0.6588398480976442, 0.9714738317664211, 0.671332488549669, 0.5518350328046083, 4.053990415050939, 1.18118355023383, 2.9792130801295493, 1.1697637902887819, 2.3259882625009998, 1.240075166069699, 1.6563873211381648, 0.845821419646834, 1.0132253298639584, 0.8178673338715703, 0.8651113621952414, 0.7255169509078268, 0.3754906117091974, 0.7805208595354405, 0.10638776572773201, 0.15797143124085827, 0.16675554386242947, 0.2637650232346362, 0.38900213168625575, 0.4091148806139758, 0.22222067950495006, 0.26244537954455927, 0.05854022666454056, 0.09155692280153718, 0.12176531545424907, 0.15479114105556582, 0.12176558089413766, 0.15479185054322148, 0.12176584633402641, 0.1547925612223788, 0.047135944585762264, 0.22943981917381684, 0.04713473955086867, 0.2294420015356966, 0.04713353405380194, 0.22944418395778032, 0.12175893050784996, 0.15478889476270596, 0.12175919630019709, 0.1547896050889633, 0.047123416334825786, 0.2294427522968352, 0.04712221083831189, 0.22944493430539353, 0.047121005341856946], [0.0, 0.0, 1.048142370140127, 0.36479122410003967, 7.319618417040929, 2.0188639885329116, 5.35326177835382, 3.8096816615672546, 2.8707220081363825, 6.008840804727418, 1.4891026280032202, 0.9940874220302172, 1.473452585689794, 0.19623788793916386, 0.7184689341684078, 2.4768406932015004, 0.947512991464316, 2.494053130246855, 2.328980045292047, 2.1610965441914387, 1.284400531022115, 2.1305798070619084, 0.7945758987454187, 2.156635797252133, 0.4496382979078643, 0.2759191740914512, 0.8128617715512864, 0.6955652908414826, 0.7261573165141044, 0.3691997341885185, 0.5675148373130097, 0.43964751328367063, 0.42044696803570697, 0.6882996523265099, 0.3339265252628656, 0.33821872387493457, 0.061106446099081495, 0.4840048750508848, 0.36620800571942186, 0.3922757091565804, 0.06950253211615756, 0.28976120343778183, 0.05681641867998821, 0.11953151587653443, 0.006438994641303717, 0.1827764172433951, 0.006439199057716319, 0.18277723866674245, 0.07509130508582809, 0.11411317061317637, 0.07509020994924309, 0.11411529232938754, 0.07508911516649841, 0.11411741404559891, 0.07508801926967464, 0.11411953581196924, 0.075086923726691, 0.1827747270712427, 0.006432517198774622, 0.18277554854335512, 0.006432722081550603, 0.18277637036956054, 0.0750770186393725, 0.1141201039391686, 0.07507592309639083], [0.0, 0.0, 6.579704907221346, 3.4493236911941643, 7.037996899435102, 5.108772484733687, 5.772194226919829, 5.389259600061592, 5.183626802923484, 6.281653295592196, 3.7350933814785945, 6.315774656075789, 2.8692362194044523, 6.593275115952628, 1.6865899795775183, 0.8335087547922485, 1.2925392048209952, 0.4411512591583148, 1.6163457602267268, 0.08226272584005584, 1.3868721517052158, 0.2152187755858635, 1.5204135015438416, 0.8166544160975161, 1.3106487359767907, 1.6107353037531502, 0.9226650201764324, 1.4965875748328272, 0.2988144672037972, 0.9599650035340588, 0.3046830432090988, 1.1022021874431398, 0.2891703896565224, 0.6533839704609844, 0.19752984139529703, 0.3397772286136109, 0.4603940244040532, 0.4587649570122972, 0.4753910738784855, 0.4168099113025166, 0.10612869081450724, 0.06187300652609327, 0.17996774224993842, 0.08574283730759787, 0.11672321731185571, 0.022506918120186816, 0.11672536370445515, 0.00905200637522669, 0.13018028416945054, 0.009052235488704853, 0.13018030313435194, 0.009052465503049795, 0.13018032209925334, 0.009052695517400774, 0.13018034141781992, 0.022505125800981227, 0.11674166392018447, 0.022503229739721325, 0.11674381066677714, 0.02250133278062423, 0.11674595665509323, 0.009059177281823181, 0.1301881130682814, 0.009059407646864158, 0.11675581814761077], [0.0, 0.0, 1.2513411576684628, 0.484347513379906, 7.2013081591425445, 