{"initial_violation": ["destination"], "initial_duration": 34.66865372657776, "subsequent_violation": [["destination"], ["destination"], ["destination"], ["destination"], ["destination"], ["destination"], ["destination"], ["destination"], ["destination"]], "subsequent_comparison": [[3.8091950752163816e-07, 0.0, 1.629539571771618, 0.6718699127678469, 0.6701775028135214, 2.6640638047454392, 0.7050142851339224, 1.6380477471762593, 7.53727413542342, 14.313187880933306, 11.668752810117663, 16.079711256780254, 18.471924167489053, 17.55428398585402, 20.92774832668258, 18.578312966283953, 12.32339045278535, 2.776067135192368, 2.478356861835322, 2.948025980698489, 2.363786397079379, 5.772696495934631, 5.5340219565902125, 13.172999180976701, 6.965230464315724, 11.924203024834236, 6.619757705274787, 11.08293556019467, 11.516483464194982, 7.550993585797103, 1.3934367365817, 5.996235102743504, 0.7620085759635697, 3.7244911968944154, 2.94462893532609, 1.7938290734924605, 5.3220674173719305, 1.3286290626891346, 5.1115249814421375, 6.412297037434674, 7.789897266516572, 3.795120784613948, 8.071279001967216, 1.8452033754384314, 7.742677528201049, 2.0746959212860117, 2.7823481079651904, 1.225719161137975, 2.0781070400031716, 1.1919682597781105], [0.0, 0.0, 2.7649824664642897, 1.6962703810489905, 1.1163055245784084, 0.01313891690556822, 3.5366283446822533, 7.28375201642608, 12.45083777055829, 9.929291166030087, 13.008809348536861, 14.395347098904526, 17.38129821483895, 24.913366679350503, 17.77266311156114, 17.163374934517744, 6.704346760498428, 19.391525514535704, 19.69332204698829, 15.835054148004222, 11.151778156581848, 14.91301231756884, 5.274086853309852, 13.056145982189635, 5.356167116080235, 14.740955545652458, 2.22998044346586, 19.3024294109815, 3.473526814676193, 17.27101993384726, 2.8323382517010365, 19.020084998014944, 1.317843003971129, 19.55978295186926, 1.610161187244609, 17.165321376502778, 0.4794979194699464, 6.463826597658645, 0.45303553033348476, 14.925140021128628, 1.6081454497501324, 6.028600410244369, 2.007955886118476, 5.856528971008351, 2.2649373807525177, 4.606366924355742, 1.9015184753683374, 4.6869805861332, 1.0818501410462116, 3.750329250493101], [0.0, 0.0, 4.294123213407421, 0.20584211403621036, 4.813453371849073, 1.7022934676485413, 13.251716179453487, 4.632804078607866, 12.744162553030051, 10.931324749707667, 13.539019243564269, 18.51109203591627, 14.828671736660581, 29.269125289053353, 15.380809088049181, 0.3565167161859514, 3.681063894091231, 4.3093704282652014, 3.6118371218928473, 4.367958167105043, 7.058127944709366, 12.265587420930885, 5.276131654932983, 13.727966735133014, 12.982336515550974, 14.940769323563092, 8.60476614595372, 10.136252393038669, 11.817476000952778, 9.140503634372717, 11.22808461702793, 11.21104259939481, 10.725426284592206, 9.914403852082252, 8.966760664454407, 7.6163592030277, 6.72981358704289, 6.755825830896107, 6.583348902548515, 5.71159439273949, 5.959709879203797, 4.969942309259719, 5.580722104887768, 3.865962416242774, 5.1806802734456125, 3.6885476423953873, 4.120023430144311, 5.121058848231146, 1.0354139875606327, 1.7916156917873192], [0.022219033213411562, 0.0, 3.079886278563117, 0.12338163693953258, 2.710077717032445, 1.5830719280509034, 13.37101299113357, 10.759403010918495, 11.26531897599313, 12.219841771635023, 8.839874672177052, 23.304662910766126, 2.0662986959366854, 0.42582376470351124, 0.8041882029941471, 11.66382394171464, 4.317898236076087, 4.597815249261771, 4.417867857621664, 13.765653082493555, 9.001440675387364, 22.462698273641777, 5.13249461531763, 26.294028926242277, 5.388874157927027, 25.958204161965774, 4.269879066972225, 27.28356958312817, 2.4485243174042495, 26.36729309194805, 2.319979519793192, 29.19823842211371, 1.5997441828766286, 26.35088481813623, 1.6875677209210982, 22.91346704267408, 1.4488727565317667, 20.638124597179246, 2.723388790339427, 18.567343964193554, 2.870159408914474, 15.679480682478232, 2.7147206006029823, 12.535901424658949, 2.6640244127372825, 10.363070099188539, 2.1937098928002476, 3.3022010139018176, 3.185306589723861, 0.9843908868931961], [0.0, 0.0, 9.690565454133555, 6.2845379680891, 13.634484348032561, 6.244323684391232, 12.701042544854495, 10.31340228932557, 12.064976613338398, 12.486513192533119, 12.21929735540119, 22.852780115090987, 15.185707386027413, 4.809487426355608, 0.9731718381782288, 3.702043476697757, 3.2918323933171676, 3.9952958882483967, 3.899342385457222, 4.046517717799008, 9.62514995533232, 14.03819026949341, 10.154022120805486, 15.079487009937486, 9.420926477331822, 21.70317219693273, 5.852435500032521, 22.94440048057656, 6.2737782067263534, 23.313561979218576, 3.5409117771857996, 29.690299170222318, 4.225287249398948, 24.385224657956904, 4.372611544191119, 22.78273480273241, 4.247167523389808, 1.9268260545051645, 6.493211809350359, 1.5874867839195907, 5.807293756393885, 14.976017871067041, 3.4432882048759366, 12.040726258397743, 3.6252453799270077, 2.3507670874798428, 4.624912691934716, 3.67592162539164, 9.735673687390536, 7.0101871364239345], [0.0, 0.0, 4.241077617953565, 1.1935066834488377, 3.5814421826128835, 0.21607314613892292, 15.030935500876794, 10.971136851648723, 13.48469990066676, 13.69480192124906, 14.19463718898674, 24.169836010826337, 15.963169606382364, 32.09396894168733, 18.981520613544028, 3.997122552463325, 3.6862866846897666, 3.732978790630405, 5.540729032902352, 1.579505757055833, 8.396555393545743, 8.101852146994794, 5.196649339224733, 12.524133904004739, 11.978838354520324, 11.296036196860317, 14.203045417536604, 8.170384886296517, 16.296352617862876, 7.169397276976079, 16.220716413013896, 10.76611839339453, 14.710733596267467, 9.00092753252551, 12.607695262695582, 7.631755257107702, 10.217901596013977, 16.162332127109018, 8.566335068879127, 5.766520985052721, 8.003794973982423, 4.4155074222000605, 6.356499038375518, 1.8414349328153028, 5.167457613568286, 1.8882569780509084, 4.688353844362958, 5.716192127212149, 0.6580047558469937, 2.3883931069507627], [0.0, 0.0, 4.261380488555456, 0.12745337612846605, 1.265407077705561, 0.013215428616999259, 1.9859119505375349, 0.2666419895086577, 4.391236211222963, 2.975766420478613, 5.237380895472929, 5.779606288250153, 14.289906301482189, 24.794725280628963, 21.30744078587414, 17.36273567999428, 6.10097286115271, 25.418029924879306, 17.128630523291694, 23.845453471961374, 10.55464015581562, 26.588642990278483, 4.716851190688693, 20.1150592039713, 5.352384772139269, 19.591180472534276, 4.403337368338311, 24.402136648453833, 2.302538430433801, 22.312360465747677, 2.5021101739349083, 24.749475261478526, 3.6327951327941492, 22.22067337137355, 5.939928131315481, 17.986508200354905, 6.267225290894182, 14.57978787999136, 4.661445101105921, 8.79634369247059, 4.70032067066754, 5.726714436280631, 2.2915853432559694, 3.3006761326088236, 1.6630651426060241, 6.583906323455566, 1.2483709049278358, 1.4552149962193985, 6.08368423254687, 3.414107579039522], [0.0, 0.0, 2.261728526496492, 2.142942033526013, 0.24453712065186461, 11.794916762250038, 10.382524497126703, 12.190327340006744, 12.446884543879175, 0.9746940659723247, 4.350318236886861, 2.7814139026104523, 9.313638858815338, 2.521155296195114, 4.734985711678494, 9.88536708205637, 4.686079503925602, 3.470088246295059, 3.8564647881235348, 0.7486455784993621, 6.346937671327955, 4.57034474964262, 5.131562507804415, 17.517610976312813, 5.944279523368068, 17.220051896399752, 6.359688093615608, 21.001354711826686, 9.419684515758956, 17.916553883326937, 10.786364579569156, 19.407250979475403, 12.651883716854817, 3.481132092126063, 8.654965118901888, 2.4977488880481, 7.194482243347467, 1.650927787078386, 7.0440669051862494, 17.70528557882207, 6.349048709432309, 13.725533874041734, 6.2684427808541905, 2.3914423670087297, 5.196971475634156, 1.2674628396452314, 3.698144905316173, 4.709818392021044, 1.4512165621191717, 1.3653118161840754], [0.0, 0.0, 2.1243744260095427, 0.46241783093384664, 0.7232219748921531, 2.561133225095761, 0.1128650907339657, 