{"initial_violation": [], "initial_duration": 34.62035250663757, "subsequent_violation": [[], [], [], [], [], [], [], [], []], "subsequent_comparison": [[0.0, 0.0, 7.730220443427199, 7.308629229379575, 12.007701073887745, 7.274261766654473, 21.796435213614192, 24.578087935350702, 26.98819224930955, 30.74895341674118, 29.781914418005247, 27.58369348771577, 8.976935427157125, 3.880981110440518, 5.103072983866699, 7.2898917003611805, 1.609926606270254, 4.057775552552419, 2.732138254892542, 1.6349446202291362, 2.9275591274406327, 0.7995758737838179, 17.15328274105147, 27.458883086744255, 15.614832197654028, 24.343279156516143, 15.773380896825405, 21.152161468409474, 14.15647093542187, 19.567313637834037, 13.743436919795416, 13.047795326635379, 10.002821423624669, 12.010912282653145, 8.379149930818963, 9.049898704696687, 6.732757353857447, 6.14393606173101, 5.509305955136759, 6.2537284449958594, 4.783176377818507, 5.189534777503212, 3.0859163655747457, 4.237942544315465, 2.104518851645668, 3.73891993126992, 1.5501157695172427, 2.8824726031322903, 1.0105322012453128], [0.0, 0.0, 7.526073323622294, 7.335075434618692, 3.7233433520440533, 7.760738331126422, 5.357060461788849, 6.63985545917527, 12.588879153936068, 3.206301257632193, 39.06439295863749, 22.56328111445163, 8.940729872836794, 22.59548312761046, 4.730445688177808, 21.482502514703224, 42.9190919196929, 25.509969718055412, 39.1039820736604, 21.49356459210767, 36.20605634271345, 20.99380184380729, 31.144867236483734, 18.37860461586928, 27.45898596104152, 0.15420091277719264, 3.6785418759534143, 1.7947683381020347, 2.486991792180711, 2.7523634903190444, 1.094474428564518, 2.92885218709864, 1.6675291757579285, 3.301586482917248, 11.207244073701704, 11.80687041085251, 9.329400624344604, 8.685622721778532, 7.842605874806682, 7.355939061392994, 7.300062943514589, 1.5551112184158378, 5.945401214530228, 0.762017216876093, 0.5779422043700733, 0.6993389042037841, 0.6322159150712757, 0.24436423214510083, 0.8737306050163645], [0.0, 0.0, 0.4253945684352271, 0.6633227978261348, 4.60403566908447, 7.693914719365946, 7.836953777922746, 3.872629381301834, 7.767814970689733, 1.2333227466662366, 8.72875406746338, 3.019039678142116, 18.237575916828114, 6.407199245505443, 11.922282931349656, 2.3797061456784685, 19.185731935962135, 1.6271289153257062, 17.885149577540613, 0.26295994313711146, 17.777770491932813, 2.3641230650528486, 15.958181370412188, 1.6862053236555996, 12.51553102480446, 1.3047979234002887, 14.055537748724891, 1.9012725199934184, 10.478076508662156, 13.408598718864722, 12.225077416593818, 8.843166947939174, 11.036676929458604, 8.989114228933591, 9.8341958185664, 6.270525714614448, 7.940231079055413, 5.056642543669867, 7.452089185401551, 3.850696039937483, 7.563985096501775, 2.1066153424687974, 5.415791658857719, 0.6227780084953766, 1.2145483826893133, 0.3313462715953685, 1.1517083483644, 0.2222767170493638, 0.8618030744772408], [0.0, 0.0, 7.444010081423933, 7.375759376923145, 0.09206062597969356, 4.760102088060203, 9.671589392330928, 6.6814148362761925, 8.19343117025097, 1.5975646995559025, 4.582371026869018, 4.307317642757197, 3.342594004337062, 3.5133508414453756, 2.9637866229781675, 5.789153577422603, 1.536064267620517, 9.40604945941012, 1.6115491413074237, 5.474030255380326, 0.7124640909219838, 19.998607809910418, 2.3886094147667247, 18.027846722495376, 23.86692301480061, 6.359378483952425, 5.239045483503674, 19.743996413057175, 4.285484122351669, 2.879348294589818, 2.532228209191759, 1.7089333364447437, 1.7006191440002643, 2.784683549551786, 1.0495043525197498, 1.9136962122038614, 1.5872465077091948, 0.9795011311568979, 1.5810559743026327, 0.9310245649811084, 1.0050350318311903, 0.5392855695051793, 0.6826785035522186, 0.3692011159255199, 0.2730624128403333, 2.867234686866864, 3.960223504898225, 2.3171972198225803, 3.114446099273052], [0.0, 0.0, 7.51818699252559, 0.09675303620787767, 7.915993890617557, 7.935686167251862, 10.906969157227488, 5.27590742051946, 11.890989799632736, 21.412214268281062, 33.590481323388424, 20.10159032558926, 30.457331487721014, 22.141463471488823, 30.5834406314415, 21.16780927256423, 32.209250478878864, 25.783073503241127, 24.863443444076033, 8.696185076168671, 2.515657366877557, 10.392724806093284, 24.723496971939284, 15.672304362133444, 21.36414414119675, 6.165200380584611, 1.7962016526615634, 12.91702638028932, 0.7900605255731655, 6.585796474000868, 2.9832406136433383, 3.0142287649138897, 2.598044058653094, 3.02229445516927, 3.2463471398883397, 2.457713614958443, 1.7322861514759147, 2.0374487706959004, 2.4496958378627856, 1.4136293178250403, 3.1266647254703144, 1.0017063477646286, 2.192926348251086, 2.6689483448936144, 2.0734045082558294, 2.0545692727754603, 1.357894388730199, 1.3032538509427156, 2.0379277515552556], [0.0, 0.0, 7.655276863967705, 7.372107967217292, 3.5278515668461083, 8.109004670552144, 9.888413592539566, 6.362247532240309, 10.09477463174252, 3.840834060389801, 38.46376705145286, 20.991497730621457, 11.027935519625151, 24.697260853267153, 34.610935683568975, 24.64173307661794, 38.3209972078395, 27.626161899390155, 33.98882584212421, 19.800532835453165, 31.038685120643922, 24.523462363114753, 30.335004544896112, 20.975696263745302, 27.29535221868864, 2.462969050304905, 5.598636986380415, 1.8596528440967597, 3.6737558644853614, 3.00701867901422, 1.9268669044100568, 2.1736434889395397, 1.3808478071595711, 0.5633807158117481, 0.32231183548540726, 1.7746675214052792, 1.031240533546862, 2.2279774310947187, 6.403695516640536, 8.17393168920372, 6.82208552876004, 5.733212655021263, 5.654986394925737, 3.7233579059424615, 5.033265011615436, 0.19251421589422882, 0.061247845836375964, 0.1702202132195552, 0.380417169753263], [0.0, 0.0, 7.773856317462247, 7.379416917923639, 15.743675396591767, 4.93294927414996, 10.892734536832352, 0.2557846890483312, 19.07768428684324, 0.6025017330724037, 41.57543501987884, 26.694111759168326, 41.07006664297377, 26.109816789834515, 34.89633109694034, 29.786039407409174, 38.69831404770426, 30.530153112232867, 33.72852126817533, 25.19155495152216, 28.6465968855571, 24.939604082321463, 27.546401513774217, 22.41089109303974, 25.970298857579987, 19.30580281401378, 22.22197632885078, 20.153556190362977, 19.016930437551988, 17.965648373991318, 18.02319895619558, 1.9180853220002203, 3.9986476839834335, 1.8706872763726372, 2.259803627463797, 0.23765618707188144, 2.4446351358728853, 1.0431737673018049, 2.2647781302666954, 1.0362389378414838, 1.004274078447512, 1.6002263049724181, 0.11667199263303688, 5.073055176030124, 3.002742408607308, 3.897251922284911, 2.3991056015538628, 2.5438753794450775, 1.940868511231884], [0.0, 7.230355632684215, 5.027332005258934, 16.740212061084218, 15.367099607697597, 20.02868311597927, 14.489931644151223, 5.1979649237285495, 1.3514827270787482, 0.7188192074773934, 4.04038128165502, 1.5837534955467214, 23.466974397441, 20.30874771012464, 29.362893541535605, 15.948494144179776, 8.935858543299478, 0.22346576948753724, 11.478607166443387, 17.44746915967646, 27.143333583208936, 17.24625648839746, 27.69513569470989, 2.675500734572436, 7.498075850265303, 2.2274443843235177, 19.42544505863027, 13.116047291429972, 20.132479331762976, 7.703703920427271, 7.640212609172858, 2.630618512783843, 6.964753650137682, 2.318841491611723, 12.0656329936684, 5.676295130851803, 10.41637386314071, 1.2114764340293123, 2.0186967207245075, 1.0655405072346584, 2.1125437797873485, 5.106432518315433, 4.298752320616357, 2.919772854209794, 3.7010335292145187, 2.23067785062991, 3.370923837486231, 1.4089418828881286, 1.2465386184333642], [0.0, 9.261038844762034, 5.977229230867851, 13.878668005961202, 11.948264417825246, 16.974945198949843, 8.516489790454283, 29.14660092765328, 7.956166650600988, 29.093095023715268, 20.659917452060476, 17.096474126886076, 0.907144010742789, 9.192702163182126, 12.793588005679473, 30.02972470459126, 24.99550450668239, 15.600309702762145, 3.963122702238785, 4.350498312426094, 18.208714610984885, 20.288251199242666, 