{"initial_violation": [], "initial_duration": 34.57010793685913, "subsequent_violation": [[], [], [], [], [], [], [], [], []], "subsequent_comparison": [[2.8940390084535006e-09, 0.0, 7.51355680104703, 0.35603333155441425, 7.677337404368941, 4.608322005649246, 16.904277698130056, 35.36703053336639, 10.892624759277235, 23.371527772414236, 11.96104456601084, 20.832550504630493, 12.847412429522779, 21.167999160048982, 12.959796004344211, 19.532984023151066, 12.750152804290341, 17.610656543023104, 11.86017081709871, 16.695270199117417, 12.304596634443426, 13.330760067084945, 9.575948255702507, 12.158917620877048, 7.941483653364201, 9.408815398508406, 6.339407698524, 6.782535320153007, 6.531010482148274, 6.058368670297613, 4.862763852774713, 3.678211743566097, 3.786576932615661, 3.0023416561012044, 3.0233888703412735, 2.2652031689939576, 2.5901325106662227, 1.8062544552126847, 2.109661116726128, 1.4817424627001756, 1.510448590094643, 1.0977150467200583, 1.1077726705909103, 0.827131631247531, 1.0600738601745883, 0.670156342882991, 0.9351253796797347, 0.48037741390265637, 0.10792094285580399, 0.43618432435411264, 0.04103991879009814], [0.0, 0.0, 0.13731147745487618, 6.490880878031841, 0.5079827232404756, 23.25821173087754, 15.492262854378335, 34.794224234205, 16.405550398207403, 20.03761091892606, 15.757262282484353, 17.922364254801344, 12.799953406472861, 18.449800893796613, 13.938313647683051, 14.930546153741291, 14.525232528766782, 12.30672110680023, 1.3585447809596418, 5.910254286620159, 1.06727167567651, 5.986507960369467, 1.1791418267071148, 5.838328601398574, 8.875513225303449, 7.6733581936761714, 6.094153882658711, 6.5333268062697725, 5.2212222079913975, 5.9169695742195625, 3.0342151965405155, 3.9529759489702343, 2.7568041625013366, 3.2501112920267032, 1.593721132279606, 2.6263091957992075, 1.1337693961710955, 2.0971245654466593, 1.0598348238868578, 1.5205634427513919, 1.0718408294318627, 0.4988873498129156, 0.616740772952319, 0.7142114327239661, 0.19627139866705753, 0.4101437361616413, 0.05525718990821746, 0.07456166424647592, 0.01621177059197378, 0.060096072454751064, 0.031087234756278163], [0.0, 0.0, 0.21459992487956567, 1.226685358824039, 4.37812574980003, 29.192408847935024, 18.434298678307684, 35.14093983086335, 20.40062209024936, 19.75061890153356, 15.279379590604435, 18.942539354205582, 16.739995988318157, 17.52383561937172, 16.98136235961669, 16.702314173903588, 15.478249893416198, 14.649297499526392, 16.063500325267402, 13.719709451772436, 13.70231808108333, 11.63828063994515, 11.9624322270136, 10.299800552270026, 8.937703889585716, 7.909256327564851, 6.741668621130207, 6.11892251084767, 5.490712519703501, 6.163637380466955, 3.442123240235663, 3.911927432748505, 2.3367598016832614, 3.212787963390932, 1.578584762156469, 2.4625121612479863, 1.0943883887638264, 0.22021517308883257, 0.7158670274023581, 0.12150892930555969, 0.1989061477119919, 0.07751102744938687, 0.19249094609308287, 0.7511910783973943, 0.24536215459974053, 0.6868890919338217, 0.34344569629820604, 0.48504749432491895, 0.4228427269379417, 0.41399137368627276, 0.3938448002540204], [0.0, 0.0, 0.004896073406150889, 7.06958611997705, 4.435729411188332, 13.370564681039182, 17.952909736602543, 30.093473097247116, 11.005952109674817, 16.879509024828625, 11.622394782881143, 15.922324608673398, 13.181107871646336, 17.924435002387007, 11.572829576531959, 15.231781516433811, 11.571454076976844, 11.346337475423155, 10.04383055773438, 11.02371060879727, 9.555630055996245, 8.393513056509777, 8.569200765111153, 6.616594758982462, 7.7955334342124125, 4.991786017456027, 6.566540782490464, 2.968454460287187, 0.8431419075506931, 2.917108863139869, 0.19602209693109018, 1.138746438923324, 0.3688213950714414, 0.6615285678363811, 0.39723069298584185, 0.046822272186139026, 0.6881505488867714, 0.10029042485572638, 0.7207793614148127, 0.3099409766719785, 0.2314792206045759, 0.3428904924529174, 0.120812106537662, 0.8100122860118655, 0.5191558825390498, 0.6105977827337179, 0.17733731915578155, 0.24134595478382065, 0.13607117633770724, 0.43657652947675635, 0.0987752450786173], [2.8940390084535006e-09, 0.0, 0.3476616634664245, 6.996016175671751, 0.7553146534297606, 29.163591571330215, 18.04631897410987, 34.51235760021384, 10.838097820940435, 20.035879258292212, 10.029675326459165, 18.53773726145364, 11.628830192764404, 17.843105220708726, 10.708820249392646, 16.126801989737952, 12.27889308603046, 14.742896711949086, 13.342742930339805, 11.838439511383319, 11.524076490398562, 10.109917605573553, 11.300447782981355, 9.054999392528268, 9.404836782604175, 5.671554489517609, 7.837319911221953, 4.306196691768157, 6.945106692645844, 3.724776411313277, 6.04455133077344, 0.4968835699100548, 0.3774505058517413, 0.5424750393737554, 0.31741774249701415, 0.18350251355178065, 0.3953579087598389, 0.26575468363554033, 0.7404778467244298, 0.25886783626511956, 0.3628258439312249, 0.6938998162298522, 0.40830250535521323, 0.3389703529679922, 0.669915001483963, 0.3175443377715964, 0.6204864047844637, 0.08604743409543782, 0.6166876849984202, 0.06858003021808509, 0.4228329798939053], [0.0, 0.0, 7.560874033398064, 6.557922514316139, 0.5975469917453683, 4.542024066353951, 11.282035646274524, 34.99298620653003, 11.562258506660447, 20.07516474301097, 14.653280997100566, 16.308091657127985, 14.3528293599432, 12.869210089931393, 14.82422143043052, 11.389032845113103, 1.3773492056999332, 2.6884480106355624, 4.247302338876276, 2.9148145293814207, 8.523297286248463, 10.509949545057493, 8.645390424244248, 8.305401237503556, 7.2991351537832845, 5.208130668893208, 5.576215299976377, 2.281827173006362, 2.250241601894008, 1.7719580710273748, 1.8834195112405143, 0.5133709746462477, 1.756535561341577, 0.3191646784146023, 1.3478403164950938, 0.5412171106560819, 1.0240494682921562, 0.21434149913190767, 0.9105380664522104, 0.26782919274693623, 0.5595728562440725, 0.37440437339396926, 0.7155404640713968, 0.2604684520866105, 0.3234899238631659, 0.4182304319275697, 0.4238774081075383, 0.25995089033432717, 0.45306479696744817, 0.2664430810481287, 0.3899394551324257], [0.0, 0.0, 4.501467022519908, 1.3051673011289109, 4.368466301658736, 3.026107394011721, 16.720827568141807, 34.953138689194354, 11.194579540137756, 20.996781847228835, 14.592511795505741, 18.61956974799157, 14.034868737361817, 18.15100333587029, 14.560069325571444, 15.223462402186458, 13.996452212898026, 6.961470727686378, 2.05925477749484, 6.644628857646566, 0.38805502791135876, 5.427392742879525, 0.8271756475039452, 4.620514093527567, 0.8139773488710671, 2.923159340024842, 0.3293858143268975, 2.591492208987293, 0.5346069224033723, 2.21968053985019, 0.7408535402230613, 1.0146310128037945, 0.7566521889777511, 1.1629663084722097, 0.7987804182206465, 0.8175539905579349, 1.030785033390014, 0.8927675378456223, 0.8806263963725758, 0.9753378542610893, 0.7137822140170638, 1.0869423245747287, 0.7939842822213948, 0.8143563512693657, 0.6934144104497895, 0.6903776941988936, 0.45275324624548413, 0.07719492159287729, 0.17558497342852167, 0.03380700413349669, 0.027487486693436973], [0.0, 0.0, 4.587859682867717, 0.17714340959205738, 0.3867226257408497, 8.496093720723026, 5.5073635715631415, 12.40822799406816, 3.833092916919488, 4.973584715176871, 6.014173022239348, 6.770657176705471, 6.556444933116283, 17.314959645846614, 16.783694548518877, 15.440978623725957, 14.463060241534986, 12.819950832058502, 13.157188056302614, 14.877006555996125, 11.398558087970283, 11.352428526663653, 9.978965067273053, 10.866330735497517, 8.266031265251005, 8.762492448658586, 5.201706076177692, 6.8832728224055515, 4.967393952689171, 6.498515437875399, 2.8535689128634667, 4.545322477708358, 1.9653732448817212, 0.3050849588909963, 0.12143573305938553, 0.5550826062417294, 0.3854522777020951, 0.0741856527892337, 0.34320058645752766, 0.34638030339040565, 0.7742169212218906, 0.47039487888027426, 0.22091070717187744, 0.6704710337357577, 0.18626232598293677, 0.4799550168331929, 0.07446460444509873, 0.19584840417789548, 