{"initial_violation": [], "initial_duration": 34.73992967605591, "subsequent_violation": [[], [], [], [], [], [], [], [], []], "subsequent_comparison": [[0.0, 0.0, 0.1777294143376793, 1.24065071447351, 4.453172366459989, 3.5823444965767144, 16.446427319960456, 25.12540217144128, 11.313433544207992, 16.373760110987163, 13.611379268155629, 14.079126593424455, 10.956434168392175, 12.891953327654848, 8.871867681534592, 8.619009766803709, 8.25276493462104, 7.574749492413237, 7.830864211716951, 4.778274919320853, 6.397662137529519, 2.4155933900697475, 1.2796394022076751, 0.43351673747900055, 1.0869016963849023, 0.8860666452535803, 0.5672539649478818, 0.3280029101713509, 0.4671589860486462, 0.28110205278625167, 0.16076035129851457, 0.6116239642736826, 0.2614421511668995, 0.4145799140038885, 0.29279116022208374, 0.946040141143853, 0.34101750834335565, 0.15368775145265098, 0.15396145017967766, 0.3240435251395933, 0.34091460864565437, 0.5476839528308436, 0.3354649204610231, 0.5742508850453892, 0.14214312587497696, 0.4581380100487088, 0.4499909528042218, 0.10192199289406557, 0.08224426454016609, 0.32350671303685563, 0.08906920631878822, 0.21793921286976722, 0.025823612749806366], [0.0, 0.0, 0.2375714108183982, 7.643693303827023, 0.7501359741562785, 0.04591100409074217, 4.081549852258727, 5.946618634485516, 1.945478789605239, 6.320563118093542, 12.622738501841491, 18.0824295409228, 12.836161026062069, 15.648463062140374, 11.929739464618356, 13.010998746233954, 11.06862135995809, 10.353926231490538, 8.65461730246709, 8.10587277823393, 7.960985320461081, 5.982290317197903, 7.144602203088425, 4.613990275458376, 5.6447723316053615, 3.2751440405810923, 6.15290268275795, 3.0124653193915183, 3.810475877292387, 2.3360661488897154, 3.1784200136681107, 1.6702968113720011, 2.7092698919507736, 1.191574506929441, 2.3194122241303807, 1.6239726219053519, 1.8210955381429144, 1.0879189469184505, 1.2273232795518878, 0.9954133436749112, 1.0520052190027684, 1.2532979892017397, 0.941255716288702, 1.0108256514962048, 0.798121850713189, 0.6786545732163286, 0.37436976975352315, 0.4657797103897439, 0.18614123284866477, 0.07480555554493239, 0.24938443968360102, 0.13028145950674386, 0.16993158881571968], [0.0, 0.0, 0.14758991796416518, 1.2384672701513724, 0.7246384169140467, 3.8098245004272706, 13.479531877721984, 24.960880764547845, 19.163381786811996, 17.111878944980607, 19.65525122536974, 0.24778612971672453, 3.6429113278901553, 3.1156468404391484, 3.5778939610889213, 5.0354333099532465, 2.2367827598954646, 4.801190473617012, 1.5842785408965494, 4.162271911564525, 1.6793951979138835, 5.568887369886468, 1.0066371142161281, 4.155213288360152, 0.7970586840485048, 4.312340072405267, 0.21813018493862618, 4.973739085853471, 0.16533844004934808, 3.715059140510395, 0.5784306398857803, 2.8157828700199437, 0.10145729019396947, 2.0025013336244286, 0.2718589535808026, 1.3630652238119896, 1.7515929456691721, 0.9649595468661255, 1.303993135215885, 0.9408322938862743, 1.0448005013338826, 0.8347532182175399, 0.8594073484190821, 0.6211150330699766, 0.6403274460335535, 0.36618192940538163, 0.5295775956668112, 0.39606677889231845, 0.4325279426272654, 0.3768895186194348, 0.07849220224573332, 0.061260250451276865, 0.1469550122601787], [0.0, 0.0, 7.875636952290226, 7.490674318100068, 8.38342423372907, 25.291303766024964, 7.0595636099560375, 18.786112703648254, 13.567486257835066, 12.057795896161418, 13.122924082230169, 7.115475159336451, 1.4898865950339975, 5.057923359537901, 2.035183023529508, 1.71427610651073, 0.11387814275788002, 0.1296013072089202, 1.5696963530768393, 2.3590042908285427, 2.277087770623363, 5.441586202031863, 4.29804613202958, 3.102813706965708, 4.182756092576042, 1.8420899128084653, 5.29054359732954, 0.4429169385299985, 0.5642302308756165, 0.1590815158391411, 0.05947159275571506, 0.761871901346048, 0.41501061863831795, 1.1119450820269206, 1.339692305045164, 0.9643452969623972, 1.4118463567757875, 0.836638790720888, 0.21853341066665613, 0.07820983485923438, 0.42190658026135497, 0.028274633257956507, 0.8030786911754294, 0.09182607774719702, 0.5244441712166404, 0.04867559683474799, 0.42702544412691146, 0.0268604955369097, 0.3670704350741982, 0.030908045469868344, 0.053130466075965735, 0.0556843848525562, 0.10059545590616506], [0.0, 0.0, 0.44903395020171033, 1.1390402129655084, 4.534640486773974, 4.8127211676600306, 16.685823933168482, 25.539666892927492, 17.875112797473214, 16.783390307869325, 18.112204840286825, 15.362894786342771, 6.83023699891695, 2.252164102142477, 7.0306885096186695, 0.7794133763551327, 3.6233229752267366, 0.7084186013641934, 3.9940480338494484, 1.7941503144268605, 2.078619260874716, 3.142183494513439, 1.683222606434825, 6.744604325550026, 3.4425787734412276, 6.13501141237343, 3.5612306979925137, 5.072904763041721, 2.5887956457055963, 3.416861297051459, 2.707097824555312, 1.8769672180504324, 2.5202321192587127, 0.9579954637692609, 0.6607818032348359, 0.9072919345677724, 0.3515650820899579, 0.33305485832601783, 0.03739857807327157, 0.5028845257904183, 0.03538752501971665, 0.8720157463669208, 0.030644447649333564, 0.7457018299310754, 0.6037744009070682, 0.4484035065108442, 0.44047147014640825, 0.40103380856055, 0.3738947780730206, 0.3270624122493694, 0.12623299884884248, 0.050137582155376524, 0.12623294564327414], [0.0, 0.0, 4.82308967479378, 18.198461651092405, 15.352035466850516, 25.32949810358944, 7.354618341184709, 18.33673923314645, 4.245434829788318, 4.760069474814292, 5.551849184070128, 15.066054762394044, 9.638282472883684, 11.474728391359097, 4.190828884613475, 2.5359679774111332, 0.5833572917257848, 10.303626594232487, 6.568931779504, 6.177331987581758, 7.6454977108195274, 0.8056171372928448, 0.2836781627666811, 2.444926064004603, 1.03126464127041, 3.810012823163299, 4.008672138827357, 2.4781125890519236, 3.6190427943974846, 1.2017592026242212, 0.08992048148617333, 1.2701248671028653, 0.6756559910518585, 0.9749566108076019, 2.007883635488499, 1.1077349725931285, 2.0783205428811287, 0.7039308429942109, 0.1417491527625221, 0.7710004300185, 0.22586531891389544, 0.8815155480973765, 0.18537814456747753, 0.2785041302432722, 0.22996117145114667, 0.4717613773012884, 0.4751260403907371, 0.22813746132546447, 0.37685025816437806, 0.35457331473171183, 0.40083647363027114, 0.05137463315571122, 0.058087284765682236], [0.0, 0.0, 7.867246041284265, 18.491422576893928, 8.68698655846075, 26.245538880366542, 16.5025904020516, 24.55863787754538, 12.581788197859657, 12.879561738427174, 2.8403001712145746, 3.4189067039996317, 0.36872120946951586, 0.7649624035910226, 7.982970939944965, 12.533269188013335, 9.306795274025696, 10.930203390319528, 8.25211195275932, 8.17065543694691, 7.760249651021015, 5.784769074099924, 7.211356825260655, 3.959443811138879, 2.395412721478728, 0.5270453115415793, 2.03034175902275, 0.6252705853057591, 1.077756716927172, 0.7702039129918257, 0.7169886220016696, 1.2579555272816987, 0.8046597883751785, 1.3161913362071747, 0.23968162831446346, 1.1017618067932304, 0.5451605797988249, 0.639403036060725, 0.3718792468057313, 0.3361036526191297, 0.6331409147965636, 0.13035051428408037, 0.4214454691540266, 0.12808037187281054, 0.3201622829383847, 0.05478623932633339, 0.4377441693103214, 0.024443234572680207, 0.42945246757427613, 0.043127857522016755, 0.18344157919210102, 0.143994343500445, 0.11587690199833131], [0.0, 0.0, 8.038792805431303, 22.753318456766404, 8.625876893079287, 4.703179653698186, 8.691696790770912, 23.925443793228137, 12.874106815111428, 12.489616297359438, 13.718961552722055, 6.169257946488277, 1.256195812493389, 3.70961959216438, 0.7864812699163982, 1.0519894498087652, 0.5044086545346469, 4.001327972646665, 1.8289157006466477, 4.002552768284699, 1.7680972736167286, 5.268164632282485, 5.2139666098942925, 4.021228776660648, 4.701236013863287, 3.2076970061908896, 5.688398427595234, 2.9862802276846976, 3.2798336840250184, 2.412108647281111, 2.6579385481624156, 2.1234307147522475, 0.6492229917573635, 1.5938814624809443, 0.6311321455432745, 