{"initial_violation": [], "initial_duration": 34.78975796699524, "subsequent_violation": [[], [], [], [], [], [], [], [], []], "subsequent_comparison": [[0.0, 0.0, 7.600248048213159, 0.7797102962495166, 0.07502132840325243, 0.5503831115998025, 2.2609313216176528, 1.769247814471058, 14.184074920928632, 11.345347941718222, 10.015802599813613, 10.507959382327693, 5.463735523344296, 0.7041881526642273, 3.8728707043823327, 3.295609434203686, 1.8758185551840718, 5.6380069810920945, 0.5076469775138192, 3.514560285228228, 0.9555336811697007, 10.766897369342335, 2.7827136227249656, 9.443497682105718, 2.219716054508889, 8.620607296991345, 2.441435921513656, 8.23184941103805, 2.2323502736332865, 7.884714045900061, 1.021665844342219, 1.107127418508855, 1.8943714648063879, 2.037832720428515, 2.1829816854466855, 2.070209743179525, 1.8286023386467554, 1.602443514615025, 1.448217528679777, 1.1426471084981338, 0.9182516725522796, 1.0075453812542985, 0.8788711900293443, 0.4245200864335099, 0.5432499621799949, 0.3965796172547053, 0.3957892966600338, 0.17492551652938196, 0.06362388250976263, 0.06713962077328835, 0.06127941067667886, 0.13037850514059374, 0.0023928780216305435, 0.13037898477595736, 0.002392891576476754, 0.13037946405377945, 0.00239290478490122, 0.1303799436891433, 0.0023929183398005106, 0.13038042367526054, 0.0023929313967608755, 0.13038090330383637, 0.0023929446052684857], [0.0, 0.0, 4.960153022986636, 0.09496158966294595, 3.161039495950125, 0.8178181116279044, 0.017943307918961114, 1.9588383152483555, 1.595407738151534, 9.631204269988496, 10.625421577448384, 9.986117610042763, 8.180062290539704, 10.202220644620601, 7.457921853340507, 10.74070677328946, 4.596268742834574, 11.30939867271344, 4.7480920896012035, 8.94641479974749, 4.687973220193029, 9.651152688401066, 3.9757280447043226, 9.011919365031265, 2.4933582046111225, 7.707773817360266, 2.159485074734418, 1.0334475212623058, 0.555435580127067, 1.0363024443770388, 1.0871671692590499, 0.6593122887181327, 0.4817810235697124, 2.7464647751309768, 0.4132113480279053, 0.3218323975102893, 0.7304188010339626, 0.41460487263399515, 0.36586020970699606, 0.37012636333540827, 0.8614595995264114, 0.16013638464838645, 0.40581933815774723, 0.1550752048309863, 0.08543169919523326, 0.04651268414818575, 0.008880031591273502, 0.009230043720744444, 0.013824960701042298, 0.009697616668529722, 0.005209655761751927, 0.009698223748484246, 0.005210708679930683, 0.009698273849964452, 0.005210734272628038, 0.009698323759069007, 0.005210759865333926, 0.12331716542222353, 0.13802612324392888, 0.12331760327596883, 0.13802663716601044, 0.12331804112971421, 0.1380271514454663], [0.0, 0.0, 12.467915015995121, 0.37173565605086356, 6.652710636258956, 0.12850021911941562, 2.7857416084888027, 1.297127481476624, 14.780456195905998, 9.328054747856452, 14.368989551925047, 10.674533015084227, 9.952613785763306, 12.82671925073664, 2.9050164288658933, 0.24317797315882383, 1.8091486939371737, 2.6805565125271595, 2.2705251159793027, 3.176968672585375, 1.6644785959186639, 5.7428033144057276, 5.1885244176161525, 7.1756247161288815, 3.360523787454436, 6.215342137423138, 2.5180312109024086, 6.245725331662777, 2.4188410716010997, 6.384897035244002, 0.8890787628669179, 4.682625727416553, 0.5955573176826178, 0.5913508747407211, 1.7525103754660838, 1.223351503538351, 1.2948193641875352, 1.1285241043468976, 0.9257912764336664, 0.8826551449370049, 0.6071325171229405, 0.7716159917792282, 0.4899487565416615, 0.6964964342225296, 0.3480069431523432, 0.24877527789420537, 0.12529929399770018, 0.5294891512095747, 0.44571100262143476, 0.5020907276696768, 0.4134049774407344, 0.17999590124993003, 0.13526410614018158, 0.2702185007692213, 0.20957403346713888, 0.2069798786273227, 0.1463401730131166, 0.20698062178693596, 0.1463406697053491, 0.27471684465193236, 0.07863072383680203, 0.2069823041285484, 0.07863119813526734], [0.0, 0.0, 12.475000801173938, 7.759670789208239, 7.052335966661976, 7.703054938826244, 0.4949040983269482, 4.525858546794285, 1.8000391508141633, 4.357609270334557, 14.681398093417505, 11.947471358842199, 9.065934486889656, 12.485987289586925, 6.35811331661705, 0.9756018073209333, 2.6678450313804167, 3.0579144832718224, 2.1915823249494064, 3.393470334527012, 3.006829473491981, 3.9602866519638438, 4.454855707162124, 5.408016976500476, 4.144964163827465, 8.911059606996616, 2.275313992920886, 9.333680511153718, 1.4770731512481234, 9.067232233351596, 4.22419073678558, 6.371189663620217, 2.613135442562501, 2.404785428663889, 2.4465152004763375, 2.3991594680051533, 1.9512500745132053, 1.7041417639933474, 1.504008963241677, 1.1351395318320765, 0.8906025768837684, 1.1831158330202542, 0.9240803730873467, 0.7124493148931221, 0.5092814391283488, 0.3851304444947295, 0.4363449809645787, 0.11242555655439414, 0.07412820072539407, 0.005415656752586148, 0.13442308635569, 0.06063255685297114, 0.07124905965705532, 0.06063272488316456, 0.07124936676902487, 0.060632892913361006, 0.07124967360916717, 0.06063306094356046, 0.07124998044931528, 0.06063322944728922, 0.06809550337804786, 0.060634165616504816, 0.06809502973125997], [0.0, 0.0, 7.636498413597639, 0.2681948724376508, 0.22820264031676446, 0.4101486118034484, 2.138024499055875, 3.6536115963132705, 14.662115105015035, 11.635372215737739, 10.669315350246114, 10.845042458291651, 7.373640906745563, 1.258414325504016, 1.773409333843406, 3.537123184746787, 3.1725001860585453, 5.71632007560726, 1.9958110059632133, 4.5517127095747725, 8.280818556129102, 5.912176984354507, 4.9142082095247845, 6.31511555426082, 2.8523821594817873, 5.950179797647289, 1.4958683135233932, 5.27546338036692, 3.5895887839993987, 0.45367311348451506, 0.8996907656544186, 0.9084331357013263, 1.7661114089729095, 3.4595689780770553, 2.1358714178711864, 1.0412337961636131, 1.20039753809068, 0.7658140822866657, 0.930968799491614, 0.65154979306226, 0.475725044410968, 0.2917825993098094, 0.2452368122885859, 0.754722437686523, 0.17660155856728718, 0.17700092258937514, 0.20469679713353223, 0.46683850516371656, 0.43088583439276323, 0.42156271304420523, 0.24028372226486533, 0.07834092814061679, 0.06135570614252515, 0.13000909660770435, 0.1244782443037233, 0.06687263588620464, 0.12447876343470209, 0.06687281990220627, 0.12447928256568531, 0.0067925415893621745, 0.12447880800815925, 0.006793098961554109, 0.12447833375312253], [0.0, 0.0, 12.4756049108893, 0.39927853179640893, 1.1359382449473492, 7.39458441051322, 2.561764138323227, 0.08309608811544429, 15.479416769163231, 10.500731615851423, 13.759306973789103, 10.967369909131865, 8.596563532475178, 2.4763766736513215, 1.0165235466216764, 3.1145545864538273, 2.0524603640666594, 5.226114499722922, 2.505140526615004, 7.844964266938082, 6.8380186183199685, 7.865867751409195, 5.109153650550681, 8.566185220027792, 2.182878505998859, 8.313484017247216, 0.10176781437101699, 2.3086335333033916, 0.842808485721064, 4.796209399631931, 1.0786974017568, 3.8620200546429477, 0.2991140793839898, 0.34015964807632465, 1.0639413808363505, 0.9779955631279295, 0.7690369562065691, 0.722391071690253, 0.9136971872565374, 0.6669820649964807, 0.5026897922814249, 0.7581633587942029, 0.37179109616161016, 0.35137797785885777, 0.21320678567980997, 0.07521925688220044, 0.10206125339208952, 0.546992647954476, 0.12453527384020555, 0.107804697059061, 0.1163436536291053, 0.08436236157160583, 0.0636985189316978, 0.02199262686030408, 0.10780654476549771, 0.12864561976611766, 0.10780701830235433, 0.1286460362585371, 0.10780749156833419, 0.02199259626069673, 0.10780701757864426, 0.021993484988258795, 0.10780654385984918], [0.0, 0.0, 7.552786176937051, 7.432009036627146, 0.33547616014272913, 0.8759041273784681, 2.1891523642818864, 1.5863735326038104, 1.7227344885129545, 9.757620123178572, 10.335924112203282, 13.841657777929377, 6.939902593906421, 0.8261873322373184, 0.3356079859591187, 3.162210908162871, 2.6627949522216467, 4.537243714671189, 1.9647731162977504, 5.10961386254526, 2.3700770310983255, 5.102536795854563, 3.947919212411535, 