{"initial_violation": [], "initial_duration": 34.77990436553955, "subsequent_violation": [[], [], [], [], [], [], [], [], []], "subsequent_comparison": [[0.04183311750241907, 0.025832844256535124, 0.3721793324253602, 0.17668036787219932, 0.3645169711630694, 4.440299483993419, 5.42038364927244, 3.941091557251096, 0.7494637491684086, 1.2506758874715347, 0.9560558005956333, 4.313935042325916, 0.624085959926344, 11.197320139212684, 12.558657754337135, 8.839384545492962, 1.705473349094503, 4.618145212925947, 3.52494225763692, 3.26384622210863, 11.622784135798454, 3.7288029237568403, 9.991422770006787, 3.438429599406812, 8.836488249382926, 2.7274604345304096, 7.178363161570421, 1.6460015070643654, 23.45713902727988, 0.6382311048144348, 6.083858162591076, 1.6275744222946316, 7.215809115294346, 3.3280620611631218, 6.417595051424142, 2.677200904672492, 6.244288831393792, 3.6387067587583974, 5.396495665303258, 2.4450827868677285, 1.8141365197589097, 2.536430514365129, 1.6419916345361754, 2.1813555960173816, 1.3512862737902007, 2.040969804380523, 1.085889426485179, 1.0596023507963725, 0.994767040155134, 0.2713556123241573, 1.0701179915070134, 0.6169415838517097], [0.0, 0.0, 0.33448203425596695, 7.483457120018403, 13.094450353637995, 11.095759704678118, 24.56779516093013, 10.823708698795489, 14.900640049701005, 12.76413751668535, 12.835745438548656, 15.22053402522108, 13.917056200974594, 17.496356059143583, 11.095426734444917, 17.206791998212612, 0.6671286289030609, 1.3649126920113934, 0.06900611955985542, 0.7140232497159554, 0.23755531403778107, 0.5429239757210936, 0.3409759041674591, 1.5254018148631292, 1.7622194497921637, 5.610905847536452, 8.817208171094933, 4.243047591725606, 23.30670696140109, 3.067319869483186, 5.8293043697428, 3.0425772186407185, 3.8814828231080507, 2.326228848739788, 2.696369844052655, 2.7466339721272575, 2.0631150197260695, 1.2399389139285413, 1.0275830603364748, 1.251626463756136, 0.3681669483957492, 1.1148556229364153, 0.17671595381685046, 0.7780228304875875, 0.2789509247016442, 0.46491516862377874, 0.16188769575273879, 0.4903228306043741, 0.19714548834733597, 0.32941733383874156, 0.13476963762108785, 0.4467446535479782], [0.0, 0.0, 12.17155447231224, 7.702807762535075, 12.810360771319328, 2.957946369820937, 5.076738456539392, 4.004186623486638, 0.8352448822599691, 0.7973900307185169, 1.3669240667941613, 7.811303422250576, 20.32691452689954, 12.349341708468888, 16.98019078323224, 13.525259023366516, 13.14732624090313, 13.436203760290505, 3.4998427874007407, 4.7383208495239835, 2.9429781165076565, 4.957125388811254, 1.669332863844672, 3.993386120746307, 0.2306694302310519, 2.4697933715092284, 0.39100737704077343, 3.128381687032553, 0.39132363091513256, 2.051353315142911, 0.30187839021322543, 2.1296725002798587, 0.5240925371573595, 2.6720317612096482, 0.4524051396808204, 0.646423505382306, 0.2968780137661266, 1.3234301590565274, 0.7998559143128151, 0.9611281123419685, 0.36611547646845266, 1.2634712302640403, 0.7821630058890192, 1.139536146571172, 0.670639927722966, 0.8438438131848974, 0.8258937290357977, 1.122905876736037, 0.9072501298979603, 0.42390966964820603, 0.7025003351565143, 0.3671721126584137], [0.04183311750241907, 0.0, 7.764142151446403, 0.49240323909493877, 4.278532288811519, 3.3186472464130223, 4.837238723000281, 3.6977322705266786, 6.321435233129821, 1.6848406910084641, 9.065900673144652, 4.273477513913176, 5.695213925857492, 16.15843771071684, 14.504724162744814, 14.413667866349261, 11.216797184386017, 11.253184573852394, 12.249225191271215, 11.297159968474928, 11.904709657071525, 9.221609940007708, 10.81580860167713, 8.323303581925803, 9.421425495150835, 8.106143134848722, 7.4817450566582995, 24.789980091573508, 5.281187763365979, 5.400260022935556, 4.0438704238002, 5.10816339426785, 3.0750271398007913, 2.8320246488814522, 1.1868969040267476, 1.7274750600357809, 1.77874000415927, 0.9745655489618107, 1.889426237802977, 0.3317772943272419, 1.2635045689364945, 0.13113282103387613, 0.985478544582073, 0.2861614082519966, 1.5330449510672428, 0.7653421680184865, 1.4939374968928445, 0.9742961682108122, 0.9991182792771627, 0.8015549411565979, 1.4891322091388324, 1.1096721187506073], [0.0, 0.0, 0.2726884454032089, 7.236378812045241, 7.702179811946857, 3.230290718983196, 5.0023220918954365, 3.9342151632366433, 0.3000389052261112, 1.7061183505227928, 0.6307871038685896, 1.3736200402179362, 0.9631743241853361, 11.537370558832775, 17.10344847302983, 8.429017685755003, 0.577702301755846, 6.659050697252177, 15.301267060717718, 7.157169395197254, 13.0328568259452, 6.863859705998602, 12.164495660045, 4.758626801329856, 10.517165016883713, 3.8188984940387853, 9.79541405571582, 2.907666875565249, 24.22302148300147, 2.4880482476170247, 7.903424948395921, 0.9236725606318983, 6.4091725956167975, 1.6031666199422634, 5.482688178634302, 1.0463337604574234, 4.13517608146233, 1.7395100290862917, 2.773649760637698, 1.6077402869458466, 2.0904814533285374, 1.6016321712228567, 1.7245253425924791, 1.3808107855468648, 1.3311105308169184, 1.067780943232145, 1.4988002361061918, 1.0476287883830377, 0.8191886873602826, 0.6796076410530469, 1.2021246159429966, 0.7987981804144647], [0.04183311750241907, 0.0, 7.351110372171059, 5.868674837018923, 18.191004918098997, 18.356022038327282, 13.32425475049119, 11.45343511427622, 13.64152484208887, 11.970729401104206, 12.024959696979575, 13.262714456295006, 13.678482040206196, 17.33719815614104, 12.879503982430611, 13.718194189556364, 9.981250112914124, 12.587175053788203, 9.753616753204948, 2.5427326990339822, 2.80056218660148, 1.3032055846113475, 0.968705616629006, 2.504311438874074, 0.14576965221566127, 2.099186458010571, 0.4258848568167814, 1.6765637742117823, 22.160664901677364, 24.006725713229258, 3.035620838482726, 3.372723975936846, 3.7107754451536636, 5.486464551023635, 3.4681633501536475, 4.63843863616273, 3.504604164418381, 5.62548285147362, 2.7678370846077325, 3.522389810202415, 1.9326394697132558, 3.0083474450606063, 0.8823856376253085, 2.0685627395526254, 0.9972167976427891, 1.8071742760254268, 1.0126534103392255, 1.225088477786906, 0.9705094907747399, 0.8128334104299173, 1.308881121570845, 1.043634484291375], [0.04183311750241907, 0.0, 8.025158358114473, 5.9048939188672795, 13.51525166575634, 4.456377263964294, 4.754854827038341, 4.36346022473265, 2.085715770435131, 0.690705275982314, 5.818055316383462, 1.4216173792346019, 3.1454862521095057, 13.493998929425791, 13.343893836593795, 13.182713590548873, 9.558913321276107, 13.745217423797802, 10.833167783631389, 13.075425650982075, 10.935911078396655, 11.416335984581258, 9.492917920771427, 9.888597204236824, 6.953327888241603, 8.72572791721227, 5.4405824084753105, 23.654937199383912, 0.028315918213338304, 6.155884555743007, 4.893485049762411, 5.072436923285533, 5.855675538860517, 2.198961222803983, 5.7090663341621015, 1.2839895181714234, 6.506887818339996, 3.0291283052715396, 0.6693275623559037, 2.6035469024018423, 0.16255905253530636, 3.0931346105977853, 0.21869916961269445, 2.6274791415670093, 1.607634468122467, 0.24028369599906227, 1.5897692154495295, 1.124398213142972, 0.18492486872793193, 0.7586824929605901, 0.2728052245400464, 0.41180906626022346], [0.0, 0.025832844256535124, 0.2522385093348149, 0.14079183571631054, 0.054581933840604356, 6.8527610909534955, 28.03603441601671, 6.228843563848831, 16.48016902070927, 5.79309337373244, 1.3901287589517906, 1.0293082933019007, 2.8659549563576943, 7.718501444216555, 18.271028068839907, 6.268485452429928, 13.440596113450392, 3.1082589794765534, 15.184105227056168, 3.050807169425861, 15.254363112768251, 1.5957099331549396, 12.792751392788714, 0.4367950672162748, 10.839994876430326, 0.28484224932988006, 8.279898196867821, 0.39217442504305483, 22.328281646647973, 23.87056196374754, 4.3763193389179555, 3.155673929484383, 3.773861730138458, 4.821835914339721, 2.756705454659775, 4.440096074913807, 3.3490691495026823, 6.367074711174581, 2.7434894885463303, 4.172469518872215, 2.010629153492858, 3.7570276377662073, 