{"initial_violation": [], "initial_duration": 34.61110067367554, "subsequent_violation": [[], [], [], [], [], [], [], [], []], "subsequent_comparison": [[0.0, 2.664589783940229e-05, 3.1770358239602436, 1.2660828451581674, 3.3589410147644307, 2.1859122427364475, 1.468148744602238, 1.5744395975883312, 1.2401577731913604, 9.520277333395178, 4.636817630353606, 8.66763001264959, 4.074521644545558, 7.539164667556748, 2.9475225235212426, 6.7805475094518926, 3.0294699775130467, 5.1356329025310306, 2.569212884132105, 5.30613887833177, 2.5597581562696687, 3.4515828214052844, 1.7501749733095047, 2.5537601349136394, 1.7317362023491558, 1.9521797301768047, 1.4006209673621297, 0.4448340592369693, 0.9309963715348797, 0.3617990186472101, 1.2959104787115614, 1.0021512182871477, 0.8495981531931244, 0.17736095859283244, 0.6468046529088514, 0.35227408149165446, 0.4066861952059409, 0.2595410880978883, 0.433252351944993, 0.24135614463904734, 0.2704519611100845, 0.14532829524999827, 0.36878624998252624, 0.15831856088253354, 0.25853115020464734, 0.13660129519701872, 0.10516604432208156, 0.41310094773908723, 0.168406456552456, 0.12861624034044614, 0.16840881980521924, 0.02218970443827078, 0.16841118154016185, 0.038014115665497485, 0.16841354175728382, 0.038012890009179665, 0.16841590188224823, 0.03801166435290157, 0.16841826039723415, 0.038010435662897094, 0.16842061748655734, 0.03800920555815608, 0.1684229716323969, 0.03800797524924212, 0.1684253256860789, 0.03800674352559187, 0.16842767688843502, 0.03800551028509897, 0.16843002942429666, 0.03800427704464638, 0.16843238186800094], [2.72205755944447e-05, 0.0, 1.7121292591044157, 0.17767389408746945, 0.2655164222341457, 0.20412636878961032, 2.2579708104145815, 0.07500878651299149, 0.20084792555185024, 1.0303504833312895, 3.497936000116657, 3.0105800299405474, 0.7629580808058605, 1.4878833217060972, 0.8334445786842888, 6.988284815053956, 3.564150277106839, 6.577746924713008, 1.0023828944731767, 1.4346021689466981, 0.7915358844164989, 1.6274899993931495, 0.7889299477180066, 1.2631972657164945, 0.7583545195751283, 1.0898818720280383, 0.45781814126341397, 0.9616213301501374, 0.10281046232476086, 0.8548111942633019, 0.43789138644693704, 0.20263729023051247, 0.14968934570807563, 0.12946559701681187, 0.14666816940832095, 0.15663992785449402, 0.1601061586772231, 0.3371184678177222, 0.24603679703765957, 0.16929499164004153, 0.10264549636959154, 0.17789012084971645, 0.015999359156396435, 0.38893333911056155, 0.07918130646310265, 0.3907809364624734, 0.08326207205732605, 0.10301625793024537, 0.08325797931123798, 0.15451599782316017, 0.08326344112281665, 0.09129482316429562, 0.0832689028515177, 0.09129061592843907, 0.07122606465542072, 0.07922542215591485, 0.07123237028335297, 0.07922206142400348, 0.0712386758303584, 0.07921869906972999, 0.08330601253028573, 0.09125936863884723, 0.08331147114199337, 0.0912551567514658, 0.08331692967081636, 0.07919335278110948, 0.07127831353221221, 0.07918998880659907, 0.07128461908211345, 0.0912281089201184, 0.0833485670879937], [0.0, 0.0, 0.4981710116188358, 0.012641219261432303, 0.6243835300458077, 0.46057488671340974, 2.1441867833197032, 0.5399449018311983, 2.3419655231381626, 0.12326655963568046, 4.530482862773113, 1.1097659401777071, 3.7093606024026604, 1.5337210481447336, 3.9110199473439238, 1.6043481804487527, 2.915925360195463, 0.8737087981061422, 5.712405656325016, 5.208450102260855, 5.660688456630891, 3.7386310419170568, 3.7965115669220317, 2.9080513430142747, 3.3368322741441574, 2.2372048158172193, 2.5783605782835135, 1.932604534999186, 2.041033089842628, 1.6318025997212011, 1.2297761781744427, 1.1845673564899044, 0.884435144797442, 0.8124996592512985, 0.3764255367032578, 0.9590296582729166, 0.30060379209240823, 0.4770219879970421, 0.3025631153617664, 0.3678467892236704, 0.2294386387417264, 0.1799420657035549, 0.33684583167008536, 0.10598367434178643, 0.2091112811512387, 0.362560131872531, 0.35641747475136837, 0.06572411694189194, 0.06285923303846828, 0.10812430601866091, 0.11437514615793787, 0.044877603398902566, 0.11756330591548526, 0.11128536910376341, 0.11756674880333746, 0.11129043104523813, 0.11757019036853013, 0.11129549289702789, 0.05117150598470734, 0.044854933385116647, 0.05116854389074863, 0.04485358709444782, 0.05116558179707047, 0.044852239285940294, 0.117601238187998, 0.11129202767783701, 0.11760467823604455, 0.11129708042241351, 0.11760811970421087, 0.04483090307273663, 0.05117741564068638], [0.0, 2.664589783940229e-05, 0.31523489904650814, 1.2800371243018753, 1.3543170834422347, 0.646630003910458, 1.8876471832309476, 4.828913857983039, 9.272024413632526, 6.337935417969456, 6.112203275852924, 5.9217575528425135, 6.661597043895835, 6.043098986195786, 6.0272193481670335, 5.159443337290765, 0.9828965829528843, 1.9501625632740915, 0.4161884174661596, 1.3896725410517863, 0.23581591602819466, 1.620494246946913, 0.06327876829172241, 1.7294740269936857, 0.1051118726754604, 1.316802700692002, 0.06431181653764917, 0.19773574651325873, 2.35989978591954, 0.9324808302961197, 1.07686758777898, 0.9995960454012407, 0.5644047642557782, 1.0482692294166818, 0.9344975571796345, 0.8710557101940977, 0.462151145543687, 0.40826840295288575, 0.27487414181609654, 0.23339214194107966, 0.1424412197322581, 0.2739198576147841, 0.4472957586328963, 0.181314649787727, 0.11433244618157418, 0.1145050513454962, 0.047290821642346235, 0.15391729628354747, 0.5092010394694823, 0.2097030108745599, 0.015969567699910404, 0.055707016720799404, 0.01596886729020801, 0.06367572041171055, 0.015968166793973598, 0.0025791985697908018, 0.01596746621120773, 0.14645010352617818, 0.16280443380595458, 0.14645290113450665, 0.16280696711965487, 0.14645569722520002, 0.16280949748659418, 0.0025821904680727666, 0.015986086976990846, 0.0025822575336255336, 0.0159853835315351, 0.0025823246716217886, 0.1628352844719263, 0.002585260983639267, 0.16285601224131738], [0.0, 2.664589783940229e-05, 0.0939063521957666, 0.6535431059877645, 1.1804649596086432, 0.24591504842548728, 0.6311143666968874, 1.4755389804385424, 1.8979325963060496, 1.9133863271231462, 7.808266572327093, 5.520364717342958, 6.893159488964997, 5.10184716243911, 5.147275381197374, 5.36265143819429, 3.931574276125717, 5.227039665303904, 2.310717182233624, 5.874440447315868, 0.15655823023179957, 1.071492897261315, 0.08434729733004316, 1.1974133665719549, 0.11334859991292515, 1.104419423873739, 0.6364851599687774, 0.8985079697322423, 0.5559697715429858, 0.867391083169989, 1.0056694816357041, 0.2441369338215803, 0.7824516331954819, 0.32663472252246323, 0.5777409589176908, 0.8682660272066551, 0.35633267088347814, 0.6101988094845308, 0.47272729183994144, 0.37314391584848583, 0.2028026186995792, 0.22427691970457223, 0.07848896262651901, 0.37335503793874886, 0.5806026572617037, 0.37508592909233346, 0.1986315093916291, 0.04840258370493667, 0.35037384349773365, 0.06127564230208652, 0.28713092172715093, 0.12476810446179618, 0.16443705751075924, 0.12476369929904545, 0.16443958931988867, 0.12475929573589824, 0.16444211961114885, 0.12475489360844082, 0.16444464838453982, 0.12475049451618209, 0.28714242974045484, 0.003142399616306222, 0.2871401237427299, 0.0031426792702396416, 0.28713781917376935, 0.003142958958563003, 0.16447295230594364, 0.0031550774310501882, 0.16449368026428401, 0.003167259202279319, 0.1645144081333295], [0.0, 2.664589783940229e-05, 0.4285858697838311, 8.994460440391194, 7.250623386085289, 8.374483597255947, 7.198678696190859, 7.501884722381777, 8.189819290606781, 6.238468583785289, 5.3615980631257, 6.215307211201076, 4.3063620377761485, 6.0847550293099175, 3.0276351522449465, 5.691681132751473, 2.890554691141254, 1.4507716244727722, 0.6554117044825052, 1.0221713327784676, 0.2796568188469484, 1.4882042021628323, 0.6501392737471914, 1.5701003125467847, 0.4872147252555122, 1.2811868254335321, 0.32669285349054555, 1.0263144452688253, 0.49979624784043225, 0.8814018715911686, 0.09229390092767428, 0.1527122081541845, 0.07467488267033229, 0.10007741327960222, 0.05736007848198482,