{"initial_violation": [], "initial_duration": 34.63049578666687, "subsequent_violation": [[], [], [], [], [], [], [], [], []], "subsequent_comparison": [[0.0, 0.0, 0.6738819524656856, 1.894738726515515, 18.107144118271652, 18.633319106976874, 16.649906169440168, 22.631903837315747, 5.57308256199289, 5.662347772839963, 0.6894050036019884, 2.4347305544807014, 4.931446483219332, 0.8893644675008643, 4.379606247348819, 0.47075292203582536, 4.907317369648125, 0.5833930596340376, 6.20458098237843, 8.783189055013295, 18.237140170470266, 10.632450483752763, 11.222409480292761, 12.894556215913475, 10.738711667222352, 13.739598491824799, 8.873040564740686, 4.948007982536463, 1.2148241174361802, 5.150135366678752, 1.2497107158102183, 3.389598364006389, 1.4037335425815045, 1.3154551515853075, 1.7013889987390218, 1.8412330912853403, 2.089203794648081, 0.5267514486829606, 5.697678813638176, 3.7062197445851783, 4.424197033261823, 3.06970129608074, 2.762531786802775, 2.5938451780003864, 1.8730796082037005, 2.3054719473508896, 1.1348722018019146, 2.334178640609778, 0.6695008433168795, 2.1293876830044876, 0.21700242030298705, 0.11239542997075758, 0.1414855183802371, 0.26827049672823916, 0.23622669778411357, 0.05011792064549246, 0.222385092544765, 0.050055607829544574], [0.0, 0.0, 0.03807961590900794, 8.27591487962033, 7.913411013622492, 3.637991131525593, 6.2820572686281695, 4.254716059825186, 14.558731675318782, 22.937138543733052, 2.9890069743593255, 8.875515662047002, 7.693740713795774, 2.368697284752474, 1.1018386463409522, 1.0229592003480876, 0.3030888123643702, 0.8182726319971872, 3.194895722463502, 4.720382961385465, 6.459186110861776, 6.371105779142605, 4.901857775038406, 6.495946345129854, 7.475526267689418, 4.6893607441111556, 11.321146860451917, 8.292270961925993, 10.010711393751832, 6.368009157605454, 8.153429824557236, 6.385001750047851, 8.812242224367758, 5.662547922003466, 9.147158566829834, 4.439466737328668, 8.378309420011666, 0.7046226761529905, 1.9348532969887002, 0.7806519950517804, 2.2412770194889404, 1.0307997625131147, 1.3622143256851207, 1.2873704971372748, 0.7750288899948637, 1.277659468402057, 0.7142211759227413, 0.8560140358757002, 0.3993724228470252, 0.9490331847203897, 0.03443936348442126, 0.7146102748011492, 0.09785938156339911, 0.6617165749186821, 0.1592916005502381, 0.5955972231865126, 0.1722429322114152, 0.7410596802134624], [1.8113031697983008e-05, 0.0, 0.5661976195808887, 0.6340748396330815, 4.236881041734351, 3.361355034034118, 12.091914700055783, 4.231966554648233, 14.583981499312479, 11.182475544035105, 7.964585931393184, 7.708134605611947, 7.368778568158977, 0.5199522377064792, 4.551020103446229, 2.4767762382557246, 8.610157724379677, 2.5737766042343346, 6.380662936139882, 0.2103614025575275, 2.0455557526278825, 1.9208388018408795, 3.744607194409392, 2.6875449343629936, 4.941156557915187, 1.9834039576295925, 4.871762366692421, 2.5962084878404292, 5.399124989615328, 3.348856634218618, 5.851906103973992, 0.292055092985479, 5.317862034564395, 1.5779002967536913, 5.038468332317351, 0.8438164826017256, 3.8189070811618024, 0.998239050014814, 4.371666873997519, 1.2105436961789908, 4.098071604766658, 0.8618148574815028, 3.258183083758963, 0.5886388507403976, 2.2683849446199056, 0.43362434582832443, 1.6297320770859451, 0.12424258607691326, 1.1522059683338057, 0.09144331938542594, 1.1914750874295688, 1.7060095877448969, 1.1525284051614877, 1.0940931610278386, 0.96254311908567, 0.9722752147294552, 0.16022488674843122, 0.07468564453334338], [0.0, 0.0, 0.24476416153479125, 0.679234929716316, 7.853571884073258, 4.812263163358103, 6.221613581574022, 3.9894254310375166, 12.369155368846313, 6.17873146212081, 2.8513906688905113, 4.475790894480399, 1.2441443530770022, 2.9706864072010277, 2.5420578134507945, 0.3634626798459553, 1.1204690031603508, 1.0068682752590625, 3.5983455769388466, 1.9354189666374373, 11.660492161964624, 10.513659360422913, 10.912466590869098, 9.824250616078531, 12.318061067764882, 12.609769001518233, 10.594713005887678, 8.61922314801438, 10.410587495449391, 5.24987911544649, 7.92258694235799, 2.2008691239811164, 8.340944574354813, 0.15277409077723003, 2.7173450544466573, 3.2072150823910848, 5.101566894983837, 3.1976247508769835, 3.7840649978346383, 1.5372613300425115, 4.239663469940855, 1.0390291067155868, 0.040818850016906244, 0.6778773089073984, 0.42016078715448135, 1.3053158443523902, 0.7444288194817104, 0.6344055843068737, 0.5610367656581335, 1.0316797767113877, 1.3100810620464893, 0.5252469184910287, 1.2274502132263594, 0.31390812531086376, 1.0874249973800498, 1.0256941246771796, 0.9402584401761213, 0.19301316429393411], [0.0, 0.0, 4.926935881287865, 0.016225796267005436, 7.7453002215153015, 0.3298157219593912, 6.389693840456722, 8.47166412977543, 2.0330735430523657, 12.39611741556477, 11.355340908221114, 23.806532021394897, 9.275456841022327, 29.694308520848207, 32.81096717323854, 11.195162666775552, 22.759130640336334, 11.296838151923549, 22.698422857457345, 9.194104311150117, 27.477453714990247, 7.437211258215106, 27.35219249895344, 6.773668897246264, 25.955014229739458, 7.59072126873903, 25.780925728224247, 3.472065256913072, 23.363088893872984, 1.782103506319553, 0.12144625325568534, 10.084557500887234, 0.9421456877170027, 9.997957774558625, 2.731561143206508, 8.930586804860816, 3.880957497706603, 8.576287819358942, 3.1571493630643834, 7.9785130350560065, 2.9032732233522522, 7.499879762472697, 2.5403086619189477, 5.99279013243626, 1.7117296715952441, 4.437664352741265, 1.283813754083889, 3.1701359745479025, 1.173165043232348, 2.175164462568027, 1.0420512599741583, 1.862761405123678, 0.9929499146551642, 1.3713548838133962, 0.8721731384968386, 1.4028766163866326, 1.202912594851946, 0.879984185380204], [1.8113031697983008e-05, 0.0, 7.734734802829039, 0.3583905923261231, 0.3824879436083496, 5.022620014360613, 6.086987946611472, 7.608854750327187, 12.748998257650202, 19.07161908710712, 28.8978785289895, 18.784622291485213, 23.899005280067346, 12.3413789562438, 25.700707786340992, 1.3241904598268945, 2.543152516388562, 1.0835087800619039, 16.237631413826062, 3.3677383360027804, 3.75483246069251, 0.5825924408718687, 2.46600375309464, 0.5279533394456889, 2.905467090864612, 2.952423330541736, 4.01762170862971, 0.5425472757970173, 3.7033514943189507, 0.9806362580442686, 10.167387740855226, 1.233416490406192, 7.911627850773787, 2.643546062497774, 5.4871111198352205, 1.505016357593718, 4.9110743426054295, 1.6159918847256447, 3.668176817542638, 1.7172204604396273, 2.4971369459128656, 2.039972956033759, 1.6360840384502369, 1.7973940666964916, 0.7867062142489775, 1.570536556369162, 0.36046637764552286, 0.10359477495723743, 0.26014704152873014, 0.49170168495322114, 0.08033927581385734, 0.6314642554446853, 0.07151342432509501, 0.6514697735743159, 0.22171682089953704, 0.6409977592504116, 0.4346419600373351, 0.922345853560934], [0.0, 0.0, 0.06542158236773295, 8.271126621955556, 7.955833617757806, 3.6602230160807543, 6.0687374292927565, 4.406539361871064, 14.400110664640211, 19.668118718627003, 28.07292303932818, 10.384055289463399, 8.407867073294726, 0.6853535032986522, 3.896815475442973, 2.45103731366845, 4.9420067030922255, 7.013716188328492, 14.232264260456594, 8.174776773927515, 14.102311854135147, 6.3160501857910685, 11.455839313810568, 6.412648230458431, 10.019305405529792, 7.086060056606925, 7.98942671602121, 7.064560256616428, 4.9672205188620655, 5.005182389524356, 4.893847106125426, 1.2639314313079204, 2.879593176011465, 2.42853199530137, 3.159913910069863, 2.8964575496089995, 1.462854914136664, 3.6557360043009126, 2.4898775015494845, 1.0798832025769245, 1.7650311369427933, 1.0821022606203419, 1.4639784207274704, 1.22089460828895, 0.44688281932465307, 1.2465329663881017, 0.4000530098305607, 1.686900313847316, 0.17271409953580458, 0.24688720320808055, 0.10952978728146855, 0.4291498555081138, 0.11752915418560997, 0.575773291581756, 0.09241214288887144, 0.7086070559574037, 0.364726766624978, 0.4822680638951567], [0.0, 0.0, 