{"initial_violation": [], "initial_duration": 34.89941453933716, "subsequent_violation": [[], [], [], [], [], [], [], [], []], "subsequent_comparison": [[0.11614666291624495, 0.0, 0.10882924121936259, 0.6055652063609016, 0.11794942578810558, 2.997149241359752, 1.2986391353642464, 1.174299244546001, 2.4913701246555355, 1.0617340415376983, 4.070451550278037, 1.3666295800662098, 2.8675744649856574, 1.5673677327624855, 1.9892357541750605, 1.8639722651483148, 1.992620624827616, 3.0899351725897928, 0.7472181214859037, 2.444149679215989, 0.7598598174794177, 1.2512743541257565, 1.0099109466385237, 0.8041423369156676, 0.8087292708971633, 0.8419638257905535, 1.1753559297396285, 0.9443066096889119, 0.4811138849572908, 0.731360071776249, 0.9472886326611014, 0.38793018993722395, 0.7877960592345575, 0.21044200158297435, 0.049906277260790964, 0.4328012172080888, 0.2021099527554204, 0.4936443380733484, 0.17619554984940317, 0.3714366254691225, 0.37106049249816825, 0.11820514818211479, 0.3096092157741363, 0.11821306291891118, 0.22070747687645803, 0.11822097832035458, 0.28214642979837345, 0.11822889607457879, 0.28216129007711355, 0.11823681678489638, 0.28217616773600673, 0.11824474039041721, 0.28219106043203107, 0.11825266520298955, 0.28220597017371835, 0.11826059092095388, 0.2822208962917232, 0.11826851838839128, 0.28223583689079174], [0.0, 0.0, 0.869223605839896, 0.7471043697648005, 0.6776999026772967, 1.019317788255001, 0.5027269790592853, 9.137142007131974, 1.3287520543325313, 7.168015687702194, 7.079553864076315, 7.4354836674976, 7.409939103565667, 8.263463135707557, 7.567357382513733, 7.703753769722129, 6.724484777346469, 6.369297700937343, 4.881369622287114, 5.006125834418687, 3.6895641315411845, 4.033995453478614, 1.9811974660517082, 2.3882144071701124, 1.422322431497111, 1.6350921631667412, 1.1671424153742016, 1.027170891527884, 0.8286706806078166, 1.0694554895323523, 0.7862036996223358, 0.6023559093914455, 0.4178201732610757, 0.5429058330269166, 0.39390132186746013, 0.3431996522689329, 0.1254688821671399, 0.10577019643491387, 0.012298718137199693, 0.003471563464953542, 0.07536324688631438, 0.06066800661668312, 0.07536042499365575, 0.06064975406013098, 0.07535763466257227, 0.060631495365005256, 0.0753548746337189, 0.060613228107807816, 0.07535214375539151, 0.06059495528479936, 0.07534944139791301, 0.060576675684218005, 0.07534677026025699, 0.060558391376917105, 0.075344129712745, 0.06054010121751517, 0.07534152009712745, 0.06052180428057208, 0.0034500534425860843], [0.0, 0.0, 0.22218214074050596, 0.1918774976990197, 0.05028192357285412, 1.2540782896916078, 2.217031923845232, 2.6950657297654983, 1.2147735140380391, 3.1852109417922105, 3.7149277786628, 2.7558370213767343, 3.4481320764079615, 2.4454484259990514, 3.068364188340194, 1.741285529015111, 3.451929042315904, 1.9578916787408853, 2.234901453323387, 1.4584358297686113, 1.6969947642930072, 0.7915300878784189, 0.9296799617045466, 0.6075496098079075, 0.6271811820053391, 0.2115619187533235, 0.7910227166251497, 0.2890987987443063, 0.13545988971886003, 0.1112452150874148, 0.1812099099257853, 0.04053121426403328, 0.08394754323238095, 0.04231138731639034, 0.06980008802491165, 0.02178530741915029, 0.09883682760061935, 0.10893806151336387, 0.09953532095759825, 0.24789290030778982, 0.09954197165161789, 0.18468203122600685, 0.09953931016973691, 0.18471356243705062, 0.09953664926315957, 0.18474510452373155, 0.09953398979474476, 0.18477665868953058, 0.09953133210838126, 0.18480822459629653, 0.099528677986061, 0.18483980200532146, 0.09952602472666205, 0.1848713917819161, 0.24275682551849193, 0.041531361822681113, 0.24277015241767738, 0.041546871625201945, 0.09951807437775713], [0.0, 0.0, 1.563349445245967, 0.028409761670622483, 1.6900738697518898, 0.29121039237310903, 5.056147502153496, 8.55314647553068, 4.7886574407496605, 6.755252199858908, 5.44725438336827, 6.2046875063354445, 6.15452645679114, 6.859815100111262, 6.3875402496288025, 7.551263782042509, 7.04536545693457, 6.572625573524252, 3.9066002713600483, 5.045940991217489, 4.304879110447911, 3.5548185385788496, 3.0679135060175207, 2.4942625141068633, 1.9327318493707277, 1.6418664945978052, 1.5275128957445445, 0.9161407234207734, 0.9015933816859955, 0.8645648482836201, 0.7921946348021084, 0.3033513234946765, 0.3635113482738903, 0.2285367197977185, 0.42962334810131014, 0.3424802807913171, 0.06452179702866713, 0.08726260152268063, 0.11299398965938669, 0.15763089531538296, 0.04977963354852848, 0.09438946052216578, 0.15235500467613372, 0.009085868573601733, 0.1523344609020841, 0.009087751234567922, 0.1523139100687763, 0.009089635783387656, 0.15229335363059246, 0.00909152140768251, 0.15227279008878616, 0.09415794752359631, 0.049439346596454256, 0.09415556518767916, 0.04941909613205301, 0.0941531799619059, 0.049398841197203724, 0.09415079497205377, 0.049378578150422354], [0.00384832898443233, 0.0, 0.8727002551363671, 8.989216008951344, 4.011839793915569, 8.932888608787923, 7.884629737258479, 9.433609044302191, 3.7763147355266677, 10.506920825477033, 9.355262154011937, 6.5408778586989875, 5.911450607801452, 7.840556198891786, 7.55954404173438, 8.421528365416082, 7.225310750981446, 6.74367840272765, 6.022307853784797, 5.2432260082499536, 4.690178143776454, 3.9239925594995726, 3.459889090082811, 2.8175666443713467, 2.1362458099389023, 1.7446080018313233, 1.7197095834282123, 0.8768250343537071, 0.9772187414111083, 0.5222903451776651, 0.7387921827990489, 0.1200559243174925, 0.30779234258599397, 0.07808300450134782, 0.13200943413512678, 0.3511713547661354, 0.0634635698120641, 0.10028769731912675, 0.10462615613554248, 0.10536985022587582, 0.04197094924556171, 0.10537127726647717, 0.04195074334428562, 0.01950857077456813, 0.16320102337705622, 0.019510826405872258, 0.16318809168959572, 0.01951308179081901, 0.04167525499153593, 0.10518082660562991, 0.04165495070415697, 0.10518603566956176, 0.041634641695437444, 0.10519124676040056, 0.041655077238214065, 0.10519646050596385, 0.0416755240271773, 0.019608864138569947, 0.1628978778105013], [0.0, 0.0, 1.588366131558381, 5.7698210933464, 0.4505409170623566, 7.142995515696821, 1.8259460581698723, 9.385772221649757, 0.6133559826279926, 7.692068635538915, 7.672588025225557, 8.268613043757764, 7.540661038084697, 8.518431348116474, 8.185515437717335, 8.181376629918995, 7.5316956776499895, 7.060018381892137, 5.950053232512604, 5.629503161119364, 4.943384055199102, 4.244558738559996, 3.368588709341523, 3.069553277951331, 2.284215684210214, 1.9333083955883892, 1.7140106171204215, 1.1024089933992796, 1.1206598990772747, 0.730516756074252, 0.8294654117255778, 0.18758137963613913, 0.38360229835832865, 0.08186857061388918, 0.052651768111998294, 0.3434256294819496, 0.13589999622551252, 0.07689306525226577, 0.2791335139706065, 0.05568902759438842, 0.2162573113767931, 0.03000294594674195, 0.2162726333398184, 0.158661664082825, 0.21628796518098678, 0.1586948446143408, 0.21612067707909283, 0.1587280448080033, 0.21613596523904702, 0.15876126300688245, 0.2161512674824445, 0.15861279799710756, 0.21616658202614128, 0.1586459818824255, 0.21618190845770835, 0.15867918543000184, 0.21619724993122513, 0.15871240632881525, 0.2162126012829667], [0.0, 0.0, 0.9411682777226358, 1.3102083572966081, 1.9160857974080894, 3.0120597796235846, 1.5557453884696009, 0.18907368973038208, 4.970070249076017, 2.981726541272292, 1.0565172533967442, 0.13731164605993265, 0.13663312944735725, 0.9322484386311869, 0.6631750514342332, 1.0929360389035907, 1.2886124847834977, 1.750647043536019, 0.8716627283480151, 1.1566166174476704, 1.524473103644477, 1.5273147040376995, 1.8967719540955632, 1.5829433254022816, 1.323199178896061, 0.9448708090808615, 0.9470927535519386, 0.578360436396837, 0.8963072196104831, 0.633570019938732, 0.6850747506761877, 0.3446104515475695, 0.27102853051661047, 0.4705608825674424, 0.47838338793456736, 0.3731053462043332, 0.15291850784363364, 0.18315702927026353, 0.3232874186134763, 0.17804152508537358, 0.26009469368698485, 0.11502342078354644, 0.26008144832688745,