{"initial_violation": ["destination"], "initial_duration": 34.63888144493103, "subsequent_violation": [["destination"], ["destination"], ["destination"], ["destination"], ["destination"], ["destination"], ["destination"], ["destination"], ["destination"]], "subsequent_comparison": [[0.0, 0.0, 3.308480986409478, 4.988697534148814, 34.099946071553425, 25.510555351576365, 30.585846817285212, 13.186159400153723, 1.2435019329237538, 36.28064471920971, 3.1756818281617067, 52.52909239251628, 8.680664401914335, 62.28837829853938, 22.496776779972848, 70.24728298386466, 26.3223091678374, 83.42817832389969, 30.425300646786898, 58.02857300987123, 18.916555611843247, 40.288040878852776, 56.60706536436756, 28.074998827610692, 54.528131310254025, 22.36930494662901, 9.671285466356846, 51.58776824764028, 18.380322665328517, 57.78887627238196, 15.037889262037096, 60.76857554601131, 14.62769325520921, 60.100496640040966, 15.682563096430236, 13.939573254654254, 43.18873796221074, 14.947373814832245, 43.31805957088359, 15.37777147105466, 42.14120000662453, 18.219342555771956, 46.816060254344535, 16.537840058837826, 48.203695413397014, 11.856517196607477, 49.09945199494422, 19.303766268681304, 7.289406877015618], [0.0, 0.0, 0.20506180274577393, 7.565328576897157, 26.15231575763909, 30.086752393545865, 16.482357552871882, 30.37752566650218, 23.106627514037328, 37.47082452317561, 18.08053449678199, 45.85711774130225, 26.358138573076225, 51.132328913935304, 26.278108711705407, 53.947858521174666, 25.81288369225412, 53.33089975491004, 55.28220245758254, 56.14918275815615, 31.97622945419867, 44.02757865955557, 56.9473620438722, 44.7002962845065, 51.73202991028007, 40.293412635631654, 50.73447187934836, 38.769364977208106, 53.814979035823725, 61.662043174474654, 39.389504151891806, 55.06864278326702, 34.19499179095604, 52.032820809374215, 32.96653012658513, 51.37678596907352, 32.32592667174775, 52.33343176089748, 30.567344100757314, 49.71721932113498, 47.13710674931394, 42.16836119812289, 44.667565203720116, 34.48957968855996, 47.40596867251825, 32.70124213054504, 49.81093335883034, 34.438205481944614, 47.32092965286054], [0.0, 0.0, 0.008080681374254156, 4.944999203242507, 21.967954003864968, 18.54792529440111, 24.13507590729724, 28.705360477407208, 42.65559324102731, 21.47522122077454, 37.8485416158171, 36.02005620175763, 49.25679486950614, 45.26726630605607, 19.295662626668886, 52.9909845991729, 27.083097315139085, 56.01659279033524, 26.656393529078795, 66.99990237328856, 33.54501528253309, 43.54450985415159, 34.02365621643319, 53.94930621778428, 37.83169717340945, 55.68337296143658, 40.87180662518188, 61.13004429659021, 44.38975634602846, 71.84601977388525, 48.45805891827428, 75.42300791511609, 56.43980144297199, 44.5761968785746, 58.21102809458136, 50.134514251698114, 62.62674953080324, 58.20560984008419, 39.665373072663634, 63.86506097211481, 38.40187995148193, 62.54286824271808, 42.466141566692045, 63.35011243155898, 51.411896121461574, 64.34368943205753, 58.282112033534695, 52.483185313431385, 63.823180017271866], [0.021776655836253062, 0.0, 0.15815771231250464, 7.683916743506322, 37.74436312760076, 25.442276656625292, 46.73330948215923, 46.365156899154485, 12.799476313731068, 44.72425562537253, 22.082955484683712, 67.42792276931074, 29.936297247255446, 24.64995031964743, 57.4639908178188, 31.924775773318043, 80.11995690242478, 35.057064503829565, 80.57857473496719, 47.97083089514317, 57.524571621045645, 22.99067639204578, 71.74005655255733, 28.362316027321544, 75.11514772782851, 29.472673979663234, 82.31450770867096, 76.15203770825669, 20.94615895664083, 81.4343393260046, 25.77580570867625, 83.5385240517931, 27.377911091649874, 25.344520651290775, 68.02501142734587, 30.915743041472968, 70.70341385131763, 38.2197662313765, 19.67539173870428, 71.91891398143372, 24.345416918266345, 80.77123623556696, 33.1528642092407, 28.21040725381176, 71.0132818110856, 33.4656872427482, 21.70441099036936, 75.2143248132932, 30.88378874719272], [0.0, 0.0, 3.125996092145069, 5.037463040783859, 5.043141885307272, 35.05646525968897, 8.428741836889005, 42.94445662848322, 12.733806505760958, 43.432441303667346, 11.921545152737446, 55.529801085688405, 15.357523900258759, 64.21474930903625, 21.672392765684837, 74.52880538649724, 28.573613554150405, 79.88604181893149, 30.353963839813716, 60.091321699797184, 18.9638597508442, 43.78181006302347, 17.098363463225848, 55.53618796508319, 17.163614429673594, 55.850926235141735, 23.177355160908522, 64.0804614201903, 51.93890210634892, 21.10031959344341, 49.31161030737396, 23.320850640369187, 51.25523700195426, 26.64424489783275, 53.259367623895606, 34.4909939546833, 17.869290700753456, 64.15487224144633, 25.805908926091927, 65.4622374356839, 25.469859438175135, 68.50674924557681, 51.417670331786255, 27.715094469951396, 56.50538150391545, 31.188562042391585, 57.71400380383529, 51.91496433366014, 25.674570740815952], [0.021776655836253062, 0.0, 0.2632252865935296, 7.704347043820054, 22.426843490097284, 25.9459626339541, 8.252985220728437, 35.98972061719564, 23.565008557012472, 35.326134335163566, 18.554869247373823, 49.42613807150975, 29.370280511451643, 24.09387036824085, 35.14436919759371, 31.061485120608378, 42.176109368315934, 47.80085852481215, 53.809808911123845, 53.627022273055154, 32.32719700043455, 27.136853220146122, 44.81961621032851, 35.76452977183383, 46.46058782838713, 36.18026571607035, 23.481742695054823, 48.97765179523727, 30.858197242173357, 57.16121635340673, 41.05091530400369, 30.22375108050774, 42.6078264871979, 36.64211393192469, 46.993958157602755, 45.252941103359916, 26.38417987705255, 51.322364658810045, 26.90057617967506, 53.862882271037584, 32.11533529545378, 55.30929966903466, 36.08468662104904, 31.142754292857276, 47.23145784750738, 32.910809601070966, 52.475657036674434, 37.601778147676924, 25.585353083725302], [0.0, 0.0, 0.2775777631737561, 1.6867997105352757, 21.93798554131181, 14.15327717390417, 23.06398296851714, 19.873976639468538, 41.439543697777765, 17.824989411366268, 46.35237724841284, 26.83276739898519, 57.066913011780436, 29.8895320419036, 3.8723692318310374, 61.313211408990846, 8.95758618708228, 78.6743292769719, 22.764358890546227, 60.620983666342546, 19.51812130583326, 22.33416353713286, 61.51623770754641, 30.036205307618186, 61.11253282276494, 28.789887554965546, 67.67245859353133, 61.50980092162019, 19.57464537839439, 67.91188818733167, 20.546188970856036, 68.16372326166938, 16.79539073694869, 71.06643159852351, 21.089802595378117, 74.44268198387681, 26.1014605364416, 25.97260330473467, 58.88765586846333, 30.020930002590415, 61.57984718844416, 30.549501458375286, 69.31733780319186, 29.8434755945741, 73.75812715906353, 30.210666456258135, 18.44139542410275, 75.70702892830037, 29.320186912012378], [0.021776655836253062, 0.0, 7.506204094315127, 0.5587223279593738, 29.60245014067688, 17.88064982766098, 25.195804312116547, 22.7395102506989, 11.325231853050822, 24.73471232586258, 10.896727649346499, 35.25449914028457, 26.45404545276114, 44.126443747570555, 18.440815353988988, 26.687793624687224, 33.27655870785052, 29.453606244176704, 34.43248588816404, 43.72199437659662, 19.879037499631135, 27.910566312312962, 29.2696633548947, 39.24217018180354, 30.407588560106117, 38.40674310313284, 34.76394240162962, 42.15874598269537, 30.016660253588125, 40.846004387168314, 37.268271961336815, 45.7646973439773, 36.22737368512769, 48.82142023325084, 32.38320108915007, 37.19568803994268, 34.05368141654298, 43.25792917517427, 35.60148351253383, 46.606836182416515, 36.25678708127065, 45.66748945571234, 41.80404139861281, 45.315693300244114, 44.26692633344386, 49.72446050502687, 50.029443421759005, 44.24216605393825, 39.73878200139125], [0.0, 0.0, 7.632201204037575, 0.03969044833345633, 25.97269789682707, 18.55404492766605, 46.067318998762175, 45.70121206850574, 22.95388419749749, 52.18590047691807, 19.370410180990678, 75.35872026418409, 53.87810871825885, 25.41624287068907, 63.40991422653249, 32.27781009474857, 82.02429466276, 