{"initial_violation": ["destination"], "initial_duration": 34.811601877212524, "subsequent_violation": [["destination"], ["destination"], ["destination"], ["destination"], ["destination"], ["destination"], ["destination"], ["destination"], ["destination"]], "subsequent_comparison": [[0.6924714162267038, 0.0, 1.700283818239546, 2.8881320661899528, 1.5392099706695728, 3.7177742735016857, 2.103683316451214, 0.7647214915647007, 2.2521354841005987, 1.6492864758767325, 1.498472172578483, 1.845167896109065, 1.6708059262965473, 1.2702862993345385, 40.08239305797497, 7.931417025089419, 9.5801536874789, 13.305845195161998, 11.018533999211728, 8.88834082326274, 10.701148058887856, 10.472946970696478, 10.483214577999602, 12.148460086243741, 10.203709825273402, 13.543487097796499, 9.513349490904677, 13.020310737049055, 10.166118223144709, 12.725536047066651, 10.029866794376726, 6.174421774647372, 6.7085500484714595, 4.748081187792878, 6.43205454007843, 4.555983945407558, 5.52241144101578, 3.8090465081901494, 6.781459610120958, 4.851734955557817, 3.109869944513889, 5.979610191671446, 2.423491339100149, 5.696016639371132, 2.8018637580508385, 6.131776280149844, 3.4171343021122857, 6.392657491802245, 3.332259077733419, 4.780934910814106, 3.084582425069226, 2.1667675590807276], [1.574643035411241e-05, 0.0, 0.6589467989637751, 0.072369149032295, 0.5743330891883026, 0.2950396218070613, 0.9137895808696935, 0.5665864136341844, 1.2605054158600537, 1.4857669121139345, 2.3281036620362205, 1.4547929206738401, 1.3225964402086885, 1.0468793102973046, 0.8650955788292262, 41.43964255058661, 0.6003144022198117, 1.7738332574865947, 4.8314827747060765, 5.183047068732134, 5.895202183040424, 4.01963753689438, 5.537198335255707, 5.149256127803511, 3.662923281469074, 5.277201529771135, 4.529896414229141, 5.331021558979583, 3.86018954196039, 4.986897528967218, 4.182759126391003, 3.9930816800740225, 0.9088768363247806, 0.4253155808154478, 0.6800648538245191, 0.8736857850161696, 0.315984521243702, 0.35642745910861523, 0.130652928769671, 0.18144968465386818, 0.8692054771711245, 1.0908804774771457, 0.06806166056837751, 0.6860780042772824, 0.18211127472589814, 1.4746307847574083, 0.2778436097171255, 1.2758231108732672, 0.06233222664034205, 0.5490527252173716, 0.2699032056897534, 0.3337072795408267], [0.0, 0.0, 0.39140151343079466, 0.09045060468849624, 0.17495994864235265, 2.011169328854732, 1.867583365874713, 1.806791916388105, 2.1118698074709923, 0.7675710819333276, 1.2714902727649509, 0.31328757559733855, 0.08054319559819792, 0.10585315971100855, 0.06303566862257001, 40.781900257914494, 0.058580827053485426, 0.08880183814794584, 0.04665200537301383, 0.05295380153916226, 1.0781400267333596, 0.6764462176299891, 3.8537299294564717, 5.020816628142079, 7.26853331086653, 4.281766288249919, 5.080756716782542, 6.833803373166686, 8.661582609992042, 10.173794992228897, 6.684783139611519, 7.284524014523499, 7.394071631951246, 4.914650441121188, 5.40696009143371, 6.227319281895595, 5.003270436067576, 5.242281729924248, 4.915229741827372, 5.362102996011626, 4.718053253426497, 4.757305308117531, 3.5257176734589883, 3.739496027124516, 3.3071264324853136, 4.124525948767171, 3.30933390386124, 4.5902730563850564, 3.0093144168256916, 3.2560365512970564, 2.168257257877802, 2.6405271512005646], [0.0, 0.0, 1.700283818239546, 2.0639230600977116, 1.6642197882941632, 1.5199931180353052, 1.6749244852978844, 0.876958745593288, 1.1307874632501493, 1.3554417212796548, 1.0384565547903117, 0.8093568176339385, 0.9314508768939976, 0.23709783672679005, 0.23684670936514096, 40.65413715529905, 0.2883105309930468, 0.5680910774263155, 0.41029309418726545, 0.43800739860885257, 0.7152883868876563, 1.2343243178996786, 0.6213735202830918, 0.4585899105555233, 0.2522070331948113, 2.505696708809117, 1.8120433067724782, 1.3744532033529697, 0.4600859789014176, 0.9899873134044094, 0.35084507256050695, 0.740585463111543, 1.0605725792477803, 1.7784447982962832, 0.5322997380271832, 0.13575878465063534, 0.22223338455964925, 0.7282838294477757, 1.5613376631132014, 0.26513541623939196, 0.4968742370662875, 1.8881094523790445, 0.8031101582470827, 0.35958988547614246, 0.46389953532732175, 0.5796494747284501, 1.4429833695528804, 0.9224140497107549, 0.8069194122701814, 0.9270945369701514, 0.1433781027486781, 0.8114274668536217], [1.574643035411241e-05, 0.0, 0.3951039637841866, 0.10008498939707873, 1.813399667060507, 0.31305649823427745, 1.3180597622736339, 0.11082624744737851, 1.0107324579351304, 1.3170259504809823, 2.140208921808049, 1.3247827405934107, 0.916397220529319, 1.0688466863656285, 0.9124025757676645, 41.58574813148333, 0.7356206194562617, 1.635513695992328, 0.8746458263598551, 0.3325644699426111, 1.6112837853621602, 0.3034780895934689, 3.7587716422720567, 2.4791660390355106, 2.7294426375076988, 4.572450169402788, 3.459713683649387, 5.856196397058856, 2.0166809562990022, 0.3596126526393357, 1.824563437475205, 0.828093992485748, 2.2572328277407956, 2.0511901908523296, 2.9588664054584757, 0.9065218779861114, 0.08044546777058353, 1.6272290369403775, 1.0564793159861408, 2.971485676111729, 2.5049091276616298, 1.1846195739096683, 1.632689380443696, 1.7122691686986928, 2.5319460989838567, 1.7101345304472118, 0.7813122201808773, 3.3245667559038683, 1.7205796221277525, 2.659457403716752, 1.5687224978117242, 0.7568109027642186], [0.0, 0.0, 1.700283818239546, 2.369932729423094, 1.6389847429754512, 1.716245210269679, 1.5872443216485617, 0.016103930707583494, 2.2343281962760715, 1.1384821902747027, 1.5226480112036473, 0.9758878765069021, 1.1858554918161057, 0.8909152949471794, 0.8584364503000632, 0.6409426046922211, 1.2866361003486793, 0.696045383494583, 1.2465905656502434, 1.3000416074990295, 1.6084730846534026, 4.56688136880084, 1.9608016565256454, 0.9569767027508234, 5.768777259011604, 3.7101679275381314, 0.769325014151483, 0.1346039245047984, 3.7900882194894843, 3.8039941320584, 3.7987716081519785, 2.5192060868855326, 1.6726968024084274, 0.3090562098017815, 0.658500311881145, 1.4157664534354066, 1.3417831630407189, 0.26076680967872856, 0.31033203579636387, 2.094984437723356, 2.2273758680548217, 0.9122104742282335, 1.2454177705618676, 1.0659602809395843, 2.4791996671069527, 1.6591024653434339, 0.14740825785075476, 2.5747525204373853, 0.8132528909825596, 2.4278977430048285, 0.8295457334006063, 0.671984457823627], [0.0, 0.0, 1.700283818239546, 2.0485022279983074, 1.6783246593362584, 2.0167314904346068, 1.6278362312678278, 2.0036371308775096, 1.2773407491863422, 1.4890347845747172, 2.089456921875739, 0.13154664009634873, 0.8302891012767858, 0.5151644198561661, 40.773175469232044, 0.3495537776125691, 9.961985686582132, 12.38228338255095, 9.771558208889465, 10.896632814775478, 6.673703496560651, 7.8688639491498344, 8.71738696479906, 9.037757174625757, 8.310305062450839, 10.995131347513134, 8.388025219945014, 5.210254377457243, 6.652929979972686, 5.376071204149831, 7.068094535559183, 6.426900967608627, 6.219808255971744, 5.337691047789659, 5.865401527414004, 5.5386793909030665, 2.5613939208117094, 3.857214240020888, 3.8273789348719283, 4.736139310604465, 4.218745073405662, 4.881710805375899, 4.062530522572937, 2.938267395483734, 3.0447083077619967, 3.6653392626476045, 3.9498809860488415, 4.247173310006873, 3.943572768064476, 3.129900144828772, 2.7824907747597845, 1.9589294923439957], [0.0, 0.0, 1.700283818239546, 2.3014628541426485, 1.6809790566397533, 2.250560191853587, 1.5111238538724734, 2.5793612813220252, 1.0163410097135084, 1.6579876620103144, 1.0398664250501184, 1.3231546385772177, 0.771464452604309, 0.9274316283953249, 0.8603736514622549, 3.3757269829211847, 2.8623858186386086, 3.2136723552941695, 3.0914320137661786, 2.315805689271959, 1.6825110620580968, 3.0531587378478533, 1.7627745366365881, 2.220914177212066, 1.0916895191694986, 1.6286660524805103, 1.118980400366513, 2.068333522108788, 3.564628419774336, 1.460715844560013, 3.753888118351562, 0.802624828011911, 2.0234024987279566, 1.3362584731194556, 0.5443019792075054, 2.600962697862603, 