{"initial_violation": [], "initial_duration": 34.5681254863739, "subsequent_violation": [[], [], [], [], [], [], [], [], []], "subsequent_comparison": [[0.0, 0.0, 4.844757179037663, 6.925229506753963, 0.9996711095835559, 0.10606541278441912, 0.09887200471252204, 3.8055896516989804, 0.6304418832421814, 4.613913561638414, 1.2373041301120509, 2.434408062910776, 1.580200243841573, 0.37892125329205184, 2.650033194969604, 2.379832128685652, 4.531293320272607, 2.7787357943273214, 3.847043634116212, 0.4820481077438941, 4.307705295483452, 2.014543405107313, 5.189807045289946, 3.4084536158521295, 4.1496598005115235, 4.755175289838775, 3.904155531845613, 2.9230961374057967, 2.5239285109664094, 2.2787282215771505, 1.4905655120082664, 1.6211771984646488, 1.6674094432136666, 0.9002223617867646, 1.1186787453505804, 1.1615089396437626, 0.9874323497970436, 0.846129528860254, 0.904705289469977, 0.6826821908030778, 1.0001481100770488, 0.7159425330485264, 0.9376502239235841, 0.638990022096565, 0.6984312194213249, 0.2979146445863964, 0.7273345091601405, 0.31943891423687476, 0.3292667485554131, 0.3465833629969748, 0.4093797904250094, 0.34882900958616114, 0.2125821143619465, 0.15571451552990698, 0.3849325776847613, 0.23143479265454917, 0.08088362093673467, 0.3267921665266162, 0.017886871700711668, 0.16827897729693597, 0.06016372576395603, 0.1682991885582462, 0.10503274313537624, 0.0479285999210048, 0.1049877918931042, 0.04799026617459911, 0.10494283657482474, 0.048051944886442564, 0.10489787566747548, 0.04811363750791813, 0.10485291068526975, 0.04817534257518863], [0.04444221276601058, 0.0, 4.837033293305023, 0.16635525068210588, 1.0014199683085188, 0.7006566127300885, 0.5986054303180417, 1.3165632941203667, 0.6176801950215275, 2.4727237180974955, 0.03924732058151485, 4.241041634665173, 1.4464813730781687, 5.737007662168625, 3.3545605350711045, 5.133855408923178, 2.1537937710147808, 3.903607821411272, 1.1039929465083653, 2.515477886482994, 1.8495242857667311, 1.7005116480162779, 6.517507999952967, 1.0911553598671293, 5.40826625244128, 0.8746768431557596, 5.746931685462733, 0.5432054415286732, 0.27818078196801893, 2.657153645067788, 0.30175552763971975, 2.539928070232162, 0.8948383082750603, 2.7677024853158594, 0.400078542446292, 0.14965924681609022, 1.7452890303564035, 0.2950541818120879, 1.7346271271021163, 0.7136345567285822, 1.395023948266256, 1.5363625626364348, 0.8742251219867022, 0.865190109439813, 0.44406366110207374, 0.9481863238004363, 0.12005418109820293, 0.5483719367995963, 0.05702473285374592, 0.42093418925638043, 0.020482748173944035, 0.3738573538033619, 0.020186823873560144, 0.4055401515966803, 0.40336320905664197, 0.12071985712595883, 0.36694698875925313, 0.043586676333793865, 0.1157857104097914, 0.25675702481608625, 0.13066248546735515, 0.1638630776738389, 0.1306778265487606, 0.22711407174153578, 0.1306931690149333, 0.2271063288102838, 0.13070851451000096, 0.020110396872930893, 0.13066314866005538, 0.020173255963834156, 0.13061777833300312, 0.02023612748238984], [0.0, 0.0, 7.868079575414205, 0.008374262640420849, 1.2792430653166227, 0.3707576880113646, 4.022270322283798, 0.23703683019356062, 6.730391040852963, 0.5439243962292949, 5.489664565977334, 0.0045257911800387135, 4.852398613300607, 0.7600527936824515, 5.850475077327594, 6.515378901844283, 4.951570575780022, 6.132267314435226, 4.103901415260671, 5.920756651687115, 2.723788264860994, 4.872269294460405, 1.3469338727144493, 4.4493406661202535, 0.8147492828238845, 1.6529363385796363, 1.8368799827808724, 1.731185315899715, 2.010889515331856, 0.7868274250130344, 1.7526880606762931, 0.7325494852522746, 1.7586734277608356, 1.0426898100277575, 1.3714119433484233, 0.8802668233013953, 0.8232316934254321, 0.8466758639476999, 0.8784214133359743, 0.7643398614109779, 0.410275411624515, 0.7972775485604249, 0.9474144383902228, 0.8429237509385329, 0.13435041408458057, 0.3339841530183345, 0.3238306812564641, 0.04696937877789825, 0.2836511344862596, 0.03745018010986982, 0.4072666000452534, 0.5669495276620365, 0.42177312760907565, 0.16564969399855306, 0.07921396935206917, 0.24197288219791632, 0.13263081508575242, 0.17877387254922705, 0.0697344819417565, 0.17879464809327258, 0.02925866570214546, 0.21984918862434616, 0.02926107380035309, 0.21983866536829047, 0.029263483326635493, 0.21982814065886402, 0.029265891425644317, 0.21981761304237438, 0.06966494900699087, 0.178941426806813, 0.029312153999741936, 0.17900508391732656], [0.0, 0.0, 8.940732261531396, 4.987550585673573, 2.8433969250110867, 0.0851163454363749, 4.923556024806635, 0.46438339600213874, 9.590497742540048, 7.811684511667601, 8.091855380070383, 10.068433495148632, 7.094101704010879, 9.665224438435994, 3.444011387956182, 11.11648162154454, 4.663895730871332, 0.25098041720379755, 5.502182944549715, 1.376959024285661, 5.6668584168246605, 5.351834273961982, 1.635708245145095, 4.390001473386943, 0.6437887730858733, 6.135846559220256, 1.1810679129869643, 4.320656715117311, 0.7508135288271967, 3.863312677753559, 0.6974404840968028, 0.8368989479438949, 2.0347694023348435, 2.2107709517488146, 0.42974459029552575, 1.9333427969070212, 0.28774508013317246, 1.5105675651869714, 0.1285340448253525, 0.6347386677198389, 1.0633596305400652, 0.28598873391771806, 1.2768430178523673, 0.14350284467871385, 0.7837600177896431, 0.07433261864048873, 0.6171664371484845, 0.06465994394359718, 0.655443347250532, 0.1044745678720548, 0.44803176437894576, 0.14711228015068334, 0.3290990587942274, 0.38154836483227833, 0.21706059601400762, 0.2204032235196191, 0.13038230743917717, 0.06331239105021515, 0.08799826649081693, 0.04371409732603568, 0.026005237087556223, 0.04372109379928691, 0.02600911885734282, 0.04372809050221418, 0.026012999072580253, 0.04373508861302087, 0.1932875849453352, 0.126471541167033, 0.025974531507304992, 0.1265351160784421, 0.025932188065038584, 0.12659869853794783], [0.0, 0.0, 4.836361145604935, 0.6251444723079636, 0.9883355342650428, 6.610992100872414, 0.609066673851319, 1.4452744180919779, 4.558035511755904, 1.3507768066107713, 6.228665778960182, 0.3144121967988274, 11.15383378294477, 8.764191652400765, 7.519619625625452, 9.898959965487578, 4.917663944592604, 9.155642374921468, 2.4973851141444747, 3.0944258461925216, 2.9115697570683343, 2.3918960049654068, 3.159153499631811, 1.787231877324701, 3.8818653527025475, 0.8192136229306767, 4.16932625056332, 2.3484561572894656, 2.4220863239344608, 1.990168603201614, 1.3772111717819115, 1.3904585538007126, 1.48291806264521, 0.8769101846025347, 0.9225006196421303, 1.0446970657544414, 0.6076194626804402, 0.8637410847343604, 0.8863559954667686, 0.6858401919248046, 0.15941037961990137, 0.47322030640932616, 0.5530766929275285, 0.14406141086192578, 0.49457364038821344, 0.27025473607419104, 0.40374551389739893, 0.026486740923748246, 0.36380295748047875, 0.03483924816577092, 0.05528018594712807, 0.379167983868978, 0.3199551054208462, 0.034651850860218415, 0.22010397907179696, 0.05243070875955448, 0.13362317668425622, 0.047293556309921145, 0.09800290728495968, 0.04729691331364683, 0.09801481521242615, 0.047300270352792204, 0.09802672609858513, 0.047303627364872224, 0.09803863698534251, 0.0525178982384758, 0.09799328493539596, 0.052581568048619576, 0.09794792690267783, 0.05264524681394112, 0.09790256440393179, 0.05270893301906912], [0.0, 0.0, 8.940732261531396, 4.711417032322417, 15.075704757116121, 7.874855357749779, 7.374709691210098, 9.532533385734432, 4.760277837454879, 12.546972370429842, 2.0069782644713876, 2.344939067309973, 3.088175665346784, 1.084701463447835, 6.316846599828061, 6.989134505239286, 3.802921420022526, 7.185739289037034, 2.1003852555733906, 7.39824177905313, 2.070791309514684, 0.33424368077081523, 3.0170401606143917, 0.18669552481193075, 3.4969201979472326, 2.0467904553842655, 1.6134232452153945, 2.7054379774946815, 0.7154623269052137, 2.3220731721136953, 0.4054594638966974, 2.1024918657997147, 0.11258176840871634, 1.5778272345806394, 0.32585065961803594, 0.9190906964925658, 1.021839126940244, 0.5610594005287619, 