{"initial_violation": ["destination"], "initial_duration": 34.460434436798096, "subsequent_violation": [["destination"], ["destination"], ["destination"], ["destination"], ["acceleration", "destination"], ["destination"], ["destination"], ["destination"], ["destination"]], "subsequent_comparison": [[0.0, 0.0, 0.1489652095345988, 0.46697343715403805, 0.4238112214658359, 4.691512688949903, 10.097648894739118, 5.801757260292002, 56.63606504734739, 69.01816337489335, 57.21702985233915, 24.733668806475297, 62.2664011132732, 47.18190974068215, 62.13460897578929, 36.29572094381884, 114.25824977319391, 64.30843565325212, 128.49950315255342, 47.32704525471448, 166.15093769190082, 87.85812445449788, 168.24926743145446, 131.9789288780872, 166.22441807397556, 143.31165099501425, 185.6815863631779, 171.59651663642063, 154.50224810616402, 185.95159103842494, 206.08415368647698, 201.39505221915826, 215.48097454855923, 231.93110532351557, 220.77021077350548, 241.6825579303211, 235.61884975485216, 246.5374558092863], [0.0, 0.0, 7.373148487951264, 1.175108632108302, 8.027631089921186, 8.169440089118401, 3.944397140954278, 11.580796656555437, 23.761582674339675, 35.76120337840227, 35.19148157166064, 41.05603208749635, 46.7904954299727, 60.370583976088845, 45.40367441213758, 46.73365974774334, 137.5167536011119, 65.16138544426354, 154.2378108694794, 71.90376392044173, 161.41297794263295, 88.50429488634738, 180.0809993415756, 121.39214894470241, 171.70983602158336, 141.874164840795, 189.14467595745646, 197.80012637043913, 184.14983269575077, 209.93983722429113, 200.70094618923707, 221.83598275168504, 230.72715637778148, 228.81137254091325, 229.31514050030248, 249.81547498298738, 235.263204334382, 247.27599340638653], [0.0, 0.0, 7.371976178016804, 7.363696609665878, 4.0168484311388015, 14.446201441220113, 21.267596936549257, 15.259441301161445, 10.661508171588899, 2.4513443121791005, 3.4013082736061673, 15.754480129145094, 9.493557071409123, 18.197241696988396, 10.307496835303189, 35.45403703261757, 55.585805129118384, 35.1526279066213, 115.24443061297794, 68.9434035223004, 65.97885858981641, 29.531157554751953, 68.35858109901038, 21.170830515559818, 65.25379724688197, 19.210223534045404, 43.46615690050214, 4.083258289984562, 71.82453172361265, 8.955177495193887, 14.859857709599138, 5.898434666526412, 9.782585776100461, 6.183263641274336, 5.006255982909712, 5.3429802800660875, 2.785910611034655, 4.71592074054504], [0.0, 0.0, 5.1872955380293, 18.504487447230556, 11.83341712265147, 3.5230703229742755, 7.234709560914242, 8.294954294134604, 21.717798758649057, 19.62398715849754, 20.862119920674576, 12.012671039569879, 43.99199086665342, 6.200323745480846, 31.303745850101244, 16.79280496862094, 47.77103997590009, 28.170898279706815, 66.92867814367713, 35.25197924598036, 75.15081964714274, 34.10628470758378, 38.01827766672281, 77.77919354501435, 30.53953785643031, 76.45727864677309, 110.55445373644157, 34.5781897244448, 69.63381473234227, 33.96433171685364, 138.82411338853007, 46.2364722476479, 56.95274552524151, 25.90266654922302, 39.109760578069626, 29.286954190794084, 35.240405491092005, 27.317947566996967], [0.0, 0.0, 2.8122522639830003, 1.2319846768776914, 7.958250399678983, 0.018974101526862464, 5.599633049389116, 15.317786132676023, 9.636120257127384, 11.647536549333172, 8.230555662873105, 13.952317942041628, 10.47540191339669, 35.288355247697396, 17.69923689781238, 70.83096594612422, 52.495220912253515, 156.52453396592236, 71.75073776596625, 209.33068459908782, 86.03502460747559, 177.12705270500194, 106.90772476123605, 158.7313169121324, 104.02747181311476, 136.29045499625528, 102.14680090569405, 121.84434141781523, 93.33279885527074, 92.28060962754488, 76.54297057096176, 78.67139517231043, 63.263686045838334, 74.62331018041027, 60.353377592094134, 58.20634857694198, 64.13694673252041, 47.029771746709], [0.0, 0.0, 7.438397891562352, 7.7844383933774255, 0.22761183930767434, 15.947937791444213, 36.51825200864105, 8.042932861671277, 4.807422018482479, 1.579102736148882, 12.802182182314727, 4.971562187632031, 26.32694733027261, 0.44270019650721426, 26.31879252488102, 2.662870584539483, 102.67418927241194, 26.675624632750278, 128.25875131613603, 19.206948182786775, 159.66027393540924, 87.57537801882089, 186.2489667486197, 141.32406950753042, 204.89994803275968, 142.8709546912895, 197.93726087694898, 178.46708874712874, 163.0441966112847, 195.64935903800242, 229.20710138720662, 212.67203669196496, 236.48156429272035, 231.14845762381157, 244.0577269954772, 241.57848710228393, 263.69179020848674, 263.01388270539053], [0.0, 0.0, 7.557367238437474, 1.4838037484309554, 3.6600380445152836, 3.5895497769259292, 20.824589051188624, 15.875978090320862, 14.063616067057469, 5.363696206998563, 14.476965245251954, 17.153935835696867, 44.70073428560809, 34.61232049548111, 42.57855131010175, 29.495535843364124, 106.9813374885533, 53.365474204067496, 129.72479213089048, 42.595461274809736, 153.48353412586243, 107.4990757788063, 164.83794889194593, 104.46918981287156, 187.4010420989372, 153.5328708459892, 160.8286889525906, 188.26641659270484, 173.7221024991341, 203.66330412422408, 186.78924970714874, 220.91458553944025, 231.46556421138936, 231.4381495941638, 242.79473076107155, 242.61702611692132, 211.09797087823557, 262.2538176091292], [0.0, 0.0, 7.287863948623157, 7.325748194899578, 7.889721102985328, 15.526387468708084, 35.95860662121247, 19.636738684864692, 3.6750444499762933, 1.1986760393472522, 24.2971261386292, 0.8428323449776336, 9.961580518195511, 5.283893654640561, 13.8271426306528, 10.946994760705998, 118.85397185451319, 39.53661969856942, 144.84880944710832, 32.73704647271679, 176.43466274532523, 97.47878545948437, 200.16292151857397, 150.07668068801198, 190.5726410928219, 153.82076933633297, 193.30692606892984, 204.5390202460197, 192.9944991723032, 195.81349559188877, 224.94672987671038, 214.65840018559715, 231.05115785407364, 231.186575670308, 243.36631328843865, 241.80440080673216, 265.726176179206, 266.2442380204837], [0.0, 0.0, 15.240966153011085, 18.449496940133887, 18.872874547134366, 13.366204401594548, 8.433038698489398, 45.472668583519614, 26.245679489454304, 12.306725162687973, 39.63653569604389, 27.358064647592595, 57.86897968471534, 40.615131611927026, 53.748062743427845, 32.039285704418546, 127.00121868358094, 59.28221944587173, 150.69526987706487, 46.44467582078137, 176.29735681483385, 72.19556837587174, 160.6234369526256, 123.82556447284314, 181.54076046337403, 140.64223549531752, 182.46189749004867, 177.68794891236226, 158.6888874469299, 189.67983228060166, 210.62176790487558, 205.56341093404873, 216.80820398552814, 231.2512536482009, 223.14425679402632, 240.98476270081207, 236.7053263401107, 249.25216614549691]], "deft": [0.0, 0.0, 0.0, 0.0, 0.0, 0.0, 0.0, 0.0, 0.0, 0.0, 0.0, 0.0, 0.0, 0.0, 0.0, 0.0, 0.0, 0.0, 0.0, 0.0, 0.0, 0.0, 0.0, 0.0, 0.0, 0.0, 0.0, 0.0, 0.0, 0.0, 0.0, 0.0, 0.0, 0.0, 0.0, 0.0, 0.0, 0.0],