{"initial_violation": ["destination"], "initial_duration": 34.4707715511322, "subsequent_violation": [["destination"], ["destination"], ["destination"], ["destination"], ["destination"], ["destination"], ["destination"], ["destination"], ["destination"]], "subsequent_comparison": [[0.0, 0.0, 4.958274321008991, 14.729473093677408, 18.785815268095025, 7.877754000001944, 10.308295436165693, 7.033363418718768, 6.255642130519038, 20.08057203548038, 25.038696037699147, 12.531127886035284, 33.16400811043835, 16.2977105645982, 1.6620403334168163, 1.290812228094499, 0.7157874310979182, 3.869772962805741, 5.133216618111082, 7.30483634608748, 7.334837862470477, 19.27825974727244, 23.563070600576133, 18.48742157612363, 22.315346109315307, 17.9579880271583, 25.35486309304911, 15.185436284796214, 2.6620226463465686, 1.393374807700103, 2.328463995723726, 2.720529428786911, 8.96820143105485, 4.080743856406789, 10.680388963725465, 9.180155950640575, 18.69208209964318, 2.279900187102844, 14.230118594030097, 1.798226004256663, 9.056422093231577, 4.497733773323616, 18.453834285277, 2.168346413175685, 9.075825090117526, 4.940304225800788, 17.459235777547363, 0.6498600099568068, 23.78187326527873, 6.348535229887355, 24.52507821547812], [0.0, 0.0, 3.2784837758597307, 0.17563739544078133, 8.061754754638807, 7.658400695671117, 27.102565471182334, 24.28054062960761, 25.576528505715313, 30.43277473165972, 28.173816242768236, 27.325712033984487, 22.639658249032983, 29.505964849665467, 11.205814375463236, 1.614772822564616, 3.3203611222897265, 5.3938001779739935, 6.5839936473918215, 8.935606892277619, 19.882896295292774, 19.674865663400297, 17.824882727561562, 24.046987638176812, 13.456499645923342, 25.472468225286793, 13.197599307078663, 24.58178744288494, 9.574345623815216, 24.945311069232126, 7.875221889976992, 22.493153895816352, 7.0687727108479494, 22.74537972946712, 5.987519765577045, 24.089187796865666, 12.721663927977856, 23.33590287962169, 13.166637623631788, 25.530932567396487, 4.25396447492256, 19.34412703556475, 20.636812583666583, 18.356501264684375, 11.064041081872247, 15.909997638216414, 2.9036788842279098, 10.526792054602042, 5.982148158477259, 9.65247904526432, 10.776534446528682], [0.0, 0.0, 0.05456708778730554, 1.9108519949181464, 8.04176742295414, 11.012822463632933, 10.395349277820772, 2.5578857849994723, 5.144103356968091, 11.16826937143742, 1.088092844699118, 9.32829110043406, 0.027522716536491052, 2.457307714244169, 0.7936673348491133, 0.703213096130898, 0.890093865287632, 2.6907121726152217, 2.926286392607352, 0.33417461205812815, 3.6267524912459552, 2.7031646323338827, 4.782055383232065, 4.758589861036535, 23.768859568096996, 20.28525928830462, 25.227359895489883, 20.876902064324433, 21.353545485402755, 19.15315763394963, 19.39257572370662, 17.790998143213677, 19.479952407457247, 16.118667978438335, 16.651621624578155, 13.509156204697515, 21.96869308150087, 17.177676676990025, 28.14987245412701, 6.365834982346825, 11.50381119946178, 5.846507994430832, 28.295745700773065, 0.8004938179728128, 11.823348739174486, 5.9480828288671885, 4.962430740727904, 11.446620433337467, 12.704115457517192, 23.390166830911696, 12.532284242902746], [0.0, 0.0, 4.7598756383062755, 18.116491045118842, 22.80371106362605, 17.9060786501423, 26.498794018291022, 23.23854659437454, 16.458274536415782, 27.96400465305017, 17.27744488969147, 19.090560020116428, 25.757663626853127, 19.118796838077742, 20.026622622082996, 18.415921375110464, 19.802231936624338, 17.702570605179243, 20.716209655377995, 19.160218558877048, 20.933069222061732, 22.39596400085317, 16.896192001830954, 23.61778980582821, 13.808951938883608, 22.320653754745255, 14.214732801853811, 22.538027292334252, 10.879742225956797, 22.750406777230157, 9.595627182844828, 20.086710602333103, 10.986857972471004, 16.57892439364833, 9.040880550000065, 13.589376745356772, 17.288295311738178, 12.332484457814294, 1.6436934113074382, 13.40832245680667, 2.5354150771717276, 4.342805364203665, 0.480045703327503, 3.905988285528974, 5.729330141185523, 18.58563082248513, 0.4142263404519331, 18.56123460378807, 7.777381801569911, 24.881458251656465, 4.912440460439125], [0.0, 0.0, 7.74357375688637, 6.653379867049554, 0.28443355423282957, 3.652530857689975, 9.937451373345862, 1.8452603582643439, 13.381345122820377, 1.4340467918972153, 35.68242676525049, 19.368934823866677, 24.881388562448358, 26.752243126603886, 14.621957169125322, 2.88054441970391, 3.2646303698998387, 0.3625328631280839, 3.275544129828349, 2.9031895502895857, 0.24077569911810254, 6.580338419288191, 1.321128416660763, 7.306277480165128, 3.1745179686350835, 10.921765005579646, 2.6386657822970725, 16.554358205243346, 14.108430694704085, 17.94311886657692, 12.6940368279096, 17.288055417753757, 11.412841940284467, 16.72341500358541, 9.46119756545758, 13.970237278066223, 12.493090958303037, 13.885798483100638, 12.266908876781535, 15.70841977134054, 3.4666543271203727, 5.924192661908721, 8.750196218376377, 8.718893404671578, 3.7602022382524614, 3.1040128481148694, 6.117446682176607, 0.4652540474482278, 21.172883436701262, 10.6078436568691, 20.322699627312556], [0.0, 0.0, 0.3372717341947778, 7.07992178847275, 7.4552138494205655, 0.2868804359414439, 9.511198327336542, 4.67689003107179, 14.18284230333605, 22.06721395382753, 25.461006462133913, 13.67727340160253, 25.14560125934275, 18.97627192382115, 15.575288820811021, 21.609902760840633, 8.80722598175963, 0.1844257543502915, 4.248329353415703, 2.648675378948944, 2.385343517697744, 6.494014485333261, 2.852406804530025, 9.828464343239476, 0.18593108892595175, 11.634741753448376, 1.4111948920376138, 15.507156753059364, 12.201243000680341, 17.419925398817536, 9.635138593559192, 17.45325722087964, 9.819547107951356, 15.665695588610728, 9.322323978710147, 15.493946817006796, 14.563202010534827, 19.04477394071058, 16.485054996895467, 19.206700715428166, 9.680188938995192, 6.663779531717203, 17.059025695385664, 9.409278973728075, 0.4184264534192699, 3.53916490958569, 2.4029971412014883, 4.121678122985965, 5.181052480293169, 9.879882709492277, 16.329031882114705], [0.0, 0.0, 7.4682163422912025, 7.073980829317338, 0.47965480786859904, 3.8108663753399963, 0.1949944285636839, 1.666461525695506, 10.879865850575431, 0.3393420918278772, 37.351695455231365, 19.53988079778401, 33.974791618788345, 26.558246598077485, 21.23245206974746, 26.93817254256007, 18.544604608420705, 5.451286438679381, 3.0637424657682732, 2.759594522966399, 0.7720918861059953, 1.6025394468386005, 0.9880121576592674, 5.154742772776995, 2.3823097405962637, 8.637949671914997, 2.6846817587252425, 11.497052522553458, 4.1149434431479115, 13.207951838418824, 5.0029186817484375, 12.560050974034144, 2.0294890516090285, 11.148114557925483, 5.003476102918792, 9.650274499098703, 6.144444469235325, 11.928655502575648, 6.711997260667986, 12.321405080560073, 18.322922582021178, 3.9726962196881903, 4.523712851248048, 31.15526388419526, 3.830906679087525, 17.816137931091742, 4.558073310028399, 6.935359926215083, 8.376357623099892, 8.462464148464262, 15.639964021548101], [0.0, 0.05083791435263074, 7.469488898602125, 0.6554337144558537, 4.3974198197585395, 3.9685271511226827, 5.408335272217239, 12.12371063619068, 24.999052518605293, 22.070775741882855, 16.626616649244937, 21.835125971529695, 22.798370163366304, 7.322303339968155, 2.37658342484475, 1.7549795672828783, 0.50879461462181, 2.643370700021183, 3.884068918483622, 3.1486447070417944, 25.641466024203574, 3.91467624177195, 3.6809209782093535, 4.441168821430414, 24.08207492230385, 18.603070194845717, 23.455989614288818, 21.438778846109635, 20.31802482682407, 19.478034526808024, 18.107614505379217, 16.102159245564057, 17.154793314855468, 14.159494725099288, 0.41844203117449513, 4.597347692115379, 7.504666149755948, 2.432548056523426, 6.9307032464368845, 6.961432459615918, 4.185010333917188, 0.986510508344233, 18.08115990376398, 3.009269211131473, 6.593931334317146, 2.160319817874697, 6.162723092171146, 1.6330334449805242, 14.880841670585996,