{"initial_violation": [], "initial_duration": 34.811166286468506, "subsequent_violation": [[], [], [], [], [], [], [], [], []], "subsequent_comparison": [[0.07947172851982935, 0.0, 4.234277520227706, 7.4424660758071886, 3.6850511227779017, 3.5785335036201675, 12.57874863761956, 4.221165935347063, 5.379030114117349, 8.404889268982766, 3.543619528010053, 5.043877675395351, 3.60606687760626, 5.534018198112358, 4.992350794809876, 6.929428286235133, 20.27431841860773, 4.335356039898668, 15.961767963299549, 7.003412815986474, 12.34928407923774, 7.334875060139589, 7.3118158706298795, 6.172581410873292, 6.472501393164569, 5.217137739700566, 4.850448957275871, 4.999749696956933, 3.6605721542562524, 0.5360143873237854, 2.378419906961853, 0.41575593139490463, 3.8048278952655994, 2.2946791900738326, 2.4718433173577496, 0.113230146623841, 2.7971448913275982, 0.17315316488034305, 2.0421146113624964, 0.7334212799734712, 1.596042488574141, 0.7192114590564881, 0.6956375256606568, 0.8539189937882746, 0.7372002763536921, 0.5009343546258381, 1.193888052822478, 0.6659712650045295, 0.8230181089844488, 0.8239224201539076, 0.9176121430104587], [0.0, 0.0, 6.741300404883468, 2.3072211076062343, 20.47504323181159, 20.51644374447951, 3.755082335936221, 4.642649385928684, 6.229919758593335, 0.7909387111625058, 15.069877017611553, 19.672397787612613, 19.38001259604362, 14.271305534780575, 19.817271735904388, 13.37174881160652, 20.080817420928504, 11.09731726778264, 16.850853924242408, 9.148098980534778, 16.07675953660993, 8.147429757068858, 1.1305341247238925, 2.4066809058828125, 0.35344014449655553, 1.3861664635474373, 0.3550550248148668, 0.12961247322211747, 1.3285085292937524, 0.856027768469114, 1.2433199829438875, 2.883517553282522, 0.6349562402968056, 1.2282064156368449, 0.5889053692147008, 0.8520664222367033, 0.4298856915960088, 1.0572233870323042, 0.21506064700648317, 0.4578024529475479, 0.492264875607826, 0.4071231121113811, 0.6168229139244757, 0.2865720367662977, 0.5595238120465327, 0.37544068391778934, 0.8245808748789819, 0.5600475945631118, 0.14993504790641835, 0.8224012121522493, 0.12724406994432785], [0.034313442855801055, 8.789533917118536, 5.347522932306221, 9.028604766246362, 14.371133212342919, 7.281286035776939, 9.183843437619926, 16.642271912794858, 31.62817338236117, 0.7721340133273815, 2.482533158353067, 8.017215724144965, 27.009036817595053, 12.020641845713167, 3.5406634976489424, 9.003079508946273, 8.637097957488406, 13.715826484166303, 24.19933844294043, 8.66885874243257, 3.701817370398106, 7.9847481297962615, 3.8397833241728874, 9.186517039125146, 15.63771353670334, 4.917254797979847, 14.021621740039295, 2.263994878725158, 4.016509902824515, 4.842782698539134, 5.6169565648016215, 1.6639954564415635, 8.906079633445493, 0.3743149214268589, 8.18770436758862, 0.2146498650754968, 7.510692573161223, 0.5456949264365916, 1.9531296789581982, 2.361249221126697, 1.8373585649677737, 2.5174849778140382, 1.7293656011410736, 2.557012085260399, 1.7755488341237398, 2.308219054223765, 3.3950049467486876, 0.3426162580281783, 2.633710243109308, 0.3016241671631332, 2.645506899694166], [0.07947172851982935, 8.541885900990536, 4.86589206387405, 8.87113384563332, 17.28245161024485, 21.049380230674515, 18.136744092419555, 6.4283203627074625, 6.52496845915522, 2.9575685802765848, 17.236206809602088, 13.763822710018605, 25.01126039801121, 4.81260079208625, 6.060404157448274, 7.1955713013173686, 23.36042632260924, 12.586130967747984, 23.1041894609305, 8.6105611179733, 25.286596125415638, 6.619546084957241, 2.1104567908408027, 6.879496962209573, 3.63739826298107, 7.074231394648244, 4.662023419535478, 5.27092108404818, 12.819639996178635, 3.3724115749906436, 13.441162681352877, 5.311168104715363, 2.271077084400825, 5.17517940296939, 2.814335792291306, 4.132655404547394, 2.118767798781471, 3.9870185664672095, 1.2245197942240298, 3.1246930348140367, 0.587408931174476, 0.8701770597943, 5.198798682649714, 0.8169290253943693, 4.525070077120464, 0.8973627990119559, 3.981064890158096, 0.9360543416010684, 3.1407255688039655, 0.9745706490959907, 3.0386160444265444], [0.0, 0.0, 0.34169411058115684, 0.10421421879495694, 3.323587395769108, 0.38921944234803124, 13.46939595426234, 2.2484413203393174, 5.673938002132467, 23.991320761809163, 15.261668316248032, 7.656649376508971, 15.962262049754571, 18.256769548795145, 16.562280831406202, 15.615864522626126, 18.874880791629142, 13.015118522828313, 16.343386741298655, 10.149975832005582, 14.518665926086895, 9.162347566293928, 10.625892621258432, 3.7681966335814012, 4.563628045729567, 1.2797030657287272, 2.633897939872072, 0.8894252743774222, 1.6617108350921732, 1.0890795512378901, 0.5479540425233799, 1.4442305721488575, 5.307578055509667, 2.433606975091658, 4.43255448510839, 2.820363706250405, 3.114891547183972, 2.7351280747809765, 1.2194599905749477, 0.6127074617369306, 0.10086498959276308, 1.335070596822886, 1.9912120087327794, 1.4354231039573058, 1.5375342293417382, 1.3257448195589634, 1.7938725562470035, 1.4495758646430037, 0.8708377713193859, 1.5679817242449923, 0.894274750308391], [0.0, 0.0, 4.258728814255533, 0.4771185958249494, 3.512429340217518, 0.08645903116602223, 0.3864578010311695, 0.419871309949893, 0.8989469564106359, 0.6656003618782633, 0.4129381648787989, 6.921186520355772, 6.528713792439075, 19.92409041758013, 20.036233995540407, 18.371790276355235, 20.35770788292925, 16.388654758996623, 18.813335743431963, 15.48869939941698, 5.022442758182476, 8.497466669365041, 2.735415215356395, 5.676873047446768, 2.679643089712096, 3.0023181499731, 2.68821108860264, 2.2504008971433502, 1.6413509326549327, 1.4505610173341283, 0.8757983793448347, 2.6923660308979085, 0.4357393642614984, 0.9332612611060371, 7.104029392113998, 2.709637928738874, 5.603038600409666, 2.397055529057123, 1.5519789471721732, 1.976964009451173, 0.8671198429956277, 0.9885351537823607, 0.1419390195743074, 0.802225852017234, 2.8686677376886185, 0.9130296160636859, 2.097909104614655, 1.2492838411506395, 0.6783477281302307, 0.8454573313759851, 0.4150039782086788], [0.0, 0.0, 4.205836023483585, 7.140802884309356, 3.7136529500406192, 7.5510026429881965, 0.2582247494572826, 4.4237375854451795, 0.6815468109392954, 7.477753300745436, 0.3657684592296269, 0.38854773090770905, 4.797839189278138, 20.762216855504747, 16.34260193818168, 19.490597159095405, 17.66063180099923, 17.5757626557033, 13.994563055360889, 15.356038643415337, 13.435571598993867, 13.378974809909158, 9.413177945804783, 12.590678401675419, 1.5874885355338721, 1.1507818283269997, 0.9721044319122053, 0.7677349975364643, 0.5262615815014431, 1.3919511969692058, 1.0350243121383023, 1.2679870488548457, 1.385058066132477, 3.9310880170536344, 4.6355718349851065, 4.254315087816387, 3.1323561540724616, 4.099449936710449, 0.21651285654622418, 0.06871610688823464, 1.0047545837722032, 0.6588818162136214, 2.127865401636279, 2.3258100753420345, 1.4940404983648174, 2.33233612224141, 1.0421806778769744, 0.06537016980634251, 0.9629555973842946, 0.3066743043724932, 0.7874195163727772], [0.0, 0.0, 0.34254894090176113, 0.12247832934807099, 3.9235344198408546, 4.446585593191165, 12.526503178358912, 0.8479752880044542, 6.324470671193456, 0.9027983269182883, 4.685664940100252, 0.7311109608559531, 7.828359547180978, 2.1937014490307076, 14.200530462662034, 17.1168354610939, 16.260373943261758, 14.096597024370435, 14.944213303887572, 12.146694334407902, 8.338796095938516, 4.880608388755246, 5.363126330863919, 2.9497025540108, 3.2018532605222374, 1.6591249225921634, 2.1892522257589273, 1.3778831982214719, 1.4844194532431492, 1.674153619969545, 1.2763086614035783, 1.8587395490013248, 0.35359041996691437, 2.22921374474907, 6.117884055880466, 2.9806604790641273, 4.407033227188213, 3.252208084617315, 0.7754242222008715, 0.5168287042405592, 0.16041601844546408, 0.2826040354771402, 2.932167833015358, 1.5967336289381298, 2.1421140876930966, 1.5582735554145282, 1.6676102048648527, 1.6455298527471203, 0.9424057318196479, 0.8445608825800925, 