{"initial_violation": [], "initial_duration": 34.83977150917053, "subsequent_violation": [[], [], [], [], [], [], [], [], []], "subsequent_comparison": [[0.0, 0.0, 6.806861202874563, 0.018387108235605007, 7.133530635434723, 7.174055689351626, 8.416551173970111, 10.299756164566869, 8.520879785105013, 9.371364364376856, 12.989735218629761, 12.85446936669952, 14.18250242784001, 5.321631431247698, 13.726527655520043, 8.562283087557711, 16.49527391164153, 7.655651344619871, 16.429040469444107, 8.35538686041716, 17.52365884385376, 7.1464655675156346, 16.09476845196407, 5.013112349294492, 13.509315763408301, 4.150292207707896, 0.8598440746211369, 0.4101861982694506, 0.1426801768950252, 0.38260680097444366, 0.9418569475863232, 1.6225269731614105, 1.041342419754616, 2.514239153224999, 4.646290620642347, 2.674834009272549, 2.403751673633002, 1.6239275191566558, 1.2604439175678634, 0.9423056610135765, 0.6028035298195965, 0.8062251870729298, 0.7119516621872344, 0.32891666702863775, 0.4057812504153467, 0.3989266422238761, 0.22278123186800775, 0.6675853979677331, 0.18112774393791664, 0.3651058824230656, 0.3313868772391669, 0.47855510935000484, 0.20578788730996964, 0.5571416078311583], [0.0, 0.0, 6.415846754141255, 5.0367558018012915, 14.21506885720753, 14.105496542023102, 8.83629511912246, 2.339562100587539, 4.080655822825965, 0.9131813874542903, 4.012045086157281, 1.734120136588299, 3.0405880628065867, 2.946018758746483, 2.6889493997488776, 0.8283599919194613, 3.8385885420597465, 1.0331121881723266, 3.872487860237885, 1.3873538112046615, 3.5117094063369088, 0.6672050519953598, 0.23414852125943614, 0.9473560006200922, 0.9709479758372088, 1.2331572778434763, 0.8193619341324089, 1.6258243499225575, 0.47938051790588376, 2.0996864606451306, 1.4410318453897681, 2.705266807861336, 0.7252375423548411, 2.3602794510598764, 0.47407909098869105, 2.5915100513714284, 0.2516729671709656, 1.1696064905773373, 0.6605652290680516, 0.9264395242772776, 0.18991906322306806, 0.8519883971910553, 0.1878172444640202, 1.0047661342371714, 0.19241297972746446, 0.6691288824368191, 0.303573886531051, 0.9043429592181813, 0.8193718538820461, 0.2556254457917593, 0.16998118499883622, 0.248257319012724, 0.16758405086563818, 0.42048543397130267], [0.0, 0.0, 6.395980412057962, 5.5038163860458935, 7.373731100892661, 6.729554592875297, 6.571124257497157, 1.5793275664135722, 5.074007724919909, 0.17410982307684486, 10.20123288297832, 9.703866961360374, 16.46266019056304, 21.408508279448835, 10.328741679711072, 17.84851984146958, 11.525763430398221, 17.590446613688904, 8.99954793209045, 16.894727128180296, 1.59127310559297, 0.2724837073278032, 0.5628668894566996, 1.6792664048735784, 1.1276747240854785, 2.302420251930982, 2.663431314820881, 1.3668167811787775, 1.076053390697666, 1.5988498082312004, 0.7567444071587981, 1.9664974895623395, 1.118872781053301, 2.0547111100474695, 4.04409060303264, 2.7239277839912392, 2.3986521763995245, 1.6223092152177838, 0.9415078963813239, 1.0723069599924562, 0.6332279083609015, 1.806501132569974, 0.49854098807894276, 0.7635913294364874, 0.13615259928764176, 0.5131150951626575, 0.13880140109785424, 0.20907168614898713, 0.13445645327659342, 0.20016434401655472, 0.19369270505125616, 1.0709390447447735, 0.14610275547536541, 0.4651267352165677], [0.0, 0.0, 0.20338154982946038, 0.654378656940125, 1.8490377376748108, 0.7528771740904207, 5.337353860441566, 0.20945480262160307, 11.767231086832462, 15.717239371245393, 13.7670400136834, 24.766677312221727, 20.77669880747283, 24.40542036278185, 14.17460901880588, 18.672665316716706, 13.872953884119374, 18.46234135696989, 14.993717278717435, 15.654165908787151, 14.053425052469942, 14.175264243388584, 13.50742831254337, 10.12195521730422, 12.345831099396264, 0.4212266567858999, 2.521698673942081, 0.2340698948736374, 2.1978315248726212, 1.127569485899589, 1.1252152216876898, 1.7511883145329856, 0.9353462260415245, 1.1232937693363199, 0.716841980157379, 2.271537299903005, 0.7061233129949068, 1.13022359823236, 4.476726857088976, 1.5319604761763204, 0.9553125102155192, 1.1394536673657056, 0.8536061547649555, 1.0961836390359658, 0.4818165319022567, 1.0490501184195238, 0.5244247877808116, 1.0047014084478814, 0.7749050254688666, 0.8113305427744943, 0.16390436494867347, 0.9561806548976161, 0.17819109768855734, 0.41480207213856135], [0.0, 0.0, 6.415513664402863, 5.580233058856768, 14.144825369063671, 14.135046307202305, 9.573059943978489, 3.5279924489803487, 3.983485408853162, 4.064930132453846, 9.088635575997136, 6.006289945264109, 21.701261147878466, 13.954969464582106, 16.337413623667416, 10.109810891453991, 14.37772117881428, 12.055199737001631, 13.485703987454292, 11.82258983009184, 11.973914940945253, 13.15654172190416, 9.089921174431339, 11.29187398470119, 7.785785021151431, 9.868715371172563, 7.713456107058542, 7.889774604953243, 4.757180455517542, 6.760072956035008, 5.050599697285753, 4.034170289934311, 4.300032322414378, 3.5315801577904082, 4.820489236357999, 2.599884143456249, 2.6820569221601778, 2.0978557067730845, 1.8301343331035123, 2.111451142997112, 1.5355861045996035, 1.2013085436609872, 1.4145771353036123, 0.9278246964029736, 1.0803867628775377, 0.8418709678483044, 0.912550180541942, 1.0193553925776786, 0.7204458035541471, 0.8031288691703042, 0.6255452595730768, 0.36817390337656714, 0.7811101450779526, 0.352223013107766], [0.0, 0.0, 0.32128307954055646, 0.1818891849877623, 7.513067052895052, 6.60452379537951, 6.192969933302961, 1.7507792166806315, 4.988608062359506, 0.2544376870729736, 8.500125353458461, 4.9662977332136755, 30.7475033024214, 12.842891993488033, 3.923307509475986, 0.3339821670067812, 21.390422534728426, 10.350194389732522, 20.19690699216751, 11.76815719827411, 16.10907192744441, 13.166540443733473, 13.727810701557768, 10.460934994751033, 11.050212374838603, 9.228401578357051, 9.09161977547103, 8.217982737587393, 7.634411702397494, 6.105362912950011, 6.066348356241982, 3.9811622140041596, 5.449740544432438, 3.367728206176689, 6.317841685165464, 2.3070081348372113, 4.824755084481602, 1.9971206074944194, 3.512192748270695, 1.912759809032078, 2.794107816493839, 1.1686802463493509, 2.756082602085002, 0.94083096757761, 2.31186317057107, 0.7753630067392561, 1.6411983445312712, 1.1103041062082444, 1.8482654062654276, 0.7890634690856112, 1.1383427252598044, 0.3511375742427152, 0.793228420645677, 0.3153119767063193], [0.0, 0.0, 0.10613227598798229, 0.5958798952322166, 1.5915537213024997, 0.92696548203985, 3.4789908201359316, 0.1787888338308857, 10.942433344275551, 5.907549790989421, 14.255544258201995, 5.274177724083707, 12.868578059057482, 1.7669202726628663, 10.080591633715457, 0.9598694465084362, 11.822694537909907, 0.25152818600836885, 9.00580071743035, 1.814334327140018, 7.930967249079785, 1.7695787727998615, 6.409262098846069, 2.974828750976829, 5.447933279757339, 3.7019186905601673, 3.5604413850285304, 3.627109804506368, 2.9387173312677337, 4.060530221856321, 7.409292310207438, 7.078529459959042, 5.643767603521878, 6.029177562554516, 6.7838379927109855, 3.363019661631108, 5.772908300491839, 2.662480643237191, 4.376862134446763, 2.3391606564054763, 3.704958847950169, 1.6451414245321403, 3.159631745277154, 1.3547733165534506, 2.562948891531571, 0.976554819712146, 2.268269611687673, 1.01322063793153, 0.8344779946612415, 0.7415223432735584, 0.2762468100701552, 0.9472468601648556, 0.9823589450595828, 0.693533417210741], [0.0, 13.552083721027683, 9.69790763465608, 14.098538917037665, 6.555553550587333, 4.099836934527746, 9.232257550757431, 9.302432215844513, 9.11147976458797, 8.245269217918105, 11.876262383137464, 4.655800752280757, 14.954904080830698, 11.457974396976724, 12.295463824606639, 4.447803937815742, 14.288193222786903, 3.5805862578544483, 7.219986077528054, 1.543601929512984, 8.319409569384542, 0.2255305804069809, 7.718876404281454, 2.3032512957754268, 9.028181940368466, 2.4397025373442047, 10.283046336002643, 1.5293634433280323, 9.395435642648081, 1.939951722586349, 4.12177017017507, 2.704613495217934, 