{"initial_violation": ["destination"], "initial_duration": 34.80974268913269, "subsequent_violation": [["destination"], ["destination"], ["destination"], ["destination"], ["destination"], ["destination"], ["destination"], ["destination"], ["destination"]], "subsequent_comparison": [[0.0, 0.0, 7.8479775744001925, 0.3270202298293766, 7.646343298122002, 0.23654605119096572, 0.16576956988398256, 0.43435965607625954, 1.4460100211003606, 15.519999650679765, 2.608487492866711, 2.302869100845616, 6.578300330070307, 7.879628634930989, 19.088826560107456, 27.904429274322307, 16.08622306968921, 2.8325574156689908, 3.7028698659971186, 1.3923126871210987, 7.520275311054356, 3.9348116958378516, 10.054983659156699, 0.6025870408971548, 55.928637398307686, 3.76233170846918, 14.978481163379193, 7.67861032304613, 25.944713117413972, 10.257887345079693, 18.733566072394108, 10.342214377292287, 22.347517380557772, 11.59645506607585, 16.439361021842746, 9.65538649138006, 18.810193612985405, 11.40871423402094, 21.434826133035024, 11.098942566250297, 21.70874058844144, 15.169573194969683, 20.97152958669103, 13.951921361745251, 20.045252748661042, 17.792049751777785, 21.369655694900203, 14.79160434953566, 20.83295390260446, 8.725392700419956, 15.91092888980414, 10.172962004829483, 17.138792681594094, 8.403039918369023, 15.160817346754873, 5.202262069783532], [0.0, 0.0, 0.22851497232842588, 7.9086605949890485, 7.66558151645349, 22.01198490443811, 5.5816676965028025, 26.158826868330504, 18.80143463804135, 25.702302879104206, 20.30663926797025, 28.462619463427686, 28.25323978968461, 5.702481865788646, 9.052018742904295, 6.18720725934169, 11.597381668053261, 6.165425906256918, 13.114426808817301, 7.827120606887116, 10.837236256383402, 8.479337390809059, 8.964688822491368, 25.405961903653193, 22.171252146877222, 26.970313796825803, 5.740268803616398, 6.237049787214298, 4.564186972341808, 4.4363029199957555, 4.22953815625197, 2.2216519241667574, 3.4198144019752514, 2.9770720806536435, 4.4602356127349, 5.8637461485441555, 0.4558483171213759, 6.844212971605607, 0.5202152784980395, 10.907441859849586, 0.2195159249491447, 8.653462700588204, 1.7778236783906414, 7.159887921479804, 1.3290395986575634, 8.657010240825905, 1.3049863694598012, 8.922811074735574, 1.1924953947419665, 4.707716451661016, 1.9866654359391758, 7.254578534654438, 3.5896851020292195, 5.256414585288707, 4.524058347210692, 18.33761510059581], [0.0, 0.0, 7.769896755116206, 0.18436516920013088, 0.07301585800263452, 0.2385231578667909, 0.7351636253913564, 29.769261150854497, 3.755172211545124, 17.435755420923336, 15.550445580289452, 26.068896581330055, 19.025868598637217, 19.29347585205401, 16.367288512908786, 19.748730507174418, 17.64107292834442, 20.005657070144355, 17.12590569784243, 19.449319088026986, 22.26140225077657, 17.202294567158596, 19.120256578435995, 19.51839771077617, 16.984098544161004, 17.718664477103484, 23.920554781453603, 10.707777933749522, 7.095966148541176, 8.59123526677284, 27.898320257428036, 6.242595926807015, 29.735238597434833, 1.9087260968106237, 9.923402739070012, 4.547212419999635, 12.329042463798844, 3.643966753701801, 11.269601857470205, 8.020017695567935, 15.803534995832987, 11.187145720963438, 15.15698786179979, 10.150306580344424, 17.70625327599403, 8.198328919560739, 21.006332523624863, 10.919426611612096, 23.88769637978237, 11.674544714422328, 23.17211763070462, 17.25686771580852, 28.099925269102567, 20.098767226048697, 33.89216328312822, 16.227815103443017], [5.4752218716644384e-08, 0.0, 0.1574288127247386, 0.28935511570013667, 0.19541335048162312, 7.693326825572772, 8.726598332964972, 29.165517438032342, 20.02444647139857, 16.014434298346337, 21.66375985651002, 24.405702621831132, 19.081390816200518, 21.49093548428235, 25.04994061322244, 22.45934705755773, 23.598606663088635, 22.735934689696112, 25.354499689388373, 27.277356033977277, 24.542472602648633, 28.395542778110883, 23.6089897869744, 24.720401257319306, 24.961112269163145, 21.79144952131433, 1.4450265502388417, 7.257974181787111, 0.3184947928647632, 9.696965531773643, 1.8561941383102056, 5.877373754683988, 4.296499121024802, 2.0183010438233344, 5.348453809711649, 0.3702179952962433, 6.380767425528125, 4.955146109151251, 9.420777476452384, 11.025353593291491, 23.419470167295767, 10.037489354574642, 29.812643911467845, 5.62773587337309, 33.934694274724215, 3.2318005189366006, 33.79758999090721, 3.400994327854954, 34.968665177880894, 5.9315725697014345, 11.516153912661373, 10.790491798294772, 14.067652754668195, 16.168723106898746, 17.29899158731808, 12.75424612250913], [0.0, 0.0, 0.3499040297475514, 7.93169375557374, 0.22109682695611083, 3.3976123964374607, 9.752506713322362, 25.345172504942134, 15.668675762651459, 17.84572625129051, 33.02172414514034, 26.901040990947926, 29.86777335032144, 22.407877603351213, 32.876006833394584, 21.67509780271323, 26.272739411491422, 21.219217798564607, 30.339018871791218, 22.185799731162145, 7.094644869786133, 0.6109710797302833, 5.584857705455141, 1.7955114486105839, 8.997292791655626, 4.143344242286851, 2.511259144667587, 8.265175696874158, 2.2240026531762678, 6.196136336158166, 0.37039516028750136, 9.238464282757171, 1.8711663741539983, 9.648348028578381, 6.266638616988405, 12.375490673797906, 2.2343915895860014, 16.1991055854311, 0.4871613350169969, 22.233941910799963, 26.497922304203712, 17.38611046782156, 28.918098932644398, 16.181136726663322, 30.917514581755754, 9.81030098806539, 34.37642081638819, 8.140776033712054, 37.29965962198965, 11.441629751615311, 37.68175876527792, 15.340372521920838, 1.0662395735500758, 16.935981645813307, 1.3989233049962555, 15.868157888151703], [3.0189742184861114e-05, 0.0, 4.860386517616174, 7.90293706822136, 7.766135104778077, 3.377567674965196, 0.349203931172561, 4.673139933650404, 18.697992939139425, 27.437323562010846, 20.882073309573563, 35.7918026613752, 26.756336625069558, 30.034272459859586, 31.057177262603062, 23.39814400090051, 29.97665724369353, 24.525523425186663, 34.75753037590029, 27.069355474991493, 7.07514480457783, 7.050975608989912, 6.683774286660063, 7.337689416266917, 7.132506983108731, 8.175754488569709, 4.104025692608099, 30.024570870068494, 37.44408641803264, 25.23941121882233, 37.60550488506283, 19.331561184552836, 1.7806501222273092, 13.199488745566857, 0.6067089046338346, 14.954551829034648, 7.038256996700151, 16.366606703850962, 29.384749367293058, 12.924539233988753, 36.40555973386281, 8.463125862145395, 36.608045291829285, 4.170019847440337, 41.83617018490543, 20.45650229795999, 11.074381966010307, 23.299254947038662, 13.244924981349778, 24.974737722169902, 13.70534692097028, 28.984729407551896, 14.669675654443932, 33.1330344903168, 44.7684252418525, 9.89769680748456], [0.0, 0.0, 4.824960926541752, 0.28780761241934816, 0.4051107401606992, 0.6375531466507971, 16.80198990421202, 0.8337175562360132, 8.697865822765655, 24.420395680686795, 25.024273082134453, 28.230130360851234, 12.878525639588828, 3.773919310989828, 6.901864062020145, 1.516366945664223, 1.8163708088369865, 2.5048268739089306, 0.46130697430457235, 3.497250225156224, 3.7014143870783975, 33.39824628893719, 18.172825979981084, 33.26851696894623, 19.14755428508497, 27.658082566306547, 78.86098610409834, 24.06907545789683, 37.047236849314466, 23.44888834309355, 35.504549637247955, 22.890840985268067, 38.193295648465, 22.54379030270438, 34.73416565612177, 21.289604753584815, 38.25740035427323, 20.664392132433356, 39.13407368958192, 16.469612784420697, 41.51744411795574, 15.353511196769665, 41.01532659705836, 16.29785097085178, 42.453813796002585, 14.664637558413204, 44.45524074514442, 14.537914201652779, 46.90490879217366, 16.89684140161578, 43.368387734106925, 14.338646837308454, 3.5352462094102894, 22.181458871617355, 0.11970435862803466, 18.045263418448332], [5.4752218716644384e-08, 0.0, 0.1629106711310393, 7.284934207777058, 4.307974144991697, 11.554705497921589, 7.836686399757867, 6.469241928995559, 17.133669626595633, 6.788312699965525, 14.488711851820288, 