{"initial_violation": ["destination"], "initial_duration": 34.43971037864685, "subsequent_violation": [["destination"], ["destination"], ["destination"], ["destination"], ["destination"], ["destination"], ["destination"], ["destination"], ["destination"]], "subsequent_comparison": [[0.0, 0.0, 8.200842961400765, 6.087410224231598, 14.945586617825658, 10.86810103750444, 20.792121855530056, 10.322651693296265, 16.150931052455352, 13.933780093003671, 34.98552551494934, 16.69304083961839, 34.22203632567761, 17.639952063211922, 29.27560877862442, 25.17496559688701, 28.343275895660636, 22.51579207865827, 19.32082593663282, 25.20551869375839, 18.8243396616081, 26.29574831275178, 17.182162281809422, 7.585717730668184, 1.5085403851705126, 3.904268677009597, 4.865938286320875, 1.014044033877516, 5.458446181772211, 0.7853893521280002, 9.507225027476375, 3.824681136809992, 10.30230724079498, 4.47864169153309, 13.545080815196721, 25.870014320593043, 21.521510575459413, 31.227660999877344, 17.67812485153206, 32.34166385876028, 16.200752569942527, 32.69069960268313, 12.308049955400309, 35.18380954045251, 4.858967751544148, 37.69629630357426, 14.77908021403086, 2.9260663300781946, 17.378114227269158, 3.868894020445081, 17.91483314574712, 6.4164963184472015, 22.193573545542566, 7.601573695684338, 24.781757916058577, 8.422170022349546, 29.450990458183135, 32.2922871948729, 5.140139710015553, 31.930233200818318, 3.0335635065770665, 33.161001266682575, 3.3203123931120078, 37.88631690610537, 0.5413582074297488, 44.758934660148675, 1.2103342289271115, 8.474630686351375, 14.8925935408101, 27.387375506595458], [0.0, 0.0, 6.805020583733882, 6.285215469194674, 19.97961330265909, 10.789969290494192, 18.47910839365498, 18.909109467779743, 15.467685229243372, 9.140065711685793, 10.256478083886075, 8.036248516554329, 4.9170085888398, 2.091726205947241, 12.316394806865809, 24.361260556778515, 22.737748629432947, 25.9128160801416, 17.115444715476, 28.783673597790543, 15.110271767269765, 32.43295311432898, 5.218639834781406, 2.21857616334235, 7.023913122124538, 3.00543995799315, 11.689838952513622, 5.107215885439852, 11.704554366575044, 24.447648512930332, 18.860332086105196, 27.81812098409234, 15.570009067529726, 34.6721864853743, 6.530240371055672, 2.0723625610708565, 13.275059596515987, 26.759664880841168, 17.89888063565006, 37.18328475782268, 7.723907645435214, 3.6499370815795507, 14.808831884583958, 12.370795079759079, 9.269227954097047, 29.283102761393632, 4.569950505231053, 34.73925073011017, 13.193922408763179, 6.237240633433027, 16.332743959242052, 11.34110270795817, 11.375242922516115, 30.06907526732416, 3.563858040846645, 36.46180428197683, 17.085282571150902, 10.388858680946433, 22.787542326764196, 24.196413616551087, 1.7224930058990864, 35.88893656730055, 16.16326475971531, 14.808856750440235, 23.91040304466983, 20.345630712454156, 4.536481431500165, 36.39049826812842, 12.955193934893595, 25.444238590035212], [0.0, 0.0, 8.200842961400765, 6.229659426398469, 15.616593439200825, 11.30921525445544, 20.778644686970342, 19.99210828398974, 8.287263870782239, 8.311089402808221, 10.513772999148971, 7.435499752628405, 0.7118771994966328, 0.6117322205347691, 6.6059928432485755, 6.7881166902899555, 23.049250311805658, 23.11501192683073, 17.825521403960625, 24.003665805103704, 14.299105224272115, 24.801301245274946, 2.4262391207683827, 0.915930359497688, 0.06484476245490765, 2.194946990108843, 5.4666791796865, 5.592493231796833, 7.136520408694579, 8.055936534217599, 20.030782657060293, 23.46809555465628, 18.555220792214712, 27.0806278773691, 13.992115579955108, 1.6628284444656938, 5.2441025316508405, 6.902534757239629, 11.805557289403767, 11.105360140295893, 18.38128098861712, 28.844320789212784, 12.25824384622105, 29.627120966497625, 5.325659145299897, 35.408629288958394, 12.498447267585075, 3.63327133280843, 15.221028619252914, 5.9467318515469065, 14.85600444695643, 10.963585784727956, 11.753108230018881, 28.52727878973629, 6.01193139111218, 35.5481819257485, 3.8279602419361876, 5.648325069001791, 21.18530798184277, 8.8645176938693, 26.491495119579906, 29.24816854552021, 6.513504273302071, 37.11117029688648, 2.2243280579037608, 44.85396039700432, 2.0806987749706356, 7.605816013722855, 19.2389285542538, 6.7240647870706844], [0.0, 0.0, 8.200842961400765, 5.4449514397356085, 15.616675079576968, 11.394481764983462, 12.537302527080822, 19.27257574437663, 8.925211493803074, 7.909100899961496, 7.082605304254693, 8.06752820640814, 0.34294894994492453, 1.2629559974929547, 5.442751133040675, 17.544702293452577, 24.362434049454826, 22.94457401092391, 17.677715738973053, 25.31095068716419, 14.226375247728175, 3.328022331990369, 2.970267171953085, 1.1041790456276421, 4.428821627856502, 3.9507072259864153, 8.383566923827585, 19.451953887230808, 19.940818335966675, 23.384630408255347, 15.091782697798806, 28.650536408455547, 0.24427907519056102, 1.586555409602196, 3.253672528635487, 5.598200910524323, 11.153584613160826, 24.63634332837745, 17.46125760215392, 32.36851964502814, 11.867959272414033, 33.211459902118115, 7.087507586515902, 5.550582567052058, 12.866811353632428, 10.891632146299152, 12.086714564917116, 23.17726158612874, 8.269914995264028, 26.93516744996863, 3.255612805344567, 5.450472711787425, 8.938007233363294, 10.972015041335945, 17.44199368111189, 26.428769800707926, 2.4835001696279537, 26.943809375132467, 5.9639838578004065, 7.386633679873955, 16.507202090043435, 15.220553057962533, 19.707316919105576, 25.850375396850083, 0.46460483965785027, 33.48999299466643, 2.0867549461050316, 7.597826869012065, 19.247232915888798, 6.733673978043655], [0.0, 0.0, 8.200842961400765, 11.218098271729255, 20.51109152820697, 17.90678138594444, 3.8450816379230512, 6.895744851668502, 1.6704695972535009, 8.237990122591981, 3.158809892202949, 6.940892478608578, 35.318736352435856, 18.995144662219566, 29.541251908143007, 27.598695589214017, 21.783405868545834, 9.440163387046281, 3.470812385930405, 3.2914747977672767, 7.385597383089103, 0.9235240142454054, 13.157089953281876, 22.751682325525497, 25.041808110205963, 28.957634418374546, 21.069207204439255, 10.00353322331283, 9.63775738916298, 4.328558519728219, 17.605784481313243, 29.039969726956535, 28.448902175749826, 35.81038404469537, 20.600582643912237, 44.54803425691489, 15.053558742586391, 3.673695587206607, 21.034342017550152, 0.9145025199265531, 27.103091874379928, 38.26024485670264, 21.9370449777929, 41.39100967047599, 12.874617112156155, 5.520435623038611, 24.725761768374063, 3.210261650890217, 29.430334949983646, 35.692446333199435, 18.890218581044603, 40.3764642692947, 12.639359879591265, 4.558773375746331, 24.13097213934145, 1.8696917394326518, 29.355516664802913, 32.19886985424171, 13.07558035208233, 35.442645882920274, 6.155877219815399, 2.8895671794828988, 23.624952157613308, 0.27691784537463254, 28.574669039750095, 4.511923466598377, 20.36553920817994, 10.693217803780465, 37.53345334654348, 25.013850182550694], [0.0, 0.0, 6.621220089537197, 6.047499912373051, 19.151198428895498, 11.858451077557739, 14.012423731755286, 3.22172776877549, 7.599680537604674, 12.83330204777192, 0.05237796260417693, 6.209049073604285, 4.896966058507445, 14.764709217117632, 29.353138437436076, 20.40520324252756, 23.403904592376048, 11.060423724544812, 38.858732146974134, 26.564817698369797, 28.695522860633968, 17.8045104090912, 45.22091528224795, 15.771166872325637, 43.953926034475096, 13.05008703406154, 39.16227262556387, 28.113148374551056, 35.7001987684157, 24.984466270446667, 29.180806255215945, 21.794137263456197, 50.62579164484878, 11.194113298189162, 45.96645317463043, 8.144250046212493, 42.39168725096052, 28.90096620085251, 34.109845163794866, 26.782127329239138, 27.399960026861493, 22.841905247900588, 48.93543781112892, 8.639508108526524, 38.18079683401672, 2.769731691550893, 31.392886344241855, 24.536757712259192, 22.594109627633028, 20.706415269925614, 19.945227153676218, 11.26712886608266, 37.59299717921442, 8.207540196815422, 34.538846001620165, 