{"initial_violation": ["destination"], "initial_duration": 34.83897256851196, "subsequent_violation": [["destination"], ["destination"], ["destination"], ["destination"], ["destination"], ["destination"], ["destination"], ["destination"], ["destination"]], "subsequent_comparison": [[2.445234209252255e-07, 0.0, 2.2386733843831315, 1.9059433550329836, 3.3579892780507805, 0.19116460167993798, 4.276135327661353, 1.2657656731330942, 5.381990782488943, 0.7024320592229469, 5.6887095151784886, 20.445593385035533, 13.829647358686218, 24.157937848346528, 22.883998024187573, 26.999025648663327, 19.896252122874543, 20.863309471646645, 4.152518051051196, 36.37540288449571, 3.6308963227721374, 20.62102475283532, 8.136240055069555, 16.898719113273295, 8.584558433610278, 10.95281952509933, 9.679576389737372, 2.575453388712472, 9.762196817200396, 8.319059925852404, 1.0217396903580376, 5.184392584954169, 3.1710896678673413, 2.3863945698008178, 4.6288450265714145, 7.326754065587994, 1.387060048539476, 2.567958767598008, 3.3411648490454713, 1.7272716899127836, 3.617098132628542, 0.38961422632826553, 3.614570181528154, 5.106188955442928, 3.674843564787924, 1.8464489380086906, 4.16897514303809, 1.6071380324504931], [2.445234209252255e-07, 0.0, 0.02885880582549002, 1.0478116211863842, 1.0672493459285746, 2.025271918472582, 1.1425742902499072, 1.0745701677847712, 3.5074273252933468, 1.7522556538132392, 2.3821672755180203, 1.2900429722427382, 1.8351704241340427, 4.795254292428878, 1.7129215903720514, 1.2930996249512294, 9.52928541303787, 7.273547630110741, 7.113921772485402, 5.805104081376085, 8.844044058359826, 9.378829600711597, 12.659215703979413, 6.476459356991907, 6.205950769064464, 6.832364623765038, 2.20999289799829, 6.71075099559967, 3.544165582355479, 8.722156517814346, 1.1971308905908968, 14.767265275481877, 0.4864853326256722, 14.012016436902986, 0.37819633649291656, 7.249870405850476, 2.649526210889346, 6.674944340372132, 4.567551139898457, 3.0233771953499895, 2.6186828048659767, 2.2661526716211613, 3.718578107391817, 1.7275570340002406, 0.976525077049968, 0.9573731520028451, 2.4132327640105093, 2.553539677973221], [0.0, 0.0, 1.4282450074672632, 1.811412974117719, 2.652575390228188, 2.220204991184441, 4.5961506288322935, 3.2806776404820095, 4.294860890137643, 3.4380350056716042, 3.6842295849123814, 1.8899026080840322, 17.59081709857378, 29.466743528791685, 27.73679079579666, 32.44979885550243, 26.01018307448131, 22.890349719205467, 26.130869149261347, 31.066970391600837, 21.79879421271163, 36.314504519681556, 9.029860271673158, 25.820357778997664, 12.756675635784097, 8.819924289856798, 7.746222263411155, 9.412795153686924, 11.490558889768534, 10.054565010964048, 13.756020092105418, 11.84313391816684, 13.977604013229556, 10.830767974040365, 11.721873966744429, 13.870796277776288, 10.52646646696744, 11.075270088692175, 11.263630407440946, 10.50975663845803, 8.582660836674211, 9.150138713498837, 9.207154236098448, 8.2927478477838, 7.856076629302256, 7.11704339428004, 6.962390957374894, 3.4404729948080623], [0.0, 0.0, 2.196090492335289, 1.7637217631690727, 3.5598266470906816, 1.8701899529734547, 6.092928580579425, 17.02182571757171, 13.224044819761108, 19.50786097345555, 14.737640473060868, 21.85498605248362, 16.892733632486316, 25.647418801833133, 26.177102769579992, 32.14510338234388, 24.55413862411274, 21.902932822780333, 28.290154712801655, 5.27844132605723, 3.91038681742456, 19.791605320582796, 2.94706350107806, 24.22740915170414, 5.102234750579062, 12.92269882871191, 7.062303188901786, 10.629710202357053, 3.4456746707958352, 8.561833497174286, 7.371809082898198, 7.977069096157819, 15.814785374833328, 10.182530066248871, 11.410563974366228, 6.914408832988438, 7.124024554225477, 9.591919876901759, 6.521965176985973, 8.333255186645188, 3.6814952635155205, 5.558118822784212, 1.8561651845219025, 5.753122122516853, 4.063630217187095, 2.744916865249747, 2.6338319824153325, 2.299893460987732], [0.0, 0.0, 0.07722028242701844, 0.23173468873952055, 1.0779426697507357, 0.03901801069993966, 3.5678072585197955, 3.3767421024471203, 5.018705244747075, 3.5115867393002707, 16.957353254273244, 22.14936592974365, 19.954879552848297, 27.008623272034168, 28.343044672958058, 32.69056096642316, 27.166865704457553, 23.23475147136985, 29.302556298120656, 30.878326566820075, 33.35262808511962, 15.309139030458994, 5.849044558657675, 2.9321345180665537, 15.996472059269937, 6.757720058464019, 4.955049638946661, 6.730236730062708, 4.159420568724268, 6.695319525722104, 12.425623525119459, 0.8296372929444461, 8.961725536980644, 2.187600338537781, 8.73491220773666, 5.1475751920313515, 9.669255914743474, 2.5049164410291183, 6.141080761024066, 5.151479357092263, 7.366183605211038, 5.642605781084387, 5.970598858924138, 5.0842788284766955, 1.6457938122845195, 5.4901540694662145, 5.955998745370096, 9.37248216198673], [0.0, 0.0, 1.1861376387833833, 1.0349529352336462, 3.9784702948903363, 15.965431287825677, 13.14643871535806, 16.48141258540949, 17.68892910279777, 15.982128737072413, 21.906042363171927, 4.420202119377719, 6.04299676705373, 3.5592029134636602, 26.821628742624412, 20.638430212070553, 25.71495103744272, 7.515783294545892, 16.60616572782821, 4.39435372815789, 23.14811907709782, 3.7886490282218603, 14.601934002228068, 5.5780338471972435, 5.845875888193981, 8.73068202887592, 11.05863222967223, 8.135785382054566, 6.749154177642474, 9.655528468642594, 11.080282156397903, 17.197202354676758, 7.574753254208473, 14.246537840759437, 6.191112463073958, 11.287281438028375, 10.337962367431144, 9.001508322168203, 6.8198654854858445, 6.987347644898132, 8.007331803096195, 7.210340434492771, 7.643170746303488, 6.1186874448628155, 8.071212602293647, 7.346460305110181, 5.9466260714791455, 5.958941397866132], [0.0, 0.0302626119762547, 2.422320258999685, 15.890547556359799, 12.493559213873048, 13.943201926506648, 15.523706559467335, 12.358797280319367, 1.51171756351019, 2.3908458222512756, 8.375303209466846, 16.69639030163626, 18.073152351732887, 5.736783505529632, 4.188506352654372, 3.9457420560691108, 7.786136678009231, 20.00026157959417, 28.49370066375304, 2.9507172303605884, 2.3038711874444835, 1.2249742676182493, 5.790970487381537, 4.906709796089657, 8.819699330923138, 2.755623812175252, 13.625236504763683, 2.984964918941448, 15.52260473057855, 5.024192542356111, 2.0450024488333636, 8.101316145009589, 4.922472865519488, 6.492972345631731, 6.41504151003408, 2.1523587686264625, 10.496338510079866, 6.933850742742787, 12.120740268339562, 6.925431077098154, 4.19559210614265, 11.08361303248752, 4.926737381789988, 9.57454392880412, 5.861796828936797, 8.079202385704198, 5.413153881093995, 8.105697992839012], [0.0, 0.0, 1.629928649329293, 0.5464940006158464, 0.1054691280353302, 3.613376719176382, 1.1168712987239904, 5.85612592201372, 4.165039522844536, 13.938457167631938, 20.442136953212163, 10.059234606845264, 1.3510143811780169, 11.863226199740732, 1.594542520871325, 13.642412576338437, 27.50245406967523, 25.10599023929226, 27.164902061307615, 21.804324598801458, 2.506116397314716, 28.23454256155943, 3.9160875362370486, 23.765367359746737, 10.977521448429492, 11.946001774793512, 2.440002921271338, 7.134045899107696, 2.7435043692746524, 12.290629915205365, 3.319431240114315, 12.565946463639204, 1.7674301317449623, 10.985752127681236, 8.474982863072734, 6.299730797822056, 7.130668665301632, 6.396705567151416, 10.499326214632244, 2.233646690885136, 7.031877202675532, 3.945897264351136, 9.992434894656125, 0.2513032860795866, 8.40783434316301, 0.20836761993226913, 6.829349959837284, 6.485045887107852], [2.445234209252255e-07, 0.0, 0.11102109153481293, 0.0960835925056427, 0.8530235258099986, 1.2965035523098112, 0.48263462092294085, 0.38814014334347247, 1.3475680061080566, 2.0152366046547723, 3.7112876560876384, 0.08354411386724152, 15.631790017129095, 23.609328674611795, 24.87346596437371, 30.07560799009605, 20.08321130957587, 21.61027600455346, 22.43404987359138, 14.655453186743246, 5.665326558546389, 