{"initial_violation": ["collision", "destination"], "initial_duration": 34.8206946849823, "subsequent_violation": [["collision", "destination"], ["collision", "destination"], ["destination"], ["collision", "destination"], ["collision", "destination"], ["collision", "destination"], ["destination"], ["destination"], ["destination"]], "subsequent_comparison": [[0.0, 0.0, 0.19484365112206384, 0.12329675593323462, 0.44718855619649633, 0.42066050407796773, 1.4201431710974461, 1.042537152593486, 0.42102742129476206, 19.854497357515328, 0.44454342028072097, 0.9269304780690933, 1.8466913928157485, 1.5394633618304372, 30.1899314525005, 29.486996532731613, 0.6530145460012431, 1.129712684460615, 0.2534419600366254, 0.9425685961134449, 3.1479225978800347, 44.02908550034194, 38.29660738253363, 11.267218017158683, 49.3755042159938, 18.78404799783088, 62.68958396057442, 22.964712515997793, 76.86456620365142, 24.670219873540354, 89.4903299761851, 25.53569080330238, 101.77754962878936, 23.470442412868287, 143.82835875125645, 23.86208259373717, 144.80418478000317, 20.926863874361224, 152.995866571822, 18.877320463304336, 153.25762944697917, 19.488456122988275, 147.43437663843545, 25.45822727135452, 147.30496317803147, 31.332274647114417, 154.64326105838757, 31.72591323661811, 162.84724487904896], [0.0, 0.0, 0.8760392224604381, 0.4280966080797711, 2.076241739799504, 2.7837238083743876, 0.3624708655191923, 1.3509299127789423, 0.0038763741711185387, 1.471801256088294, 1.1808501961994597, 2.1303969620589323, 0.25145707758838315, 1.1931853599663593, 0.3470139404102083, 0.4961145683669662, 0.11103387127658736, 29.32635567717558, 27.547251112100835, 29.363312604885312, 3.3453469864284155, 27.47680719530252, 16.340744391015487, 27.116622563241794, 16.57177418588023, 28.55330392546276, 15.64170450090848, 37.334041725204386, 25.51449455431751, 50.19058923996057, 24.300338651537476, 55.676960217136795, 25.995682878780794, 70.00194979792472, 21.729980380599773, 111.5756037420938, 13.560265685288162, 118.93362908464727, 24.27302275126678, 125.91156420350637, 20.43103855265379, 131.45732802084902, 17.204286371582086, 119.36171534178341, 30.458607154741063, 117.42736712887948, 38.35314364204593, 103.15329778251724, 61.43524615797885], [0.0, 0.0, 0.659797260139928, 0.799778294338158, 1.771091261758314, 3.2464539884722763, 0.33593199137028595, 2.007152508552407, 2.780074434350101, 22.87939510911252, 2.471489314002971, 2.6723209019242313, 1.7613240151445753, 2.488613028915102, 1.662444361870896, 2.6046709114072466, 1.8615371072042937, 2.318021260782877, 1.8848055759602154, 5.1646252870483655, 25.361429694590626, 29.334723702636193, 22.11077950002784, 28.81031505705742, 22.687456944521465, 22.911979283019132, 20.859309807834247, 43.48146522726101, 19.578390613107494, 57.271905491441025, 19.31852505743684, 72.61972773686976, 6.839087304880297, 65.6364286549647, 4.407556064089429, 113.47254796551792, 2.4705534112314793, 119.06940116060485, 5.569970867036731, 126.19118121183112, 6.509054566933195, 122.13044521751951, 5.222026084667123, 113.9281881064442, 15.390465862679505, 137.36359825208723, 31.881613131406713, 138.4611132648287, 46.96738996954311], [0.0, 0.0, 2.3057907194088787, 0.10567064472826768, 2.4148371406450666, 2.4410738610163705, 1.2763700880187467, 1.1034079261207275, 19.40028477710285, 21.269638145183798, 23.640300246448007, 23.012417702367603, 2.7610586701860265, 1.1390759318012196, 2.8827555879938185, 0.5346900698163524, 29.38296353415828, 28.906356906526373, 27.38037057616466, 3.292740853594748, 1.7945185747754102, 9.410028939979748, 1.5984292517824314, 12.83615497674664, 6.194291617836723, 38.56919799588698, 10.220851507955057, 48.79812675145502, 7.815054460793086, 36.917164637408895, 6.833459499282181, 51.283741266851976, 3.56763860164708, 63.31957289858721, 2.9470649113114322, 106.56362336431525, 4.725215428133537, 120.05849026003631, 7.101956318540269, 128.13294654404206, 16.555748839390187, 142.3650503303585, 22.11255718774258, 135.33846142172408, 33.230121154234034, 132.16253974501, 48.674810721182, 106.97558728250272, 12.567025195652365], [0.0, 0.0, 1.0837875850056955, 1.0955489745650184, 2.6329563995133802, 3.99350789240148, 4.201772331036536, 56.40965009228202, 18.947741851351978, 25.73986463683937, 4.302252022222711, 28.285955541659188, 4.157489298689478, 6.850133175992112, 10.608218580463681, 7.572466781764217, 22.031987655776756, 48.79950744264578, 20.219647050170853, 7.4405662714702485, 24.323531457398346, 61.52321982336853, 28.591174230190642, 3.87064368427509, 55.337622393074135, 4.2372924960128735, 53.29521486101407, 3.4681957433404254, 57.42254287119964, 94.9388712649596, 48.15639876108155, 101.36181944970323, 33.13258625334188, 110.25452461515194, 28.760781757734016, 2.487847681523815, 127.08028206327974, 169.13536923551885, 138.40132377706632, 169.9485940849634, 143.4100455037515, 174.0136555506121, 140.25975779575748, 14.193657403356726, 55.97753639241225, 8.236781220144984, 50.68710757470665, 7.848985314041403, 46.04446186450955], [0.0, 0.0, 2.7680685615920964, 3.1079030781956707, 14.916419467540223, 11.695134546642393, 15.187699230584867, 56.25447039713322, 15.343272441280135, 24.127920550005435, 3.8052412259661605, 11.190854715323663, 3.4206126484973867, 11.737480464250094, 9.384908684342777, 12.731779069254591, 16.871593336227857, 46.718177426323244, 18.001913216220615, 12.571474034054107, 19.230971812955794, 11.753455998190216, 37.003243972644455, 8.633369642290253, 48.59203925657228, 14.081548302914532, 53.61742463712918, 24.463721247031536, 57.458949737416, 37.114278175735755, 52.86600036740742, 51.0280027973577, 43.20964019134059, 110.91565122866518, 42.308128502564564, 159.90211807592786, 25.06836058566333, 170.41926109445285, 27.18653160256976, 130.64147575301973, 39.463487484380686, 126.6547859523422, 51.72857129512981, 117.99773465825845, 52.771716108592464, 108.41210337152052, 38.191172372975984, 203.48870005529346, 53.178003787902504], [0.15632021624146436, 0.0, 4.677838883352373, 0.14229536613194693, 4.405240220962138, 2.165274089311252, 3.661601336832225, 46.59234102916643, 3.6036076492600064, 9.031542469988894, 2.8753115129003017, 11.304252565483225, 14.704757131594025, 33.4712324706443, 8.95748392295909, 18.224139890937035, 10.487583829543372, 18.31153131706369, 10.724913662096071, 40.14023832688681, 13.181114440684322, 38.31411553626881, 4.427204906623752, 13.74718442516005, 10.959555299030356, 18.01941492110673, 6.466272600807536, 30.260768682109187, 30.890187001202307, 44.77154972389092, 32.19339773715741, 66.53115078593005, 26.226681191786376, 82.54570421927905, 10.199516230734607, 100.19888473345944, 5.498968718790649, 109.47212380481204, 27.37349633167521, 145.12001908035253, 20.983567357902206, 138.5192998076495, 18.786823326425104, 135.40331298754742, 24.897434674287823, 107.79400226294595, 31.202607546690395, 105.46064336966604, 23.491081053472495], [0.0, 9.2550677494609, 6.5891611773233185, 12.057751941743797, 8.589736896024057, 14.25655343904333, 7.673297368195779, 46.59722911476736, 10.653487017146208, 10.008590250098562, 12.253929762545045, 27.29521470196911, 4.239337433032177, 18.08997689595008, 9.29908485176214, 37.40247262110076, 9.786516216355833, 37.90193595757879, 8.553722202813777, 20.00018579401707, 7.202568400508195, 18.69691004021371, 5.773940282216398, 25.127433875882886, 15.114275194090133, 27.911993577013536, 18.984933921302133, 31.971719947390408, 15.35561452023608, 42.76086808807582, 41.33296055146136, 56.119355357014136, 36.20887022938265, 70.26013210709432, 38.62999377712072, 114.7409154128651, 30.707239527407722, 121.59777294090618, 26.985130828189106, 129.0325848782874, 25.103450290452113, 124.7926955921173, 26.39368805575987, 116.76248692777324, 29.657599363844145, 120.42119804263504, 40.52328777111032, 115.78287980783803, 41.89772543720987], [0.0, 0.0, 1.8188572516036738, 1.1978327838551628, 1.9831058321912087, 0.785700511020035, 3.4440497312843568, 45.434797221773096, 4.039788314084606, 