{"initial_violation": [], "initial_duration": 34.8097984790802, "subsequent_violation": [[], [], [], [], [], [], [], [], []], "subsequent_comparison": [[0.0, 0.0, 4.8690882078371605, 0.12500567341730456, 8.192959114339843, 4.762570160172067, 0.25322138797114935, 1.5599307974776013, 0.18546428313801652, 2.5765445454677787, 1.3230917567175153, 4.6562458340487, 5.664051139776714, 13.57885112742841, 2.713126491701567, 8.874355106634995, 3.9101958727821544, 6.645632638754929, 4.620566637031602, 3.155511886469592, 5.368375883543354, 0.2910336620398895, 5.29716322427962, 3.126958864027128, 3.747868522920385, 1.266770479356377, 2.788992871933483, 1.9267126483903179, 9.866775746795218, 18.607484161703116, 10.051469960337322, 13.78915377593768, 8.314272252549365, 11.339647837904899, 8.096144555847774, 8.68530205368384, 5.571646414183094, 7.115962303084624, 5.287759902544628, 5.257397906232849, 4.314888901007881, 3.3940388729288653, 3.6784192724155576, 3.4621847915597446, 3.0757498702360584, 2.4873426053205203, 2.5284508308477194, 1.8444826232390665, 0.4541635110348404, 0.14882807077709068, 1.6391138962371854], [0.0, 0.0, 0.06565085134419629, 0.23963507719520633, 8.148228684842195, 8.120685606242615, 0.22535580509655512, 5.788366096558801, 4.455986687225817, 3.7356826470579474, 3.779421953469287, 4.873593147833842, 6.376975310233751, 9.566777076699045, 4.2736255029072785, 7.094882707403153, 1.7411610031082243, 5.951888901576278, 2.4658252948607835, 4.551590188666595, 2.1182402932090114, 4.583130249752185, 1.8237548302849724, 5.8554680185803525, 3.007840172071583, 7.334378776982995, 3.953015198200929, 6.367710050600711, 3.037566614658332, 13.951478650960082, 5.100013302874221, 9.876573190172849, 5.054700414133717, 8.407663304813138, 5.175336396985618, 5.712517761312544, 3.074511568557506, 4.432933965311949, 0.615942723953152, 3.298235312056948, 0.24162186437748567, 1.9579713169269073, 0.07173579939472305, 1.8448523619614547, 0.0628634717835698, 1.247145116453034, 0.7181075407247234, 0.902436960986809, 0.7825088401655403, 0.17334729523936576, 0.9496735179464967], [0.0, 0.0, 3.1404856957604563, 7.659673975876973, 8.091002382373517, 23.582583596268126, 17.561421630520673, 29.148542155705634, 27.809134296492026, 28.905633861811882, 32.22878418856579, 30.737017684251153, 30.055360039658968, 32.5013059059956, 25.945638017989932, 26.22723417495013, 14.949533495076725, 22.514646320214354, 13.858840393363243, 21.219079148977407, 1.3162727132788032, 8.145621780080662, 0.21551420168303792, 6.219740828576963, 0.1278758316202152, 4.994428675727883, 2.059644508291915, 3.653999181850311, 1.9417994447267295, 17.062418198496612, 9.743688890925739, 12.10763626758616, 8.559228369583773, 9.317825117821958, 8.872808827793412, 6.19175221961742, 6.600510578901984, 4.676798987137485, 5.934206163218286, 2.2161926681685826, 4.352110692368083, 2.339550922710094, 3.3526370430554584, 2.3567169892223343, 2.515381079233207, 1.4675436130267703, 2.0818813179011992, 0.9263285900997683, 0.5672078731710466, 0.12664693886859688, 1.5090584856946765], [0.0, 0.0, 0.09614000419180234, 0.021022644352590485, 7.645574951549984, 4.767335045748258, 1.2707649384375526, 6.278213993616624, 0.5188846109701204, 1.9460549066581025, 2.34772910290773, 16.222203905216986, 39.78705856023741, 25.509682348554396, 31.712928078197585, 21.288271204226128, 25.91264332185446, 18.64891683757291, 24.198731201515955, 18.341750970362558, 21.878566619728787, 17.33758348200829, 20.493850273943462, 17.396380620019823, 21.5150548534135, 14.789531563821836, 4.673351291737475, 4.682902606313003, 2.7440826323559877, 4.8284459434102045, 1.6748467489727181, 7.281226837450348, 0.8589418480308605, 11.671952771163765, 10.266115852958139, 8.518478723351008, 8.026405770003949, 6.806144350926036, 7.5917625232290185, 5.201915392389885, 6.338549274237347, 3.144339390082508, 4.821758295384802, 3.2316093484046973, 3.8413950773478245, 2.2658612601922026, 2.9806464300053763, 1.6969018335555153, 2.467173716744721, 1.2091956435917546, 2.0224290998382513], [0.0, 7.2801315324560285, 7.978331080467046, 12.707344962119997, 15.567024170478135, 22.22300478639438, 7.011396133573264, 14.722338496334865, 0.30174224463296667, 11.58519819257573, 11.345569802422826, 23.973920591212636, 22.257152682929245, 20.37039076902894, 4.015751069009133, 7.849020540802158, 8.715114577055337, 13.214994130019898, 14.025271801990923, 6.491107598267591, 3.954964099263397, 2.0826898847175483, 8.124015602808006, 7.406118375928996, 11.264839451911, 3.426513264092737, 8.375144237294727, 3.3196125761969792, 11.461991277851915, 5.222130618211797, 11.031645986271842, 1.2892981227720204, 8.028096866993515, 2.943277572323301, 9.27703985556638, 0.417504037267912, 7.842213327340342, 0.9261298337197681, 5.75136845379292, 2.5681578301253865, 4.611033941348843, 0.17555604556362103, 4.633343060528559, 0.4019433425750683, 4.382233185370091, 1.0581466895631058, 2.118174173181045, 1.0487416166512848, 1.991989016169051, 0.9916278895451129, 1.7532693062411506], [0.0, 0.0, 7.496513437566231, 12.60749606784213, 0.7076007687080441, 16.105317340255255, 17.23762303716985, 17.76482998888052, 27.602051103694922, 10.658031787308795, 1.7051756753039007, 2.858675600241588, 5.546440260707422, 1.3742713488540181, 6.108355304402103, 4.9925617229362205, 15.484514609133678, 19.94447233424091, 15.250251076359378, 16.616285760878334, 15.921196764956447, 14.851222850854482, 11.726873159405114, 15.320263375492475, 12.891460427469552, 11.938329291720677, 12.019897032831256, 11.566254612224503, 12.141075547668219, 9.346117800067704, 0.8820000355004957, 5.581131926573906, 1.8482010076996385, 3.4778312039145316, 1.8681723406392592, 2.4642748824622407, 0.8313046712310574, 1.237622894369919, 1.081943800658394, 1.2077696949200931, 0.5704965820135792, 0.6352239003102745, 0.39363043814589893, 1.0136050765980276, 0.7524914221763768, 0.9791801397414986, 0.17372612011524605, 1.1245595165585394, 1.6029067092356313, 0.899810726560632, 0.9698189439664856], [0.0, 0.0, 2.8470193088843283, 8.12117559639447, 4.558976157615506, 0.38246401873928265, 27.827020927671914, 14.08739453554741, 10.742181201046186, 1.1744406620636998, 7.975539534795402, 21.71954926234086, 7.492484117135264, 0.19410373493614455, 7.551257523929015, 4.113023491800326, 9.859381879622312, 5.479073102814845, 9.390195925034284, 7.971532275722137, 9.621636800939319, 7.296416292661344, 11.241960737811189, 5.602864338204471, 12.157005351526523, 5.268438005631057, 8.907047779825687, 3.6720927483196237, 5.548728499064036, 2.3382942469685895, 4.105202846031129, 2.045284694528989, 3.6939927283674785, 0.8817350191734145, 3.2829813701214987, 2.3424124293980326, 3.346305345832825, 0.9485058101578392, 2.694974517734713, 0.44047445401482643, 2.4534888622558433, 0.9328070392472878, 2.1274410615838635, 3.9031642907111084, 2.714599433316548, 3.2135900278933267, 2.2965457944418755, 2.619102116485129, 1.573324423399472, 2.0301554237315416, 1.1369746806525747], [0.0, 0.0, 2.8554335213726114, 7.655046773742252, 4.214226480377472, 19.674557507424716, 24.265144768941454, 13.335828451500076, 11.342677964364109, 1.9166532480558736, 2.8718341661390028, 4.984310605784511, 0.8579544010897877, 4.284413882149794, 0.13225003550992942, 11.09005260816721, 1.5731644483955471, 7.697737962230927, 1.859186580888302, 8.13206244026306, 1.268201487241626, 7.745340760185387, 1.607429679271298, 4.042877139542611, 11.529164211103579, 19.86431437703605, 12.014304241552521, 20.029189433716127, 12.936602348539916, 17.44401140671653, 12.949404141907936, 13.065274403964459, 11.4571395828546, 11.402866325977515, 10.183127191270026, 8.230582314883238, 6.861861731411266, 6.172657384318576, 5.97942226392308, 5.26986934991438, 4.193219635777208, 3.871449809850968, 3.1115397657843915, 1.3415207731441408, 0.453021208035449, 0.9304952190669907, 0.7679375627955874, 0.8444343095228137, 0.874597980558102, 0.44065285470125176, 0.7766148316566818], [0.0, 0.0, 0.09731844509312787, 0.21620148685704854, 7.615787847634513, 