{"initial_violation": [], "initial_duration": 34.85956001281738, "subsequent_violation": [[], [], [], [], [], [], [], [], []], "subsequent_comparison": [[0.0, 0.0, 0.10684947968442504, 7.752475848176301, 0.3863479715277617, 0.561090947674327, 8.227282079565446, 2.4278820067171876, 0.5221687038243245, 3.479980851899484, 1.0941365272547607, 0.14884747117493158, 0.5222209118084965, 5.778205932732588, 1.0206643522394638, 1.1680525177761008, 2.5116211379387146, 3.642617215959005, 2.738980929073805, 2.150897557278079, 1.653099068699614, 3.830066510017819, 0.8378815330251643, 2.55468202850034, 0.4072522240331226, 11.348158557972507, 5.402586682076798, 8.636063735379777, 5.150561797269326, 6.4037962990030675, 5.1070293236951825, 5.944782962017651, 3.4614643103245917, 5.080964885849321, 2.793270226218166, 3.6237669282534406, 2.986178110490968, 3.881892744042621, 2.4442525171002245, 2.9270215439216636, 2.0937333530176514, 2.405908528116247, 1.9965098840519793, 1.9061636034416953, 1.6319948405808165, 0.527486765063608, 1.5604135450523275, 0.3095048888047444, 1.209305795904152, 0.8599913539399914, 0.9483823579471677, 0.27118736501684526, 1.2505222602646304, 0.5359556760995817], [0.0, 0.0, 6.828582902196935, 5.347717174494477, 0.07463143540272033, 3.3704202810136783, 15.870904462381429, 14.481219319388744, 16.140599119162037, 6.61742125759305, 7.045797715433637, 2.4978494858129916, 6.313613960945587, 4.499252914813618, 7.00654914848741, 1.8997908208696659, 4.371650441786133, 0.1317065743265053, 3.290163894817583, 0.1704254463739898, 1.0338647908508438, 0.5485228083218175, 0.653724433882315, 0.40263928073674277, 0.3849980580017508, 1.4661423450772295, 1.0776815534307609, 2.784763555348854, 1.8164668717281958, 2.3274067835997543, 1.8199952293467132, 2.3670717373610546, 1.328551428546069, 1.3701912287412814, 1.1539819662185926, 1.7660862363245828, 2.7219982264743274, 3.317490040826159, 2.2102477804591585, 2.6634354762952532, 1.442110151036382, 2.3005786042280016, 1.6959797716763731, 1.6639857108020781, 1.4295770575880165, 1.3466239325995306, 1.3372424297006995, 1.673040735765066, 1.187556590931694, 1.047181778308695, 1.1949391697032477, 0.9036965157455629, 0.9474921431248171, 1.0195821949150887], [0.0, 0.0, 2.7171646758991224, 6.868097925107693, 17.773521616247415, 14.051382533949466, 20.02726945039947, 16.638266608586704, 12.95537879390243, 25.00492849146805, 17.208229093099554, 23.80285923655718, 17.73634792357531, 18.71878295064143, 16.252213662022562, 20.210086918505006, 15.79841666346302, 15.772012012509295, 15.755591657360423, 15.482116880282296, 13.128784033748818, 12.535171749760101, 12.140077792695026, 11.744156029100225, 8.745875807414503, 9.610752186957543, 7.7888893489889375, 6.523678803523562, 6.986767983339068, 4.581729663423414, 6.511651708960075, 3.8222053189309246, 4.718922006958224, 3.489195211087139, 4.070154271863559, 2.1249897439177756, 3.8126262688540975, 2.2987527516336694, 3.474136787420892, 1.430926645583447, 0.5475450134379806, 0.904018002704151, 0.3906037642664168, 0.13463725546665728, 0.28753354420484384, 0.45641739479440724, 0.22497435130950227, 0.6412649377745607, 0.26056517802324636, 0.40830540842787, 0.7500344449058269, 0.44123851209819526, 0.879864512315344, 1.1279793698747413], [0.0, 0.0, 2.6435048823342795, 7.4051550700915785, 0.7324028139347452, 3.507843490155596, 0.5661786353973393, 17.088860762319285, 16.422175092942314, 18.135871483580427, 16.164741483502297, 15.562385751168021, 18.081127212318123, 14.594565117914758, 15.595864236148461, 6.670047703209225, 7.012745516228195, 5.76128579348368, 12.885145196133475, 14.341858617347015, 12.518041011056901, 12.365977327809446, 10.276985594114871, 10.388346796165905, 8.234886862426608, 7.612832218432773, 7.915323413757602, 3.613260329871033, 7.215902565537084, 2.2535649959292794, 8.110716359223138, 2.7664294908294376, 5.922049078146732, 1.5138337200056213, 5.8999466839217005, 1.0743947522143358, 0.9977638361755561, 1.4076481439274162, 1.2841448223896186, 1.3056323256365379, 1.028364867709652, 0.7947058068770796, 1.2231680999502634, 1.288497067011902, 1.4081362879264818, 0.7088928306675283, 1.360972090258804, 0.7907235417484404, 1.4498147723222967, 0.664776217244165, 1.2887521366212347, 0.19866738455308156, 1.022230790684832, 0.9495787758798304], [0.0, 0.0, 2.5482796328725508, 7.4779209860207265, 0.6006024501948789, 7.58820246351859, 4.095983409358753, 7.339533367574234, 9.081723848173551, 3.4217808609730387, 1.3600455094766866, 0.5334176197390427, 1.8157826491491584, 5.3972944041005215, 1.136348597711493, 1.961584461656483, 3.6467900859365026, 5.422439671392492, 4.552090845109042, 5.063268860971041, 3.257873537432217, 8.272850485693473, 2.584216348713606, 7.421294136351665, 1.7579163142041498, 8.464472625241253, 2.229329196635333, 6.709045218718643, 9.471259235104618, 5.409592011185447, 8.953697069606456, 4.149171671788221, 7.340446515051723, 3.139058016413014, 5.8693943517466245, 1.8294082234362306, 5.772180461341926, 1.251739463649677, 5.489600197903575, 0.7777706541994913, 0.28683857339081703, 1.011716757219974, 0.49270055202736734, 1.5763954595709864, 0.49743358247453767, 1.6584380980203397, 0.6049154618767083, 1.4394485330411038, 0.419731246089996, 1.8950996844224726, 1.5059162162205817, 1.4288188244293467, 2.197210858977986, 1.9437795875005428], [0.0, 0.0, 0.08975209742156026, 7.70504086218567, 4.188603239060175, 3.424472299381883, 9.92879422765772, 16.581331681217453, 13.998498338178123, 4.418539697895631, 8.997083433230499, 15.390854521722273, 9.590802832467832, 12.779737696306643, 11.242002712790775, 12.85690158753172, 10.810694543173987, 9.521062885177232, 11.3406974455208, 8.950144634008607, 11.025004005954251, 8.404943510458073, 10.335675499024592, 7.711869039946514, 7.720450581077388, 5.03425854471084, 8.622432607768166, 2.5122911562357366, 2.1995913216975547, 1.106991078531119, 3.7203222676940015, 0.2991765762348726, 2.3837493241998153, 1.1061477875806733, 2.304009730483229, 1.699402572243078, 2.610492327483624, 0.14494064809184554, 1.1608772310117488, 0.19388253851642923, 1.2351361465219162, 0.7119621565041728, 1.3249005255978967, 0.28582038759407224, 1.4868943051079748, 0.26481291959947223, 0.6720158841524118, 0.11726494062576362, 0.36405298170290346, 0.06802686286271134, 0.39626338952467965, 0.3080921517302757, 0.8816260480741007, 1.1368386967590152], [0.0, 0.0, 0.30710857105635103, 7.763112082722523, 7.431001161052912, 17.73756471198448, 16.012215580693308, 16.985887313440806, 25.25819521999612, 18.196239723409143, 4.974848778250658, 1.7500220710463033, 1.6899551257727488, 1.0078949422547248, 3.1228268519966496, 1.1025503305386368, 0.31446419176902984, 2.869182605532555, 0.9458069866862, 2.0686107735290373, 10.344170627337169, 15.610860721253577, 9.859129192657834, 14.436061380129042, 7.921713354386927, 11.600782018039181, 7.788867171946824, 8.429422196231641, 6.420245240139887, 7.371521468487834, 5.407313292235596, 5.860494710988824, 4.827162615693488, 3.380206908954245, 2.8304505121375705, 0.43731542203042845, 2.8445610395582523, 0.2263608378198737, 2.6063025943256215, 0.48478301614988667, 2.1735799549437194, 0.4470805961678159, 1.6242815767864138, 0.2852057161831022, 1.8536325654181087, 0.542389276953798, 1.6890921357989341, 0.7314628696325336, 2.0235223452182183, 0.49603034101273563, 0.7066789552026054, 0.8880970736733167, 0.8530152680263523, 1.093895325463558], [0.0, 0.0, 0.6174072982700289, 5.32704843839042, 13.824571484564103, 14.040881565215827, 19.29421278646863, 7.493505226992468, 0.2265828079130055, 4.092969230883495, 0.4449088580695272, 0.23749090851565804, 1.7271923536791935, 2.4490642253934998, 3.299204826725431, 2.6847759782107197, 14.725261249261052, 13.387048294514118, 14.007176818215635, 12.7517072658051, 14.43993697682017, 9.220661686184638, 13.910994067538619, 8.666547923564087, 10.959230939820985, 6.169611846893867, 11.218076073371131, 0.17134262686242313, 1.4358690674851866, 1.1863373102210912, 1.7977792678061804, 2.7845100429299983, 