{"initial_violation": [], "initial_duration": 34.60859727859497, "subsequent_violation": [[], [], [], [], [], [], [], [], []], "subsequent_comparison": [[0.0, 0.0, 0.3633223747836605, 0.16165934914889668, 2.327372589579312, 0.9098525774519307, 1.33782640246805, 0.39530737040177477, 1.4620813340328118, 1.3818626884606424, 0.7331014594965617, 1.7178587446080684, 1.5641263333459485, 2.6476530877566256, 0.9235360830985435, 1.5272531496203494, 1.3369003145481206, 1.7197889411664455, 0.8917289907932484, 1.80374239977596, 0.7063087716975042, 1.3721917783590798, 0.11628670456705559, 0.9416471198871643, 0.9090556351738028, 0.817427961051479, 0.21497153157347906, 0.41668679091241007, 0.208598424827322, 0.08932567902835141, 0.4634338417565907, 0.05367082113898955, 0.5038891203486505, 0.14639486304225163, 0.24976552314751096, 0.14281124253291363, 0.349141881595176, 0.14281085646604216, 0.056613874632159535, 0.14953881430195728, 0.34892727315695976, 0.142810126880476, 0.34892531910752284, 0.14280976207360804, 0.05661009952467159, 0.14953782215641467, 0.05660884111661627, 0.14953749167834313, 0.05660758263014258, 0.14953716084460816, 0.056606324143682246, 0.14953683036653692, 0.056605065657235235, 0.14953649953280224, 0.05660380681874667], [0.0, 0.0, 0.3207139504473492, 0.18647428462060897, 3.1069149705787735, 0.8216213705052615, 1.314861801216404, 0.7340646129663659, 0.5966729620914658, 6.921647317214054, 2.9016425963885646, 5.583421534729142, 2.027508255357732, 5.232998351219788, 2.1106822343539093, 2.8067448711087906, 1.2250797619055074, 1.7035224363653247, 1.4946483652939682, 1.0615391132378054, 1.3298645204207138, 0.6391466213089863, 1.1256899430428726, 0.6029924088373044, 1.233831350151438, 0.5198362227330036, 0.8047908917626657, 0.3735572452175547, 0.7757670987294547, 0.25136309296468085, 0.23907275180426482, 0.414649307059409, 0.22894168448194813, 0.4011981546540582, 0.22894272439339006, 0.31426633983923546, 0.2289411876971682, 0.14607525003707056, 0.22893965061448868, 0.2093198979393979, 0.22893811391826863, 0.20931884103196516, 0.2289365772220494, 0.20931778412453247, 0.22893504013937274, 0.2093167276236053, 0.22893350308792174, 0.20931567036234056, 0.22893196565001342, 0.20931461345490826, 0.22893042859856416, 0.029586335777238192, 0.010016932656042404, 0.20931249893237927, 0.010024484505527263], [0.0, 0.0, 1.624131953687059, 0.9303432420216187, 4.9831937159722095, 1.1600482682510487, 2.2726886033104945, 0.7759426352776787, 0.6002668684215378, 1.0332775804571603, 0.051267547844626477, 0.16907369546471346, 0.1822094306745067, 0.4821653753328896, 0.6575623760398964, 2.3898995833631465, 0.5737566167293934, 1.2647467524479497, 0.06577116764588725, 0.6793744825330568, 0.23473191232864157, 0.14346712148144455, 0.453943622149621, 0.1845570469815278, 0.04218603540311716, 0.13613792657033877, 0.23090431735235423, 0.0357213371917706, 0.22877180940214614, 0.0319283984807364, 0.5003651237515292, 0.04581691225016291, 0.09680104804098641, 0.06267631333254899, 0.08701161144991833, 0.18080870144741443, 0.02376991782814439, 0.11756393286893711, 0.02377016501227406, 0.1175635323216314, 0.08183881742958422, 0.17562913347027656, 0.08183759441415822, 0.17562726296633885, 0.08183637139873289, 0.1756253924624011, 0.023779021767007243, 0.11755552836476715, 0.023779268586466396, 0.17561377916334756, 0.0818391034209833, 0.17561190795100268, 0.08183788037007136, 0.17561003709286144, 0.023780009401517026], [0.0, 6.205992115820094, 3.5769160795446875, 4.653546830324465, 5.063102926058266, 2.0074832109278065, 0.30775729666621576, 0.5052971017963825, 5.519478903684788, 3.4758693358724493, 6.00770450417997, 1.760305614481651, 0.9245736205850481, 2.8592024558823512, 4.417890796034682, 0.10188405438058022, 0.6260338103263805, 2.05070825286379, 1.6732157054381769, 0.5411319410464268, 2.1298889984106952, 1.0726989892853274, 0.8603993868803784, 1.1176879362111387, 1.2220483229937837, 0.08278653410325906, 0.888626851450987, 0.6927297326852214, 0.26549248192760905, 0.008783106230287633, 0.5476737563620724, 0.09587031600462334, 0.4018397258603552, 0.431960030632733, 0.06605619446321688, 0.1780494882853167, 0.002876584099666888, 0.19659021997241927, 0.12802817174911554, 0.19658872928381244, 0.0028836312863943425, 0.0713663063948734, 0.0028835018457509134, 0.19657825649372387, 0.12803413894480137, 0.1965767654509267, 0.002890550265202791, 0.07135546826736124, 0.1280405202412704, 0.19656629159826722, 0.0028976002144994665, 0.07134583825186143, 0.0028974710306530604, 0.19655581703722727, 0.12804648810713992], [0.0, 0.0, 0.28225490679660875, 0.713075477111041, 0.21956730554964704, 1.019916469473483, 0.9760307893186383, 0.4469042407303791, 1.3949069869802655, 0.8396238036020265, 1.7357028905516185, 1.0358318475385015, 2.096443921097917, 1.4433963843855102, 1.2147743286310277, 1.5741587245734854, 1.3892212983032657, 1.6453089254241888, 0.931765866406439, 1.8426920965860598, 0.779141056209914, 1.188353079890862, 0.7962366046800694, 0.7407055645896132, 0.5966871222892249, 0.8258571773039203, 0.5986249850071248, 0.4516358956710679, 0.1351074413807693, 0.07094882999530193, 0.248253929559283, 0.022471335805779105, 0.2319176533209562, 0.029042999922512712, 0.295070024622805, 0.03842332489005807, 0.29507024372582447, 0.038424084791645136, 0.29507046278294213, 0.038424885482217626, 0.29507068224024413, 0.038425685819693224, 0.2950709016975461, 0.03842648615717086, 0.2950711203544796, 0.03842728649465053, 0.295071339457499, 0.038428086832132224, 0.2950715581144325, 0.038428887522715026, 0.2950717771715503, 0.03842968862988222, 0.2950719958743856, 0.038430489320468865, 0.2378105121336738], [0.0, 0.0, 0.3343706509297083, 0.2797736853925722, 0.24098722719908894, 0.8851646220432867, 0.7125731551231415, 1.0751229453274906, 0.36034411342161804, 0.9627480026204592, 1.3338754825088806, 1.2754379264163067, 0.6417408575213054, 2.0944551503541593, 0.723973588215849, 1.1963580157591975, 0.38818409379386315, 1.3955682298668606, 0.727619231440516, 1.3446617901553102, 0.45204867045809766, 0.6280967408902978, 0.7594767073433759, 0.7268805827079743, 0.2505305981785975, 0.8204455051032377, 0.18515229076899384, 0.31205707118259113, 0.07203027938084827, 0.0903017065512873, 0.6601451764848999, 0.07891460349752755, 0.3589506604650767, 0.10502941303935111, 0.5067104067244254, 0.11005954128940536, 0.443463930897317, 0.11005907151192748, 0.4434643793785242, 0.11006116894909826, 0.44346482785973124, 0.11006326674015586, 0.44346527634093835, 0.1100653641773275, 0.44346572517637245, 0.11006746161449957, 0.44346617365757957, 0.11006955905167204, 0.44346662213878674, 0.11007165684273139, 0.4434670705732502, 0.11007375463379118, 0.44346751865348677, 0.24407822715718458, 0.309457606663028], [0.0, 0.0, 0.8348132425376903, 0.18852405434646555, 1.9376646830789697, 1.3190206811894258, 3.8424336326540875, 6.774239223339741, 5.501027083660888, 5.8593624106746764, 5.557075582539326, 3.582001263265557, 3.7111542683050374, 1.1470781114474728, 2.0266038601306606, 1.5359183247677528, 1.5976291715088327, 1.8965300872036066, 0.9284458234076135, 1.6804688473542113, 0.9993937526096877, 1.1159428543550183, 0.9758259552697548, 0.5940978202353147, 1.1226291660542311, 0.2493432413535675, 0.772609258568911, 0.08558152309700659, 0.7297054868770853, 0.029718800984670193, 0.5922867132646392, 0.04863673151523953, 0.38582263555240376, 0.06886816546915726, 0.11476209356241242, 0.35009008735910313, 0.19685542835704423, 0.17199507090556654, 0.1336082980187364, 0.23523857520037106, 0.13360806615964033, 0.23523772839022353, 0.13360783434350268, 0.23523688158007594, 0.13360760248440665, 0.23523603512429805, 0.1336073706253106, 0.2352351883141505, 0.1336071380143044, 0.06577948810520874, 0.13360690575777412, 0.23523349433948568, 0.1336066731467679, 0.2352326478837078, 0.13360644128767188], [0.0, 0.0, 0.00274411724705833, 0.04693014479470113, 0.3293724372568946, 0.13339895359451295, 1.0216291559437247, 1.1258333283018096, 0.6386137916621273, 0.8738118442187949, 