{"initial_violation": ["destination"], "initial_duration": 34.66939163208008, "subsequent_violation": [["destination"], ["destination"], ["destination"], ["destination"], ["destination"], ["destination"], ["destination"], ["destination"], ["destination"]], "subsequent_comparison": [[0.0, 0.0, 7.73232371800984, 0.8360672294527136, 20.099951182053342, 0.18767972259398136, 0.7779755227277857, 9.616626439566954, 18.889178413400227, 26.515857238372064, 37.24996275453381, 26.04619709438478, 33.19606591902062, 19.547340963744787, 29.951693042362518, 17.4124746998476, 31.63313911197728, 22.061445134377607, 33.022577257511664, 21.416336300592334, 35.91393227625298, 22.2791618761393, 40.18429860431042, 20.818199098576216, 38.95293368418177, 20.32549561791312, 41.65370401274589, 23.280987837378206, 41.52085046564782, 22.495294926804494, 42.015253582561364, 21.990822606268555, 42.169279794253654, 19.74656496416426, 43.439677752843124, 20.118086736658476, 8.466862942216007, 1.415733587576203, 7.623956912814101, 4.322774164763271, 6.774406740521724, 8.431388994447106, 5.581310100738238, 8.13631268899646, 4.879232687842142, 5.461697822702076, 3.5687418922149843, 3.743446788894855, 3.5789837700959204, 1.4120047093249435, 5.3500537502312335, 4.977161659304632], [0.0, 0.0, 2.9383190324447597, 7.2900038777850265, 7.819291247562775, 7.7982437562033855, 5.83979540055322, 6.544846349935113, 6.236522834722317, 3.3374405709535875, 7.693261367022955, 3.667218075130369, 1.9433948275967807, 7.733511204489658, 1.3538195821969383, 4.118801178860902, 4.275433349057517, 2.7268025793369843, 2.9755191611704803, 1.5639267322845345, 1.2642955232823974, 4.7824518719217055, 4.245787617904414, 1.8927635313345053, 5.348923535090628, 2.014380573310508, 8.538931329557883, 0.5079823520058476, 9.022006570893549, 0.19837206795264595, 9.09036096410863, 0.9152284567489491, 9.086176855904714, 1.4162436660293292, 12.412721854514311, 1.5027518194210459, 11.58436569483398, 1.9775983330742222, 13.061562644654641, 8.29684732051447, 16.429046935778864, 10.756909404658602, 17.270942450068745, 11.714544019744205, 14.110254712119096, 9.285559621687293, 9.039617311130677, 7.705068505291417, 9.507055868594675, 5.177467540631712, 10.441267423490558, 9.875772523164065], [0.0, 0.0, 3.4917234199189875, 5.913313842680898, 25.885182034424012, 19.572854681169957, 22.689241918790966, 28.67223051518161, 38.03207540667296, 16.225576002535938, 1.521336340049437, 7.470072951854877, 0.8895386958040454, 8.915285915017387, 24.850022152791286, 13.714478393401757, 30.443872990796578, 15.782757172922164, 28.672542405207817, 16.767817750935677, 26.89634362444504, 19.94137478546714, 30.306953245338708, 19.331190515305405, 29.316797163077215, 17.76525157641043, 29.82620011943208, 22.619573851288152, 29.892861253975862, 22.828752469044048, 29.164343819391657, 23.197993934339063, 29.488316553110888, 25.619422793814707, 31.866464705024566, 25.091304018277448, 31.794110456390595, 26.023392981086868, 29.839728322600937, 23.194060887533624, 29.562491369155882, 19.017729715888965, 27.281386965538914, 15.98787712034482, 25.500928119999973, 16.33582114275874, 22.39867450171282, 4.2910695437102095, 17.71977893950524, 2.4839158760963334, 22.61608446311977, 0.25998786463059326], [0.0, 0.0, 0.5062589686233442, 7.046907888698922, 4.515158443108592, 4.959639442118777, 5.597885784740233, 41.379431257013074, 27.37660324014877, 27.633155453935288, 28.66105852070344, 29.287426265022756, 31.06247334464242, 23.155656258919862, 22.878409887939036, 21.087419009785698, 28.774093552633612, 22.881704564638174, 28.093847983206384, 21.510951706207468, 29.017536799144146, 22.091667138131147, 34.36898129038469, 22.78858335900569, 36.090988936229266, 23.16934281442598, 39.16194412353742, 23.93996685185351, 39.44929185660974, 25.166120320282026, 38.06774241388448, 22.384698190367356, 35.41192043744328, 22.077455496676965, 40.05717490544898, 25.307142101978073, 41.480443734077014, 28.717937814260896, 44.051642357323914, 27.00201753102969, 44.05302148957229, 24.733978416343792, 46.903764142088505, 22.51974407219637, 47.52732280750286, 22.00699991177899, 45.227109670585754, 23.060583577510172, 45.09982790175202, 26.207277423589648, 47.85998099481185, 24.11966883596665], [0.0, 0.0, 0.060295958138718096, 0.38955967623580157, 0.6184658884383768, 0.12955409229298084, 5.947599058597376, 1.1430696726011136, 26.373830313431128, 26.020549780833647, 24.10854122969246, 7.993158206206584, 25.300850034697245, 19.51949574856174, 24.371853164113695, 19.150917460221528, 17.837467143908224, 9.058780306122285, 14.51565926980639, 7.34154942086269, 13.511264667596576, 9.608775783072286, 17.0879669498928, 6.1824638004635135, 18.01094505396917, 5.072170504118589, 15.31651157987504, 2.3892339086111396, 12.427316708095411, 3.307222699718456, 12.890912122461955, 3.097591652605526, 12.246508310852997, 4.229341356122549, 13.491745456020977, 4.777609933654606, 12.366637379934561, 3.5484306320969905, 15.071122164405088, 8.796017807040212, 16.012873545580007, 13.084681288056288, 14.13116969342932, 15.503794810697002, 12.056581866214415, 17.95391569091616, 10.841127129856973, 15.465342314430162, 6.781066146373396, 13.168473224800833, 6.874051672892752, 13.578350565595066], [0.0, 9.50846075097524e-06, 7.612581562575286, 0.8407676215751231, 20.095453633154023, 4.937831167320887, 9.518910019397111, 6.334693148306727, 18.286474009767087, 30.246519091562867, 26.90259889683629, 10.81353344834241, 8.338633585389138, 9.682826575446605, 0.7415739831555174, 7.588561800812282, 0.608890900217115, 3.7550849944010105, 1.770640766414277, 0.8138692722660523, 2.3459670396152132, 2.06140732171109, 41.351812981219155, 29.238484463252554, 36.772252877984606, 29.312796092032883, 37.0110124862013, 31.736042469878907, 36.83163542609634, 31.903212621533765, 35.672826890836284, 28.40400524938582, 31.38295546599938, 29.60096957025798, 34.39376766013923, 33.16761567099697, 36.48557298079392, 34.8577258591479, 39.09009183681718, 30.339441785973097, 1.502385259579188, 0.15140311974891493, 3.446071217846375, 4.482680992134517, 5.935811601122799, 32.326062746736184, 31.79256828431299, 29.43023028233345, 34.17571742701155, 29.544046971091653, 37.742918770437996, 24.3296686258428], [0.40056920857388545, 0.0, 0.6534168706302474, 0.9903153420939829, 4.4559705996875305, 4.872956180576752, 10.14333489758871, 6.2271896546690995, 25.274612020226243, 11.193470728923943, 9.131279009326164, 0.10708689664135854, 6.909882158432942, 1.1768665753018015, 5.289631980223696, 2.0684463014734598, 7.760098170779726, 3.2611010243926146, 5.414932664873782, 4.671281206888994, 4.450441103368222, 4.922241409741603, 7.768636614488691, 2.4215804877982787, 6.959959976635435, 0.49552622486174397, 11.462415908950366, 3.5390162918384176, 14.723342375773246, 26.232025797280453, 28.413803277084302, 18.196452626483268, 31.849801629077337, 15.351104577036466, 38.31958313235905, 13.510552503815685, 15.386890720092174, 0.3380107995746447, 20.346034907432685, 6.466924915665908, 22.086433487912206, 23.050062721132754, 39.53623406346437, 15.865620740516453, 39.110467969740526, 14.019317864938756, 40.90229482943769, 7.262079970427305, 9.098466523893407, 7.436948506729941, 15.208302652958013, 11.13811921099327], [0.0, 0.0, 7.674801774914226, 0.38697627350097646, 8.069850714521555, 21.067136980152625, 21.85781648687001, 10.87041562063785, 27.520402958576547, 24.654293415058902, 35.29695827670499, 6.923038086737851, 2.301294989639011, 1.0511980597580017, 5.34208605940333, 4.379154787331533, 12.053968477760721, 20.64178826641136, 23.463746404296316, 18.851228065539328, 25.90867406831499, 17.666387387795982, 8.845872189390382, 6.098873408630585, 15.270467429870038, 1.2366522369476627, 31.05117946261136, 16.91487961666978, 34.74853437254442, 2.320608043226686, 15.55199601152005, 5.131154069844093, 30.63028901161665, 14.595556718057956, 34.495339771641774, 13.699476564424842, 39.69815507886239, 9.844976557332803, 22.33480124502096, 5.065558302572151, 