{"initial_violation": ["destination"], "initial_duration": 34.84912419319153, "subsequent_violation": [["destination"], ["destination"], ["destination"], ["destination"], ["destination"], ["destination"], ["destination"], ["destination"], ["destination"]], "subsequent_comparison": [[0.0, 0.0, 12.490172524427868, 1.112380796979159, 0.8345954784108505, 2.854481210045988, 1.601386510055571, 4.818293436257821, 1.9535351400263365, 0.9386473073876129, 1.0656147529771667, 0.43942428942851036, 4.762539375351857, 3.557543714300922, 1.7960667442671665, 2.9509313843457567, 3.5179769689744957, 2.2422986322919836, 2.974738998750941, 4.548763154701307, 5.1097539766689835, 2.642455566264729, 3.5778120225967904, 8.809010507254639, 9.851565151962214, 10.216958277511612, 18.150736940924833, 6.3940239783727275, 11.112183251745057, 11.71512252496331, 10.43831451669839, 0.7600455354242083, 7.4986696964592765, 0.5220231653218393, 6.326973366952572, 14.681976798564307, 6.977628204156793, 10.874489234631335, 3.923714196556005, 9.163819956721136, 5.064469312789836, 4.0451615941919306, 5.783397744515575, 8.092384752069965, 5.637185518760045, 7.319017523693679, 4.243971842992704, 7.452008781783474, 5.431685428690598, 7.665229017444913, 3.688038939955765], [0.0, 0.0, 0.152528256821329, 7.262369028615676, 3.02524165779061, 0.04024488164445452, 0.47326020425085147, 5.137976717680099, 1.7793670810197244, 1.274198325435771, 0.690324106479681, 1.4718567448271704, 3.946498981454977, 2.4371237338641296, 5.005104204074311, 1.309663902938996, 3.526717709014353, 4.981496755526648, 3.2721719464786188, 1.448574242199799, 5.285351700174203, 3.7127719790826768, 2.5143599244887835, 6.099803982387218, 4.789758373313298, 1.6790243478921116, 18.763190549560232, 9.388967090412505, 6.958618183556074, 7.33817205330713, 6.535706345199145, 0.17625001532632184, 4.877466189829623, 0.18230695838650182, 11.148373371999469, 13.573618773399387, 14.287074823481955, 4.727112293921313, 10.58457695645849, 4.243656659291635, 15.65801948641779, 7.5896230492115055, 15.844541562384075, 5.171620913154, 16.66269713297299, 3.5947841634974704, 14.979900235440088, 3.2985921997050216, 13.475850452599367, 0.968849871282432, 12.88655692997235], [0.0, 0.0, 4.44937586898719, 0.024908951719998525, 2.9683946752445207, 7.245616887004292, 0.6159629530866998, 2.3912043687159263, 1.6496930236031695, 4.90737800257197, 0.997821237151136, 8.235981065229222, 0.9145707309167896, 5.784087078263397, 14.287891220599086, 24.855223784336847, 16.363678050986913, 18.60429513537025, 15.45009513432015, 16.78757356985897, 19.1715836042173, 20.164736641177683, 24.854373606394105, 25.394334182772244, 21.742029844923557, 9.564857373002972, 5.646399509972988, 3.06800012251264, 2.9554950394839157, 13.524554472363299, 1.4119465929630453, 4.364939012767265, 0.6735606450165799, 2.1856517435343714, 0.8025543025966247, 8.522128348069494, 1.0434515355354899, 4.359286940696491, 0.9948485841239465, 0.49559032315177265, 11.798411001602899, 22.532938499340663, 13.635026282823395, 15.944280436172146, 1.702593847702851, 7.272831688446492, 1.3198965149288195, 3.4964120468614976, 4.550730956383599, 1.1766295916138059, 14.689202217057847], [0.0, 0.0, 12.553463511440105, 0.8960856156652203, 0.290603308566516, 5.816890888099986, 9.329011828663544, 0.5442624193499062, 9.200084271649791, 0.47033921388721955, 8.99615928081717, 13.177242393111275, 15.69583354078497, 12.686301854023501, 16.44052449828278, 9.004964792621063, 2.2165352446355198, 2.7984005527574194, 3.556993257272506, 0.5318571825655622, 5.926237373659234, 2.842686221439243, 9.521174237268054, 34.9625458125544, 12.746933668139905, 17.499171890239168, 19.314205380591982, 12.35328065701369, 4.865681788736555, 15.596835090671078, 4.625265230778297, 1.053782869672519, 3.9645042857208472, 1.3090421860070809, 10.83296968443248, 8.146719547232783, 18.735252746501654, 13.104141897247468, 15.130704642427595, 6.477595064733156, 24.029288782019048, 11.561907301928365, 26.009129599930734, 0.9099014455823325, 6.127429198674826, 4.740167797029246, 6.704359114000893, 4.52378102432919, 15.171630358785134, 6.884512436771917, 15.854372739889525], [8.575696401069235e-06, 0.0, 0.021007020496989392, 6.924671979312804, 0.21673038239331824, 0.8450252824987711, 0.32380715042994207, 2.410260368044299, 7.758082068089127, 20.833530957338134, 20.881413662662695, 13.658594787238028, 27.546169741358405, 15.955266657373548, 25.469576550460644, 12.137978825968611, 26.192565439743607, 1.8017871987936123, 2.858473610531285, 2.5418603304344507, 3.601768503107703, 4.398715599124813, 4.9602257687225855, 3.705266977197795, 2.924714166700051, 2.519822412524142, 12.319198460107906, 8.754064214913306, 7.722273849706702, 4.509874401717084, 12.719259489660525, 11.217120150099761, 14.992577896524356, 6.693042677020845, 17.68869766804168, 8.300889906401, 26.955262351485015, 11.602335405628418, 35.82215887046725, 7.826220661532833, 38.48917916222868, 11.733193412857364, 39.75400817310884, 5.581481104962373, 39.40140462248367, 3.214428723654542, 35.91010008216718, 0.7506407991978951, 9.611452336713036, 15.514737644862777, 11.008048994663152], [0.0, 0.0, 3.011233952631484, 4.788020944580866, 27.84838782510917, 18.801763739407175, 14.65105654261325, 13.14703827441371, 32.84314535072961, 2.9403580797849376, 0.9131193757410622, 5.6731643295175695, 2.066835549189309, 6.610849699358244, 2.7264221541879414, 7.432313916557922, 1.747253469397744, 20.211269671366487, 17.868038426838158, 18.743104544198776, 22.10491840146793, 19.49345962103879, 27.847101822678894, 2.6436367834720844, 0.882896895528528, 4.235391068099785, 11.544466253341785, 19.693828971855233, 26.53703604342186, 28.93599270356826, 26.148575525605967, 12.423321339267414, 1.7128502650223374, 5.3862965923508375, 2.8295944486723767, 18.859590806903224, 12.526472652925364, 11.432342402207725, 7.3861626352937515, 18.707936597645975, 24.43115609634404, 18.105181621686004, 27.46975091299669, 10.573093288659452, 28.684325838781792, 7.811040575195799, 3.34284066652081, 8.154605395403113, 6.408702639869809, 8.803873608812863, 4.963763848325576], [0.0, 0.0, 12.479247753308645, 2.8616046914349047, 5.669593277400412, 0.8210496180025743, 9.584655041140405, 8.006459989074944, 9.430271392401448, 12.70245590880337, 11.461565850271986, 15.208677100678877, 27.081589344441653, 10.135020146391856, 28.656430832794094, 4.916166908665327, 29.651443380337515, 1.8976808598376076, 5.77424647738717, 9.886165241499794, 10.58062207199622, 15.181345290971054, 16.416855968859092, 13.572423730613199, 16.039917291779005, 12.712141387978118, 20.17375941503715, 3.3398001554355585, 7.207684946067667, 8.887072584586337, 15.632616404732039, 13.682900710465722, 9.815337448331395, 4.660078781827141, 24.724797934495086, 8.19517960120889, 33.632998758843364, 11.020352037341867, 38.61090830624628, 9.687628247094095, 47.01791019476678, 5.4615157348629815, 45.5524719124509, 7.181880241613468, 44.38225345274135, 6.513993003489885, 36.936432046958174, 7.915137790113186, 33.56420997931751, 9.339927870497247, 29.980205937068952], [0.0, 0.0, 4.586837529503383, 0.08286123588950861, 0.7048637038447448, 4.26587358258031, 0.10597047361117795, 0.030564431816324872, 0.7860132244961288, 0.4974492881140485, 1.8318376089416504, 2.246867511606054, 8.08979517216783, 3.2258010118578984, 6.673252898072974, 1.2037355511865218, 11.774164021070678, 13.226141373534627, 10.752622708299725, 15.156233764633036, 16.011922463712708, 9.425211284078518, 20.444520483207885, 13.999194775460925, 16.28638917191255, 12.834493434286085, 16.791238826672313, 4.019705346888713, 14.596790631961104, 13.414809822516922, 12.819516252360263, 5.495067671919223, 9.32074567301934, 7.689265362269015, 17.233296712165444, 3.3728577916136584, 14.2151588042908, 10.744292441025443, 19.552739025921507, 8.377276614680103, 19.579292574941157, 14.318241591881282, 18.925469971631713, 6.836857003960774, 0.8429214385420983, 6.332626030414137, 0.8330001039898381, 4.266487901655362, 