{"initial_violation": [], "initial_duration": 34.79080653190613, "subsequent_violation": [[], [], [], [], [], [], [], [], []], "subsequent_comparison": [[0.0, 0.0, 7.7307965575505495, 7.630177909340579, 8.619187575771038, 8.103287579395522, 6.029480818095504, 3.1690628776235066, 3.7141164357770893, 1.2066382189543232, 1.2025911096505237, 1.0333912931579312, 1.934513408094122, 0.70554830653549, 2.9448757852705247, 4.279163491773877, 11.847719473619176, 4.536469458899012, 9.312166864215737, 4.40487554486451, 8.652328428007474, 3.722598403859608, 6.229823508730851, 2.711363134492031, 4.267242421015465, 3.2072630562673465, 5.631105916413234, 1.91236706369512, 3.3986821202766953, 1.9550437534882488, 2.3802340690427095, 1.625014293650244, 2.39244165212613, 1.025405764270542, 1.2947766960928113, 0.840850811722968, 1.2789636430429532, 0.7847084744353983, 0.7954609592035542, 0.2627734320811043, 0.831405387270993, 0.1763416257047447, 0.45124467161076587, 0.098342880028537, 0.4774407504990759, 0.11181029061784664, 0.3854190098278745, 0.13743628501774083, 0.09294623742725631, 0.17514550577201915, 0.09294619413124053, 0.07419061762888249, 0.03547651358150152], [0.0, 0.0, 7.784520528616307, 2.1241692161300523, 8.853991018907648, 11.661717064971773, 5.910561736972175, 5.544432032572403, 3.0848889824203507, 5.6500312265517145, 0.9244878554532496, 3.5862567768058184, 2.2765626336306357, 2.9081162861937626, 2.0091463548458446, 1.9989128588643081, 1.8115013372117976, 4.102072970755061, 10.887967134470935, 3.465519219281799, 8.607418421862594, 2.717245332679999, 6.13555106613385, 2.2937793763788776, 4.2336798126231425, 2.4174367397320418, 4.650417294734031, 1.0468348885342766, 2.7677820193393368, 1.1162252760866815, 1.8262511111596165, 0.9144656212788222, 1.3086087866847025, 0.8961018554313438, 1.1123598754571353, 0.9750269796011642, 1.1729055460709583, 0.2510306102090343, 0.8219718833713149, 0.4862305979865646, 1.021801308268084, 0.48782038717405046, 0.45789198382347257, 0.33916807529448145, 0.45034109621611373, 0.3782592918282311, 0.4066866821473843, 0.34346206231483845, 0.05501502255307504, 0.10832631209985231, 0.07872853201532443, 0.08841292711985813, 0.16949318667625562], [0.0, 0.0, 3.2887603495970334, 2.431484270982032, 32.04469497228531, 19.14021740522126, 34.45822886422413, 6.501613980864988, 31.764663240763877, 4.913591218181112, 25.613236130777654, 19.505125323317394, 21.05112576868908, 16.315131351736568, 15.741416082860384, 13.483511045775392, 25.21852802992968, 8.81120913161194, 22.23840828115518, 7.2720096667382315, 18.837216928256357, 5.178024894024356, 14.596212767648368, 4.209119355380465, 12.181747383387645, 3.118094255804442, 4.49684223272856, 5.883564626656071, 3.0819971236466275, 3.7290771110669216, 1.9741224275485754, 3.046404715752397, 1.8730245904792773, 2.8014365577008467, 1.4275368002153586, 2.7661229646110344, 1.1635215201425084, 2.2512814483810444, 1.0067990431931724, 1.7454250057858947, 1.0010711411841626, 1.317311732034894, 1.34791492891679, 0.4020645461844242, 1.033627117175256, 0.38541529810960357, 0.33891091597401257, 0.8605067644708437, 0.12618216627358114, 0.2870983534417518, 0.41443783178697713, 0.19691067729979453, 0.029776372446134906], [0.0, 0.0, 7.8102241795637415, 7.687526331493233, 8.547815459473119, 7.873755362353884, 7.490937390108496, 17.088866199861787, 9.295386744178147, 4.323729187460175, 6.353511005094148, 3.2576826015456457, 4.036599469869477, 3.3908053754074583, 2.710491584216046, 1.6007154985108503, 0.19339599579446667, 1.4949447644144906, 0.19125716566555723, 2.3055741988421836, 11.583791587666651, 2.301734799366232, 8.344523165778009, 1.4757710785388747, 6.328892060506594, 1.1992362670602201, 0.8339023601615017, 0.48706743395446744, 0.9377130800428081, 0.47171474187756574, 1.0586786517081348, 0.8642092612135112, 1.1419803331522802, 1.2584225872695132, 0.8627526852536256, 1.3148200666511765, 1.509154283686069, 0.28597115297941283, 0.8700556671488668, 0.38096601882612513, 1.2943355887422685, 0.4089812786553826, 0.8904744404668523, 0.49584716816189617, 0.4278280292088159, 0.4640413864496224, 0.5951396377947257, 0.33260957218532583, 0.3684678543716954, 0.4183810063180795, 0.12690009227889354, 0.3382467139127814, 0.3975796933904485], [0.0, 0.0, 7.487690425702418, 0.6313860806303754, 8.064048099631341, 7.926236760327803, 0.4679130686212138, 2.2157065237069036, 2.405070795683577, 2.9337325886839096, 18.567553567875688, 10.521598294420299, 14.912454170626505, 11.600687255584427, 8.27435954145955, 11.150298640685373, 0.7610570652074774, 2.809186810250234, 0.5774544308345143, 2.7228969668412275, 1.6900048369316154, 1.9373670861869159, 2.590312256384239, 1.1323289137954204, 2.94256243361929, 1.0835600764374453, 1.1528092897818905, 0.6051784742983094, 1.421096554623542, 0.6604197562194412, 1.3619576701734273, 0.6268487215625435, 0.8757312338851436, 1.1945711720305918, 0.8800453699757311, 1.567505450380041, 0.13273319077764859, 1.008111644870082, 0.9317330993821813, 0.3859210682641697, 1.115859410464718, 0.14232221769399145, 0.6252907713335044, 0.1252122120047136, 0.5353453806838891, 0.2054740953542838, 0.37766855025337215, 0.438974139116517, 0.017400155670688307, 0.33375064988318787, 0.0214803942989723, 0.14565891591550306, 0.05632744866935909], [0.0, 0.0, 11.868300137711149, 25.49367369361854, 8.254361448120981, 15.216386097256516, 12.728419302119514, 17.626967912512427, 9.623883994704332, 13.35773564019947, 9.671374661205615, 12.721530230330293, 8.186053732853559, 12.411934441076204, 6.371599686748551, 4.3365186803788145, 1.9849631196772284, 9.806697442127223, 5.8162198109828, 8.382531576296534, 1.3273980622474457, 3.812325880658791, 4.824886194823143, 5.476576527046809, 4.3253330218211, 5.210665635824787, 6.2814759213296645, 0.6812847803522756, 1.0916445038721219, 1.1326932222352688, 0.3897344238311812, 1.604257397742745, 2.0889308047785917, 1.4440511545696968, 1.40359609513435, 0.6574880685998384, 1.2043624913844198, 0.9273059444638804, 0.9984204704599632, 0.28541655258962295, 0.23139419375818313, 0.745190457911613, 0.13311693712654515, 0.45493877585733006, 0.40685418412606733, 0.42318309413471833, 0.09110852859449245, 0.3141458632377192, 0.06878413152689114, 0.19054024748467832, 0.05200044536669098, 0.19054068818307976, 0.05200062042180747], [0.0, 0.0, 7.530111376472732, 0.4884431679457582, 8.75536896527832, 7.762315266829576, 22.446193283518596, 7.47060516590016, 16.35749180873277, 7.084073697887364, 15.860049852453699, 6.530738014939825, 12.488846903107586, 4.252353957828349, 11.165545821185868, 3.172263958877785, 9.774915604479741, 3.239703259429001, 10.509205161595794, 1.8192933732596774, 8.494978791084915, 0.5334336252926862, 7.7584689596929515, 1.4272395800601536, 7.21485217671732, 2.2934429822954803, 3.514807150117312, 3.7192277420995064, 3.237992814883265, 0.34458609983127153, 2.9153434248072756, 0.19308629642381928, 2.8242065083242016, 1.1277291960328855, 1.3414160533828894, 1.3653116002220484, 1.1749280830944917, 1.5933760248547766, 0.9885197674734834, 0.5765357159588191, 1.2660344993491137, 0.9664797240925889, 0.9360385060492676, 0.6730958758847038, 0.4546218196364237, 0.5355341933246873, 0.5653887443422488, 0.378861343819869, 0.3692905681406118, 0.424876818118613, 0.16262695622938916, 0.33644608382518504, 0.37598250424538493], [0.0, 0.0, 5.36910674026524, 17.71150253626217, 23.388544183612524, 9.889528255302453, 22.089169115579494, 7.28380302316475, 0.8642620605459269, 2.338067447468269, 0.7041460876712156, 0.6767480009985616, 2.2553451312399413, 2.411939947285633, 3.008412470872417, 3.8128449010723524, 3.2323931174267413, 4.485788623914775, 7.0289271807361136, 4.5786481432912085, 7.450043815876492, 2.8454799207469503, 7.490938844271235, 0.5863517132597468, 0.9551089146795154, 0.9892117147391466, 2.7583055013189988, 2.427816404967744, 2.1365944807083777, 1.6205572728587665, 2.097791228200741, 0.9946598216460348, 2.0677979530268447, 0.2874580021726221, 1.84989458809545, 0.9317854516476939, 0.2771707601046975, 