{"initial_violation": [], "initial_duration": 34.47043704986572, "subsequent_violation": [[], [], [], [], [], [], [], [], []], "subsequent_comparison": [[0.0, 0.0, 7.647068648709389, 7.3256091066732365, 4.0819790849831605, 11.859758835942763, 26.229227414830657, 13.689133705625181, 4.690400249856438, 0.47687515311376794, 2.9355541157285403, 3.936377641727191, 1.8405260200314009, 3.6691663065923508, 3.207008035476545, 3.3303284679204297, 1.974517265987617, 3.9329908716157163, 1.7204724938050542, 4.354895183587122, 1.3951007706281535, 3.9486741179858416, 0.8853405468252856, 4.1970098147146215, 1.8756951671305584, 3.4738794408940294, 1.684806099585471, 3.2821191564038155, 1.3424124418567978, 2.188311024528655, 1.023056777838683, 1.460950545244063, 1.2123552383165999, 1.5209742309171386, 1.0645502849653716, 1.125549942515786, 0.9132379581397896, 0.9419456603112911, 0.7942346416549089, 0.5926606572124278, 0.5606960552168402, 0.7500431070109798, 0.3688992575545911, 0.4164995571591472, 0.22169401587513432, 0.13304580029624194, 0.4233771907175317, 0.056553007741801074, 0.0661665631242679, 0.20406002735544537, 0.09674224083608422, 0.19551865515369804, 0.04010137709302093, 0.19551773460855218, 0.023861032438788548], [0.0, 0.0, 7.850856123611285, 0.6079929120627455, 8.454706238180925, 0.025121845144546115, 2.960883090973623, 1.327315527255074, 1.1895445404062865, 6.67151070028363, 0.9830924040309291, 6.373006160698322, 1.745015109989482, 6.062684680387413, 10.676762657410274, 11.642588160150396, 8.49924127526155, 9.127871246665627, 8.302574475391953, 7.899152402658507, 7.710809782439256, 5.301762821183153, 6.550974486823145, 3.3701539744771405, 5.879905809129684, 2.614312271844275, 6.208331077019847, 2.037687443677671, 4.727214401117471, 1.440781147894829, 3.6864159520491286, 1.3309706295222834, 3.074268448907304, 0.8829872837782953, 2.5779025636415205, 0.22464307844304263, 0.17765339032166352, 0.12335279035981438, 0.1924166703882852, 0.0644597619643463, 0.19207023916795918, 0.23287201002834848, 0.17720845680922437, 0.19596402447162595, 0.09774783163784198, 0.21020479170909873, 0.17987431398136705, 0.1461152573948137, 0.17234621524236396, 0.45303585938744445, 0.17234583849962892, 0.10820312094314663, 0.1723457656517224, 0.04265165004872152, 0.1723623181384455], [0.0, 0.0, 7.7587286727017855, 7.311675881518034, 8.712601864037662, 16.247168047343713, 25.92622998453468, 13.972213626889383, 5.829416928092286, 0.7720502692814931, 4.869390920523549, 3.091692133080552, 4.260143997760711, 2.701360759989382, 4.259691586392807, 3.7460662420467954, 2.8567279924166593, 4.419835964171808, 1.7899312331599389, 5.587926790622387, 1.4034666399111608, 5.456865585096559, 0.9237013247799618, 5.059449755674526, 0.6002482986348764, 5.448063049263006, 0.7987998723417506, 6.354205160179791, 6.25450558235969, 3.0091489078468685, 4.999310739936604, 2.4330935384661534, 3.8989285178570268, 1.8994148743474772, 3.1960188153354943, 1.2231905907010197, 2.374929038327721, 1.241602011158408, 1.801160144547212, 0.8297554712206882, 1.1290333009574687, 0.8907538136927334, 0.7565342734164053, 0.4393895352071662, 0.48830441015145654, 0.4480685048960657, 0.43696056351398077, 0.3716641996346607, 0.22935606880135873, 0.08848207723499396, 0.03206685445348917, 0.03846348372073426, 0.09529902145985848, 0.024979275610568147, 0.10512167915971155], [0.0, 0.0, 0.45070940494682643, 0.061907933812378954, 0.23189895175868191, 0.6347584334922859, 0.04434767414268153, 0.4362474291727789, 4.3706953291998305, 6.428104556257306, 4.240739817240534, 5.78902140522885, 4.494029711459028, 6.250269568877537, 2.3404985474052147, 4.484855660197624, 2.6275861070472604, 6.256340369849582, 2.342751143858091, 4.933082751026764, 2.231019712799384, 6.2432956958045915, 6.195693579960651, 4.531466008742128, 5.2478043311056455, 3.831054254227319, 5.02385024895099, 3.0233026394791094, 3.21904436701893, 2.3508784237565465, 2.8467788481655414, 2.0289213787959177, 2.5478879386955824, 1.6392735262917262, 1.7720642088929472, 1.060409988335086, 1.4234908237210715, 1.2207635058595956, 1.1195460121814442, 0.7872974088727714, 0.8841234492929907, 0.8517832278723066, 0.7838789934911771, 0.33453415757331434, 0.41627466718067824, 0.3092015305057899, 0.4347294339573728, 0.3919326605697164, 0.086789944471718, 0.3255794183379521, 0.08614253793444664, 0.15350898338750957, 0.0867886838407552, 0.21675205708187603, 0.08677212868123982], [0.0, 0.0, 0.44770745022711883, 0.06186087670802542, 4.922879774889206, 7.66355906665988, 0.029281181396576123, 18.404162712287345, 17.386206921444117, 15.024497633764593, 16.666492270866726, 13.678381488450869, 14.818186317473744, 13.70707736402857, 13.349200736756334, 13.000243149951517, 12.974297382605771, 8.617700567793749, 13.74882208196558, 8.225301813962052, 11.093103835109659, 5.357342116390354, 10.05949822096535, 4.122930172219036, 1.4662134729480232, 1.228926034608744, 0.5458101185702894, 1.7154705067208647, 0.1937107884947828, 1.855270780578346, 0.5067476918430358, 2.0246293659545262, 2.97329137554783, 2.0640875730328516, 2.67235845147988, 1.1384262589694887, 2.315563314919784, 1.062679151165043, 1.8074957924978758, 0.8732846808238152, 0.2711078507791996, 0.7547157430103986, 0.2094146850892862, 0.2491530813559034, 0.15925730947114325, 0.2986660273047946, 0.49540982882433526, 0.13244919467864363, 0.12193261046844785, 0.22147075238444242, 0.06622390179792406, 0.0466857415106518, 0.020040501309432225, 0.10992756396101466, 0.02005704980552077], [0.0, 0.0, 4.876962561387411, 0.6013309046894638, 3.3654820109532455, 0.2719101804334456, 7.873096718113149, 18.382197382137885, 11.321186383785882, 14.092311627032425, 12.98405024107598, 12.442912740379237, 11.19974541680701, 11.09513818527271, 10.271145924511504, 12.632752277106924, 8.876943566641577, 7.714508100399832, 8.314312227007512, 5.301353136935221, 8.195513499248085, 0.2795711625942453, 0.24103747319965138, 1.050847034361274, 1.732644830475344, 1.1274455468801399, 2.537541757320731, 1.290152363036311, 2.394334461432245, 2.0719703855775946, 1.9342114630777056, 1.6589335370316278, 1.7207933685683023, 1.209195066484404, 1.3615766346390052, 0.6721430944085405, 0.612370076239225, 0.5522462798155319, 0.775609907380415, 0.2616243679513493, 0.31753629912552156, 0.8526264317207022, 0.22410549161569354, 0.3193888623168496, 0.17459531245431878, 0.29819395989393854, 0.45132140788228653, 0.3962872228399005, 0.04440611795213299, 0.3119846673271741, 0.04440573455577665, 0.13966625692299656, 0.07296525514464994, 0.17437807230656968, 0.07296466609110594], [0.0, 0.0, 4.881494560497776, 0.5681539274728494, 3.3868415729866785, 0.028503351807243886, 14.442692467753702, 3.948909677614404, 11.524836668156489, 12.588840750179646, 12.447863643629065, 10.67757689536755, 11.775593841635077, 9.515162610393066, 11.585388689902189, 7.294314021418993, 10.766660647777952, 3.473682950244373, 1.179663539858733, 0.9007421584867987, 2.1888634491074015, 0.8699582668855849, 2.6583670425245343, 2.331014886825721, 3.4672922117625964, 2.677532911366662, 4.425538828849678, 1.7002122581026633, 3.3453282371426742, 1.0913109791088738, 3.190446843156278, 1.0876517347836243, 2.685875965673682, 1.1020694341989055, 2.273363432029216, 0.49438947403071665, 0.5694889155030824, 0.8241914306962268, 0.7618041174920617, 0.34992448253212083, 0.8223190351248907, 0.9385026484745282, 0.737525330701512, 0.46814788833439763, 0.38063551767496046, 0.3764596496089399, 0.44927907320897537, 0.398990137463422, 0.1431946974515443, 0.03635732697181057, 0.14319364320883216, 0.043743535824198355, 0.14319253925114445, 0.27317308443595256, 0.143191436811193], [0.3005096265193894, 0.0, 0.5350490826453403, 7.346655279833967, 0.4256383360471144, 8.012444478943602, 25.597317679630166, 9.426097077448125, 1.7290346092670084, 4.124665421684203, 0.7164134946720392, 3.3991114741351196, 1.46105230380504, 3.583972467348113, 2.422340540108687, 3.0700484385468383, 2.708510130532577, 2.5431493410870387, 1.5532548504980253, 0.9158201084959405, 