{"initial_violation": [], "initial_duration": 34.430437088012695, "subsequent_violation": [[], [], [], [], [], [], [], [], []], "subsequent_comparison": [[6.889233753402544e-06, 0.0, 0.10523479597437625, 0.6131791565778655, 0.060804314651306444, 1.0429016746788153, 0.4963228854033746, 2.0721750315051444, 1.074889971439685, 2.1867827371548363, 1.3819548366480199, 1.9870760105961507, 1.4655989898567972, 1.9974828814785222, 1.217787504089426, 0.8248256757647224, 0.9611797287890331, 1.0672958840381472, 0.9439180476861218, 1.2323666499288315, 1.8901103088624096, 0.7527320580544127, 1.4934787433227936, 0.4890487927270309, 1.5666501322625708, 0.13993761758271583, 1.0202877486864301, 0.5317969327448543, 0.6455140522918408, 0.08378950134602295, 0.3981137086487957, 0.4566640927548344, 0.03609993900620275, 0.33612405080830765, 0.03610050678834871, 0.02728704841382342, 0.06363178712892388, 0.027286947215563177, 0.04706810446514146, 0.027286845540977836, 0.01647330020286107, 0.0272867442147416, 0.016473146644514183, 0.02728664254016334, 0.0361024151253232, 0.0794594245378255, 0.03610298303897105, 0.07945973579637576, 0.0361035509526644, 0.07946004708667086, 0.03610411873511104, 0.07946035834522422, 0.03610468664889706, 0.07946067037766594, 0.03610525515850039, 0.07946098163622224, 0.036105823536865485, 0.07946129289478022, 0.03610639145079277, 0.079461604185082, 0.03610695959701218, 0.07946191544364309, 0.03610752810681038, 0.07946222670220585, 0.0361080962531273, 0.07946253834771243, 0.03610866403596315, 0.027286352623288], [0.0, 0.0, 0.31477503949097474, 0.5765855543232751, 4.1729614811991596, 5.531516997994186, 4.219432579914738, 3.8944485766493866, 6.539370572610581, 0.5888664400392131, 0.09812994726621375, 0.7843491524934099, 0.663483578962781, 0.12798354580027907, 0.7898821464686655, 0.411745039131672, 0.6651838019073015, 0.3656958592072001, 0.7667079625292584, 0.04325178597115422, 0.6804491111826236, 0.27780900746937254, 0.9222310469478522, 0.504231685675591, 0.637708441749447, 0.11347699401660266, 0.39476017695295096, 0.07223452733556239, 0.05372337929812177, 0.0812241806507662, 0.08031871271632654, 0.10272751330442004, 0.01717231136293515, 0.10272722204555475, 0.01717265242748566, 0.10272773769399753, 0.017172994059115976, 0.10272825406669757, 0.01717333532501168, 0.10272877007161306, 0.01717367659100116, 0.10272928607652984, 0.017174017857084424, 0.1027298020814479, 0.017174359489089377, 0.10273031844283766, 0.017174700755360078, 0.10273083444775825, 0.01717504202172454, 0.10273135046399443, 0.017175383251758637, 0.10273186646891741, 0.017175724884145066, 0.04615717544916962, 0.03960215774792852, 0.046157298895675596, 0.039602206219850035, 0.046157422342182355, 0.03960225469177186, 0.04615754543453312, 0.03960230357783329, 0.046157668881041385, 0.03960235128233774, 0.04615779232755042, 0.03960239975426047, 0.04615791653017702, 0.039602448226183494, 0.10273599341631007], [0.0, 0.0, 0.012831720821961132, 0.45661561096510916, 0.7939816551436341, 0.32715439542324704, 0.08970932615021945, 0.046077353160369504, 0.24920206121509794, 0.08200245202412271, 0.3346938528952502, 0.005218779195170946, 0.7918009152778314, 0.2718245106219398, 1.1511040486685324, 0.8289743139620305, 0.7117727940696709, 0.8788159633286466, 0.9119865917998767, 0.666120831406886, 0.7019242529970254, 1.028719448500534, 0.9737590774956254, 0.21927546859242045, 0.5495177812595301, 0.24924027940933277, 0.3630314558184506, 0.15061273257821922, 0.38627921141099036, 0.4571218251952032, 0.42407905904833776, 0.3481988622728288, 0.20317805722722526, 0.1423848252323041, 0.09239748023240749, 0.20888408852054388, 0.15804788931019792, 0.2128047003004804, 0.094811722882106, 0.21279338202976017, 0.09481270605000504, 0.21279400920075173, 0.09481368921790759, 0.21279463568759927, 0.09481467341417794, 0.2127952624995368, 0.09481565658208783, 0.2127958896705289, 0.09481664041839367, 0.03169446634087944, 0.27595769949662347, 0.03169498187440823, 0.27595879355382535, 0.03169549740796816, 0.27595988862624027, 0.03169601318959156, 0.27596098333977603, 0.03169652897124904, 0.27596207772514514, 0.031697044867782916, 0.2759631717823475, 0.031697560649506996, 0.2759642664958839, 0.03169807618322689, 0.09482451280574906, 0.21280153089063444, 0.0948254963336694, 0.03169910725076008], [0.0, 0.0, 0.5639476562979596, 0.16408299476148205, 1.1229837907121092, 0.4954074038864982, 1.2853511112204505, 0.6826766455752109, 0.5431039537030953, 0.19094129407758792, 0.3948553787599464, 0.9256342255765853, 0.3981174092663295, 0.7436934359693871, 0.8831477127475509, 0.9575602100797039, 0.49113181384646565, 1.1909493059834608, 0.6512009297434402, 0.6646762012885655, 0.9292787530067854, 0.11741677033874794, 1.0215006983172017, 0.23956353432158378, 0.68859985187311, 0.19759865986981637, 0.4634043385837344, 0.1380650980587041, 0.3344198944447775, 0.3802263481423552, 0.12007415501900438, 0.3413658659668845, 0.009001351604265989, 0.05440346240327178, 0.10516929174563412, 0.11763149022068652, 0.16774528250814952, 0.1176321009030113, 0.10450930931461584, 0.11763271194213672, 0.10450936860631228, 0.11763332298126314, 0.10450942789800877, 0.11763393402039062, 0.104509487549654, 0.11763454505951905, 0.10450954684135048, 0.11763515573600751, 0.10450960649299573, 0.11763576678097938, 0.10450966609355217, 0.11763637710067046, 0.10450972538524868, 0.11763698850244372, 0.1045097849858052, 0.11763759917893674, 0.10450984458636174, 0.11763821021807139, 0.10450990387805831, 0.11763882054360765, 0.10450996316975485, 0.11763943122010426, 0.10451002313026024, 0.11764004225924206, 0.10451008242195683, 0.11764065329838092, 0.10451014171365343, 0.11764126433752077], [0.0, 0.0, 0.5426124773425305, 0.1519079920075291, 0.6392819590322983, 0.016635307329888258, 1.0799193621656178, 0.15714456278149358, 3.6132974152238586, 4.484302026664448, 2.46872333983995, 3.626279971766742, 2.1526039741360945, 3.0558614743172314, 1.798071375763814, 2.551819893656958, 1.489559797887055, 1.8175522861680817, 1.3185583804247545, 1.0879387501955675, 1.0107747699492153, 0.7007895421868511, 0.996623422827796, 0.5997123450546165, 0.569619118620327, 0.2923572579963391, 0.3660200352080802, 0.42352466005322026, 0.41323044442706824, 0.27518602778489243, 0.11986899298957221, 0.07644828552032508, 0.18145002367109106, 0.13969205154423997, 0.11820640830958608, 0.1396923797622254, 0.11820651009874564, 0.13969270696085473, 0.11820661152901933, 0.13969303448978362, 0.11820671295929308, 0.13969336201871252, 0.11820681438956682, 0.13969368954764141, 0.11820691617872639, 0.13969401707657034, 0.11820701760900013, 0.13969434460549932, 0.11820711903927389, 0.1396946721628858, 0.11820722011066187, 0.13969499969181476, 0.11820732157176678, 0.13969532724920125, 0.11820742300204055, 0.13969565513688736, 0.11820752443231433, 0.13969598302457348, 0.11820762553453344, 0.13969631091225962, 0.11820772696480725, 0.1396966387999458, 0.11820782875396683, 0.05504495121782072, 0.20286400181376021, 0.0550445847909131, 0.2028647969106213, 0.13969762210424724], [0.0, 0.0, 0.5518130113484955, 0.5729392512807093, 0.8547511728895895, 1.0320612203131418, 1.1481529374263935, 1.161306036411943, 1.1695285070006731, 1.246168968013602, 0.8690427948267214, 0.7628047475106419, 2.865307337120742, 3.6810307992470372, 2.418810974030432, 2.6967459247774785, 2.2546272007812824, 1.9853893321712806, 2.0170979761837815, 0.6902773801990667, 0.4967633531186651, 0.15970107924983198, 0.4223323937363211, 0.3415579171054304, 0.6881597374486712, 0.17905685431417087, 0.4231793231641381, 0.17974743756173273, 0.10168281680704876, 0.4427555643920285, 0.009610051901682895, 0.17259463270426348, 0.05384744773215872, 0.004700019229509471, 0.053847595508669875, 0.06760757645356515, 0.0538477425750251, 0.067607886022452, 0.0538478903515373, 0.06760819556932265, 0.05384803812805002, 0.06760850438255127, 0.053848185904563264, 0.0676088135736113, 0.053848333325998775, 0.06760912312048574, 0.053848481491248316, 0.06760943231154815, 0.05384862855760644, 