{"initial_violation": ["acceleration", "destination"], "initial_duration": 34.71914601325989, "subsequent_violation": [["acceleration", "destination"], ["acceleration", "destination"], ["acceleration", "destination"], ["acceleration", "destination"], ["acceleration", "destination"], ["destination"], ["acceleration", "destination"], ["acceleration", "destination"], ["acceleration", "destination"]], "subsequent_comparison": [[4.102355021291888e-05, 0.0, 6.881377881402377, 1.6094593403501911, 4.098221156882869, 15.217550346271608, 12.33530647971726, 3.7727834779231233, 11.307334730361323, 9.977811801230079, 5.138649339497093, 3.85331854591168, 11.523802307301379, 7.557218530838437, 38.31126929754545, 6.800502869971519, 32.12379761756565, 10.32651969613671, 27.317488057246983, 13.730241872466461, 27.241735322895668, 15.054826811141062, 23.319317699848273, 18.240787748762187, 10.799599052378237, 5.384951942642377, 6.42702781656194, 3.5093583719725654, 3.814892412205087, 7.287083498190113, 3.1220921067561713, 21.038671778384714, 18.4807625507315, 22.02825875346544, 22.257232092381535, 22.39185434644215, 21.020640554166505, 14.878057443787615, 29.318272380404423, 21.841991884559107, 28.267212764583412, 17.783579393191797, 30.23873628658915, 15.332275736430294, 30.119026070291667, 13.094266690917847, 29.333174329301375, 38.840146016828356, 32.33805882904937, 48.55624002986204, 38.94572583324269, 28.001403014478775, 15.961520485472425, 7.122766378499792, 35.65962604901784, 7.642060737337564, 27.05761972430037, 24.996616682674674, 26.257528473207852, 14.92760302093199, 23.219197378731486, 15.441250958324467, 24.789915362001008, 21.800734661770903], [0.0, 0.0, 4.322259563773487, 6.230560982646704, 4.461863998695897, 15.175454030882822, 0.34799705605552755, 6.731719593218799, 2.75141183870574, 14.592007108540432, 41.69882633376437, 9.783684077134684, 35.94499895726411, 18.88565419351353, 28.308498123674593, 22.707764225792445, 6.582336462877781, 5.6149984141762905, 2.09366800095568, 4.308934545876782, 1.194878572917005, 14.567498313887794, 28.96844985667562, 20.696209050795375, 23.200107801962044, 21.689977070734837, 5.1478484932139965, 0.7191221298128933, 1.6541202633584522, 3.292422139236558, 24.16164800017133, 14.80745610417443, 20.372883494761197, 17.313189153145835, 17.758698824202025, 20.674179529925386, 4.758100457265448, 2.057810124821679, 3.682598165859307, 5.42516662319431, 4.591503676309602, 7.5908460600789605, 15.357176768177554, 15.097191012795495, 12.72618812162163, 16.479191110866964, 30.51082533360624, 31.037268850028145, 38.808652011589515, 37.32747252822219, 41.580341763699856, 15.458061629135607, 18.393689953019145, 13.366443345639869, 17.443729676395463, 14.187550892936818, 13.178539126749108, 13.565974194973988, 16.53144368302833, 12.402888514598878, 14.740328460462235, 8.647425447968379, 15.403012805373242, 11.455374868880163], [0.04314992640331511, 0.0, 4.263098488785608, 0.09363907976712954, 3.8375252013469967, 4.525337543990395, 24.67887097501709, 13.701124824257086, 32.193549568592005, 14.9748227401801, 38.520950352952404, 24.42662831292116, 32.234233481727074, 22.641794853037737, 2.5664916759678857, 13.94338118691421, 1.2349773265553181, 6.948654791428765, 5.4282466686136415, 19.857418502499645, 33.96019669290288, 20.884183339474255, 29.247026882760096, 26.256515843402976, 27.833762534646596, 27.806946305522647, 1.310375932145682, 7.571644461020059, 2.8448228495623944, 5.072960014591639, 6.68487586203487, 5.751674019785525, 6.792273969498485, 15.43537139815237, 31.3215639370291, 20.06359247377162, 25.229224242637304, 17.0071394111351, 30.67550763334329, 21.120986955665366, 2.4438176220342664, 20.561185974319898, 0.9497308305437683, 16.836809582574496, 2.7417058698850867, 32.44517560333552, 29.633396165992046, 29.733853678539937, 55.5754009963253, 34.06589533877143, 59.51447505666034, 7.51920472110841, 36.707996519226846, 29.457222624997705, 16.59896335243959, 32.12814132782394, 17.979700676406285, 7.489347222612937, 11.94207504645199, 17.158184886774272, 24.36318749877102, 16.892607367332033, 25.600172889852274, 21.970960617962614], [0.0, 0.0, 0.13431599440454375, 1.8505786468072467, 19.60377048485604, 14.010381219044772, 6.868697315241188, 3.932693324059814, 2.68595182021054, 14.985538547834556, 2.734343415321209, 1.387193521874035, 0.7555945307343545, 8.981564242971666, 29.24624152870627, 16.30297196820945, 23.491128717743155, 19.33634832257178, 9.81534792771034, 3.873917315549946, 8.19275279494819, 0.9713635177012301, 1.1367684947924894, 12.633316250864636, 25.80281324200041, 15.085034318463823, 18.679782415798122, 16.347655368340302, 21.346075823458328, 8.04823518395002, 8.015191494930045, 4.320072246935709, 4.73818962374414, 0.8773469058436968, 5.099529106478771, 2.1979722163009914, 23.22395042679206, 7.3230812985066125, 14.293627413343394, 18.315162739764595, 15.404467142758842, 18.04850981320061, 16.562753928139042, 5.74609992402857, 3.465704150405589, 3.2972360510424235, 2.8654645913179713, 32.34802564536555, 32.71445861617442, 38.27426355574164, 37.432209047256556, 16.127852566097577, 11.886061853465542, 15.726007497524845, 23.96566053321323, 6.180919295396128, 11.96069431831485, 6.089288030523603, 17.06797975810015, 4.249748228680672, 10.794424789094917, 10.069437185369324, 9.61412383482202, 3.645259924484799], [0.0, 0.0, 4.302578140661949, 0.5014664028280071, 3.263562396767853, 7.3246351346185214, 17.937709793483304, 13.35462257973462, 22.374396535572558, 15.634358704841468, 20.21830187522392, 26.147749184755675, 26.72586364225445, 17.197355037426473, 4.794566079653127, 6.733738305559479, 2.3281197096078055, 2.763540748580659, 0.37659131744939717, 14.067511429019286, 29.049933007041137, 14.832283158453187, 24.97593807306103, 15.558672867813625, 23.021350424842293, 8.642232618808254, 9.084192494208091, 1.2499389502574487, 8.144372045898395, 2.86776717608766, 3.2075021980376652, 0.056958633905642084, 3.1217844490952342, 3.9550646171012653, 23.69358022801652, 12.044229483600171, 14.265925693852289, 12.898070116544051, 9.563229606635659, 0.2757570014999198, 4.541444296758718, 0.5555477183648649, 5.106658141040944, 3.5856712907214012, 3.7988071619633557, 1.718406696787909, 27.874217538080682, 35.70576423098707, 43.91993493047257, 35.143091578764945, 42.845968638303646, 10.467725898032148, 20.880112961602503, 13.272603015215457, 15.108425264490865, 12.274422598701756, 13.681282912954343, 11.345851615108982, 11.880123711153345, 13.04327015962615, 12.875746265509843, 8.181751209574278, 13.087310785788047, 8.688029811302014], [0.0, 0.0, 4.383177894811313, 6.271380739532763, 0.03356293653742195, 8.11544802212891, 5.638899197526242, 4.919772903153317, 4.724435050967467, 6.153932562317475, 30.706505712619734, 17.876843192436972, 25.904699686458397, 16.205942447152488, 4.916690472635684, 4.976979293928182, 1.2913087499674003, 12.054371690171603, 25.620841659181067, 19.185237058410948, 24.26769021041702, 22.042298369519987, 7.581452522556449, 3.323231742616167, 2.39838938275586, 0.701738082251603, 3.9204940119807405, 16.773527573964905, 24.4384283983531, 21.050526261787326, 18.766355670214235, 20.792165186182153, 14.618353736083217, 6.025810265730594, 2.330501138505981, 0.3893828286939015, 25.02843665164967, 12.977738566430032, 25.845637668482826, 15.139306793679335, 23.70125079445634, 13.784284162548671, 23.64066466429076, 13.12790225510448, 7.884553352025148, 32.71858667171408, 36.2260890951226, 48.64073885971709, 38.81930715338997, 51.48941085535261, 43.26357024158052, 29.96525909787655, 18.49935064173183, 22.058656327901915, 16.620256680863918, 28.884748682243227, 14.240242345448124, 25.418459962723606, 23.074199457561498, 16.729565157255976, 23.63356756161186, 16.23969744480418, 24.821402739479563, 21.13644008351057], [0.0, 0.0, 4.269433451082032, 6.213046479104952, 4.270669276374159, 0.633795084035045, 10.990301157553784, 0.11911537040985594, 9.93896067633739, 12.007138705146282, 31.20117887681941, 3.6805511746896276, 