{"initial_violation": [], "initial_duration": 34.84065294265747, "subsequent_violation": [[], [], [], [], [], [], [], [], []], "subsequent_comparison": [[0.008517606243436561, 0.0, 0.28814064178130994, 0.2504517503547889, 1.6179155848038516, 0.6446391058364299, 0.41939867603670977, 0.8638295835853114, 1.134858737355489, 0.0961405448522647, 2.7291125659484003, 0.7851910280591984, 1.4718204743350107, 1.5229095080123825, 4.130407407559461, 2.6931837789962367, 4.53335663559921, 3.4758735848862092, 6.507423049192347, 2.897336312998834, 7.120716714315959, 4.267230429746403, 6.3280045608847235, 5.301121838602869, 6.64090260983395, 6.67948768260393, 2.0644716307628217, 8.12857232244708, 4.075664620317169, 7.0144915933569, 3.8958154264764957, 7.9344724105684845, 3.702954665291073, 9.388209130704228, 4.177854493582896, 3.657599819355864, 4.373291416777484, 3.097528400224055, 3.567400388655807, 3.5240683655476253, 3.566112267870074, 3.1948251236415413, 3.9051399525151513, 3.5535807762813842, 4.204718773295959, 3.67388354753044, 4.585531472079264, 3.748729654145632, 4.522642405524331, 4.668323256403157, 2.86292116508981, 4.653239349429078, 2.6686953491784844, 4.570298734296086, 2.2526584861825207, 3.981692711651292, 1.955025666433705, 3.5266599440993236, 3.2189500148591526, 3.59876047825245, 1.2873006797725612, 2.73244938746516, 2.2623927906526267, 2.7122458187654925, 1.90751089137912, 2.3872286517241355, 1.6923644924530923, 1.9924275010538637, 1.6866134783745967, 1.9971822411619804, 1.5120809404539461, 1.8404122074542681, 1.8429112316594147, 1.6352573766739018, 1.4012459536427715, 1.4532722773973692, 0.7551129327988712, 0.4829296399119979, 0.38164982111103474, 0.19817776846583163, 1.1207980876823784], [0.008517606243436561, 0.0, 0.32287032669592874, 1.9981689385226507, 1.8823940888874333, 0.08418149097672181, 15.097621167005238, 6.4736359946541935, 0.14201377353779154, 4.429374328703766, 1.3147949401860215, 6.039023324780792, 2.365701228726165, 6.215680626865985, 2.6342575239292962, 6.406388815498086, 2.1238072146506886, 6.209521040639602, 14.291190044871437, 2.1149288975969274, 12.724355199543734, 2.647027681421457, 10.76685683817487, 2.6743285903455427, 10.232115246618433, 1.7902995148475493, 8.688792349481034, 1.8814465206328574, 6.69666184034292, 1.3823156022548562, 7.01792262624427, 0.2762569163784855, 7.45507967820025, 1.1508154043234426, 6.754031527123778, 0.21707956472959525, 0.43118864188022804, 3.0798603126778907, 0.665248612817102, 2.6177197446450284, 1.0420609159872825, 3.0869053306975647, 0.5255546795536038, 2.70758447860476, 0.5918225083590126, 2.4944380471592718, 0.28147912931066016, 2.161312343678209, 0.5481963555982564, 1.7119581433859323, 0.33733632509600164, 1.6344311491608576, 0.24829505873329952, 1.731071635031131, 0.292801193312457, 1.477957878600344, 0.5792319405365772, 1.444425430400834, 0.5833408237040771, 1.4405323132547354, 0.7636768295508525, 1.2178022998378746, 0.8838596517453197, 1.4900809828101458, 0.6540221032897319, 1.6855623664371016, 0.7733095883494971, 1.9664218290780866, 0.7603713679005742, 1.7476531671743285, 0.5671830111598165, 1.3007971317456064, 1.1233357154705124, 1.416431515136549, 0.7310900972566146, 0.4323534570356845, 1.496624036647295, 0.15919627926395186, 1.3834265486015032, 0.14829748830610442, 1.0724545764017361], [0.008517606243436561, 0.0, 1.3991077477784457, 0.7525138335148006, 10.303344804252868, 9.09384152186996, 11.27230662298435, 12.050360619526876, 9.411415022071731, 11.20035735436899, 7.598410780046944, 10.006190552106668, 6.61175114969511, 11.774315260688782, 5.432201863909798, 13.03715124666836, 5.495514447892774, 11.659219504499257, 2.95217743002591, 10.731968463985762, 4.391469025081623, 0.1974903770829873, 5.398430491886674, 1.0453890587640065, 5.248859210464159, 1.6677467615773054, 1.4739865452838867, 7.14375999406341, 0.5792987665927103, 7.1578318065222195, 0.8755379501870351, 6.450607223537362, 0.4395396255078033, 8.908869862763718, 0.5785692039116627, 6.182641645497688, 0.9951935512938032, 0.34793873384562585, 3.2748197423602665, 1.0474175783268262, 3.215446872037682, 0.8609519749516334, 3.4123473181108013, 1.1806429049422253, 4.0612551239795245, 3.6778073780713765, 0.30540767450827977, 4.383832102029515, 0.4332870153904882, 4.798877184883109, 0.22346041915904424, 4.693500351354789, 2.6429065219594006, 0.4594837997167974, 2.835548151867687, 0.6398893682678303, 2.5604988025638207, 0.416635042409445, 2.1561999704066674, 0.8790055840214167, 1.2316632796600329, 0.8139282341194711, 1.8152252116939318, 2.376233729296241, 0.79743263967867, 2.18684564160169, 0.6329352801973515, 1.831328130487965, 0.48374854391801636, 1.5952496456328995, 0.442483341923288, 0.21792790425739444, 1.5650654671803015, 0.19718802439217406, 1.446643250782888, 0.2774477118189658, 1.077959799598233, 0.44232684184674254, 1.0236444664095776, 0.951211679446223, 1.1604343194888336], [0.008517606243436561, 0.0, 1.589356379000739, 4.429898618827146, 9.970254271212086, 10.123638485871684, 8.489430308479426, 13.877285946142392, 1.8250452899050245, 2.514824712272646, 2.092978908037822, 2.3979017888748944, 3.246438213621994, 0.16458191943032768, 6.632359752616151, 1.9203410375776295, 9.242880724794718, 11.509057233212916, 4.505569536498718, 12.046605673915142, 5.668066152293793, 0.6061535810153263, 7.990871721740202, 1.61298876244591, 3.4668770514022498, 8.418990706508376, 0.9085640862690028, 1.1350479166594714, 7.355973540500041, 0.5141609572349448, 8.358969269863621, 1.5667704541781593, 7.6167546054222655, 8.982851908185298, 0.3916057047264339, 7.959279698201142, 1.628552779023743, 0.9677749800990235, 4.799531284821153, 2.2929865236231617, 5.316595192429034, 5.322738561948309, 0.7165219889368537, 5.915864665611974, 0.8153929705051298, 5.76447854237401, 1.5771707924716285, 0.83784334254482, 4.482029020311457, 2.110205638163277, 5.218044763757377, 5.053201858538931, 1.1112117073903829, 4.920000224156315, 1.4650214106116384, 5.138043057750518, 1.5420252456648484, 4.514007791000668, 1.7534682962501107, 2.1216395322306156, 2.710924246872216, 2.059094275590257, 2.5332392834535975, 1.7330164320628736, 2.6622511732290453, 2.0423204103031645, 2.215788406029591, 1.2574910163933584, 2.280615752937658, 2.2854520953553443, 0.8352375565001591, 2.1626562283445296, 0.8079889997867059, 1.819957807724314, 0.857419130841951, 1.5498803838733273, 0.7967532811550484, 0.5211046693394373, 0.5194977782280974, 0.345280317622789, 1.146210094976896], [0.008517606243436561, 0.0, 1.142309829738213, 1.9229125258518318, 2.0869659696305036, 3.6692980526322465, 0.7865363120321099, 2.023529788690781, 3.2724503128708617, 0.0385124771762748, 3.8824394756443197, 0.188970207864401, 5.0009177376132055, 8.276808134145059, 9.443143132565742, 11.754188941765253, 6.865905417259202, 11.716968388228326, 3.4906392781588966, 11.644481084791956, 5.267862528606584, 0.3334681647671513, 5.553940620104127, 0.7762287802449153, 4.960484242726254, 0.9769305650485642, 6.714963457613925, 6.466617421160774, 0.9382846542085354, 6.953462780645187, 1.5481753834424672, 0.42422901253766243, 4.494680421331385, 3.73142124371736, 3.7635223236143336, 2.5572939760488786, 4.8625856868374155, 3.2861335593778596, 0.6564284458437448, 4.8326629988428325, 1.2672471444328843, 4.728334628987117, 1.3829101572734963, 4.774491353180364, 1.212838463398563, 4.472402612491398, 1.2194722173788033, 4.2942450230095215, 1.2438119470678772, 4.58613607463001, 1.6728774963306607, 1.5074359839677887, 2.3015748832476333, 1.503515059872083, 2.177915173617137, 1.2629916943990487, 1.9691521488967176, 1.1214351665546707, 1.7877479496760849, 1.5386044471755442, 1.16599252546806, 1.3299521328055108, 1.2142694568273267, 1.0259049165340282, 1.7359787160403213, 1.4713721319894724, 1.1215246183646999, 0.8951508639898323, 1.3516830039385026, 0.9229597248829852, 1.0125751087223305, 1.1047091886868032, 1.0273475691542133, 0.8976011433796967, 1.0033000466194666, 1.0716544534577035, 0.3633911388864428, 0.09366127852631229, 