{"initial_violation": ["destination"], "initial_duration": 34.809826612472534, "subsequent_violation": [["destination"], ["destination"], ["destination"], ["destination"], [], ["destination"], ["destination"], ["destination"], ["destination"]], "subsequent_comparison": [[0.0, 0.0, 0.3965594596079745, 0.10093633961876322, 0.5150128540265366, 1.0679423808565482, 0.8749033078945512, 0.20734237714191014, 0.6035059391573104, 1.4530146512912219, 0.9422700384062892, 0.3363529717985627, 0.558936597337458, 0.1143963095972309, 40.59274170010519, 0.8943562802684097, 1.01578729739817, 1.1738931895274647, 0.9513946777065257, 1.7011906539262458, 0.8970932969725003, 5.032558964221497, 3.393897108897775, 6.182999054288424, 1.6660127121421375, 6.240043731436953, 1.881889506091264, 6.318517339213334, 4.585315274732192, 2.8930156617369933, 5.138773771037514, 1.4957776159126497, 4.258837954724982, 1.4997834316137257, 2.818214133322427, 2.0297500994152813, 0.8155906448896891, 3.4615369011178587, 0.8698540061799707, 2.783274079740038, 1.0363678102795582, 1.80092129847747, 0.25399008679580165, 1.5742028743439247, 0.5027924481022049, 1.5463459630728202, 1.1282279683565954, 0.6063719361808392], [0.0, 0.0, 0.888403400821666, 0.02920465366896786, 0.9783612856769528, 1.1724008423874321, 1.1078795695619708, 0.1004027390248984, 1.0385127849626052, 0.14549939087948935, 1.347239509080319, 0.2595621193336115, 0.8009012487574199, 42.366910442883146, 1.9295598624478452, 11.939171340972218, 2.893086986822962, 14.30095225204888, 1.939000360348479, 13.672496389943966, 0.822258698510729, 11.979389923876772, 1.367984311393067, 12.50921280774269, 4.696736789325334, 0.4829381087005546, 4.104787078812832, 10.503038925007404, 0.5447155207008388, 7.6117050143818465, 1.3095897265475096, 5.835903029951791, 0.3630384834421379, 5.70503197372194, 0.06928246737526567, 0.5610405067616976, 3.320152071960231, 0.23898652387286884, 3.3189668184022008, 1.1899112742255638, 3.4093450843326205, 1.853694233037035, 3.8115465124791275, 1.5851991874574678, 4.064007496180907, 1.0949333031828146, 2.9979844841619467, 1.0720079670846696], [0.0, 0.0, 0.52521786222358, 0.17201166907334936, 0.6696482573443908, 3.046790495799063, 3.2036398249890587, 2.996612011085052, 2.796581965419617, 2.5343143170282003, 2.8360791853053633, 0.39487945340479796, 0.1666663561393693, 1.5519030196297114, 40.90817541197199, 0.3499880171173515, 1.0395042662491665, 2.2538277944051117, 0.2601994307836739, 2.3832951397500985, 0.31482438854046185, 3.16162282108532, 0.62271927795194, 3.071080596249485, 0.46196239182644955, 3.688511112690676, 3.4157700315377735, 6.123692886360643, 4.86787786938474, 3.1313042272299536, 1.7852437091491464, 2.058665588778133, 1.5114847045956397, 2.0528196243637518, 1.1797883679988024, 1.6861222931367572, 1.3667096546178896, 1.6385227820880337, 1.3088032144385608, 0.8958544773381792, 0.8790904095587676, 1.0514553387823953, 0.6453004429591656, 1.12174408926745, 0.4832408659140564, 1.6759036435880457, 1.2700289829135405, 1.840351121479205], [0.0, 0.0, 0.840015725274599, 0.07055633303367871, 2.559059430149773, 3.0105396603412995, 3.054434067672376, 2.9096645848678264, 2.607458091696297, 0.4797678895179124, 0.888711355609429, 2.1084161224958526, 1.9937982932207436, 41.59018959131873, 1.5607304393557893, 8.959301281416675, 3.295982479048179, 9.49446683499098, 4.695176303868978, 4.638462564386204, 7.0948338664528645, 1.6481669513259676, 4.5093341703187315, 0.6721249877577127, 2.566895958747164, 1.8757514280348586, 2.4388277941498293, 5.352849791514956, 2.8976813986680625, 1.7979908959809383, 1.7280359965930208, 1.2483812492000457, 0.6073662263152106, 1.2617142583749719, 0.5149394816118064, 0.9393431434309474, 0.3553942417830804, 1.0980805520972996, 0.5529306150258555, 0.8221204773691961, 0.14627229185767546, 2.839534689373104, 0.12271084371336156, 1.8509440339974468, 0.10843485650895665, 1.0987967997163364, 0.1995278265990325, 0.7727464372634915], [0.0, 1.8161423171786808, 2.539992145847936, 1.9518678276341033, 2.461366638877349, 2.713931538256104, 2.846082833007089, 1.707489257069841, 2.5676723269472777, 2.191063204910034, 1.1943787295400525, 0.14582168329170433, 1.174442298585656, 41.74020892561843, 1.0454410759393953, 8.727287888621584, 7.727108353033922, 8.79500740539544, 4.851752278464777, 14.771605200977145, 4.804047282210539, 10.242028930290635, 0.5325700305119786, 7.271386982839921, 7.5935116156505496, 4.768647158600014, 4.580349163149628, 10.056454121511322, 2.8560981642502687, 4.950539082346141, 4.231786195180435, 2.3317041935023735, 3.063560994938725, 1.473761146251594, 3.0571177020609097, 1.6054885908307825, 3.4464112802067293, 1.4402965885367027, 2.2903104732857873, 1.3146747482531662, 2.524590756318306, 4.768410626202937, 0.5536901582887352, 3.717286028487616, 0.5399170699633392, 2.955501359340527, 0.12026176122341413, 1.6536108863009478], [0.0, 0.0, 0.14348031610300607, 0.0017857237308144126, 0.4246623542112551, 0.005116196435109415, 0.6956038435922209, 3.3129858022722734, 3.087746155358477, 3.333355922614361, 3.0816401493565717, 0.1140245525622276, 0.44932971299488444, 42.807951429393945, 2.503490633479827, 9.846649639004909, 2.9477995096484504, 12.351694205719216, 1.9789138056222064, 10.14787789095062, 2.216624353463915, 8.696430062845764, 3.4506046081449266, 7.499515287004661, 2.6817951734165533, 6.737969999906666, 2.119651519339819, 6.3174049559523135, 2.763203404737561, 3.1969432061841148, 3.188444831655714, 2.702218615062179, 1.275415518269145, 3.0933045312316927, 0.24713265399586715, 0.8811609343780303, 1.1004225107808843, 0.9744614764760973, 1.491477040995929, 1.7136362349640986, 2.5342879788821384, 1.9974069459282284, 0.339388445707579, 2.4056444364227936, 1.1533291116280335, 2.7653728529296124, 1.2105135999319754, 0.6585196898717405], [0.0, 0.0, 0.22613313071670266, 0.13074615746077367, 0.3263530221194911, 0.6567245171541224, 0.35948272723589825, 2.996094366874085, 2.6128687951860443, 3.04105612550943, 2.2880599434443396, 2.141474882788416, 1.954312790907852, 1.9546387160931882, 40.72353659127256, 1.292826696803075, 1.0121810619870004, 1.2191525272022325, 1.2216066926999487, 0.12837087201889333, 10.881164623465212, 0.9577827142105678, 10.750569213030984, 1.811447278655757, 7.988001806264421, 3.077325477496887, 7.655367255526392, 3.0889477702261914, 6.7842530165778365, 2.2952395495402964, 5.059225734514982, 2.739518562214373, 3.213848530155853, 3.917325952428783, 1.1744133276434, 1.9220016107363018, 2.9233574318248086, 1.942771636082163, 2.991948330290351, 2.5261876242161967, 3.1710027947717845, 3.1815684045725807, 1.783228085730217, 3.8341151182550437, 1.8885129258652213, 1.4851721952404136, 2.122914534652071, 0.1083591861736521], [0.0, 0.0, 0.9094477883899992, 0.06459503721823653, 0.6275623909404828, 0.11547521678238365, 0.6738622455082303, 0.5411347401672904, 0.568853749318111, 0.911711406026351, 0.9096913658431929, 1.1744719070586567, 0.5210980099773604, 0.3136596235189766, 40.96270188538815, 0.20058507076928792, 1.1741731367203487, 1.0942297954726088, 2.7273557033005194, 1.3297456915640495, 10.624452801734389, 1.6758528411323126, 9.699734611052607, 2.1968670347047614, 7.335760945871141, 3.9600658689617876, 6.659488095977273, 3.8360246882751, 5.952946689110531, 1.7454290855853751, 4.845580344712, 1.5864863708947337, 3.184260925963905, 2.3133706466958897, 1.0346029711463407, 1.5785580964486723, 0.8038701386440196, 1.9051068765472827, 1.6511392740188906, 0.2268688759142823, 1.9148946298572331, 1.3817691770143308, 1.9534793167714626, 2.1824553632460693, 0.9762662779599672, 2.890281283320098, 0.2910828377216879, 3.40255461685396], [0.0, 0.0, 0.9307695874197185, 0.10198453041805118, 0.8209890730260411, 1.2039991155584358, 0.9961070014617343, 0.32505856860384247, 0.7121506899684134, 1.0021635099413635, 0.8046741151194348, 1.054798246102831, 0.8462746664448576, 0.5658734114698664, 40.810079176141755, 0.38234290758982226, 10.173698309394275, 1.0661326666484976, 1.789435478839223, 0.3905480912463667, 