{"initial_violation": ["destination"], "initial_duration": 34.93074440956116, "subsequent_violation": [["destination"], ["destination"], ["destination"], ["destination"], ["destination"], ["destination"], ["destination"], ["destination"], ["destination"]], "subsequent_comparison": [[0.0, 0.0, 0.1259678618894709, 0.47981093743387054, 9.982513011920563, 14.400104255793986, 10.40645599041066, 16.756874870071233, 23.725511406469092, 18.514165827553168, 6.825109394127138, 21.416149334511573, 19.0391922104127, 22.42848873122578, 19.654886455809905, 24.334933362159344, 21.007684044526822, 17.621320049049565, 13.400929202842452, 16.74339783103441, 10.827929617704413, 18.159006368983217, 0.3949695692778648, 1.4193548287266322, 5.359038731175604, 2.2149205876222435, 6.519231168319386, 2.6352107028211904, 14.731176635318246, 16.916590463143766, 8.473418857588367, 15.054687457814797, 9.637335775297242, 18.338856222407212, 2.818785533344562, 2.8845526957775722, 5.1440590213462665, 4.478874490330051, 4.90067336057149, 3.833144678149275, 7.267626425976039, 4.378584510479302, 6.839107825392786, 12.31789318624497, 5.6778359754357774, 12.903899931432175, 3.136868753020429, 11.963021953079563, 4.2961229611727285, 2.720844601688023, 9.477452494078957, 4.368370578867907, 9.48100398455045, 11.313650692311711, 2.38865314271577, 0.9738227085881876, 2.339511797316524, 1.4696731249970914, 2.440737789328546, 4.675337353582912, 2.0844208573895804, 3.896806116362399, 2.2574037920120156, 3.097944553947351, 1.0182870059640874, 2.6079733577670106, 1.1107026506303836, 2.0763215746687274, 0.618716329045028, 1.6231749340780324, 0.34813555734041046, 1.2305590580609749, 1.6790735230323828, 1.6771585071390709, 1.5167313755983503, 1.4391563513856716, 0.7761551935598305, 1.4715376672199434, 0.43036322802048355, 1.4640626988278889, 0.6236510946291565, 1.0543424943434268, 0.5782176774479686], [0.0, 0.0, 0.383454235205341, 0.21327095202570404, 0.23613727980595509, 0.23998931718690825, 6.537141867761013, 0.1643246822207409, 6.581556511636291, 1.63884685704672, 21.12675181430817, 8.454230344368703, 23.50146044993917, 8.403633567381913, 25.44609355054872, 10.75573251981447, 26.039686090384162, 10.708897294381494, 18.182428111918124, 10.787091484155951, 14.70267082269591, 11.402186105853252, 11.827432606900153, 15.82685047022882, 8.934037250666703, 2.7589460988435364, 1.5968137206855928, 1.1598374940122538, 2.651475476763443, 9.563855806673947, 9.205017111547246, 10.56574129792389, 9.191641615278265, 14.191270734127372, 9.32051259389426, 11.621895868358626, 6.438473396660271, 11.254260684944892, 5.504453870946289, 11.008544992369469, 3.9025009691430883, 11.592404133754659, 3.7239068669903914, 12.380845056196257, 2.1212665053551985, 12.059172077821344, 1.3607149055255978, 10.828224150948353, 2.020161194646997, 3.837394045667002, 9.48545840078313, 3.9298336652712362, 2.174075756303141, 2.40557309882965, 2.258463987140322, 2.4020854841831074, 2.204476295875301, 2.2436175238154306, 1.4096751063552808, 1.6375841029820102, 1.0687948665521412, 1.3062424364248453, 1.6023126039619482, 2.6547433004576444, 1.1035423745390356, 2.1085200934390373, 1.015750040516388, 1.3578413711818187, 1.0805104134939696, 1.0393224721916319, 0.7970896740341347, 1.0734110403654755, 0.5488432276895309, 1.5356737945755137, 0.26944829686327243, 1.0496258012472852, 0.40987581378419585, 0.7761995879823694, 0.8535556839428873, 1.0058775375317628, 0.4814995032445856, 0.5980740577991784, 0.20695017694402945], [0.0, 0.0, 0.33002523737356704, 7.097766951634257, 9.90729860264939, 0.3658170035791793, 9.973852424464956, 0.046274516107279194, 4.682267843682077, 0.5657593825013771, 15.61773195465883, 0.5291858673544615, 16.661854673983825, 0.7596713205987871, 18.53323430567826, 1.396729450416511, 11.133665480265655, 17.895063695601895, 20.390622277245917, 18.069169060746418, 17.186382554049253, 18.997013716830487, 13.585251639836141, 26.666800400442842, 11.120796977609771, 25.044130657817355, 9.045313624086418, 27.622320162424298, 10.553027843727058, 0.3817956713903514, 12.851772007668217, 0.36112980536343825, 9.68841503367728, 2.762517765378892, 10.862085113669018, 3.5584677532600857, 12.301047110600322, 3.7168866964161054, 12.296153561572929, 4.294383880793224, 12.36264340956011, 4.422688094023708, 10.280097601774486, 5.225769968100782, 10.123550099940505, 5.802603758474906, 9.549301503389774, 4.402583139081685, 3.470796416788565, 14.64745391246612, 2.326646645712701, 13.59792220425898, 8.698708487985336, 13.252300015111244, 1.0796658267392503, 8.587825725892916, 1.24093895262467, 7.198755786621754, 3.070768515646315, 2.276598602432893, 2.6140246760836314, 2.202860704266464, 2.398041255922609, 2.4386675737185146, 2.110459692126629, 1.0926313059378505, 1.4640744560298176, 1.050884856744274, 1.2815375342337785, 1.124371281283866, 1.1218992538607093, 0.9713786680129061, 1.108904985225567, 1.6190466074718481, 1.7737068054085747, 0.41138788183337205, 1.6215136164659008, 0.6330573137443635, 1.2963524915339921, 0.7276716499297927, 1.2551143843396197, 0.2568688783823231, 0.9539647803724338], [0.0, 0.0, 0.2196799377955744, 0.8449218692560152, 10.290201670739354, 14.747552512354794, 19.635644385616015, 16.51420535749013, 27.830847079480126, 18.182459433302714, 10.773990218826063, 21.531202056369512, 21.001951368994966, 24.934706819921846, 21.876300160610118, 27.873921894801132, 22.6422995175742, 20.74986391870899, 15.208452300037587, 19.519200686836793, 12.749785069795163, 7.342378238451614, 2.135519592189605, 1.3206808907625154, 3.367342948564907, 1.1286345217551152, 4.855305308994225, 0.6915757372318265, 5.424452839808602, 1.2975375221673007, 5.9875403126888305, 2.758460606983621, 5.230665986490157, 6.5002978022546944, 5.178733666731376, 6.660090527777635, 5.968792922923273, 5.608393432197328, 4.630279466168099, 6.538022102509115, 5.353287705971276, 6.1332658081443, 5.1366480835837836, 6.445320443604613, 3.458792217618058, 11.161216076060697, 2.1252993769918844, 9.382561330120954, 1.5910366009985706, 10.05127934359855, 1.8414658773826742, 11.50777780056164, 8.693820787903435, 10.267695629323354, 2.1514910246305288, 6.303383720681747, 1.0279099819611774, 5.106925296544744, 1.2367538724809801, 4.456734471406171, 1.8568146456662624, 3.5608231586180343, 2.1076051039824146, 2.9289486041089536, 0.4568321727769996, 2.4162563475544365, 0.7292090032943557, 2.031709422792881, 1.1278854664537976, 1.5154001115861626, 1.203535458879399, 1.154476564387864, 1.1891016992309031, 1.1686305755716253, 1.439417430551474, 1.338942966345945, 1.6452731181901252, 1.4370668110483922, 1.1453328351550094, 1.4866974106625164, 1.3398494189954675, 1.07179570078783, 1.0528299960018783], [0.0, 6.011845829156329, 4.534904831838193, 4.847234032743097, 6.095480954992577, 1.01913068534592, 6.791808335272217, 0.48392439991969544, 11.090983270473671, 17.682728379025665, 11.070259589454356, 6.329751461346359, 2.086067600727643, 0.8722820902841498, 17.63835115769175, 8.802106140131471, 22.562631138753325, 4.411930698114338, 7.0527313288362246, 4.680008508720452, 8.853583438423357, 4.656292361116933, 10.11566117125821, 1.0879363459920806, 10.97941769549798, 6.244943317848063, 6.938342922071559, 0.9554794317752863, 10.605101385859655, 3.799801211072112, 10.391055205245413, 5.28855552957206, 12.004674163294352, 5.426143711548788, 12.62667769335712, 4.876888622876562, 4.200093832015641, 0.6373773748641547, 4.576969706642765, 2.2326860512494724, 10.863409145996425, 4.959681385896123, 11.252857483535928, 3.717063347096642, 2.0093613873493017, 1.8879156079541115, 2.662288333755999, 3.380008982499426, 7.672167211623379, 4.999958260012921, 8.604421373536539, 4.154273941108466, 11.561147045171804, 2.6402859994701657, 2.1173328728207634, 9.755113750256035, 1.5173169874824, 1.8068011496329452, 2.273186536063593, 1.747537907578707, 3.142694149188578, 2.251997396582861, 3.1291355350740875, 2.2486696554435484, 2.230857051539452, 1.0728768107226343, 2.1498285182392056, 1.0678661993060001, 