{"initial_violation": [], "initial_duration": 34.751195192337036, "subsequent_violation": [[], [], [], [], [], [], [], [], []], "subsequent_comparison": [[0.0, 0.0, 1.7727880727205023, 0.513187628275497, 1.9289793646038467, 0.22134337607542254, 2.0365537006352983, 0.12318445193262385, 3.054618545122283, 5.5541661757217025, 3.0629485527950027, 5.207740690407215, 3.1703979089656094, 5.263914607040681, 3.4058538750758274, 3.6994146286294063, 2.4445261831157246, 2.7169322500022726, 2.0078300968547254, 2.417983187457708, 1.005672696454269, 1.8215135335383066, 1.3682537331413203, 1.0030465874124819, 1.3480379752618987, 0.5760672013404268, 0.7160254325911591, 0.43355648171218164, 1.0689300631788679, 0.35527631084901073, 0.5252166550864985, 0.4786986999786161, 0.5765843457742951, 0.46200370204165536, 0.38202617184713483, 0.11702405426820327, 0.3431134208851175, 0.20005262776846763, 0.24406718948282893, 0.13682151157382888, 0.3072979742063245, 0.13682061932196332, 0.3072970467747635, 0.13681972635052114, 0.307296118987135, 0.136818833741874, 0.30729519119950766, 0.12518125393556528, 0.3189403857894654, 0.12518013174226678, 0.31893968735704253, 0.1251790095489774, 0.31893897535864707, 0.12517788771453345, 0.3189382769071178, 0.12517676552126203, 0.3189375784746965], [0.0, 0.0, 1.529125114104459, 0.03904421339662745, 2.771473818812313, 0.8807770960441995, 2.7675955856822894, 7.305567061980869, 3.395597832559552, 6.085769855993907, 2.1407795601003023, 6.059929898816894, 2.1176275197843375, 0.8030306320808585, 1.8028175884223858, 0.17670407473981128, 0.8330218539413025, 0.07567992671648315, 0.24138529827593438, 0.45121549003547107, 0.1884528850693668, 0.5754708288305607, 0.011758121298245926, 1.6949212031393692, 0.5667446206849244, 0.8912464524571604, 0.4075782577970953, 0.9888904401067121, 0.32096161142687885, 0.5865030996331224, 0.25922356358733334, 0.4911132395578894, 0.39675409641675036, 0.35222377595968946, 0.32518064326287666, 0.10409682821641224, 0.1332245590209085, 0.16077904631712572, 0.13322400666748313, 0.09753418989191855, 0.1332234546696309, 0.09753353635671719, 0.13322290302735176, 0.09753288282151583, 0.13322235138507307, 0.09753222893235927, 0.13322179938722212, 0.09753157575111321, 0.13322124812637975, 0.09753092221591195, 0.13322069612852955, 0.0975302686807107, 0.1332201305671909, 0.09752961555029999, 0.1332195785693415, 0.09752896166114355, 0.1332190265714925], [0.0, 0.0, 0.07521724971445501, 0.01151362779130416, 1.3459106120715745, 0.9915954896213012, 2.7466669155166525, 1.2975721883545561, 1.1827952426929502, 0.4827947065053815, 1.8513345606135434, 1.2401198023801105, 1.966715250242238, 0.731516273779068, 0.8169160051388473, 0.19787676615918545, 1.3161423464626087, 0.49295606923195034, 1.4098323192355349, 0.9135553358820472, 0.9465240723125011, 0.7065305893811817, 0.828585926945066, 0.3900777627900542, 0.21250355868080428, 0.3686094879577825, 0.22988311993419408, 0.35531001869715134, 0.11075138014192402, 0.29759325116094604, 0.10011026469103386, 0.22997987090448035, 0.10696248189135527, 0.43515571282762994, 0.11287382161964338, 0.12752793837007623, 0.175851163110067, 0.05029127303554202, 0.17585041994597936, 0.01359999770022452, 0.17584967749309657, 0.013601023570367035, 0.1758489353975679, 0.007350908918346425, 0.1691220525642505, 0.0073517196252767345, 0.1691211815910684, 0.007352530362284157, 0.16912031132200414, 0.007353341129358745, 0.16911944034342716, 0.007354152182794107, 0.16911855579212515, 0.007354963266310538, 0.16911768481896494, 0.007355775436810144, 0.17585003175062222], [0.0, 0.0, 1.3315995729943308, 0.04994248924551947, 0.23312746548429703, 0.861556900402008, 1.4194286223735506, 0.6577304418667669, 1.1947684774314766, 1.741036925034048, 1.850870473766871, 1.9844189756416732, 2.30384739292354, 1.972589652566069, 1.353332966793159, 1.8796393065877952, 3.483697469618424, 2.5261632701707604, 2.561364743570443, 2.424878064625411, 1.5906741694960909, 2.2907300539032738, 1.2150084166305244, 1.6454427181215072, 1.388801136465784, 1.0141575906943696, 0.6333263342415686, 1.1255540291075588, 0.8451817592316765, 0.7673096981273584, 0.43214008900085693, 0.06590930616166839, 0.18912294357973725, 0.040900807301380564, 0.28505369268297914, 0.06322328326687879, 0.2848384550071108, 0.055029566204612114, 0.28483805553337505, 0.05503047735322888, 0.2848376564145519, 0.05503138813065664, 0.2848372572957289, 0.055032299661890924, 0.28483685853181856, 0.05503321083879271, 0.28483645941299557, 0.0550341223700271, 0.2848360603304074, 0.055035033546929, 0.2848356608566719, 0.05503594472383096, 0.2848352478237854, 0.05503685545611713, 0.28483484835004985, 0.05503776694221002, 0.2848344488763144], [0.0, 0.0, 1.4456369911276024, 0.45159367298029784, 0.7148215679389042, 0.3867931081224878, 1.6884113880278744, 1.6217351617953253, 6.556750695040489, 6.848885970888063, 1.2731215277985688, 1.4178464425618909, 0.46141033569688034, 1.634410657515703, 0.22653939445718524, 1.9803179708357366, 0.12858873057020934, 1.3740187673164033, 0.32749182659681786, 0.7867865915100358, 0.5471846906334775, 0.42959696557668775, 0.17518262833269876, 0.7324831951583791, 1.2959310474340848, 0.9873834973060325, 0.7109959392922395, 1.0562554142522211, 0.9919660689311842, 0.6372807894079112, 0.5469682278663482, 0.5386709758989441, 0.5557217802260408, 0.35313222781496584, 0.39473642539130244, 0.2094010088903625, 0.34837266462404803, 0.10119798152695139, 0.24913495187560158, 0.16443161847655707, 0.31236872410969857, 0.16443259854823752, 0.018243768420095396, 0.1302422985466572, 0.018243006895788012, 0.13024139765906304, 0.01824224541763128, 0.13024049712802804, 0.01824148394146992, 0.13023959624044165, 0.01824072209933169, 0.1302386953528591, 0.01823994692401842, 0.16444482891269513, 0.31235749209193925, 0.13023689323106083, 0.3123630596800333], [0.0, 0.0, 1.3407847268001762, 0.10032244948925109, 0.16297862356180134, 0.9642975044404111, 0.38500640625045046, 0.6069283687764503, 3.1947201988094087, 4.111809328606585, 1.345468536802774, 2.282254915297311, 1.7616135503582768, 2.3881730194858286, 1.476589480482525, 2.4431171652629025, 0.9580483374352038, 1.820708662444614, 0.8694698241241904, 1.4564341157318434, 0.08805920701327544, 1.085742042716598, 0.29080410563646, 1.0900228269225434, 1.0966701116771624, 0.809155959152752, 0.7938300054231541, 0.8873751745473268, 0.7956501533282144, 0.4579088433292951, 0.5759278030080217, 0.46639387113088066, 0.4773791803609218, 0.43269741183258836, 0.34192082449924294, 0.13158186117139048, 0.26036850497642666, 0.2166737609542063, 0.33555638187923414, 0.03721632413267137, 0.33555641619851867, 0.03721383226548189, 0.335556450488476, 0.03721133974070897, 0.33555648477843325, 0.037208847514740476, 0.33555651871303643, 0.03720635499172634, 0.33555655303232096, 0.037203862767502996, 0.21927133297834048, 0.15342486474601305, 0.21926901564047394, 0.15342470434129515, 0.21926671187047428, 0.1534245435514799, 0.3355566748532692], [0.0, 0.0, 1.5066250842121731, 1.0368941351293497, 1.5149731111315072, 1.4565924837859359, 5.183580807155459, 5.793677521331876, 6.222799248238198, 3.679179493243703, 5.566403168388961, 1.7238842069687028, 0.22950550936524194, 1.9246399806672145, 0.13540518096849602, 0.7400830038270215, 0.3409128577492986, 0.2312853326893415, 0.9329872985189924, 0.5673564644316254, 0.8119341908193857, 1.8151578162476119, 1.6911939641687384, 1.0085192559173772, 1.263181969530949, 0.1532721761704062, 0.5193313968429364, 0.27832098894541946, 0.5621791597335111, 0.5244072949818984, 0.5143791023909506, 0.022845153840661974, 0.5554111916094425, 0.020358556703867665, 0.3664645456273677, 0.0050239291770765825, 0.12934747464775276, 0.1848628164162776, 0.19256445841245362, 0.010737838207161728, 0.36698594293605014, 0.010737442288324652, 0.36698383173422017, 0.01073704600243199, 0.36698172017694725, 0.18484851195248297, 0.1925578176871972, 0.1848462060488269, 0.19255760301520475, 0.18484389978966514, 0.36696770602151496, 0.0107298687532655, 0.3669655805461221, 